store_id,sku,ts,qty_sold,price,channel
STORE_001,SKU_003,2024-01-01 12:51:56,3,5.99,in-store
STORE_001,SKU_008,2024-01-01 13:36:20,1,9.99,in-store
STORE_002,SKU_001,2024-01-01 19:57:00,1,12.99,in-store
STORE_003,SKU_004,2024-01-01 12:09:41,1,49.99,in-store
STORE_003,SKU_004,2024-01-01 15:54:35,1,49.99,in-store
STORE_003,SKU_004,2024-01-01 10:53:46,1,49.99,online
STORE_003,SKU_008,2024-01-01 13:10:23,1,9.99,in-store
STORE_003,SKU_008,2024-01-01 11:13:07,1,9.99,online
STORE_004,SKU_004,2024-01-01 19:24:58,1,49.99,online
STORE_004,SKU_008,2024-01-01 09:36:22,1,9.99,in-store
STORE_004,SKU_008,2024-01-01 13:23:16,1,9.99,online
STORE_004,SKU_008,2024-01-01 17:22:15,1,9.99,online
STORE_002,SKU_001,2024-01-02 15:49:49,1,12.99,online
STORE_002,SKU_001,2024-01-02 19:46:50,1,12.99,online
STORE_003,SKU_007,2024-01-02 13:47:27,2,32.2,in-store
STORE_004,SKU_002,2024-01-02 14:28:54,2,24.5,online
STORE_004,SKU_002,2024-01-02 10:52:01,2,24.5,in-store
STORE_004,SKU_009,2024-01-02 10:39:09,1,115.0,online
STORE_005,SKU_001,2024-01-02 12:01:40,1,12.99,in-store
STORE_001,SKU_010,2024-01-03 16:00:01,2,18.5,in-store
STORE_002,SKU_005,2024-01-03 11:57:17,1,8.75,in-store
STORE_003,SKU_005,2024-01-03 12:13:52,1,8.75,online
STORE_003,SKU_005,2024-01-03 15:23:32,1,8.75,in-store
STORE_003,SKU_008,2024-01-03 11:12:33,1,9.99,in-store
STORE_003,SKU_008,2024-01-03 16:50:27,1,9.99,in-store
STORE_003,SKU_008,2024-01-03 10:17:50,1,9.99,in-store
STORE_004,SKU_002,2024-01-03 10:09:42,2,24.5,in-store
STORE_004,SKU_002,2024-01-03 16:29:27,2,24.5,online
STORE_004,SKU_002,2024-01-03 13:32:26,2,24.5,in-store
STORE_004,SKU_005,2024-01-03 08:15:28,1,8.75,in-store
STORE_004,SKU_005,2024-01-03 08:11:26,1,8.75,online
STORE_001,SKU_003,2024-01-04 10:14:38,3,5.99,in-store
STORE_001,SKU_003,2024-01-04 08:02:08,3,5.99,online
STORE_001,SKU_003,2024-01-04 15:53:52,3,5.99,in-store
STORE_001,SKU_004,2024-01-04 15:13:30,1,49.99,online
STORE_001,SKU_007,2024-01-04 12:09:25,3,32.2,in-store
STORE_001,SKU_007,2024-01-04 18:31:48,3,32.2,in-store
STORE_002,SKU_008,2024-01-04 18:42:29,1,9.99,in-store
STORE_002,SKU_008,2024-01-04 14:28:59,1,9.99,in-store
STORE_003,SKU_005,2024-01-04 12:19:48,1,8.75,online
STORE_003,SKU_005,2024-01-04 17:51:52,1,8.75,online
STORE_003,SKU_005,2024-01-04 21:41:41,1,8.75,in-store
STORE_004,SKU_004,2024-01-04 19:49:31,1,49.99,online
STORE_005,SKU_005,2024-01-04 11:39:24,1,8.75,in-store
STORE_005,SKU_005,2024-01-04 16:25:39,1,8.75,in-store
STORE_005,SKU_005,2024-01-04 16:11:43,1,8.75,in-store
STORE_002,SKU_002,2024-01-05 19:12:23,2,24.5,in-store
STORE_002,SKU_002,2024-01-05 12:50:35,2,24.5,online
STORE_002,SKU_008,2024-01-05 19:20:50,1,9.99,in-store
STORE_002,SKU_008,2024-01-05 19:36:33,1,9.99,in-store
STORE_002,SKU_008,2024-01-05 13:22:30,1,9.99,online
STORE_002,SKU_009,2024-01-05 21:20:33,1,115.0,in-store
STORE_002,SKU_009,2024-01-05 17:32:58,1,115.0,online
STORE_003,SKU_004,2024-01-05 21:15:18,1,49.99,in-store
STORE_003,SKU_004,2024-01-05 12:48:18,1,49.99,in-store
STORE_003,SKU_004,2024-01-05 16:51:46,1,49.99,online
STORE_005,SKU_008,2024-01-05 19:42:21,1,9.99,online
STORE_005,SKU_008,2024-01-05 12:28:46,1,9.99,in-store
STORE_005,SKU_008,2024-01-05 09:57:53,1,9.99,in-store
STORE_001,SKU_001,2024-01-06 21:40:24,2,12.99,online
STORE_001,SKU_001,2024-01-06 11:36:06,2,12.99,in-store
STORE_001,SKU_001,2024-01-06 13:38:38,2,12.99,online
STORE_001,SKU_003,2024-01-06 10:25:06,5,5.99,online
STORE_001,SKU_003,2024-01-06 21:15:14,5,5.99,in-store
STORE_001,SKU_005,2024-01-06 18:59:52,1,8.75,in-store
STORE_001,SKU_007,2024-01-06 14:50:45,5,32.2,in-store
STORE_001,SKU_007,2024-01-06 20:30:57,5,32.2,in-store
STORE_001,SKU_007,2024-01-06 11:23:18,5,32.2,online
STORE_001,SKU_008,2024-01-06 08:42:00,1,9.99,online
STORE_001,SKU_008,2024-01-06 11:15:53,1,9.99,in-store
STORE_001,SKU_008,2024-01-06 09:13:06,1,9.99,online
STORE_001,SKU_010,2024-01-06 08:29:28,3,18.5,online
STORE_001,SKU_010,2024-01-06 16:08:33,3,18.5,in-store
STORE_002,SKU_004,2024-01-06 21:54:52,1,49.99,online
STORE_002,SKU_004,2024-01-06 11:01:04,1,49.99,in-store
STORE_002,SKU_004,2024-01-06 10:02:24,1,49.99,online
STORE_002,SKU_005,2024-01-06 14:11:34,1,8.75,online
STORE_002,SKU_005,2024-01-06 17:28:19,1,8.75,in-store
STORE_003,SKU_004,2024-01-06 09:43:00,1,49.99,in-store
STORE_003,SKU_010,2024-01-06 11:58:47,3,18.5,in-store
STORE_003,SKU_010,2024-01-06 10:43:10,3,18.5,in-store
STORE_003,SKU_010,2024-01-06 08:35:29,3,18.5,online
STORE_005,SKU_006,2024-01-06 10:46:56,2,,online
STORE_005,SKU_006,2024-01-06 08:43:00,2,15.0,in-store
STORE_001,SKU_002,2024-01-07 08:45:05,4,24.5,online
STORE_001,SKU_003,2024-01-07 17:30:47,4,5.99,in-store
STORE_001,SKU_004,2024-01-07 12:56:07,1,49.99,online
STORE_001,SKU_004,2024-01-07 10:39:34,1,49.99,in-store
STORE_001,SKU_004,2024-01-07 16:58:42,1,49.99,in-store
STORE_001,SKU_005,2024-01-07 10:18:31,2,8.75,online
STORE_002,SKU_004,2024-01-07 11:26:43,1,49.99,online
STORE_003,SKU_001,2024-01-07 19:57:42,1,12.99,in-store
STORE_003,SKU_001,2024-01-07 12:08:45,1,12.99,in-store
STORE_003,SKU_007,2024-01-07 11:18:13,3,32.2,in-store
STORE_003,SKU_007,2024-01-07 15:50:00,3,32.2,online
STORE_003,SKU_010,2024-01-07 08:13:14,3,18.5,online
STORE_004,SKU_002,2024-01-07 20:48:39,2,24.5,online
STORE_004,SKU_008,2024-01-07 11:18:44,1,9.99,online
STORE_004,SKU_008,2024-01-07 11:10:04,1,9.99,in-store
STORE_004,SKU_008,2024-01-07 14:29:10,1,9.99,online
STORE_005,SKU_001,2024-01-07 14:24:30,1,12.99,in-store
STORE_005,SKU_001,2024-01-07 19:17:17,1,12.99,in-store
STORE_005,SKU_002,2024-01-07 15:59:28,3,24.5,online
STORE_005,SKU_003,2024-01-07 12:26:01,3,5.99,online
STORE_005,SKU_008,2024-01-07 21:19:30,1,9.99,online
STORE_005,SKU_008,2024-01-07 09:51:13,1,9.99,in-store
STORE_005,SKU_010,2024-01-07 14:46:15,2,18.5,online
STORE_001,SKU_002,2024-01-08 20:07:01,3,24.5,in-store
STORE_001,SKU_002,2024-01-08 13:38:32,3,24.5,in-store
STORE_001,SKU_002,2024-01-08 12:03:33,3,24.5,online
STORE_001,SKU_010,2024-01-08 11:37:24,2,18.5,in-store
STORE_001,SKU_010,2024-01-08 18:43:27,2,18.5,online
STORE_002,SKU_009,2024-01-08 19:54:37,1,115.0,in-store
STORE_003,SKU_004,2024-01-08 17:17:53,1,49.99,online
STORE_003,SKU_004,2024-01-08 21:54:21,1,49.99,in-store
STORE_003,SKU_004,2024-01-08 13:32:17,1,49.99,online
STORE_003,SKU_010,2024-01-08 20:04:37,2,18.5,in-store
STORE_003,SKU_010,2024-01-08 17:22:20,2,18.5,in-store
STORE_003,SKU_010,2024-01-08 12:28:11,,18.5,online
STORE_004,SKU_001,2024-01-08 08:34:14,1,12.99,in-store
STORE_004,SKU_001,2024-01-08 15:22:52,1,12.99,in-store
STORE_004,SKU_008,2024-01-08 20:47:00,1,9.99,online
STORE_005,SKU_008,2024-01-08 18:05:27,1,9.99,in-store
STORE_001,SKU_007,2024-01-09 11:09:47,3,32.2,online
STORE_003,SKU_001,2024-01-09 21:33:48,1,12.99,online
STORE_003,SKU_001,2024-01-09 17:09:58,1,12.99,in-store
STORE_003,SKU_001,2024-01-09 08:14:02,1,12.99,online
STORE_003,SKU_004,2024-01-09 10:36:22,1,49.99,in-store
STORE_003,SKU_004,2024-01-09 17:20:08,1,49.99,online
STORE_003,SKU_004,2024-01-09 18:32:44,1,49.99,online
STORE_003,SKU_008,2024-01-09 08:02:38,1,9.99,online
STORE_003,SKU_008,2024-01-09 19:22:06,1,9.99,in-store
STORE_004,SKU_005,2024-01-09 10:41:41,1,8.75,in-store
STORE_004,SKU_005,2024-01-09 09:15:01,1,8.75,in-store
STORE_004,SKU_005,2024-01-09 21:12:23,1,8.75,online
STORE_005,SKU_002,2024-01-09 18:32:53,1,24.5,in-store
STORE_005,SKU_002,2024-01-09 15:23:38,1,24.5,online
STORE_005,SKU_002,2024-01-09 09:46:52,1,24.5,online
STORE_001,SKU_005,2024-01-10 13:16:40,1,8.75,online
STORE_005,SKU_007,2024-01-10 18:10:54,2,32.2,online
STORE_005,SKU_007,2024-01-10 15:19:00,2,32.2,in-store
STORE_002,SKU_001,2024-01-11 15:38:42,1,12.99,in-store
STORE_003,SKU_007,2024-01-11 17:57:31,2,32.2,online
STORE_003,SKU_007,2024-01-11 15:31:59,2,32.2,online
STORE_003,SKU_007,2024-01-11 13:35:26,2,32.2,in-store
STORE_005,SKU_002,2024-01-11 15:42:12,2,24.5,in-store
STORE_005,SKU_002,2024-01-11 18:07:33,2,24.5,online
STORE_001,SKU_002,2024-01-12 15:24:17,2,24.5,in-store
STORE_002,SKU_001,2024-01-12 10:28:04,1,12.99,in-store
STORE_002,SKU_004,2024-01-12 08:44:40,1,49.99,in-store
STORE_002,SKU_004,2024-01-12 19:34:03,1,49.99,online
STORE_002,SKU_004,2024-01-12 19:55:00,1,49.99,online
STORE_003,SKU_003,2024-01-12 19:27:51,2,5.99,in-store
STORE_003,SKU_003,2024-01-12 18:08:27,2,5.99,in-store
STORE_003,SKU_003,2024-01-12 12:14:37,2,5.99,in-store
STORE_004,SKU_001,2024-01-12 11:26:34,1,12.99,in-store
STORE_004,SKU_001,2024-01-12 09:29:28,1,12.99,in-store
STORE_005,SKU_001,2024-01-12 16:12:32,1,12.99,in-store
STORE_005,SKU_004,2024-01-12 17:33:21,1,49.99,in-store
STORE_005,SKU_004,2024-01-12 14:20:44,1,49.99,online
STORE_001,SKU_008,2024-01-13 09:26:33,1,9.99,online
STORE_001,SKU_008,2024-01-13 12:21:46,1,9.99,online
STORE_001,SKU_008,2024-01-13 17:11:07,1,9.99,online
STORE_002,SKU_001,2024-01-13 08:19:40,2,12.99,in-store
STORE_002,SKU_001,2024-01-13 18:36:43,2,12.99,in-store
STORE_002,SKU_001,2024-01-13 18:15:54,2,12.99,online
STORE_002,SKU_002,2024-01-13 16:16:28,3,24.5,online
STORE_002,SKU_002,2024-01-13 10:57:31,3,24.5,online
STORE_002,SKU_002,2024-01-13 15:12:51,3,24.5,online
STORE_003,SKU_001,2024-01-13 15:33:29,1,12.99,in-store
STORE_003,SKU_004,2024-01-13 13:33:56,1,49.99,in-store
STORE_003,SKU_004,2024-01-13 18:40:04,1,49.99,in-store
STORE_003,SKU_004,2024-01-13 09:20:25,1,49.99,online
STORE_004,SKU_004,2024-01-13 19:00:01,1,49.99,in-store
STORE_004,SKU_008,2024-01-13 21:51:16,1,9.99,online
STORE_004,SKU_008,2024-01-13 17:23:43,1,9.99,in-store
STORE_004,SKU_008,2024-01-13 14:14:02,1,9.99,in-store
STORE_005,SKU_002,2024-01-13 18:28:07,3,24.5,in-store
STORE_005,SKU_002,2024-01-13 20:01:20,3,24.5,in-store
STORE_005,SKU_002,2024-01-13 16:11:38,3,24.5,online
STORE_005,SKU_003,2024-01-13 16:29:39,4,5.99,online
STORE_005,SKU_003,2024-01-13 11:38:36,4,5.99,in-store
STORE_005,SKU_007,2024-01-13 10:15:28,3,32.2,in-store
STORE_005,SKU_009,2024-01-13 08:01:51,1,115.0,in-store
STORE_005,SKU_010,2024-01-13 08:33:32,2,18.5,in-store
STORE_005,SKU_010,2024-01-13 19:33:50,2,18.5,online
STORE_005,SKU_010,2024-01-13 10:23:30,2,18.5,online
STORE_001,SKU_001,2024-01-14 14:36:21,2,12.99,in-store
STORE_001,SKU_001,2024-01-14 13:06:03,2,12.99,online
STORE_001,SKU_001,2024-01-14 18:35:36,2,12.99,in-store
STORE_001,SKU_008,2024-01-14 08:08:12,1,9.99,online
STORE_001,SKU_008,2024-01-14 20:08:33,1,9.99,online
STORE_001,SKU_009,2024-01-14 09:02:55,2,115.0,in-store
STORE_001,SKU_009,2024-01-14 10:42:13,2,115.0,in-store
STORE_002,SKU_002,2024-01-14 12:20:13,3,24.5,in-store
STORE_002,SKU_004,2024-01-14 21:32:42,1,49.99,online
STORE_002,SKU_004,2024-01-14 12:33:02,1,49.99,in-store
STORE_003,SKU_008,2024-01-14 12:52:01,1,9.99,in-store
STORE_003,SKU_008,2024-01-14 19:36:12,1,9.99,online
STORE_004,SKU_002,2024-01-14 19:33:24,3,24.5,online
STORE_004,SKU_002,2024-01-14 11:08:28,3,24.5,in-store
STORE_004,SKU_005,2024-01-14 15:42:14,1,8.75,in-store
STORE_004,SKU_006,2024-01-14 11:27:41,3,15.0,in-store
STORE_004,SKU_006,2024-01-14 18:05:23,3,15.0,in-store
STORE_004,SKU_010,2024-01-14 08:30:39,3,18.5,in-store
STORE_004,SKU_010,2024-01-14 18:07:19,3,18.5,in-store
STORE_004,SKU_010,2024-01-14 10:28:30,3,18.5,online
STORE_005,SKU_002,2024-01-14 13:49:08,3,24.5,online
STORE_005,SKU_002,2024-01-14 13:59:19,3,24.5,online
STORE_005,SKU_002,2024-01-14 21:50:14,3,24.5,online
STORE_005,SKU_004,2024-01-14 10:42:21,1,49.99,in-store
STORE_005,SKU_004,2024-01-14 17:43:43,1,49.99,in-store
STORE_005,SKU_008,2024-01-14 12:35:55,1,9.99,online
STORE_005,SKU_009,2024-01-14 10:43:43,2,115.0,in-store
STORE_005,SKU_009,2024-01-14 18:11:40,2,115.0,in-store
STORE_005,SKU_009,2024-01-14 14:38:57,2,115.0,online
STORE_001,SKU_001,2024-01-15 21:23:46,1,12.99,online
STORE_001,SKU_001,2024-01-15 12:40:33,1,12.99,in-store
STORE_001,SKU_005,2024-01-15 10:29:24,1,8.75,in-store
STORE_001,SKU_005,2024-01-15 11:14:31,1,8.75,in-store
STORE_001,SKU_007,2024-01-15 08:06:12,2,32.2,online
STORE_001,SKU_007,2024-01-15 17:00:20,2,32.2,online
STORE_001,SKU_007,2024-01-15 18:02:07,,32.2,in-store
STORE_001,SKU_008,2024-01-15 10:54:07,1,9.99,online
STORE_001,SKU_008,2024-01-15 09:31:27,1,9.99,online
STORE_002,SKU_001,2024-01-15 08:46:49,1,12.99,in-store
STORE_002,SKU_002,2024-01-15 11:43:42,2,24.5,in-store
STORE_002,SKU_005,2024-01-15 17:24:01,1,8.75,online
STORE_002,SKU_005,2024-01-15 08:22:48,1,8.75,online
STORE_002,SKU_008,2024-01-15 12:12:14,1,9.99,online
STORE_003,SKU_007,2024-01-15 08:44:47,1,32.2,online
STORE_003,SKU_007,2024-01-15 11:48:52,1,32.2,online
STORE_003,SKU_009,2024-01-15 12:43:01,1,115.0,online
STORE_003,SKU_009,2024-01-15 12:00:21,1,115.0,online
STORE_005,SKU_005,2024-01-15 19:54:39,1,8.75,online
STORE_005,SKU_005,2024-01-15 12:26:18,1,8.75,in-store
STORE_005,SKU_005,2024-01-15 21:09:08,1,8.75,online
STORE_005,SKU_007,2024-01-15 13:15:25,2,32.2,in-store
STORE_005,SKU_007,2024-01-15 20:36:45,2,32.2,online
STORE_005,SKU_008,2024-01-15 14:40:42,1,9.99,online
STORE_005,SKU_008,2024-01-15 16:20:10,1,9.99,online
STORE_005,SKU_008,2024-01-15 13:04:05,1,9.99,online
STORE_001,SKU_007,2024-01-16 21:52:39,2,32.2,in-store
STORE_001,SKU_007,2024-01-16 20:17:11,2,32.2,online
STORE_001,SKU_008,2024-01-16 14:07:22,1,9.99,online
STORE_001,SKU_008,2024-01-16 13:18:16,1,9.99,in-store
STORE_001,SKU_008,2024-01-16 20:13:37,1,9.99,online
STORE_001,SKU_010,2024-01-16 11:31:17,2,18.5,in-store
STORE_001,SKU_010,2024-01-16 21:11:38,2,18.5,online
STORE_002,SKU_001,2024-01-16 13:26:11,1,12.99,in-store
STORE_002,SKU_001,2024-01-16 08:36:45,1,12.99,online
STORE_004,SKU_005,2024-01-16 12:40:55,1,8.75,in-store
STORE_004,SKU_005,2024-01-16 13:00:04,1,8.75,in-store
STORE_004,SKU_005,2024-01-16 19:56:58,1,8.75,online
STORE_004,SKU_008,2024-01-16 21:23:31,1,9.99,online
STORE_004,SKU_008,2024-01-16 13:50:17,1,9.99,online
STORE_004,SKU_008,2024-01-16 08:39:24,1,9.99,in-store
STORE_005,SKU_002,2024-01-16 13:36:31,1,24.5,online
STORE_005,SKU_002,2024-01-16 19:26:37,1,24.5,in-store
STORE_005,SKU_002,2024-01-16 13:53:34,1,24.5,in-store
STORE_005,SKU_004,2024-01-16 21:48:24,1,49.99,in-store
STORE_001,SKU_002,2024-01-17 09:27:56,1,24.5,online
STORE_001,SKU_002,2024-01-17 08:30:01,1,24.5,in-store
STORE_002,SKU_006,2024-01-17 21:19:57,2,15.0,online
STORE_002,SKU_008,2024-01-17 15:10:00,1,9.99,online
STORE_002,SKU_008,2024-01-17 16:34:34,1,9.99,in-store
STORE_002,SKU_008,2024-01-17 08:26:08,1,9.99,in-store
STORE_004,SKU_007,2024-01-17 19:50:40,2,32.2,online
STORE_004,SKU_008,2024-01-17 12:50:40,1,9.99,online
STORE_005,SKU_008,2024-01-17 17:36:40,1,9.99,in-store
STORE_003,SKU_005,2024-01-18 13:09:07,1,8.75,online
STORE_003,SKU_005,2024-01-18 17:35:04,1,8.75,in-store
STORE_003,SKU_005,2024-01-18 18:08:07,1,8.75,in-store
STORE_003,SKU_007,2024-01-18 20:20:20,2,32.2,in-store
STORE_004,SKU_007,2024-01-18 13:51:05,2,32.2,online
STORE_004,SKU_007,2024-01-18 14:39:28,2,32.2,online
STORE_004,SKU_008,2024-01-18 08:10:56,1,9.99,online
STORE_004,SKU_008,2024-01-18 18:06:40,1,9.99,online
STORE_004,SKU_010,2024-01-18 16:26:03,1,18.5,in-store
STORE_004,SKU_010,2024-01-18 14:44:33,1,18.5,online
STORE_005,SKU_008,2024-01-18 18:57:16,1,9.99,in-store
STORE_001,SKU_001,2024-01-19 14:44:54,1,12.99,in-store
STORE_001,SKU_001,2024-01-19 20:31:58,1,12.99,online
STORE_001,SKU_005,2024-01-19 10:11:26,2,8.75,online
STORE_001,SKU_007,2024-01-19 08:22:45,3,32.2,in-store
STORE_001,SKU_007,2024-01-19 18:44:29,3,32.2,in-store
STORE_001,SKU_008,2024-01-19 13:03:16,1,9.99,in-store
STORE_001,SKU_008,2024-01-19 14:59:26,1,9.99,online
STORE_002,SKU_005,2024-01-19 20:54:34,1,8.75,in-store
STORE_002,SKU_005,2024-01-19 08:38:45,1,8.75,online
STORE_002,SKU_005,2024-01-19 14:06:39,1,8.75,online
STORE_003,SKU_002,2024-01-19 17:08:44,2,24.5,online
STORE_003,SKU_002,2024-01-19 12:51:53,2,24.5,online
STORE_003,SKU_002,2024-01-19 08:24:51,2,24.5,online
STORE_004,SKU_002,2024-01-19 16:35:51,1,24.5,in-store
STORE_004,SKU_002,2024-01-19 11:54:50,1,24.5,in-store
STORE_001,SKU_004,2024-01-20 15:53:44,1,49.99,in-store
STORE_001,SKU_004,2024-01-20 21:46:13,1,49.99,in-store
STORE_001,SKU_008,2024-01-20 13:23:17,1,9.99,in-store
STORE_001,SKU_008,2024-01-20 08:35:44,1,9.99,in-store
STORE_001,SKU_008,2024-01-20 16:36:03,1,9.99,in-store
STORE_002,SKU_002,2024-01-20 14:02:45,3,24.5,in-store
STORE_002,SKU_002,2024-01-20 20:53:48,3,24.5,in-store
STORE_002,SKU_005,2024-01-20 17:29:10,1,8.75,in-store
STORE_003,SKU_001,2024-01-20 19:45:33,2,12.99,in-store
STORE_003,SKU_001,2024-01-20 18:06:42,2,12.99,in-store
STORE_003,SKU_001,2024-01-20 15:11:03,2,12.99,in-store
STORE_003,SKU_003,2024-01-20 09:08:07,4,5.99,in-store
STORE_003,SKU_003,2024-01-20 19:21:18,4,5.99,in-store
STORE_003,SKU_003,2024-01-20 21:03:24,4,5.99,in-store
STORE_003,SKU_004,2024-01-20 13:36:24,1,49.99,in-store
STORE_003,SKU_004,2024-01-20 20:10:25,1,49.99,online
STORE_003,SKU_004,2024-01-20 14:19:02,1,49.99,online
STORE_003,SKU_008,2024-01-20 09:16:38,1,9.99,online
STORE_004,SKU_002,2024-01-20 12:51:44,3,24.5,in-store
STORE_004,SKU_002,2024-01-20 11:16:30,3,24.5,online
STORE_004,SKU_003,2024-01-20 10:55:02,3,5.99,in-store
STORE_004,SKU_003,2024-01-20 15:43:05,3,5.99,in-store
STORE_004,SKU_003,2024-01-20 20:18:23,3,5.99,online
STORE_004,SKU_005,2024-01-20 11:05:02,2,8.75,in-store
STORE_004,SKU_005,2024-01-20 11:33:45,2,8.75,online
STORE_004,SKU_005,2024-01-20 20:46:58,2,8.75,in-store
STORE_004,SKU_007,2024-01-20 10:09:48,5,32.2,online
STORE_004,SKU_007,2024-01-20 12:17:01,5,32.2,in-store
STORE_004,SKU_008,2024-01-20 09:59:28,1,9.99,in-store
STORE_004,SKU_008,2024-01-20 11:56:19,1,9.99,in-store
STORE_005,SKU_005,2024-01-20 08:14:33,2,8.75,online
STORE_005,SKU_010,2024-01-20 16:32:32,3,18.5,in-store
STORE_005,SKU_010,2024-01-20 13:02:20,3,18.5,online
STORE_001,SKU_005,2024-01-21 21:42:46,3,8.75,in-store
STORE_001,SKU_005,2024-01-21 09:32:26,3,8.75,in-store
STORE_001,SKU_010,2024-01-21 13:15:16,4,18.5,online
STORE_002,SKU_001,2024-01-21 20:17:40,1,12.99,online
STORE_002,SKU_001,2024-01-21 13:46:57,1,12.99,online
STORE_002,SKU_001,2024-01-21 16:14:51,1,12.99,online
STORE_002,SKU_004,2024-01-21 19:27:10,1,49.99,online
STORE_002,SKU_004,2024-01-21 14:04:59,1,49.99,online
STORE_003,SKU_003,2024-01-21 16:38:18,5,5.99,in-store
STORE_003,SKU_003,2024-01-21 14:26:33,5,5.99,online
STORE_003,SKU_004,2024-01-21 15:27:18,1,49.99,online
STORE_003,SKU_004,2024-01-21 08:45:51,1,49.99,in-store
STORE_003,SKU_004,2024-01-21 11:59:42,1,49.99,online
STORE_003,SKU_006,2024-01-21 11:08:50,3,15.0,online
STORE_003,SKU_006,2024-01-21 13:23:08,3,15.0,in-store
STORE_003,SKU_006,2024-01-21 21:09:05,3,15.0,in-store
STORE_003,SKU_007,2024-01-21 16:47:35,3,32.2,online
STORE_003,SKU_007,2024-01-21 08:19:03,3,32.2,in-store
STORE_003,SKU_010,2024-01-21 16:02:30,2,18.5,online
STORE_004,SKU_008,2024-01-21 15:48:45,1,9.99,in-store
STORE_004,SKU_008,2024-01-21 10:02:39,1,9.99,in-store
STORE_004,SKU_008,2024-01-21 12:16:38,1,9.99,in-store
STORE_005,SKU_002,2024-01-21 14:44:17,3,24.5,in-store
STORE_005,SKU_002,2024-01-21 14:14:20,3,24.5,online
STORE_005,SKU_002,2024-01-21 16:56:12,3,24.5,in-store
STORE_005,SKU_004,2024-01-21 13:40:12,1,49.99,in-store
STORE_005,SKU_004,2024-01-21 16:19:45,1,49.99,online
STORE_005,SKU_004,2024-01-21 21:43:52,1,49.99,in-store
STORE_005,SKU_008,2024-01-21 21:33:35,1,9.99,online
STORE_005,SKU_010,2024-01-21 17:26:46,3,18.5,online
STORE_005,SKU_010,2024-01-21 16:49:43,3,18.5,in-store
STORE_001,SKU_002,2024-01-22 19:27:52,2,24.5,online
STORE_001,SKU_002,2024-01-22 15:46:11,2,24.5,in-store
STORE_001,SKU_002,2024-01-22 19:35:42,2,24.5,in-store
STORE_003,SKU_004,2024-01-22 17:11:36,1,49.99,online
STORE_003,SKU_004,2024-01-22 09:39:09,1,49.99,online
STORE_003,SKU_005,2024-01-22 14:04:31,1,8.75,in-store
STORE_003,SKU_005,2024-01-22 18:15:52,1,8.75,online
STORE_005,SKU_007,2024-01-22 20:27:59,3,32.2,online
STORE_005,SKU_007,2024-01-22 20:53:22,3,32.2,in-store
STORE_005,SKU_007,2024-01-22 08:38:48,3,32.2,online
STORE_002,SKU_002,2024-01-23 19:07:15,1,24.5,in-store
STORE_002,SKU_002,2024-01-23 10:21:41,1,24.5,online
STORE_002,SKU_004,2024-01-23 19:20:55,1,49.99,in-store
STORE_002,SKU_004,2024-01-23 10:41:47,1,49.99,online
STORE_003,SKU_002,2024-01-23 21:18:39,2,24.5,in-store
STORE_003,SKU_007,2024-01-23 18:32:55,3,32.2,in-store
STORE_003,SKU_007,2024-01-23 19:58:36,3,32.2,online
STORE_003,SKU_008,2024-01-23 08:25:36,1,9.99,in-store
STORE_003,SKU_008,2024-01-23 19:45:36,1,9.99,online
STORE_003,SKU_008,2024-01-23 09:05:12,1,9.99,in-store
STORE_004,SKU_007,2024-01-23 15:05:51,2,32.2,online
STORE_004,SKU_007,2024-01-23 17:51:04,2,32.2,online
STORE_005,SKU_002,2024-01-23 20:18:47,2,24.5,online
STORE_005,SKU_002,2024-01-23 10:39:52,2,24.5,in-store
STORE_005,SKU_002,2024-01-23 13:53:43,2,24.5,in-store
STORE_005,SKU_004,2024-01-23 12:07:10,1,49.99,online
STORE_005,SKU_008,2024-01-23 11:06:08,1,9.99,in-store
STORE_005,SKU_008,2024-01-23 21:04:24,1,9.99,online
STORE_001,SKU_002,2024-01-24 10:01:07,2,24.5,in-store
STORE_001,SKU_002,2024-01-24 21:31:22,2,24.5,in-store
STORE_002,SKU_005,2024-01-24 12:08:48,1,8.75,in-store
STORE_002,SKU_005,2024-01-24 11:09:25,1,8.75,in-store
STORE_003,SKU_008,2024-01-24 20:15:11,1,9.99,online
STORE_003,SKU_010,2024-01-24 15:50:37,1,18.5,in-store
STORE_003,SKU_010,2024-01-24 14:22:32,1,18.5,in-store
STORE_004,SKU_001,2024-01-24 12:03:35,1,12.99,online
STORE_004,SKU_002,2024-01-24 18:34:56,2,24.5,in-store
STORE_005,SKU_005,2024-01-24 13:00:25,1,8.75,online
STORE_005,SKU_005,2024-01-24 19:23:16,1,8.75,online
STORE_001,SKU_001,2024-01-25 21:32:39,1,12.99,in-store
STORE_001,SKU_001,2024-01-25 15:27:41,1,12.99,online
STORE_001,SKU_010,2024-01-25 19:42:08,2,18.5,online
STORE_001,SKU_010,2024-01-25 17:45:01,2,18.5,in-store
STORE_001,SKU_008,2024-01-26 15:05:51,1,9.99,online
STORE_002,SKU_006,2024-01-26 18:21:26,2,15.0,in-store
STORE_002,SKU_006,2024-01-26 17:19:59,2,15.0,in-store
STORE_002,SKU_007,2024-01-26 17:21:09,2,32.2,online
STORE_002,SKU_007,2024-01-26 09:09:44,2,32.2,online
STORE_002,SKU_007,2024-01-26 08:40:15,2,32.2,online
STORE_003,SKU_001,2024-01-26 08:42:43,1,12.99,in-store
STORE_003,SKU_001,2024-01-26 10:24:44,1,12.99,online
STORE_003,SKU_001,2024-01-26 15:59:02,1,12.99,online
STORE_003,SKU_004,2024-01-26 18:59:46,1,49.99,in-store
STORE_004,SKU_007,2024-01-26 11:53:48,2,32.2,in-store
STORE_004,SKU_007,2024-01-26 10:40:33,2,32.2,in-store
STORE_005,SKU_008,2024-01-26 19:09:38,1,9.99,in-store
STORE_005,SKU_008,2024-01-26 10:40:16,1,9.99,in-store
STORE_005,SKU_008,2024-01-26 20:13:31,1,9.99,online
STORE_001,SKU_005,2024-01-27 21:31:43,3,8.75,online
STORE_001,SKU_005,2024-01-27 19:13:03,3,8.75,online
STORE_001,SKU_005,2024-01-27 16:53:15,3,8.75,online
STORE_001,SKU_008,2024-01-27 12:23:14,1,9.99,in-store
STORE_001,SKU_010,2024-01-27 20:15:03,4,18.5,online
STORE_001,SKU_010,2024-01-27 14:25:28,4,18.5,online
STORE_001,SKU_010,2024-01-27 19:19:01,4,18.5,in-store
STORE_002,SKU_005,2024-01-27 11:00:30,2,8.75,in-store
STORE_002,SKU_005,2024-01-27 11:02:21,2,8.75,online
STORE_002,SKU_007,2024-01-27 19:06:58,4,32.2,in-store
STORE_002,SKU_007,2024-01-27 14:14:20,4,32.2,in-store
STORE_002,SKU_007,2024-01-27 13:41:41,4,32.2,online
STORE_003,SKU_008,2024-01-27 12:29:42,1,9.99,online
STORE_003,SKU_008,2024-01-27 21:17:08,1,9.99,in-store
STORE_003,SKU_010,2024-01-27 18:52:42,3,18.5,in-store
STORE_004,SKU_004,2024-01-27 15:20:24,1,49.99,in-store
STORE_005,SKU_001,2024-01-27 11:31:17,2,12.99,in-store
STORE_005,SKU_002,2024-01-27 15:20:22,2,24.5,online
STORE_005,SKU_002,2024-01-27 09:43:41,2,24.5,in-store
STORE_001,SKU_002,2024-01-28 12:51:54,3,24.5,in-store
STORE_001,SKU_005,2024-01-28 14:43:07,2,8.75,online
STORE_002,SKU_003,2024-01-28 13:38:15,3,5.99,online
STORE_002,SKU_003,2024-01-28 14:24:54,3,5.99,in-store
STORE_002,SKU_003,2024-01-28 16:47:50,3,5.99,online
STORE_002,SKU_005,2024-01-28 19:20:08,1,8.75,in-store
STORE_003,SKU_001,2024-01-28 14:17:48,2,12.99,in-store
STORE_003,SKU_005,2024-01-28 20:20:23,2,8.75,online
STORE_003,SKU_006,2024-01-28 15:37:15,2,15.0,in-store
STORE_003,SKU_006,2024-01-28 12:03:03,2,15.0,online
STORE_003,SKU_006,2024-01-28 12:16:16,2,15.0,in-store
STORE_004,SKU_002,2024-01-28 13:34:42,2,24.5,in-store
STORE_004,SKU_002,2024-01-28 12:40:35,2,24.5,online
STORE_004,SKU_002,2024-01-28 09:48:12,2,24.5,online
STORE_004,SKU_005,2024-01-28 17:20:01,1,8.75,online
STORE_004,SKU_005,2024-01-28 12:49:27,1,8.75,in-store
STORE_004,SKU_005,2024-01-28 19:40:41,1,8.75,online
STORE_004,SKU_008,2024-01-28 19:09:10,1,9.99,in-store
STORE_001,SKU_006,2024-01-29 08:50:37,3,15.0,in-store
STORE_001,SKU_006,2024-01-29 08:36:15,3,15.0,online
STORE_001,SKU_008,2024-01-30 13:04:32,1,9.99,in-store
STORE_001,SKU_008,2024-01-30 09:39:03,1,9.99,online
STORE_003,SKU_005,2024-01-30 20:24:12,1,8.75,in-store
STORE_003,SKU_005,2024-01-30 11:16:53,1,8.75,in-store
STORE_004,SKU_008,2024-01-30 14:49:06,1,9.99,online
STORE_004,SKU_008,2024-01-30 11:50:33,1,9.99,in-store
STORE_005,SKU_008,2024-01-30 08:34:38,1,9.99,in-store
STORE_005,SKU_008,2024-01-30 15:41:17,1,9.99,in-store
STORE_005,SKU_008,2024-01-30 09:47:47,1,9.99,online
STORE_001,SKU_001,2024-01-31 20:38:40,1,12.99,online
STORE_001,SKU_001,2024-01-31 20:58:18,1,12.99,in-store
STORE_001,SKU_008,2024-01-31 08:24:51,1,9.99,in-store
STORE_001,SKU_008,2024-01-31 13:17:10,1,9.99,online
STORE_001,SKU_008,2024-01-31 09:31:36,1,9.99,in-store
STORE_002,SKU_009,2024-01-31 15:27:50,1,115.0,online
STORE_002,SKU_009,2024-01-31 11:55:38,1,115.0,online
STORE_002,SKU_009,2024-01-31 09:30:09,1,115.0,online
STORE_003,SKU_002,2024-01-31 20:36:50,1,24.5,online
STORE_003,SKU_002,2024-01-31 10:48:57,1,24.5,in-store
STORE_003,SKU_006,2024-01-31 12:42:18,1,15.0,online
STORE_003,SKU_006,2024-01-31 16:36:10,1,15.0,online
STORE_003,SKU_006,2024-01-31 09:41:46,1,15.0,in-store
STORE_004,SKU_010,2024-01-31 17:36:06,2,18.5,online
STORE_004,SKU_010,2024-01-31 19:40:57,2,18.5,in-store
STORE_001,SKU_002,2024-02-01 17:53:40,2,24.5,in-store
STORE_001,SKU_004,2024-02-01 14:48:37,1,49.99,online
STORE_001,SKU_004,2024-02-01 09:39:34,1,49.99,online
STORE_001,SKU_004,2024-02-01 10:11:59,1,49.99,online
STORE_001,SKU_006,2024-02-01 15:18:42,2,15.0,in-store
STORE_001,SKU_007,2024-02-01 16:03:11,4,32.2,online
STORE_001,SKU_008,2024-02-01 11:14:47,1,9.99,in-store
STORE_002,SKU_005,2024-02-01 20:09:20,1,8.75,online
STORE_002,SKU_005,2024-02-01 17:42:12,1,8.75,in-store
STORE_002,SKU_005,2024-02-01 20:49:27,1,8.75,online
STORE_003,SKU_005,2024-02-01 19:40:13,1,8.75,online
STORE_004,SKU_002,2024-02-01 12:12:53,2,24.5,online
STORE_004,SKU_002,2024-02-01 14:25:08,2,24.5,online
STORE_002,SKU_001,2024-02-02 18:03:43,1,12.99,online
STORE_003,SKU_001,2024-02-02 20:46:36,1,12.99,online
STORE_003,SKU_001,2024-02-02 20:59:52,1,12.99,online
STORE_003,SKU_001,2024-02-02 10:48:24,1,12.99,in-store
STORE_003,SKU_010,2024-02-02 12:48:42,2,18.5,online
STORE_003,SKU_010,2024-02-02 11:08:05,,18.5,in-store
STORE_004,SKU_002,2024-02-02 15:37:13,2,24.5,in-store
STORE_004,SKU_002,2024-02-02 21:37:53,2,24.5,in-store
STORE_004,SKU_002,2024-02-02 13:18:26,2,24.5,online
STORE_004,SKU_010,2024-02-02 14:59:14,2,18.5,in-store
STORE_004,SKU_010,2024-02-02 12:53:01,2,18.5,online
STORE_004,SKU_010,2024-02-02 10:23:26,2,18.5,online
STORE_005,SKU_001,2024-02-02 09:03:56,2,12.99,online
STORE_005,SKU_001,2024-02-02 12:19:48,2,12.99,in-store
STORE_005,SKU_002,2024-02-02 15:56:23,2,24.5,online
STORE_005,SKU_002,2024-02-02 08:39:26,2,24.5,online
STORE_005,SKU_002,2024-02-02 21:27:38,2,24.5,in-store
STORE_005,SKU_005,2024-02-02 17:05:29,2,8.75,online
STORE_005,SKU_005,2024-02-02 19:37:06,2,8.75,in-store
STORE_005,SKU_007,2024-02-02 13:23:24,3,32.2,in-store
STORE_001,SKU_002,2024-02-03 10:25:38,4,24.5,in-store
STORE_001,SKU_002,2024-02-03 14:26:39,4,24.5,in-store
STORE_001,SKU_002,2024-02-03 15:36:01,4,24.5,in-store
STORE_001,SKU_005,2024-02-03 13:55:44,3,8.75,in-store
STORE_001,SKU_005,2024-02-03 08:36:36,3,8.75,online
STORE_001,SKU_007,2024-02-03 19:03:18,4,32.2,in-store
STORE_001,SKU_007,2024-02-03 10:06:15,4,32.2,online
STORE_001,SKU_007,2024-02-03 15:57:20,4,32.2,online
STORE_002,SKU_004,2024-02-03 17:41:56,1,49.99,online
STORE_002,SKU_004,2024-02-03 14:03:48,1,49.99,in-store
STORE_002,SKU_005,2024-02-03 15:06:37,2,8.75,in-store
STORE_002,SKU_005,2024-02-03 11:53:35,2,8.75,in-store
STORE_002,SKU_005,2024-02-03 08:25:32,2,8.75,online
STORE_003,SKU_005,2024-02-03 16:24:28,1,8.75,online
STORE_003,SKU_007,2024-02-03 13:05:13,5,32.2,in-store
STORE_004,SKU_001,2024-02-03 09:39:49,1,12.99,online
STORE_004,SKU_001,2024-02-03 10:39:43,1,12.99,in-store
STORE_004,SKU_005,2024-02-03 19:00:22,3,8.75,online
STORE_004,SKU_008,2024-02-03 17:50:24,1,9.99,in-store
STORE_004,SKU_008,2024-02-03 14:42:42,1,9.99,in-store
STORE_004,SKU_008,2024-02-03 17:47:04,1,9.99,in-store
STORE_005,SKU_005,2024-02-03 14:08:51,2,8.75,in-store
STORE_005,SKU_005,2024-02-03 16:30:15,2,8.75,online
STORE_001,SKU_001,2024-02-04 19:57:37,3,12.99,in-store
STORE_001,SKU_001,2024-02-04 11:30:20,3,12.99,in-store
STORE_001,SKU_002,2024-02-04 19:43:19,4,24.5,in-store
STORE_001,SKU_003,2024-02-04 17:04:37,7,5.99,in-store
STORE_001,SKU_003,2024-02-04 21:40:10,7,5.99,in-store
STORE_001,SKU_003,2024-02-04 20:29:53,7,5.99,online
STORE_001,SKU_005,2024-02-04 10:46:20,3,8.75,in-store
STORE_001,SKU_007,2024-02-04 16:53:09,7,32.2,online
STORE_001,SKU_010,2024-02-04 08:02:10,5,18.5,in-store
STORE_001,SKU_010,2024-02-04 17:10:42,5,18.5,in-store
STORE_002,SKU_002,2024-02-04 16:03:32,3,24.5,in-store
STORE_002,SKU_005,2024-02-04 10:55:14,3,8.75,online
STORE_002,SKU_005,2024-02-04 19:57:17,3,8.75,online
STORE_003,SKU_002,2024-02-04 20:30:06,2,24.5,in-store
STORE_003,SKU_002,2024-02-04 18:06:17,2,24.5,online
STORE_003,SKU_002,2024-02-04 20:51:00,2,24.5,in-store
STORE_003,SKU_005,2024-02-04 09:03:18,2,8.75,in-store
STORE_003,SKU_005,2024-02-04 16:22:13,2,8.75,in-store
STORE_003,SKU_005,2024-02-04 16:08:09,2,8.75,online
STORE_003,SKU_007,2024-02-04 16:43:31,5,32.2,in-store
STORE_003,SKU_007,2024-02-04 12:28:09,5,32.2,in-store
STORE_003,SKU_007,2024-02-04 17:25:15,5,32.2,online
STORE_004,SKU_005,2024-02-04 21:19:25,2,8.75,online
STORE_004,SKU_008,2024-02-04 08:08:45,1,9.99,online
STORE_004,SKU_008,2024-02-04 18:07:31,1,9.99,online
STORE_004,SKU_010,2024-02-04 11:06:15,3,18.5,in-store
STORE_004,SKU_010,2024-02-04 09:56:19,3,18.5,online
STORE_005,SKU_002,2024-02-04 13:24:55,2,24.5,in-store
STORE_005,SKU_005,2024-02-04 20:56:47,2,8.75,in-store
STORE_005,SKU_005,2024-02-04 09:50:07,2,8.75,in-store
STORE_005,SKU_005,2024-02-04 18:58:00,2,8.75,online
STORE_005,SKU_007,2024-02-04 19:03:40,4,32.2,online
STORE_001,SKU_008,2024-02-05 13:49:12,1,9.99,in-store
STORE_001,SKU_008,2024-02-05 10:47:33,1,9.99,online
STORE_003,SKU_001,2024-02-05 13:20:35,1,12.99,online
STORE_003,SKU_001,2024-02-05 08:17:59,1,12.99,online
STORE_003,SKU_002,2024-02-05 18:14:00,2,24.5,online
STORE_003,SKU_005,2024-02-05 11:38:33,1,8.75,online
STORE_003,SKU_005,2024-02-05 11:36:27,1,8.75,online
STORE_004,SKU_002,2024-02-05 11:05:19,2,24.5,in-store
STORE_004,SKU_002,2024-02-05 18:25:31,2,24.5,in-store
STORE_005,SKU_001,2024-02-05 09:00:38,1,12.99,in-store
STORE_005,SKU_002,2024-02-05 11:32:24,2,24.5,online
STORE_005,SKU_002,2024-02-05 19:02:33,2,24.5,in-store
STORE_005,SKU_002,2024-02-05 18:17:14,2,24.5,online
STORE_005,SKU_005,2024-02-05 13:05:40,1,8.75,in-store
STORE_005,SKU_006,2024-02-05 16:09:30,2,15.0,online
STORE_005,SKU_008,2024-02-05 17:21:07,1,9.99,in-store
STORE_005,SKU_008,2024-02-05 20:51:29,1,9.99,in-store
STORE_001,SKU_006,2024-02-06 14:58:38,3,15.0,online
STORE_001,SKU_006,2024-02-06 12:25:18,3,15.0,online
STORE_001,SKU_007,2024-02-06 18:02:42,3,32.2,online
STORE_001,SKU_007,2024-02-06 17:13:31,3,32.2,in-store
STORE_001,SKU_008,2024-02-06 20:25:06,1,9.99,in-store
STORE_001,SKU_010,2024-02-06 21:15:51,2,18.5,online
STORE_002,SKU_004,2024-02-06 16:10:47,1,49.99,online
STORE_002,SKU_004,2024-02-06 13:45:59,1,49.99,in-store
STORE_002,SKU_004,2024-02-06 16:41:07,1,49.99,online
STORE_002,SKU_005,2024-02-06 18:49:43,1,8.75,online
STORE_002,SKU_005,2024-02-06 08:33:05,1,8.75,in-store
STORE_002,SKU_005,2024-02-06 11:40:52,1,8.75,online
STORE_002,SKU_010,2024-02-06 18:50:00,2,18.5,in-store
STORE_002,SKU_010,2024-02-06 19:56:56,2,18.5,in-store
STORE_002,SKU_010,2024-02-06 19:15:17,2,18.5,online
STORE_005,SKU_001,2024-02-06 16:13:31,1,12.99,in-store
STORE_005,SKU_001,2024-02-06 11:18:02,1,12.99,in-store
STORE_005,SKU_008,2024-02-06 12:48:07,1,9.99,online
STORE_003,SKU_002,2024-02-07 18:09:45,2,24.5,online
STORE_003,SKU_005,2024-02-07 17:42:13,1,8.75,online
STORE_003,SKU_005,2024-02-07 17:47:38,1,8.75,in-store
STORE_003,SKU_007,2024-02-07 17:50:52,3,32.2,in-store
STORE_003,SKU_008,2024-02-07 15:01:54,1,9.99,in-store
STORE_003,SKU_008,2024-02-07 18:22:13,1,9.99,online
STORE_005,SKU_004,2024-02-07 15:27:14,1,49.99,online
STORE_005,SKU_004,2024-02-07 14:23:11,1,49.99,in-store
STORE_005,SKU_004,2024-02-07 20:55:38,1,49.99,in-store
STORE_005,SKU_006,2024-02-07 11:54:59,2,15.0,in-store
STORE_005,SKU_006,2024-02-07 13:36:15,2,15.0,online
STORE_005,SKU_006,2024-02-07 16:40:17,2,15.0,online
STORE_001,SKU_008,2024-02-08 21:54:38,1,9.99,in-store
STORE_001,SKU_008,2024-02-08 18:46:20,1,9.99,in-store
STORE_002,SKU_007,2024-02-08 12:02:03,3,32.2,in-store
STORE_002,SKU_007,2024-02-08 20:26:26,3,32.2,in-store
STORE_002,SKU_008,2024-02-08 09:00:08,1,9.99,online
STORE_002,SKU_008,2024-02-08 20:08:24,1,9.99,in-store
STORE_003,SKU_001,2024-02-08 17:30:45,1,12.99,in-store
STORE_003,SKU_002,2024-02-08 17:01:06,1,24.5,in-store
STORE_003,SKU_002,2024-02-08 10:49:19,1,24.5,online
STORE_003,SKU_002,2024-02-08 08:26:50,1,24.5,in-store
STORE_003,SKU_006,2024-02-08 19:10:32,2,15.0,in-store
STORE_003,SKU_006,2024-02-08 09:48:27,2,15.0,in-store
STORE_004,SKU_009,2024-02-08 12:44:20,1,115.0,in-store
STORE_004,SKU_010,2024-02-08 13:07:42,2,18.5,online
STORE_004,SKU_010,2024-02-08 16:36:09,2,18.5,online
STORE_004,SKU_010,2024-02-08 08:32:37,2,18.5,online
STORE_005,SKU_002,2024-02-08 17:11:15,2,24.5,online
STORE_005,SKU_002,2024-02-08 12:32:15,2,24.5,in-store
STORE_005,SKU_002,2024-02-08 17:49:58,2,24.5,online
STORE_005,SKU_005,2024-02-08 11:07:23,1,8.75,in-store
STORE_005,SKU_005,2024-02-08 17:57:27,1,8.75,online
STORE_005,SKU_007,2024-02-08 10:55:35,3,32.2,online
STORE_005,SKU_007,2024-02-08 08:32:15,3,32.2,in-store
STORE_005,SKU_007,2024-02-08 10:52:53,3,32.2,online
STORE_001,SKU_007,2024-02-09 12:05:38,4,32.2,online
STORE_001,SKU_010,2024-02-09 17:56:39,2,18.5,in-store
STORE_001,SKU_010,2024-02-09 14:16:08,2,18.5,online
STORE_002,SKU_003,2024-02-09 16:58:27,2,5.99,in-store
STORE_002,SKU_003,2024-02-09 15:25:08,2,5.99,in-store
STORE_003,SKU_002,2024-02-09 20:31:07,1,24.5,online
STORE_003,SKU_002,2024-02-09 08:02:54,1,24.5,in-store
STORE_004,SKU_002,2024-02-09 09:05:58,1,24.5,in-store
STORE_004,SKU_002,2024-02-09 13:31:21,1,24.5,in-store
STORE_004,SKU_002,2024-02-09 11:05:40,1,24.5,online
STORE_004,SKU_008,2024-02-09 10:38:00,1,9.99,online
STORE_004,SKU_008,2024-02-09 16:37:52,1,9.99,in-store
STORE_005,SKU_008,2024-02-09 21:47:01,1,9.99,in-store
STORE_005,SKU_008,2024-02-09 16:13:19,1,9.99,in-store
STORE_001,SKU_001,2024-02-10 09:59:07,2,12.99,in-store
STORE_001,SKU_001,2024-02-10 15:07:45,2,12.99,in-store
STORE_001,SKU_002,2024-02-10 17:18:04,5,24.5,in-store
STORE_001,SKU_002,2024-02-10 11:59:00,5,24.5,online
STORE_001,SKU_003,2024-02-10 10:08:58,6,5.99,in-store
STORE_001,SKU_003,2024-02-10 08:26:52,6,5.99,in-store
STORE_001,SKU_007,2024-02-10 10:15:04,5,32.2,online
STORE_001,SKU_009,2024-02-10 09:33:23,3,115.0,in-store
STORE_002,SKU_001,2024-02-10 16:11:31,2,12.99,in-store
STORE_002,SKU_001,2024-02-10 12:22:56,2,12.99,online
STORE_002,SKU_002,2024-02-10 12:06:37,3,24.5,in-store
STORE_002,SKU_002,2024-02-10 19:45:05,3,24.5,in-store
STORE_002,SKU_002,2024-02-10 08:01:04,3,24.5,in-store
STORE_002,SKU_004,2024-02-10 08:14:44,1,49.99,online
STORE_002,SKU_004,2024-02-10 21:21:45,1,49.99,online
STORE_002,SKU_004,2024-02-10 11:51:03,1,49.99,in-store
STORE_002,SKU_005,2024-02-10 15:36:28,1,8.75,online
STORE_002,SKU_005,2024-02-10 09:09:41,1,8.75,in-store
STORE_003,SKU_002,2024-02-10 13:51:09,4,24.5,in-store
STORE_003,SKU_002,2024-02-10 09:34:47,4,24.5,online
STORE_003,SKU_002,2024-02-10 14:44:42,4,24.5,online
STORE_003,SKU_003,2024-02-10 12:23:57,3,5.99,in-store
STORE_003,SKU_003,2024-02-10 10:48:20,3,5.99,online
STORE_003,SKU_003,2024-02-10 10:00:41,3,5.99,in-store
STORE_003,SKU_005,2024-02-10 17:19:09,2,8.75,online
STORE_003,SKU_005,2024-02-10 11:50:27,2,8.75,in-store
STORE_003,SKU_006,2024-02-10 14:33:36,3,15.0,in-store
STORE_003,SKU_008,2024-02-10 08:18:42,1,9.99,online
STORE_004,SKU_007,2024-02-10 13:38:06,6,32.2,online
STORE_004,SKU_008,2024-02-10 08:28:38,1,9.99,in-store
STORE_005,SKU_001,2024-02-10 20:35:07,1,12.99,online
STORE_005,SKU_005,2024-02-10 19:03:48,2,8.75,in-store
STORE_005,SKU_005,2024-02-10 10:08:17,2,8.75,online
STORE_005,SKU_005,2024-02-10 09:02:54,2,8.75,in-store
STORE_005,SKU_008,2024-02-10 15:27:10,1,9.99,online
STORE_001,SKU_002,2024-02-11 10:45:32,5,24.5,in-store
STORE_001,SKU_004,2024-02-11 11:02:41,2,49.99,in-store
STORE_001,SKU_004,2024-02-11 19:27:03,2,49.99,in-store
STORE_001,SKU_005,2024-02-11 12:05:16,3,8.75,in-store
STORE_001,SKU_006,2024-02-11 15:56:17,5,15.0,in-store
STORE_001,SKU_006,2024-02-11 10:56:59,5,15.0,online
STORE_001,SKU_006,2024-02-11 08:09:46,5,15.0,in-store
STORE_001,SKU_007,2024-02-11 14:44:55,7,32.2,in-store
STORE_001,SKU_007,2024-02-11 21:50:58,7,32.2,online
STORE_001,SKU_010,2024-02-11 18:22:10,5,18.5,online
STORE_001,SKU_010,2024-02-11 20:07:02,5,18.5,online
STORE_002,SKU_004,2024-02-11 21:21:25,1,49.99,online
STORE_002,SKU_004,2024-02-11 12:36:55,1,49.99,online
STORE_002,SKU_004,2024-02-11 10:12:34,1,49.99,in-store
STORE_002,SKU_005,2024-02-11 14:34:48,2,8.75,online
STORE_002,SKU_005,2024-02-11 11:50:40,2,8.75,online
STORE_002,SKU_005,2024-02-11 08:00:57,2,8.75,in-store
STORE_003,SKU_002,2024-02-11 19:51:06,3,24.5,in-store
STORE_003,SKU_002,2024-02-11 10:19:38,3,24.5,in-store
STORE_003,SKU_002,2024-02-11 16:37:23,3,24.5,online
STORE_003,SKU_009,2024-02-11 19:32:20,2,115.0,online
STORE_004,SKU_005,2024-02-11 11:26:39,2,8.75,in-store
STORE_004,SKU_005,2024-02-11 09:35:46,2,8.75,in-store
STORE_004,SKU_008,2024-02-11 17:40:15,1,9.99,in-store
STORE_004,SKU_010,2024-02-11 09:38:47,4,18.5,in-store
STORE_005,SKU_004,2024-02-11 14:32:55,1,49.99,online
STORE_005,SKU_008,2024-02-11 16:12:42,1,9.99,in-store
STORE_005,SKU_008,2024-02-11 21:59:51,1,9.99,in-store
STORE_001,SKU_004,2024-02-12 18:25:19,1,49.99,in-store
STORE_001,SKU_004,2024-02-12 19:09:32,1,49.99,online
STORE_002,SKU_005,2024-02-12 20:10:55,1,8.75,online
STORE_002,SKU_005,2024-02-12 11:57:42,1,8.75,online
STORE_003,SKU_001,2024-02-12 21:17:16,1,12.99,in-store
STORE_003,SKU_001,2024-02-12 15:42:28,1,12.99,in-store
STORE_003,SKU_001,2024-02-12 14:24:08,1,12.99,in-store
STORE_003,SKU_006,2024-02-12 15:33:04,2,15.0,in-store
STORE_003,SKU_006,2024-02-12 17:54:12,2,15.0,in-store
STORE_003,SKU_006,2024-02-12 14:20:54,2,15.0,online
STORE_005,SKU_008,2024-02-12 12:01:57,1,9.99,in-store
STORE_005,SKU_010,2024-02-12 18:16:02,2,18.5,in-store
STORE_005,SKU_010,2024-02-12 18:22:47,2,18.5,online
STORE_001,SKU_002,2024-02-13 14:52:45,3,24.5,in-store
STORE_001,SKU_002,2024-02-13 14:10:35,3,24.5,in-store
STORE_001,SKU_002,2024-02-13 15:08:23,3,24.5,in-store
STORE_001,SKU_005,2024-02-13 21:08:52,2,8.75,online
STORE_001,SKU_008,2024-02-13 12:08:10,1,9.99,online
STORE_001,SKU_008,2024-02-13 09:54:38,1,9.99,in-store
STORE_001,SKU_008,2024-02-13 16:28:19,1,9.99,in-store
STORE_001,SKU_010,2024-02-13 19:10:05,3,18.5,in-store
STORE_001,SKU_010,2024-02-13 20:20:12,3,18.5,online
STORE_001,SKU_010,2024-02-13 14:22:35,3,18.5,online
STORE_002,SKU_002,2024-02-13 14:03:43,2,24.5,in-store
STORE_002,SKU_002,2024-02-13 14:38:33,2,,online
STORE_002,SKU_002,2024-02-13 16:17:53,2,24.5,in-store
STORE_002,SKU_005,2024-02-13 16:17:05,1,8.75,online
STORE_002,SKU_005,2024-02-13 21:13:14,1,8.75,in-store
STORE_002,SKU_010,2024-02-13 18:06:29,2,18.5,online
STORE_002,SKU_010,2024-02-13 10:47:41,2,18.5,in-store
STORE_003,SKU_005,2024-02-13 14:32:29,2,8.75,in-store
STORE_003,SKU_005,2024-02-13 09:11:22,2,8.75,in-store
STORE_003,SKU_005,2024-02-13 15:01:51,2,8.75,online
STORE_004,SKU_001,2024-02-13 12:54:02,2,12.99,in-store
STORE_004,SKU_001,2024-02-13 18:43:41,2,12.99,in-store
STORE_004,SKU_001,2024-02-13 14:05:05,2,12.99,online
STORE_004,SKU_002,2024-02-13 09:09:46,2,24.5,online
STORE_004,SKU_002,2024-02-13 18:48:35,2,24.5,online
STORE_004,SKU_002,2024-02-13 16:11:50,2,24.5,in-store
STORE_004,SKU_004,2024-02-13 08:18:29,1,49.99,in-store
STORE_004,SKU_004,2024-02-13 08:24:10,1,49.99,in-store
STORE_004,SKU_004,2024-02-13 18:34:15,1,49.99,online
STORE_004,SKU_005,2024-02-13 12:54:19,1,8.75,in-store
STORE_004,SKU_005,2024-02-13 10:42:22,1,8.75,in-store
STORE_004,SKU_005,2024-02-13 14:01:39,1,8.75,in-store
STORE_004,SKU_009,2024-02-13 17:37:38,1,115.0,in-store
STORE_005,SKU_010,2024-02-13 13:03:16,1,18.5,online
STORE_005,SKU_010,2024-02-13 18:19:06,1,18.5,online
STORE_001,SKU_004,2024-02-14 14:24:13,1,49.99,in-store
STORE_001,SKU_004,2024-02-14 09:46:43,1,49.99,online
STORE_001,SKU_004,2024-02-14 09:00:06,1,49.99,in-store
STORE_001,SKU_009,2024-02-14 21:49:49,2,115.0,online
STORE_002,SKU_008,2024-02-14 16:21:32,1,9.99,online
STORE_003,SKU_001,2024-02-14 14:34:13,1,12.99,online
STORE_003,SKU_008,2024-02-14 12:47:29,1,9.99,in-store
STORE_004,SKU_002,2024-02-14 16:38:20,2,24.5,in-store
STORE_005,SKU_004,2024-02-14 08:07:15,1,49.99,in-store
STORE_005,SKU_004,2024-02-14 20:05:36,1,49.99,online
STORE_005,SKU_004,2024-02-14 08:32:15,1,49.99,online
STORE_001,SKU_005,2024-02-15 19:09:06,2,8.75,in-store
STORE_001,SKU_005,2024-02-15 14:08:03,2,8.75,online
STORE_001,SKU_005,2024-02-15 18:45:58,2,8.75,online
STORE_001,SKU_007,2024-02-15 12:33:45,4,32.2,online
STORE_001,SKU_008,2024-02-15 08:45:05,1,9.99,online
STORE_001,SKU_008,2024-02-15 14:40:08,1,9.99,in-store
STORE_001,SKU_010,2024-02-15 13:10:01,3,18.5,online
STORE_001,SKU_010,2024-02-15 15:37:04,3,18.5,online
STORE_002,SKU_008,2024-02-15 12:52:14,1,9.99,in-store
STORE_002,SKU_008,2024-02-15 08:57:09,1,9.99,in-store
STORE_002,SKU_008,2024-02-15 15:07:18,1,9.99,in-store
STORE_002,SKU_009,2024-02-15 11:29:50,1,115.0,online
STORE_002,SKU_009,2024-02-15 09:12:25,1,115.0,online
STORE_002,SKU_009,2024-02-15 16:34:10,1,115.0,online
STORE_002,SKU_010,2024-02-15 18:32:17,2,18.5,online
STORE_002,SKU_010,2024-02-15 08:20:07,2,18.5,online
STORE_002,SKU_010,2024-02-15 08:57:30,2,18.5,online
STORE_003,SKU_004,2024-02-15 18:47:58,1,49.99,in-store
STORE_003,SKU_004,2024-02-15 15:09:18,1,49.99,in-store
STORE_003,SKU_004,2024-02-15 13:55:32,1,49.99,in-store
STORE_004,SKU_007,2024-02-15 15:35:33,3,32.2,online
STORE_004,SKU_007,2024-02-15 21:03:00,3,32.2,online
STORE_004,SKU_007,2024-02-15 17:59:09,3,32.2,in-store
STORE_004,SKU_008,2024-02-15 15:34:23,1,9.99,in-store
STORE_005,SKU_002,2024-02-15 14:14:51,1,24.5,online
STORE_001,SKU_002,2024-02-16 17:26:45,2,24.5,in-store
STORE_001,SKU_002,2024-02-16 08:52:51,2,24.5,online
STORE_001,SKU_007,2024-02-16 21:17:56,3,32.2,online
STORE_001,SKU_008,2024-02-16 14:52:29,1,9.99,in-store
STORE_002,SKU_002,2024-02-16 18:05:32,2,24.5,in-store
STORE_002,SKU_002,2024-02-16 20:33:50,2,24.5,online
STORE_002,SKU_002,2024-02-16 20:13:30,2,24.5,in-store
STORE_002,SKU_005,2024-02-16 19:37:25,1,8.75,online
STORE_003,SKU_002,2024-02-16 10:07:40,2,24.5,in-store
STORE_003,SKU_002,2024-02-16 20:19:01,2,24.5,in-store
STORE_003,SKU_010,2024-02-16 20:49:48,1,18.5,online
STORE_004,SKU_002,2024-02-16 12:27:36,2,24.5,in-store
STORE_004,SKU_002,2024-02-16 18:15:37,2,24.5,in-store
STORE_004,SKU_002,2024-02-16 14:18:08,2,24.5,online
STORE_004,SKU_005,2024-02-16 13:55:29,1,8.75,online
STORE_004,SKU_005,2024-02-16 21:34:16,1,8.75,in-store
STORE_004,SKU_005,2024-02-16 16:28:00,1,8.75,in-store
STORE_002,SKU_001,2024-02-17 13:35:04,3,12.99,online
STORE_002,SKU_005,2024-02-17 08:26:20,3,8.75,online
STORE_002,SKU_005,2024-02-17 08:29:41,3,8.75,in-store
STORE_002,SKU_005,2024-02-17 08:44:18,3,8.75,in-store
STORE_003,SKU_002,2024-02-17 19:26:07,4,24.5,online
STORE_003,SKU_002,2024-02-17 18:44:55,4,24.5,in-store
STORE_003,SKU_002,2024-02-17 18:58:22,4,24.5,in-store
STORE_003,SKU_007,2024-02-17 14:14:48,6,32.2,in-store
STORE_003,SKU_007,2024-02-17 09:58:01,6,32.2,in-store
STORE_004,SKU_008,2024-02-17 09:35:52,1,9.99,in-store
STORE_005,SKU_009,2024-02-17 12:29:56,1,115.0,online
STORE_005,SKU_010,2024-02-17 10:52:18,3,18.5,in-store
STORE_001,SKU_002,2024-02-18 08:18:37,6,24.5,in-store
STORE_001,SKU_002,2024-02-18 14:49:29,6,24.5,in-store
STORE_001,SKU_002,2024-02-18 16:10:55,6,24.5,online
STORE_001,SKU_008,2024-02-18 16:58:40,1,9.99,online
STORE_001,SKU_008,2024-02-18 19:58:17,1,9.99,online
STORE_001,SKU_010,2024-02-18 19:19:02,5,18.5,online
STORE_001,SKU_010,2024-02-18 16:12:58,5,18.5,in-store
STORE_002,SKU_003,2024-02-18 19:31:25,6,5.99,in-store
STORE_002,SKU_003,2024-02-18 17:17:37,6,5.99,in-store
STORE_002,SKU_008,2024-02-18 14:32:17,1,9.99,in-store
STORE_002,SKU_008,2024-02-18 18:03:47,1,9.99,in-store
STORE_002,SKU_008,2024-02-18 12:19:30,1,9.99,in-store
STORE_003,SKU_001,2024-02-18 21:58:14,2,12.99,online
STORE_003,SKU_003,2024-02-18 11:42:11,4,5.99,in-store
STORE_003,SKU_003,2024-02-18 18:49:24,4,5.99,online
STORE_004,SKU_002,2024-02-18 14:00:08,3,24.5,in-store
STORE_004,SKU_002,2024-02-18 20:38:38,3,24.5,in-store
STORE_004,SKU_002,2024-02-18 21:35:39,3,24.5,in-store
STORE_004,SKU_005,2024-02-18 21:43:20,2,8.75,in-store
STORE_004,SKU_006,2024-02-18 11:36:00,2,15.0,in-store
STORE_004,SKU_006,2024-02-18 14:50:18,2,15.0,online
STORE_004,SKU_006,2024-02-18 16:43:16,2,15.0,in-store
STORE_004,SKU_007,2024-02-18 15:28:36,4,32.2,online
STORE_004,SKU_008,2024-02-18 11:39:50,1,9.99,in-store
STORE_004,SKU_008,2024-02-18 15:05:51,1,9.99,online
STORE_004,SKU_008,2024-02-18 08:07:59,1,9.99,in-store
STORE_004,SKU_009,2024-02-18 21:03:07,2,115.0,online
STORE_005,SKU_008,2024-02-18 12:22:22,1,9.99,in-store
STORE_005,SKU_008,2024-02-18 16:25:28,1,9.99,in-store
STORE_005,SKU_008,2024-02-18 13:26:22,1,9.99,online
STORE_001,SKU_006,2024-02-19 09:42:09,3,15.0,in-store
STORE_001,SKU_006,2024-02-19 12:42:13,3,15.0,in-store
STORE_001,SKU_006,2024-02-19 15:27:57,3,15.0,in-store
STORE_001,SKU_007,2024-02-19 14:47:49,5,32.2,in-store
STORE_002,SKU_008,2024-02-19 18:44:02,1,9.99,in-store
STORE_002,SKU_008,2024-02-19 21:31:45,1,9.99,in-store
STORE_002,SKU_008,2024-02-19 15:57:41,1,9.99,in-store
STORE_003,SKU_001,2024-02-19 19:16:54,2,12.99,in-store
STORE_003,SKU_001,2024-02-19 11:28:21,2,12.99,online
STORE_003,SKU_003,2024-02-19 10:14:23,2,5.99,online
STORE_003,SKU_003,2024-02-19 18:03:18,2,5.99,online
STORE_003,SKU_003,2024-02-19 20:28:05,2,5.99,online
STORE_004,SKU_002,2024-02-19 12:20:31,2,24.5,online
STORE_004,SKU_007,2024-02-19 15:19:17,2,32.2,online
STORE_004,SKU_007,2024-02-19 17:06:52,2,32.2,in-store
STORE_005,SKU_008,2024-02-19 20:05:23,1,9.99,in-store
STORE_005,SKU_008,2024-02-19 11:18:41,1,9.99,in-store
STORE_005,SKU_008,2024-02-19 10:40:33,1,9.99,online
STORE_005,SKU_010,2024-02-19 15:01:34,2,18.5,online
STORE_005,SKU_010,2024-02-19 11:42:30,2,18.5,in-store
STORE_001,SKU_001,2024-02-20 08:56:37,1,12.99,online
STORE_001,SKU_008,2024-02-20 20:02:37,1,9.99,in-store
STORE_001,SKU_008,2024-02-20 12:22:40,1,9.99,in-store
STORE_002,SKU_005,2024-02-20 18:00:10,1,8.75,in-store
STORE_003,SKU_001,2024-02-20 18:02:32,1,12.99,online
STORE_003,SKU_001,2024-02-20 08:33:18,1,12.99,online
STORE_003,SKU_005,2024-02-20 13:48:05,1,8.75,online
STORE_003,SKU_008,2024-02-20 18:47:32,1,9.99,online
STORE_003,SKU_010,2024-02-20 14:57:14,2,18.5,in-store
STORE_003,SKU_010,2024-02-20 14:42:55,2,18.5,in-store
STORE_003,SKU_010,2024-02-20 17:42:28,2,18.5,in-store
STORE_004,SKU_001,2024-02-20 16:26:32,1,12.99,online
STORE_005,SKU_010,2024-02-20 12:24:51,2,18.5,in-store
STORE_005,SKU_010,2024-02-20 18:39:03,2,18.5,in-store
STORE_001,SKU_002,2024-02-21 09:16:39,2,24.5,in-store
STORE_001,SKU_002,2024-02-21 11:36:36,2,24.5,in-store
STORE_001,SKU_008,2024-02-21 19:17:22,1,9.99,in-store
STORE_001,SKU_008,2024-02-21 20:28:35,1,9.99,in-store
STORE_001,SKU_009,2024-02-21 12:57:53,2,115.0,in-store
STORE_001,SKU_009,2024-02-21 19:22:04,2,115.0,online
STORE_001,SKU_009,2024-02-21 16:19:56,2,115.0,online
STORE_002,SKU_010,2024-02-21 17:37:52,1,18.5,online
STORE_003,SKU_002,2024-02-21 12:32:54,2,24.5,in-store
STORE_003,SKU_002,2024-02-21 15:12:29,2,24.5,online
STORE_003,SKU_010,2024-02-21 14:11:42,2,18.5,online
STORE_003,SKU_010,2024-02-21 18:11:28,2,18.5,online
STORE_004,SKU_002,2024-02-21 10:50:15,2,24.5,in-store
STORE_004,SKU_002,2024-02-21 17:30:30,2,24.5,online
STORE_004,SKU_005,2024-02-21 17:41:40,2,8.75,in-store
STORE_004,SKU_005,2024-02-21 20:04:39,2,8.75,in-store
STORE_004,SKU_005,2024-02-21 09:25:54,2,8.75,online
STORE_005,SKU_005,2024-02-21 14:13:15,1,8.75,in-store
STORE_005,SKU_005,2024-02-21 17:15:00,1,8.75,in-store
STORE_005,SKU_005,2024-02-21 19:08:50,1,8.75,in-store
STORE_005,SKU_010,2024-02-21 14:35:11,3,18.5,online
STORE_005,SKU_010,2024-02-21 11:03:32,3,18.5,online
STORE_001,SKU_003,2024-02-22 13:58:37,3,5.99,online
STORE_001,SKU_003,2024-02-22 11:35:43,3,5.99,online
STORE_001,SKU_003,2024-02-22 11:31:47,3,5.99,in-store
STORE_001,SKU_008,2024-02-22 10:49:26,1,9.99,in-store
STORE_001,SKU_008,2024-02-22 16:25:08,1,9.99,in-store
STORE_002,SKU_004,2024-02-22 20:24:32,1,49.99,in-store
STORE_002,SKU_004,2024-02-22 12:05:59,1,49.99,in-store
STORE_002,SKU_004,2024-02-22 21:31:17,1,49.99,online
STORE_003,SKU_005,2024-02-22 21:13:49,1,8.75,online
STORE_003,SKU_005,2024-02-22 12:48:42,1,8.75,in-store
STORE_003,SKU_005,2024-02-22 12:15:41,1,8.75,online
STORE_004,SKU_002,2024-02-22 08:22:00,2,24.5,online
STORE_004,SKU_006,2024-02-22 13:13:14,2,15.0,online
STORE_004,SKU_006,2024-02-22 11:19:59,2,15.0,in-store
STORE_004,SKU_008,2024-02-22 20:45:05,1,9.99,online
STORE_004,SKU_008,2024-02-22 17:17:08,1,9.99,in-store
STORE_004,SKU_008,2024-02-22 14:05:29,1,9.99,online
STORE_005,SKU_002,2024-02-22 16:10:20,2,24.5,in-store
STORE_005,SKU_002,2024-02-22 08:28:56,2,24.5,online
STORE_005,SKU_003,2024-02-22 12:49:28,2,5.99,in-store
STORE_005,SKU_003,2024-02-22 17:19:59,2,5.99,in-store
STORE_001,SKU_002,2024-02-23 09:19:07,3,24.5,online
STORE_001,SKU_002,2024-02-23 14:28:28,3,24.5,online
STORE_001,SKU_002,2024-02-23 09:24:05,3,24.5,online
STORE_001,SKU_005,2024-02-23 10:00:53,2,8.75,online
STORE_001,SKU_005,2024-02-23 09:04:20,2,8.75,online
STORE_001,SKU_005,2024-02-23 16:17:47,2,8.75,in-store
STORE_002,SKU_001,2024-02-23 14:45:11,1,12.99,online
STORE_002,SKU_001,2024-02-23 12:17:19,1,12.99,online
STORE_002,SKU_009,2024-02-23 10:20:28,1,115.0,online
STORE_002,SKU_009,2024-02-23 18:04:26,1,115.0,in-store
STORE_004,SKU_004,2024-02-23 21:45:17,1,49.99,in-store
STORE_004,SKU_007,2024-02-23 12:44:47,3,32.2,in-store
STORE_004,SKU_007,2024-02-23 14:50:11,3,32.2,online
STORE_004,SKU_009,2024-02-23 13:59:03,1,115.0,online
STORE_005,SKU_005,2024-02-23 16:53:39,2,8.75,online
STORE_005,SKU_005,2024-02-23 16:07:10,2,8.75,online
STORE_005,SKU_007,2024-02-23 16:34:47,3,32.2,in-store
STORE_001,SKU_002,2024-02-24 08:26:23,5,24.5,online
STORE_001,SKU_002,2024-02-24 12:01:08,5,24.5,online
STORE_001,SKU_002,2024-02-24 10:45:00,5,24.5,online
STORE_001,SKU_008,2024-02-24 15:55:23,1,9.99,in-store
STORE_001,SKU_008,2024-02-24 09:14:06,1,9.99,in-store
STORE_001,SKU_010,2024-02-24 16:02:23,5,18.5,in-store
STORE_001,SKU_010,2024-02-24 17:51:44,5,18.5,online
STORE_002,SKU_005,2024-02-24 12:40:45,2,8.75,online
STORE_002,SKU_005,2024-02-24 17:46:16,2,,online
STORE_002,SKU_005,2024-02-24 08:59:30,2,8.75,in-store
STORE_002,SKU_006,2024-02-24 10:43:33,2,15.0,in-store
STORE_002,SKU_006,2024-02-24 21:10:52,2,15.0,in-store
STORE_002,SKU_006,2024-02-24 16:08:24,2,15.0,in-store
STORE_002,SKU_008,2024-02-24 13:08:09,1,9.99,online
STORE_002,SKU_008,2024-02-24 15:56:32,1,9.99,online
STORE_002,SKU_008,2024-02-24 15:28:23,1,9.99,in-store
STORE_003,SKU_005,2024-02-24 13:24:21,2,8.75,in-store
STORE_003,SKU_007,2024-02-24 21:08:38,3,32.2,online
STORE_003,SKU_007,2024-02-24 14:40:21,3,32.2,in-store
STORE_003,SKU_007,2024-02-24 20:57:24,3,32.2,in-store
STORE_003,SKU_010,2024-02-24 09:50:28,2,18.5,in-store
STORE_004,SKU_005,2024-02-24 13:06:53,3,8.75,in-store
STORE_004,SKU_005,2024-02-24 15:25:39,3,8.75,in-store
STORE_004,SKU_005,2024-02-24 08:04:00,3,8.75,online
STORE_004,SKU_008,2024-02-24 13:34:28,1,9.99,in-store
STORE_004,SKU_008,2024-02-24 21:17:49,1,9.99,online
STORE_004,SKU_008,2024-02-24 18:32:51,1,9.99,in-store
STORE_001,SKU_004,2024-02-25 11:38:33,1,49.99,online
STORE_001,SKU_004,2024-02-25 10:26:42,1,49.99,in-store
STORE_001,SKU_004,2024-02-25 16:33:23,1,49.99,online
STORE_002,SKU_002,2024-02-25 13:43:34,3,24.5,online
STORE_002,SKU_002,2024-02-25 17:55:54,3,24.5,in-store
STORE_002,SKU_002,2024-02-25 16:52:01,3,24.5,online
STORE_002,SKU_009,2024-02-25 21:48:13,1,115.0,online
STORE_003,SKU_002,2024-02-25 21:57:11,4,24.5,online
STORE_003,SKU_005,2024-02-25 15:33:41,2,8.75,online
STORE_003,SKU_005,2024-02-25 08:09:58,2,8.75,in-store
STORE_003,SKU_005,2024-02-25 13:03:29,2,8.75,online
STORE_003,SKU_006,2024-02-25 13:26:42,2,15.0,online
STORE_003,SKU_006,2024-02-25 13:13:29,2,15.0,in-store
STORE_003,SKU_007,2024-02-25 14:41:38,3,32.2,in-store
STORE_003,SKU_007,2024-02-25 08:46:09,3,32.2,online
STORE_003,SKU_008,2024-02-25 18:49:50,1,9.99,in-store
STORE_003,SKU_008,2024-02-25 13:38:41,1,9.99,in-store
STORE_003,SKU_008,2024-02-25 18:00:05,1,9.99,in-store
STORE_003,SKU_010,2024-02-25 08:09:16,3,18.5,in-store
STORE_003,SKU_010,2024-02-25 13:33:44,3,18.5,online
STORE_004,SKU_001,2024-02-25 17:15:53,2,12.99,in-store
STORE_004,SKU_002,2024-02-25 09:25:16,4,24.5,online
STORE_004,SKU_002,2024-02-25 09:12:39,4,24.5,online
STORE_004,SKU_002,2024-02-25 15:49:59,4,24.5,in-store
STORE_004,SKU_004,2024-02-25 10:53:12,1,49.99,online
STORE_004,SKU_007,2024-02-25 14:51:50,4,32.2,online
STORE_004,SKU_007,2024-02-25 12:34:47,4,32.2,online
STORE_004,SKU_007,2024-02-25 11:22:45,4,32.2,in-store
STORE_005,SKU_002,2024-02-25 11:40:43,3,24.5,in-store
STORE_005,SKU_009,2024-02-25 20:59:13,1,115.0,in-store
STORE_005,SKU_009,2024-02-25 14:04:32,1,115.0,in-store
STORE_005,SKU_009,2024-02-25 13:55:06,1,115.0,in-store
STORE_002,SKU_001,2024-02-26 14:27:03,1,12.99,online
STORE_002,SKU_001,2024-02-26 18:20:14,1,12.99,online
STORE_002,SKU_001,2024-02-26 17:56:49,1,12.99,online
STORE_003,SKU_008,2024-02-26 21:18:56,1,9.99,in-store
STORE_003,SKU_008,2024-02-26 13:40:03,1,9.99,in-store
STORE_003,SKU_008,2024-02-26 19:49:50,1,9.99,online
STORE_004,SKU_003,2024-02-26 12:46:12,2,5.99,online
STORE_004,SKU_003,2024-02-26 18:36:06,2,5.99,online
STORE_004,SKU_006,2024-02-26 08:15:09,2,15.0,online
STORE_004,SKU_006,2024-02-26 11:27:58,,15.0,online
STORE_004,SKU_006,2024-02-26 09:07:47,2,15.0,online
STORE_005,SKU_005,2024-02-26 20:30:37,1,8.75,online
STORE_005,SKU_010,2024-02-26 10:03:54,3,18.5,in-store
STORE_005,SKU_010,2024-02-26 19:03:07,3,18.5,online
STORE_005,SKU_010,2024-02-26 18:19:26,3,18.5,online
STORE_002,SKU_004,2024-02-27 15:45:31,1,49.99,online
STORE_002,SKU_004,2024-02-27 17:47:59,1,49.99,in-store
STORE_002,SKU_005,2024-02-27 13:54:08,1,8.75,in-store
STORE_002,SKU_010,2024-02-27 12:51:09,2,18.5,online
STORE_002,SKU_010,2024-02-27 13:40:30,2,18.5,in-store
STORE_004,SKU_002,2024-02-27 19:44:38,2,24.5,online
STORE_004,SKU_002,2024-02-27 16:25:52,2,24.5,online
STORE_004,SKU_003,2024-02-27 12:57:05,2,5.99,online
STORE_004,SKU_007,2024-02-27 11:46:19,3,32.2,in-store
STORE_004,SKU_007,2024-02-27 16:54:35,3,32.2,in-store
STORE_004,SKU_007,2024-02-27 19:39:11,3,32.2,online
STORE_005,SKU_004,2024-02-27 09:56:10,1,49.99,in-store
STORE_005,SKU_004,2024-02-27 12:21:16,1,49.99,in-store
STORE_005,SKU_004,2024-02-27 09:52:49,1,49.99,in-store
STORE_005,SKU_007,2024-02-27 11:53:45,4,32.2,online
STORE_005,SKU_007,2024-02-27 09:21:12,4,32.2,in-store
STORE_005,SKU_007,2024-02-27 18:04:33,4,32.2,online
STORE_005,SKU_008,2024-02-27 10:36:19,1,9.99,in-store
STORE_005,SKU_008,2024-02-27 18:04:38,1,9.99,online
STORE_005,SKU_008,2024-02-27 15:40:52,1,9.99,in-store
STORE_005,SKU_010,2024-02-27 20:58:25,2,18.5,online
STORE_005,SKU_010,2024-02-27 08:26:12,2,18.5,online
STORE_001,SKU_003,2024-02-28 12:01:54,4,5.99,in-store
STORE_001,SKU_003,2024-02-28 12:43:34,4,5.99,in-store
STORE_001,SKU_003,2024-02-28 12:05:26,4,5.99,online
STORE_001,SKU_008,2024-02-28 16:44:43,1,9.99,online
STORE_002,SKU_001,2024-02-28 09:49:00,1,12.99,online
STORE_002,SKU_001,2024-02-28 13:37:14,1,12.99,in-store
STORE_002,SKU_001,2024-02-28 18:53:41,1,12.99,in-store
STORE_002,SKU_004,2024-02-28 21:07:44,1,49.99,online
STORE_002,SKU_005,2024-02-28 14:46:40,1,8.75,online
STORE_002,SKU_005,2024-02-28 16:29:47,1,8.75,online
STORE_004,SKU_002,2024-02-28 16:00:08,2,24.5,online
STORE_004,SKU_003,2024-02-28 12:58:16,3,5.99,in-store
STORE_005,SKU_003,2024-02-28 21:43:59,3,5.99,online
STORE_005,SKU_003,2024-02-28 16:18:43,3,5.99,online
STORE_005,SKU_003,2024-02-28 21:35:54,3,5.99,in-store
STORE_001,SKU_005,2024-02-29 17:11:05,2,8.75,online
STORE_002,SKU_005,2024-02-29 11:30:29,1,8.75,in-store
STORE_002,SKU_005,2024-02-29 18:19:27,1,8.75,online
STORE_002,SKU_005,2024-02-29 20:23:07,1,8.75,in-store
STORE_002,SKU_008,2024-02-29 12:17:58,1,9.99,in-store
STORE_002,SKU_008,2024-02-29 20:50:24,1,9.99,online
STORE_002,SKU_008,2024-02-29 08:58:14,1,9.99,in-store
STORE_002,SKU_010,2024-02-29 10:56:45,2,18.5,online
STORE_002,SKU_010,2024-02-29 21:02:17,2,18.5,in-store
STORE_003,SKU_001,2024-02-29 15:11:40,2,12.99,online
STORE_003,SKU_001,2024-02-29 18:27:10,2,12.99,online
STORE_003,SKU_007,2024-02-29 21:07:33,3,32.2,in-store
STORE_003,SKU_008,2024-02-29 11:02:12,1,9.99,in-store
STORE_003,SKU_008,2024-02-29 18:00:02,1,9.99,in-store
STORE_004,SKU_002,2024-02-29 17:47:29,2,24.5,online
STORE_004,SKU_002,2024-02-29 13:48:44,2,24.5,in-store
STORE_004,SKU_002,2024-02-29 18:36:18,2,24.5,online
STORE_004,SKU_008,2024-02-29 20:36:39,1,9.99,online
STORE_001,SKU_010,2024-03-01 11:44:00,2,18.5,in-store
STORE_001,SKU_010,2024-03-01 12:24:40,2,18.5,online
STORE_001,SKU_010,2024-03-01 15:36:13,2,18.5,online
STORE_003,SKU_005,2024-03-01 13:35:55,1,8.75,in-store
STORE_003,SKU_005,2024-03-01 14:00:48,1,8.75,online
STORE_003,SKU_007,2024-03-01 20:05:58,3,32.2,in-store
STORE_003,SKU_007,2024-03-01 20:27:16,3,32.2,online
STORE_004,SKU_007,2024-03-01 14:48:23,3,32.2,in-store
STORE_004,SKU_007,2024-03-01 14:03:49,3,32.2,in-store
STORE_004,SKU_010,2024-03-01 11:56:02,2,18.5,online
STORE_004,SKU_010,2024-03-01 18:14:59,2,18.5,in-store
STORE_005,SKU_003,2024-03-01 12:41:32,3,5.99,online
STORE_005,SKU_003,2024-03-01 21:19:03,3,5.99,online
STORE_005,SKU_008,2024-03-01 13:56:59,1,9.99,in-store
STORE_005,SKU_008,2024-03-01 21:51:24,1,9.99,online
STORE_001,SKU_004,2024-03-02 11:46:37,1,49.99,in-store
STORE_001,SKU_004,2024-03-02 10:10:22,1,49.99,online
STORE_001,SKU_004,2024-03-02 08:59:35,1,49.99,online
STORE_001,SKU_006,2024-03-02 11:47:44,5,15.0,in-store
STORE_001,SKU_008,2024-03-02 10:24:38,1,9.99,in-store
STORE_002,SKU_005,2024-03-02 21:12:25,2,8.75,online
STORE_002,SKU_005,2024-03-02 19:23:56,2,8.75,online
STORE_002,SKU_007,2024-03-02 13:53:12,6,32.2,online
STORE_002,SKU_008,2024-03-02 15:36:04,1,9.99,in-store
STORE_002,SKU_009,2024-03-02 17:52:38,3,115.0,online
STORE_002,SKU_009,2024-03-02 16:47:39,3,115.0,online
STORE_003,SKU_004,2024-03-02 13:40:27,1,49.99,in-store
STORE_004,SKU_002,2024-03-02 12:59:03,4,24.5,in-store
STORE_004,SKU_002,2024-03-02 17:31:36,4,24.5,in-store
STORE_004,SKU_002,2024-03-02 14:34:48,4,24.5,in-store
STORE_004,SKU_005,2024-03-02 17:51:48,2,8.75,in-store
STORE_004,SKU_007,2024-03-02 11:53:10,3,32.2,in-store
STORE_004,SKU_007,2024-03-02 15:14:10,3,32.2,online
STORE_005,SKU_002,2024-03-02 10:45:47,4,24.5,in-store
STORE_005,SKU_002,2024-03-02 09:25:35,4,24.5,online
STORE_005,SKU_004,2024-03-02 19:14:27,1,49.99,in-store
STORE_005,SKU_004,2024-03-02 20:35:47,1,49.99,in-store
STORE_005,SKU_004,2024-03-02 17:52:40,1,49.99,online
STORE_005,SKU_005,2024-03-02 20:05:38,2,8.75,in-store
STORE_005,SKU_007,2024-03-02 12:18:36,4,32.2,online
STORE_005,SKU_007,2024-03-02 11:50:29,4,32.2,online
STORE_005,SKU_007,2024-03-02 12:41:52,4,32.2,in-store
STORE_005,SKU_008,2024-03-02 18:02:26,1,9.99,in-store
STORE_005,SKU_008,2024-03-02 10:30:49,1,9.99,in-store
STORE_005,SKU_008,2024-03-02 11:46:00,1,9.99,in-store
STORE_001,SKU_002,2024-03-03 12:19:45,4,24.5,online
STORE_001,SKU_007,2024-03-03 08:49:28,5,32.2,in-store
STORE_001,SKU_007,2024-03-03 14:41:33,5,32.2,online
STORE_001,SKU_007,2024-03-03 21:58:00,5,32.2,in-store
STORE_001,SKU_008,2024-03-03 13:51:35,1,9.99,online
STORE_001,SKU_008,2024-03-03 17:46:13,1,9.99,in-store
STORE_001,SKU_008,2024-03-03 18:11:07,1,9.99,online
STORE_001,SKU_010,2024-03-03 09:43:40,6,18.5,online
STORE_002,SKU_003,2024-03-03 10:11:44,4,5.99,in-store
STORE_002,SKU_008,2024-03-03 13:18:12,1,9.99,online
STORE_002,SKU_008,2024-03-03 12:09:23,1,9.99,online
STORE_002,SKU_008,2024-03-03 09:32:31,1,9.99,in-store
STORE_003,SKU_005,2024-03-03 18:34:37,2,8.75,in-store
STORE_004,SKU_002,2024-03-03 18:52:15,4,24.5,in-store
STORE_004,SKU_008,2024-03-03 17:59:19,1,9.99,online
STORE_004,SKU_008,2024-03-03 11:26:25,1,9.99,in-store
STORE_005,SKU_007,2024-03-03 12:41:09,5,32.2,in-store
STORE_005,SKU_007,2024-03-03 19:02:52,5,32.2,online
STORE_005,SKU_007,2024-03-03 09:41:53,5,32.2,in-store
STORE_005,SKU_008,2024-03-03 08:42:27,1,9.99,online
STORE_005,SKU_009,2024-03-03 15:19:49,3,115.0,in-store
STORE_005,SKU_009,2024-03-03 11:40:44,3,115.0,online
STORE_001,SKU_005,2024-03-04 17:00:04,1,8.75,online
STORE_001,SKU_005,2024-03-04 14:55:10,1,8.75,online
STORE_001,SKU_005,2024-03-04 21:59:33,1,8.75,in-store
STORE_001,SKU_006,2024-03-04 11:44:47,2,15.0,online
STORE_001,SKU_007,2024-03-04 16:57:02,3,32.2,online
STORE_001,SKU_007,2024-03-04 15:27:48,3,32.2,online
STORE_002,SKU_001,2024-03-04 21:54:42,1,12.99,online
STORE_002,SKU_001,2024-03-04 19:57:05,1,12.99,in-store
STORE_002,SKU_001,2024-03-04 11:54:50,1,12.99,online
STORE_002,SKU_008,2024-03-04 12:48:21,1,9.99,online
STORE_003,SKU_001,2024-03-04 15:19:52,1,12.99,online
STORE_003,SKU_001,2024-03-04 18:51:03,1,12.99,online
STORE_003,SKU_001,2024-03-04 08:03:52,1,12.99,in-store
STORE_003,SKU_002,2024-03-04 17:34:32,3,24.5,in-store
STORE_003,SKU_002,2024-03-04 17:24:08,3,24.5,in-store
STORE_003,SKU_004,2024-03-04 12:03:31,1,49.99,in-store
STORE_003,SKU_004,2024-03-04 17:50:28,1,49.99,online
STORE_003,SKU_008,2024-03-04 17:12:39,1,9.99,in-store
STORE_003,SKU_008,2024-03-04 08:16:04,1,9.99,in-store
STORE_003,SKU_008,2024-03-04 20:08:59,1,9.99,in-store
STORE_003,SKU_010,2024-03-04 17:09:51,2,18.5,online
STORE_004,SKU_009,2024-03-04 18:57:45,1,115.0,online
STORE_004,SKU_009,2024-03-04 21:11:26,1,115.0,in-store
STORE_001,SKU_005,2024-03-05 19:04:10,2,8.75,online
STORE_001,SKU_005,2024-03-05 11:18:27,2,8.75,in-store
STORE_001,SKU_005,2024-03-05 14:38:36,2,8.75,online
STORE_002,SKU_002,2024-03-05 13:10:31,3,24.5,online
STORE_002,SKU_008,2024-03-05 20:12:05,1,9.99,in-store
STORE_002,SKU_008,2024-03-05 11:03:59,1,9.99,in-store
STORE_003,SKU_001,2024-03-05 16:19:08,1,12.99,in-store
STORE_003,SKU_002,2024-03-05 18:42:53,2,24.5,online
STORE_003,SKU_002,2024-03-05 11:42:41,2,24.5,in-store
STORE_003,SKU_003,2024-03-05 18:57:36,2,5.99,in-store
STORE_003,SKU_003,2024-03-05 12:25:41,2,5.99,online
STORE_003,SKU_008,2024-03-05 20:42:01,1,9.99,online
STORE_003,SKU_008,2024-03-05 08:48:45,1,9.99,online
STORE_003,SKU_009,2024-03-05 12:31:04,1,115.0,in-store
STORE_003,SKU_009,2024-03-05 14:37:15,1,115.0,in-store
STORE_003,SKU_009,2024-03-05 19:45:28,1,115.0,in-store
STORE_004,SKU_005,2024-03-05 21:41:00,1,8.75,in-store
STORE_004,SKU_005,2024-03-05 17:14:00,1,8.75,in-store
STORE_005,SKU_005,2024-03-05 20:01:12,1,8.75,online
STORE_005,SKU_005,2024-03-05 14:47:33,1,8.75,online
STORE_005,SKU_005,2024-03-05 21:24:55,1,8.75,in-store
STORE_005,SKU_008,2024-03-05 09:48:36,1,9.99,in-store
STORE_005,SKU_008,2024-03-05 15:35:28,1,9.99,in-store
STORE_001,SKU_001,2024-03-06 18:44:17,2,12.99,in-store
STORE_001,SKU_001,2024-03-06 20:39:21,2,12.99,in-store
STORE_001,SKU_005,2024-03-06 09:33:33,2,8.75,online
STORE_001,SKU_005,2024-03-06 19:06:56,2,8.75,online
STORE_003,SKU_002,2024-03-06 13:11:27,2,24.5,in-store
STORE_003,SKU_002,2024-03-06 16:54:04,2,24.5,online
STORE_003,SKU_005,2024-03-06 16:27:01,1,8.75,in-store
STORE_003,SKU_005,2024-03-06 08:23:39,1,8.75,in-store
STORE_003,SKU_007,2024-03-06 12:02:56,2,32.2,online
STORE_004,SKU_007,2024-03-06 13:04:50,2,32.2,online
STORE_004,SKU_008,2024-03-06 16:56:33,1,9.99,in-store
STORE_005,SKU_005,2024-03-06 15:30:38,1,8.75,in-store
STORE_005,SKU_005,2024-03-06 15:08:06,1,8.75,in-store
STORE_005,SKU_007,2024-03-06 18:39:07,3,32.2,online
STORE_005,SKU_008,2024-03-06 12:42:23,1,9.99,in-store
STORE_005,SKU_008,2024-03-06 18:56:50,1,9.99,in-store
STORE_005,SKU_008,2024-03-06 09:16:16,1,9.99,online
STORE_001,SKU_004,2024-03-07 20:25:45,1,49.99,in-store
STORE_001,SKU_004,2024-03-07 08:29:25,1,,in-store
STORE_001,SKU_004,2024-03-07 15:12:18,1,49.99,in-store
STORE_003,SKU_002,2024-03-07 14:03:45,2,24.5,online
STORE_003,SKU_002,2024-03-07 17:26:10,2,24.5,in-store
STORE_003,SKU_004,2024-03-07 18:08:10,1,49.99,in-store
STORE_003,SKU_004,2024-03-07 18:52:51,1,49.99,online
STORE_004,SKU_005,2024-03-07 16:13:14,1,8.75,online
STORE_004,SKU_005,2024-03-07 18:10:26,1,8.75,online
STORE_004,SKU_005,2024-03-07 15:51:07,1,8.75,in-store
STORE_005,SKU_001,2024-03-07 14:56:57,1,12.99,online
STORE_005,SKU_001,2024-03-07 12:53:26,1,12.99,in-store
STORE_005,SKU_001,2024-03-07 13:36:48,1,12.99,online
STORE_005,SKU_007,2024-03-07 15:40:07,4,32.2,online
STORE_005,SKU_007,2024-03-07 12:17:25,4,32.2,in-store
STORE_001,SKU_009,2024-03-08 16:49:25,1,115.0,online
STORE_001,SKU_009,2024-03-08 13:26:31,1,115.0,online
STORE_001,SKU_009,2024-03-08 19:15:57,1,115.0,online
STORE_002,SKU_004,2024-03-08 18:37:04,1,49.99,in-store
STORE_002,SKU_004,2024-03-08 16:01:00,1,49.99,online
STORE_002,SKU_004,2024-03-08 15:13:25,1,49.99,online
STORE_002,SKU_005,2024-03-08 16:11:08,1,8.75,in-store
STORE_003,SKU_006,2024-03-08 08:14:56,2,15.0,online
STORE_003,SKU_006,2024-03-08 16:55:50,2,15.0,in-store
STORE_003,SKU_006,2024-03-08 17:14:06,2,15.0,in-store
STORE_003,SKU_008,2024-03-08 09:38:46,1,9.99,online
STORE_004,SKU_004,2024-03-08 11:38:19,1,49.99,in-store
STORE_004,SKU_004,2024-03-08 09:40:54,1,49.99,in-store
STORE_005,SKU_002,2024-03-08 21:49:00,1,24.5,online
STORE_005,SKU_002,2024-03-08 16:29:55,1,24.5,online
STORE_005,SKU_010,2024-03-08 19:40:37,2,18.5,online
STORE_001,SKU_001,2024-03-09 14:27:51,3,12.99,online
STORE_001,SKU_001,2024-03-09 13:04:10,3,12.99,online
STORE_001,SKU_001,2024-03-09 11:53:12,3,12.99,online
STORE_001,SKU_002,2024-03-09 13:55:19,6,24.5,in-store
STORE_001,SKU_002,2024-03-09 21:23:53,6,24.5,online
STORE_001,SKU_002,2024-03-09 20:17:40,6,24.5,online
STORE_001,SKU_004,2024-03-09 18:30:07,1,49.99,online
STORE_001,SKU_004,2024-03-09 08:56:25,1,49.99,online
STORE_001,SKU_010,2024-03-09 17:31:32,3,18.5,in-store
STORE_002,SKU_006,2024-03-09 13:24:42,4,15.0,online
STORE_002,SKU_006,2024-03-09 10:55:55,4,15.0,online
STORE_002,SKU_007,2024-03-09 17:03:17,5,32.2,online
STORE_002,SKU_007,2024-03-09 14:12:12,5,32.2,in-store
STORE_002,SKU_007,2024-03-09 15:56:48,5,32.2,in-store
STORE_002,SKU_010,2024-03-09 15:31:55,3,18.5,in-store
STORE_003,SKU_001,2024-03-09 14:54:32,1,12.99,in-store
STORE_003,SKU_001,2024-03-09 21:21:20,1,12.99,in-store
STORE_003,SKU_004,2024-03-09 20:46:56,1,49.99,online
STORE_003,SKU_004,2024-03-09 21:39:26,1,49.99,online
STORE_003,SKU_005,2024-03-09 09:13:22,2,8.75,online
STORE_003,SKU_005,2024-03-09 13:28:06,2,8.75,online
STORE_003,SKU_008,2024-03-09 09:49:26,1,9.99,in-store
STORE_003,SKU_009,2024-03-09 14:47:22,2,115.0,in-store
STORE_004,SKU_008,2024-03-09 15:35:05,1,9.99,online
STORE_004,SKU_008,2024-03-09 16:09:12,1,9.99,in-store
STORE_004,SKU_010,2024-03-09 10:03:05,4,18.5,in-store
STORE_005,SKU_008,2024-03-09 19:39:31,1,9.99,online
STORE_005,SKU_008,2024-03-09 19:18:00,1,9.99,online
STORE_005,SKU_008,2024-03-09 08:20:47,1,9.99,in-store
STORE_001,SKU_005,2024-03-10 12:24:57,3,8.75,in-store
STORE_001,SKU_005,2024-03-10 20:50:35,3,8.75,in-store
STORE_001,SKU_007,2024-03-10 14:25:44,8,32.2,online
STORE_001,SKU_007,2024-03-10 08:32:48,8,32.2,online
STORE_002,SKU_002,2024-03-10 16:35:55,4,24.5,online
STORE_002,SKU_002,2024-03-10 11:43:32,4,24.5,in-store
STORE_002,SKU_005,2024-03-10 16:53:33,2,8.75,in-store
STORE_002,SKU_005,2024-03-10 10:22:20,2,8.75,online
STORE_002,SKU_005,2024-03-10 09:06:12,2,8.75,in-store
STORE_003,SKU_001,2024-03-10 18:59:17,2,12.99,online
STORE_003,SKU_002,2024-03-10 08:43:30,2,24.5,in-store
STORE_003,SKU_002,2024-03-10 15:52:53,2,24.5,in-store
STORE_003,SKU_002,2024-03-10 21:57:51,2,24.5,in-store
STORE_003,SKU_007,2024-03-10 17:03:06,3,32.2,online
STORE_003,SKU_007,2024-03-10 13:31:33,3,32.2,online
STORE_003,SKU_007,2024-03-10 08:01:22,3,32.2,online
STORE_003,SKU_010,2024-03-10 17:00:35,3,18.5,online
STORE_003,SKU_010,2024-03-10 21:25:20,3,18.5,online
STORE_004,SKU_001,2024-03-10 21:20:46,2,12.99,in-store
STORE_004,SKU_003,2024-03-10 10:05:11,3,5.99,in-store
STORE_004,SKU_004,2024-03-10 13:14:27,1,49.99,online
STORE_004,SKU_004,2024-03-10 13:42:17,1,49.99,online
STORE_004,SKU_006,2024-03-10 21:20:49,2,15.0,in-store
STORE_004,SKU_007,2024-03-10 20:12:09,5,32.2,online
STORE_004,SKU_007,2024-03-10 20:37:45,5,32.2,in-store
STORE_004,SKU_007,2024-03-10 10:05:34,5,32.2,online
STORE_004,SKU_010,2024-03-10 10:28:18,2,18.5,online
STORE_005,SKU_004,2024-03-10 17:59:17,1,49.99,online
STORE_005,SKU_004,2024-03-10 16:27:28,1,49.99,online
STORE_005,SKU_007,2024-03-10 11:40:29,5,32.2,in-store
STORE_005,SKU_007,2024-03-10 19:47:51,5,32.2,in-store
STORE_005,SKU_007,2024-03-10 20:48:09,5,32.2,in-store
STORE_005,SKU_008,2024-03-10 14:42:02,1,9.99,online
STORE_005,SKU_008,2024-03-10 08:17:16,1,9.99,in-store
STORE_001,SKU_001,2024-03-11 17:49:53,1,12.99,online
STORE_001,SKU_001,2024-03-11 16:19:10,1,12.99,online
STORE_001,SKU_001,2024-03-11 18:09:33,1,12.99,in-store
STORE_001,SKU_008,2024-03-11 21:04:30,1,9.99,online
STORE_001,SKU_008,2024-03-11 18:41:11,1,9.99,online
STORE_001,SKU_008,2024-03-11 08:56:59,1,9.99,online
STORE_001,SKU_009,2024-03-11 15:39:54,1,115.0,online
STORE_003,SKU_001,2024-03-11 18:23:58,1,12.99,online
STORE_003,SKU_002,2024-03-11 17:39:47,2,24.5,in-store
STORE_003,SKU_002,2024-03-11 12:35:38,2,24.5,in-store
STORE_003,SKU_002,2024-03-11 21:15:50,2,24.5,online
STORE_003,SKU_005,2024-03-11 14:31:18,2,8.75,online
STORE_003,SKU_005,2024-03-11 13:55:08,2,8.75,online
STORE_003,SKU_006,2024-03-11 17:30:53,2,15.0,in-store
STORE_003,SKU_009,2024-03-11 17:58:02,1,115.0,in-store
STORE_003,SKU_009,2024-03-11 12:23:28,1,115.0,online
STORE_003,SKU_009,2024-03-11 19:55:15,1,115.0,online
STORE_005,SKU_005,2024-03-11 14:37:06,1,8.75,in-store
STORE_005,SKU_005,2024-03-11 15:34:32,1,8.75,online
STORE_005,SKU_005,2024-03-11 11:28:28,1,8.75,in-store
STORE_001,SKU_005,2024-03-12 17:15:43,1,8.75,online
STORE_002,SKU_001,2024-03-12 11:15:38,1,12.99,in-store
STORE_002,SKU_002,2024-03-12 15:46:13,2,24.5,online
STORE_002,SKU_005,2024-03-12 15:23:57,1,8.75,in-store
STORE_002,SKU_005,2024-03-12 13:23:23,1,8.75,online
STORE_002,SKU_005,2024-03-12 13:45:27,1,8.75,online
STORE_002,SKU_006,2024-03-12 13:53:15,2,15.0,in-store
STORE_002,SKU_006,2024-03-12 20:31:58,2,15.0,online
STORE_002,SKU_006,2024-03-12 15:17:01,2,15.0,in-store
STORE_003,SKU_004,2024-03-12 20:47:37,1,49.99,online
STORE_004,SKU_004,2024-03-12 21:19:37,1,49.99,in-store
STORE_005,SKU_005,2024-03-12 13:47:50,1,8.75,online
STORE_005,SKU_005,2024-03-12 13:46:06,1,8.75,online
STORE_005,SKU_005,2024-03-12 08:29:42,1,8.75,online
STORE_005,SKU_008,2024-03-12 18:32:45,1,9.99,online
STORE_001,SKU_002,2024-03-13 12:21:10,2,24.5,online
STORE_001,SKU_004,2024-03-13 17:28:42,1,49.99,online
STORE_001,SKU_004,2024-03-13 09:49:07,1,49.99,in-store
STORE_001,SKU_004,2024-03-13 08:06:44,1,49.99,online
STORE_001,SKU_005,2024-03-13 21:08:58,2,8.75,in-store
STORE_002,SKU_001,2024-03-13 21:37:59,1,12.99,online
STORE_003,SKU_007,2024-03-13 17:33:29,2,32.2,in-store
STORE_003,SKU_007,2024-03-13 19:15:01,2,32.2,online
STORE_003,SKU_007,2024-03-13 21:28:15,2,32.2,online
STORE_004,SKU_005,2024-03-13 17:24:49,1,8.75,online
STORE_004,SKU_005,2024-03-13 14:47:56,1,8.75,in-store
STORE_004,SKU_010,2024-03-13 12:11:44,2,18.5,in-store
STORE_005,SKU_004,2024-03-13 14:58:13,1,49.99,online
STORE_005,SKU_004,2024-03-13 20:00:23,1,49.99,online
STORE_001,SKU_005,2024-03-14 21:43:52,2,8.75,online
STORE_001,SKU_005,2024-03-14 19:57:48,2,8.75,online
STORE_001,SKU_005,2024-03-14 13:04:02,2,8.75,online
STORE_001,SKU_008,2024-03-14 10:46:33,1,9.99,in-store
STORE_001,SKU_008,2024-03-14 17:20:56,1,9.99,online
STORE_001,SKU_008,2024-03-14 15:26:08,1,9.99,in-store
STORE_001,SKU_009,2024-03-14 10:54:52,2,115.0,in-store
STORE_002,SKU_001,2024-03-14 16:57:20,1,12.99,online
STORE_002,SKU_001,2024-03-14 21:11:49,1,12.99,in-store
STORE_002,SKU_010,2024-03-14 14:57:02,1,18.5,online
STORE_002,SKU_010,2024-03-14 16:36:58,1,18.5,online
STORE_003,SKU_001,2024-03-14 16:09:36,1,12.99,in-store
STORE_003,SKU_001,2024-03-14 09:01:13,1,12.99,online
STORE_003,SKU_001,2024-03-14 17:05:11,1,12.99,online
STORE_003,SKU_002,2024-03-14 17:46:52,2,24.5,online
STORE_003,SKU_010,2024-03-14 21:48:22,1,18.5,in-store
STORE_003,SKU_010,2024-03-14 18:51:27,1,18.5,online
STORE_003,SKU_010,2024-03-14 13:22:20,1,18.5,in-store
STORE_004,SKU_004,2024-03-14 13:07:15,1,49.99,in-store
STORE_004,SKU_007,2024-03-14 13:10:15,4,32.2,in-store
STORE_005,SKU_001,2024-03-14 11:43:53,1,12.99,in-store
STORE_005,SKU_002,2024-03-14 16:56:02,2,24.5,online
STORE_005,SKU_006,2024-03-14 12:54:14,2,15.0,online
STORE_005,SKU_006,2024-03-14 10:02:13,2,15.0,online
STORE_001,SKU_001,2024-03-15 12:08:44,2,12.99,in-store
STORE_001,SKU_002,2024-03-15 21:25:10,2,24.5,in-store
STORE_001,SKU_002,2024-03-15 19:45:20,2,24.5,online
STORE_001,SKU_007,2024-03-15 19:03:06,3,32.2,online
STORE_001,SKU_007,2024-03-15 13:26:41,3,32.2,in-store
STORE_001,SKU_010,2024-03-15 15:56:41,2,18.5,online
STORE_002,SKU_002,2024-03-15 20:09:40,2,24.5,in-store
STORE_002,SKU_002,2024-03-15 18:08:20,2,24.5,online
STORE_002,SKU_002,2024-03-15 08:28:19,2,24.5,online
STORE_002,SKU_005,2024-03-15 15:17:36,1,8.75,online
STORE_002,SKU_005,2024-03-15 21:35:49,1,8.75,online
STORE_002,SKU_005,2024-03-15 19:45:08,1,8.75,in-store
STORE_003,SKU_006,2024-03-15 13:29:17,2,15.0,in-store
STORE_003,SKU_006,2024-03-15 11:32:39,2,15.0,online
STORE_003,SKU_008,2024-03-15 14:08:06,1,9.99,online
STORE_003,SKU_008,2024-03-15 19:26:42,1,9.99,in-store
STORE_003,SKU_008,2024-03-15 20:25:09,1,9.99,in-store
STORE_003,SKU_010,2024-03-15 15:52:52,2,18.5,online
STORE_003,SKU_010,2024-03-15 09:21:01,2,18.5,in-store
STORE_004,SKU_006,2024-03-15 16:53:37,2,15.0,online
STORE_004,SKU_006,2024-03-15 16:14:53,2,15.0,in-store
STORE_004,SKU_006,2024-03-15 10:44:52,2,15.0,in-store
STORE_004,SKU_008,2024-03-15 18:19:41,1,9.99,in-store
STORE_004,SKU_008,2024-03-15 16:17:32,1,9.99,online
STORE_005,SKU_001,2024-03-15 10:19:31,1,12.99,online
STORE_005,SKU_001,2024-03-15 18:21:24,1,12.99,online
STORE_005,SKU_001,2024-03-15 14:06:29,1,12.99,in-store
STORE_001,SKU_002,2024-03-16 16:46:44,4,24.5,online
STORE_001,SKU_002,2024-03-16 20:29:34,4,24.5,online
STORE_001,SKU_003,2024-03-16 18:56:42,5,5.99,in-store
STORE_001,SKU_004,2024-03-16 21:34:55,1,49.99,in-store
STORE_001,SKU_008,2024-03-16 08:48:00,1,9.99,in-store
STORE_001,SKU_008,2024-03-16 18:40:51,1,9.99,online
STORE_001,SKU_008,2024-03-16 14:04:48,1,9.99,online
STORE_001,SKU_009,2024-03-16 21:18:42,4,115.0,online
STORE_002,SKU_010,2024-03-16 17:26:56,4,18.5,online
STORE_002,SKU_010,2024-03-16 12:18:29,4,18.5,in-store
STORE_002,SKU_010,2024-03-16 09:37:43,4,18.5,online
STORE_003,SKU_002,2024-03-16 10:47:58,4,24.5,in-store
STORE_003,SKU_004,2024-03-16 13:21:24,1,49.99,online
STORE_003,SKU_004,2024-03-16 14:54:56,1,49.99,online
STORE_003,SKU_005,2024-03-16 08:25:34,2,8.75,online
STORE_003,SKU_005,2024-03-16 11:47:16,2,8.75,online
STORE_003,SKU_005,2024-03-16 18:51:59,2,8.75,online
STORE_003,SKU_008,2024-03-16 09:59:45,1,9.99,in-store
STORE_003,SKU_008,2024-03-16 11:36:42,1,9.99,in-store
STORE_003,SKU_008,2024-03-16 18:47:45,1,9.99,online
STORE_003,SKU_010,2024-03-16 17:34:00,3,18.5,in-store
STORE_004,SKU_005,2024-03-16 09:20:48,2,8.75,in-store
STORE_004,SKU_005,2024-03-16 13:20:05,2,8.75,in-store
STORE_004,SKU_005,2024-03-16 16:45:52,2,8.75,in-store
STORE_004,SKU_008,2024-03-16 21:22:13,1,9.99,online
STORE_004,SKU_010,2024-03-16 08:56:36,2,18.5,in-store
STORE_004,SKU_010,2024-03-16 12:39:08,2,18.5,online
STORE_004,SKU_010,2024-03-16 20:31:28,2,,online
STORE_005,SKU_001,2024-03-16 21:47:35,2,12.99,in-store
STORE_005,SKU_001,2024-03-16 10:19:02,2,12.99,in-store
STORE_005,SKU_003,2024-03-16 13:58:25,4,5.99,in-store
STORE_005,SKU_004,2024-03-16 15:34:20,1,49.99,online
STORE_005,SKU_004,2024-03-16 10:28:14,1,49.99,online
STORE_005,SKU_004,2024-03-16 08:11:14,1,49.99,in-store
STORE_005,SKU_010,2024-03-16 18:44:42,3,18.5,in-store
STORE_005,SKU_010,2024-03-16 18:45:16,3,18.5,in-store
STORE_005,SKU_010,2024-03-16 13:03:56,3,18.5,in-store
STORE_001,SKU_001,2024-03-17 19:53:00,3,12.99,in-store
STORE_001,SKU_003,2024-03-17 15:43:32,7,5.99,online
STORE_001,SKU_003,2024-03-17 19:55:57,7,5.99,online
STORE_001,SKU_003,2024-03-17 14:40:20,7,5.99,online
STORE_001,SKU_005,2024-03-17 10:28:28,3,8.75,online
STORE_001,SKU_005,2024-03-17 21:19:35,3,8.75,online
STORE_001,SKU_008,2024-03-17 18:11:39,1,9.99,in-store
STORE_002,SKU_005,2024-03-17 10:16:11,2,8.75,in-store
STORE_002,SKU_005,2024-03-17 08:10:59,2,8.75,in-store
STORE_003,SKU_001,2024-03-17 20:35:45,2,12.99,online
STORE_003,SKU_001,2024-03-17 20:22:14,2,12.99,online
STORE_003,SKU_001,2024-03-17 18:29:09,2,12.99,in-store
STORE_003,SKU_004,2024-03-17 19:49:30,1,49.99,online
STORE_004,SKU_007,2024-03-17 08:28:03,5,32.2,online
STORE_004,SKU_010,2024-03-17 18:08:10,2,18.5,in-store
STORE_005,SKU_002,2024-03-17 11:31:11,4,24.5,in-store
STORE_005,SKU_002,2024-03-17 16:50:34,4,24.5,online
STORE_005,SKU_002,2024-03-17 17:11:40,4,24.5,online
STORE_005,SKU_003,2024-03-17 19:33:42,4,5.99,online
STORE_005,SKU_010,2024-03-17 10:40:49,4,18.5,online
STORE_005,SKU_010,2024-03-17 09:09:16,4,18.5,online
STORE_005,SKU_010,2024-03-17 08:11:49,4,18.5,in-store
STORE_001,SKU_001,2024-03-18 17:23:15,2,12.99,in-store
STORE_001,SKU_008,2024-03-18 14:26:42,1,9.99,in-store
STORE_001,SKU_008,2024-03-18 18:38:30,1,9.99,online
STORE_001,SKU_008,2024-03-18 19:20:07,1,9.99,in-store
STORE_003,SKU_002,2024-03-18 21:32:32,3,24.5,online
STORE_003,SKU_004,2024-03-18 14:44:32,1,49.99,online
STORE_004,SKU_001,2024-03-18 18:53:39,1,12.99,in-store
STORE_004,SKU_001,2024-03-18 13:42:14,1,12.99,in-store
STORE_004,SKU_002,2024-03-18 13:04:21,2,24.5,online
STORE_004,SKU_002,2024-03-18 15:03:49,2,24.5,online
STORE_004,SKU_005,2024-03-18 16:34:32,1,8.75,in-store
STORE_004,SKU_005,2024-03-18 10:40:19,1,8.75,online
STORE_004,SKU_005,2024-03-18 09:06:34,1,8.75,in-store
STORE_005,SKU_004,2024-03-18 17:17:13,1,49.99,online
STORE_005,SKU_004,2024-03-18 15:16:56,1,49.99,in-store
STORE_005,SKU_004,2024-03-18 13:51:44,1,49.99,online
STORE_001,SKU_007,2024-03-19 14:16:48,4,32.2,in-store
STORE_001,SKU_007,2024-03-19 15:10:50,4,32.2,in-store
STORE_001,SKU_009,2024-03-19 11:23:18,1,115.0,online
STORE_002,SKU_010,2024-03-19 09:54:15,2,18.5,in-store
STORE_002,SKU_010,2024-03-19 17:21:05,2,18.5,in-store
STORE_002,SKU_010,2024-03-19 16:37:32,2,18.5,in-store
STORE_003,SKU_002,2024-03-19 13:27:32,2,24.5,online
STORE_003,SKU_007,2024-03-19 18:55:10,2,32.2,in-store
STORE_003,SKU_007,2024-03-19 10:13:37,2,32.2,online
STORE_004,SKU_003,2024-03-19 12:36:38,2,5.99,in-store
STORE_005,SKU_002,2024-03-19 14:20:27,1,24.5,online
STORE_005,SKU_002,2024-03-19 21:08:01,1,24.5,online
STORE_005,SKU_002,2024-03-19 13:26:48,1,24.5,in-store
STORE_001,SKU_001,2024-03-20 17:48:29,1,12.99,in-store
STORE_001,SKU_001,2024-03-20 12:24:41,1,12.99,online
STORE_001,SKU_001,2024-03-20 11:38:16,1,12.99,in-store
STORE_001,SKU_002,2024-03-20 12:36:09,2,24.5,online
STORE_001,SKU_002,2024-03-20 14:59:10,2,24.5,in-store
STORE_001,SKU_004,2024-03-20 20:28:34,1,49.99,in-store
STORE_001,SKU_005,2024-03-20 09:05:33,1,8.75,online
STORE_001,SKU_005,2024-03-20 15:46:50,1,8.75,in-store
STORE_001,SKU_006,2024-03-20 08:33:40,3,15.0,in-store
STORE_001,SKU_006,2024-03-20 15:30:46,3,15.0,online
STORE_001,SKU_006,2024-03-20 16:09:00,3,15.0,in-store
STORE_001,SKU_007,2024-03-20 16:52:39,4,32.2,online
STORE_001,SKU_007,2024-03-20 21:51:33,4,32.2,online
STORE_001,SKU_007,2024-03-20 16:13:01,4,32.2,in-store
STORE_002,SKU_008,2024-03-20 11:36:12,1,9.99,in-store
STORE_002,SKU_008,2024-03-20 17:52:01,1,9.99,in-store
STORE_002,SKU_010,2024-03-20 20:34:03,2,18.5,online
STORE_002,SKU_010,2024-03-20 16:33:52,2,18.5,online
STORE_002,SKU_010,2024-03-20 20:50:09,2,18.5,in-store
STORE_003,SKU_004,2024-03-20 18:22:18,1,49.99,online
STORE_003,SKU_004,2024-03-20 11:40:30,1,49.99,in-store
STORE_004,SKU_008,2024-03-20 09:45:50,1,9.99,in-store
STORE_004,SKU_008,2024-03-20 10:36:25,1,9.99,in-store
STORE_004,SKU_008,2024-03-20 20:38:12,1,9.99,online
STORE_005,SKU_007,2024-03-20 11:56:54,3,32.2,in-store
STORE_001,SKU_005,2024-03-21 15:36:20,1,8.75,in-store
STORE_001,SKU_005,2024-03-21 20:45:40,1,8.75,in-store
STORE_001,SKU_008,2024-03-21 19:47:40,1,9.99,in-store
STORE_001,SKU_008,2024-03-21 21:29:09,1,9.99,in-store
STORE_001,SKU_008,2024-03-21 19:53:16,1,9.99,online
STORE_002,SKU_005,2024-03-21 14:26:11,1,8.75,online
STORE_002,SKU_008,2024-03-21 13:24:03,1,9.99,in-store
STORE_003,SKU_002,2024-03-21 13:42:50,2,24.5,online
STORE_003,SKU_004,2024-03-21 08:57:21,1,49.99,in-store
STORE_003,SKU_004,2024-03-21 12:02:59,1,49.99,in-store
STORE_003,SKU_004,2024-03-21 21:37:50,1,49.99,in-store
STORE_004,SKU_006,2024-03-21 13:58:06,2,15.0,in-store
STORE_004,SKU_007,2024-03-21 18:50:52,2,32.2,in-store
STORE_002,SKU_007,2024-03-22 16:05:34,3,32.2,in-store
STORE_002,SKU_007,2024-03-22 17:30:34,3,32.2,in-store
STORE_002,SKU_007,2024-03-22 10:53:46,3,32.2,online
STORE_003,SKU_002,2024-03-22 20:10:01,2,24.5,in-store
STORE_003,SKU_004,2024-03-22 19:25:05,1,49.99,online
STORE_003,SKU_004,2024-03-22 08:09:53,1,49.99,online
STORE_003,SKU_007,2024-03-22 09:23:14,3,32.2,online
STORE_003,SKU_007,2024-03-22 11:43:40,3,32.2,in-store
STORE_003,SKU_007,2024-03-22 19:29:19,3,,online
STORE_004,SKU_001,2024-03-22 15:06:33,1,12.99,online
STORE_004,SKU_002,2024-03-22 13:45:24,2,24.5,online
STORE_004,SKU_004,2024-03-22 16:14:49,1,49.99,in-store
STORE_004,SKU_005,2024-03-22 16:03:32,1,8.75,in-store
STORE_004,SKU_005,2024-03-22 11:11:04,1,8.75,in-store
STORE_004,SKU_005,2024-03-22 12:51:48,1,8.75,online
STORE_004,SKU_010,2024-03-22 17:30:03,2,18.5,online
STORE_004,SKU_010,2024-03-22 08:26:03,2,18.5,online
STORE_001,SKU_005,2024-03-23 20:17:55,2,8.75,online
STORE_001,SKU_008,2024-03-23 10:10:27,1,9.99,in-store
STORE_001,SKU_010,2024-03-23 16:58:06,4,18.5,online
STORE_001,SKU_010,2024-03-23 17:20:04,4,18.5,in-store
STORE_002,SKU_007,2024-03-23 13:18:05,5,32.2,in-store
STORE_002,SKU_007,2024-03-23 18:26:55,5,32.2,online
STORE_002,SKU_007,2024-03-23 11:48:44,5,32.2,in-store
STORE_003,SKU_002,2024-03-23 11:48:09,2,24.5,online
STORE_003,SKU_003,2024-03-23 12:26:18,5,,online
STORE_003,SKU_003,2024-03-23 13:29:18,5,5.99,in-store
STORE_003,SKU_003,2024-03-23 10:35:05,5,5.99,online
STORE_003,SKU_005,2024-03-23 10:41:05,3,8.75,in-store
STORE_003,SKU_006,2024-03-23 15:10:32,3,15.0,online
STORE_003,SKU_006,2024-03-23 11:39:31,3,15.0,in-store
STORE_003,SKU_006,2024-03-23 17:07:39,3,15.0,in-store
STORE_004,SKU_005,2024-03-23 18:53:04,2,8.75,in-store
STORE_004,SKU_006,2024-03-23 12:43:00,3,15.0,online
STORE_004,SKU_007,2024-03-23 20:27:34,5,32.2,in-store
STORE_004,SKU_007,2024-03-23 16:24:56,5,32.2,in-store
STORE_004,SKU_007,2024-03-23 16:16:06,5,32.2,online
STORE_004,SKU_008,2024-03-23 21:44:34,1,9.99,in-store
STORE_005,SKU_001,2024-03-23 08:48:03,3,12.99,in-store
STORE_005,SKU_001,2024-03-23 13:53:55,3,12.99,in-store
STORE_005,SKU_003,2024-03-23 18:29:17,6,5.99,online
STORE_005,SKU_003,2024-03-23 14:38:15,6,,in-store
STORE_005,SKU_003,2024-03-23 16:23:17,6,5.99,in-store
STORE_005,SKU_010,2024-03-23 14:11:39,3,18.5,online
STORE_001,SKU_004,2024-03-24 15:30:05,1,49.99,online
STORE_001,SKU_004,2024-03-24 11:41:24,1,49.99,in-store
STORE_001,SKU_005,2024-03-24 14:27:19,3,8.75,in-store
STORE_001,SKU_005,2024-03-24 17:47:15,3,8.75,in-store
STORE_001,SKU_005,2024-03-24 13:04:49,3,8.75,online
STORE_001,SKU_008,2024-03-24 16:26:34,1,9.99,in-store
STORE_001,SKU_008,2024-03-24 18:12:29,1,9.99,online
STORE_002,SKU_001,2024-03-24 10:35:59,2,12.99,in-store
STORE_002,SKU_001,2024-03-24 08:46:47,2,12.99,in-store
STORE_002,SKU_005,2024-03-24 13:59:22,2,8.75,online
STORE_002,SKU_005,2024-03-24 10:44:25,2,8.75,online
STORE_003,SKU_002,2024-03-24 13:52:54,3,24.5,in-store
STORE_003,SKU_002,2024-03-24 15:22:25,3,24.5,online
STORE_003,SKU_002,2024-03-24 18:21:11,3,24.5,in-store
STORE_003,SKU_004,2024-03-24 08:48:32,1,49.99,online
STORE_004,SKU_003,2024-03-24 18:17:27,4,5.99,online
STORE_004,SKU_008,2024-03-24 11:00:30,1,9.99,in-store
STORE_004,SKU_008,2024-03-24 14:23:14,1,9.99,in-store
STORE_004,SKU_010,2024-03-24 10:09:09,3,18.5,in-store
STORE_004,SKU_010,2024-03-24 16:45:22,3,18.5,in-store
STORE_004,SKU_010,2024-03-24 12:14:27,3,18.5,in-store
STORE_005,SKU_004,2024-03-24 08:00:56,1,49.99,online
STORE_005,SKU_004,2024-03-24 09:06:46,1,49.99,in-store
STORE_005,SKU_008,2024-03-24 17:09:41,1,9.99,in-store
STORE_001,SKU_005,2024-03-25 08:54:40,1,8.75,in-store
STORE_002,SKU_002,2024-03-25 10:13:23,2,24.5,online
STORE_002,SKU_005,2024-03-25 08:33:18,1,8.75,in-store
STORE_002,SKU_005,2024-03-25 09:29:58,1,8.75,online
STORE_003,SKU_010,2024-03-25 08:35:43,1,18.5,online
STORE_003,SKU_010,2024-03-25 09:01:20,1,18.5,online
STORE_003,SKU_010,2024-03-25 15:47:48,1,18.5,in-store
STORE_004,SKU_005,2024-03-25 17:07:32,1,8.75,in-store
STORE_004,SKU_007,2024-03-25 15:56:51,2,32.2,in-store
STORE_004,SKU_010,2024-03-25 19:49:12,2,18.5,online
STORE_004,SKU_010,2024-03-25 09:52:31,2,18.5,in-store
STORE_004,SKU_010,2024-03-25 11:04:23,2,18.5,in-store
STORE_005,SKU_001,2024-03-25 13:35:46,1,12.99,online
STORE_005,SKU_001,2024-03-25 10:39:55,1,12.99,in-store
STORE_005,SKU_001,2024-03-25 18:27:48,1,12.99,online
STORE_005,SKU_008,2024-03-25 16:47:36,1,9.99,in-store
STORE_005,SKU_008,2024-03-25 15:07:46,1,9.99,in-store
STORE_005,SKU_008,2024-03-25 08:08:35,1,9.99,online
STORE_001,SKU_002,2024-03-26 21:40:10,2,24.5,in-store
STORE_001,SKU_005,2024-03-26 16:31:36,1,8.75,in-store
STORE_001,SKU_005,2024-03-26 09:01:58,1,8.75,online
STORE_001,SKU_005,2024-03-26 13:18:56,1,8.75,online
STORE_001,SKU_006,2024-03-26 20:13:23,4,15.0,in-store
STORE_001,SKU_007,2024-03-26 16:53:25,4,32.2,in-store
STORE_002,SKU_001,2024-03-26 18:27:09,1,12.99,online
STORE_002,SKU_007,2024-03-26 10:59:47,2,32.2,in-store
STORE_002,SKU_007,2024-03-26 12:58:11,2,32.2,online
STORE_002,SKU_007,2024-03-26 12:03:02,2,32.2,online
STORE_003,SKU_001,2024-03-26 14:41:41,1,12.99,online
STORE_003,SKU_006,2024-03-26 21:35:13,1,15.0,online
STORE_004,SKU_002,2024-03-26 20:15:05,2,24.5,online
STORE_004,SKU_003,2024-03-26 11:37:35,2,5.99,online
STORE_004,SKU_008,2024-03-26 15:24:37,1,9.99,in-store
STORE_004,SKU_008,2024-03-26 12:17:19,1,9.99,online
STORE_004,SKU_009,2024-03-26 13:24:11,1,115.0,in-store
STORE_004,SKU_009,2024-03-26 13:05:49,1,115.0,online
STORE_005,SKU_007,2024-03-26 18:54:18,4,32.2,online
STORE_005,SKU_009,2024-03-26 08:01:52,1,115.0,in-store
STORE_005,SKU_009,2024-03-26 14:17:23,1,115.0,online
STORE_001,SKU_002,2024-03-27 21:29:37,3,24.5,online
STORE_001,SKU_002,2024-03-27 20:16:40,3,24.5,in-store
STORE_001,SKU_007,2024-03-27 20:55:52,3,32.2,in-store
STORE_001,SKU_007,2024-03-27 10:51:00,3,32.2,in-store
STORE_002,SKU_001,2024-03-27 13:02:10,1,12.99,in-store
STORE_002,SKU_001,2024-03-27 13:17:50,1,12.99,in-store
STORE_002,SKU_001,2024-03-27 21:16:13,1,12.99,online
STORE_002,SKU_005,2024-03-27 13:19:00,2,8.75,online
STORE_002,SKU_005,2024-03-27 16:15:07,2,8.75,in-store
STORE_002,SKU_007,2024-03-27 13:09:26,2,32.2,online
STORE_002,SKU_007,2024-03-27 13:34:21,2,32.2,online
STORE_002,SKU_007,2024-03-27 09:42:21,2,32.2,in-store
STORE_002,SKU_010,2024-03-27 21:00:13,2,18.5,online
STORE_003,SKU_005,2024-03-27 15:06:22,1,8.75,in-store
STORE_003,SKU_008,2024-03-27 08:08:19,1,9.99,online
STORE_004,SKU_008,2024-03-27 21:30:26,1,9.99,in-store
STORE_004,SKU_008,2024-03-27 18:01:17,1,9.99,online
STORE_005,SKU_004,2024-03-27 18:17:16,1,49.99,in-store
STORE_005,SKU_004,2024-03-27 10:07:41,1,49.99,in-store
STORE_001,SKU_003,2024-03-28 09:36:45,4,5.99,in-store
STORE_001,SKU_010,2024-03-28 17:15:32,2,18.5,online
STORE_001,SKU_010,2024-03-28 16:12:10,2,18.5,online
STORE_001,SKU_010,2024-03-28 18:08:33,2,18.5,in-store
STORE_003,SKU_002,2024-03-28 13:33:22,2,24.5,online
STORE_003,SKU_002,2024-03-28 13:35:28,2,24.5,in-store
STORE_003,SKU_002,2024-03-28 13:07:49,2,24.5,in-store
STORE_003,SKU_004,2024-03-28 13:18:13,1,49.99,in-store
STORE_003,SKU_004,2024-03-28 15:47:19,1,49.99,online
STORE_003,SKU_004,2024-03-28 17:24:07,1,49.99,in-store
STORE_004,SKU_005,2024-03-28 16:23:12,1,8.75,in-store
STORE_004,SKU_005,2024-03-28 21:49:44,1,8.75,online
STORE_004,SKU_009,2024-03-28 15:08:43,1,115.0,online
STORE_004,SKU_009,2024-03-28 18:31:41,1,115.0,online
STORE_004,SKU_009,2024-03-28 18:11:17,1,115.0,online
STORE_005,SKU_002,2024-03-28 14:40:18,2,24.5,in-store
STORE_005,SKU_002,2024-03-28 08:24:12,2,24.5,in-store
STORE_005,SKU_005,2024-03-28 20:11:23,1,8.75,online
STORE_005,SKU_007,2024-03-28 11:41:43,2,32.2,in-store
STORE_005,SKU_007,2024-03-28 15:43:22,2,32.2,online
STORE_001,SKU_004,2024-03-29 12:54:50,1,49.99,online
STORE_001,SKU_004,2024-03-29 17:48:14,1,49.99,in-store
STORE_001,SKU_004,2024-03-29 16:33:13,1,49.99,in-store
STORE_001,SKU_006,2024-03-29 15:17:16,2,15.0,in-store
STORE_001,SKU_006,2024-03-29 18:34:25,2,15.0,online
STORE_001,SKU_010,2024-03-29 17:40:24,2,18.5,online
STORE_002,SKU_009,2024-03-29 09:00:05,2,115.0,in-store
STORE_002,SKU_009,2024-03-29 17:50:14,2,115.0,online
STORE_004,SKU_001,2024-03-29 18:25:27,1,12.99,online
STORE_004,SKU_005,2024-03-29 13:33:51,1,8.75,in-store
STORE_004,SKU_005,2024-03-29 14:40:45,1,8.75,online
STORE_004,SKU_005,2024-03-29 11:22:11,1,8.75,in-store
STORE_005,SKU_008,2024-03-29 08:24:51,1,9.99,in-store
STORE_005,SKU_008,2024-03-29 13:54:37,1,9.99,in-store
STORE_005,SKU_009,2024-03-29 16:40:25,1,115.0,online
STORE_001,SKU_002,2024-03-30 16:34:59,6,24.5,in-store
STORE_001,SKU_002,2024-03-30 16:50:12,6,24.5,in-store
STORE_001,SKU_002,2024-03-30 16:25:15,6,24.5,in-store
STORE_001,SKU_006,2024-03-30 21:27:23,5,15.0,online
STORE_001,SKU_006,2024-03-30 08:58:44,5,15.0,online
STORE_001,SKU_006,2024-03-30 19:12:22,5,15.0,online
STORE_001,SKU_007,2024-03-30 18:05:16,7,32.2,online
STORE_001,SKU_007,2024-03-30 17:28:48,7,32.2,online
STORE_001,SKU_008,2024-03-30 14:30:01,1,9.99,in-store
STORE_001,SKU_008,2024-03-30 21:04:36,1,9.99,online
STORE_002,SKU_002,2024-03-30 18:30:12,2,24.5,online
STORE_002,SKU_002,2024-03-30 20:37:26,2,24.5,in-store
STORE_002,SKU_008,2024-03-30 09:26:51,1,9.99,online
STORE_002,SKU_010,2024-03-30 10:04:15,3,18.5,in-store
STORE_002,SKU_010,2024-03-30 09:56:11,3,18.5,online
STORE_002,SKU_010,2024-03-30 17:12:44,3,18.5,in-store
STORE_003,SKU_001,2024-03-30 21:22:23,3,12.99,in-store
STORE_003,SKU_001,2024-03-30 21:18:10,3,12.99,in-store
STORE_003,SKU_001,2024-03-30 10:19:32,3,12.99,in-store
STORE_003,SKU_003,2024-03-30 16:23:34,3,5.99,online
STORE_003,SKU_004,2024-03-30 21:00:01,1,49.99,online
STORE_003,SKU_004,2024-03-30 09:15:51,1,49.99,in-store
STORE_003,SKU_004,2024-03-30 11:13:06,1,49.99,in-store
STORE_004,SKU_002,2024-03-30 11:55:42,4,24.5,online
STORE_004,SKU_002,2024-03-30 11:34:09,4,24.5,in-store
STORE_005,SKU_002,2024-03-30 10:52:54,4,24.5,in-store
STORE_005,SKU_002,2024-03-30 11:35:38,4,24.5,online
STORE_005,SKU_007,2024-03-30 16:50:53,5,32.2,in-store
STORE_005,SKU_007,2024-03-30 19:22:37,5,32.2,online
STORE_005,SKU_007,2024-03-30 12:14:49,5,32.2,in-store
STORE_005,SKU_008,2024-03-30 14:57:02,1,9.99,in-store
STORE_005,SKU_008,2024-03-30 13:46:40,1,9.99,online
STORE_005,SKU_008,2024-03-30 17:02:05,1,9.99,online
STORE_001,SKU_002,2024-03-31 20:43:53,4,24.5,in-store
STORE_001,SKU_004,2024-03-31 09:12:31,1,,in-store
STORE_001,SKU_004,2024-03-31 21:45:25,1,49.99,online
STORE_001,SKU_005,2024-03-31 17:34:57,2,8.75,in-store
STORE_001,SKU_007,2024-03-31 16:01:23,6,32.2,in-store
STORE_001,SKU_007,2024-03-31 13:24:51,6,32.2,online
STORE_001,SKU_007,2024-03-31 09:12:36,6,32.2,online
STORE_001,SKU_008,2024-03-31 15:13:27,1,9.99,in-store
STORE_001,SKU_008,2024-03-31 18:13:16,1,9.99,in-store
STORE_001,SKU_008,2024-03-31 12:53:47,1,9.99,in-store
STORE_001,SKU_010,2024-03-31 16:10:47,4,18.5,online
STORE_001,SKU_010,2024-03-31 13:28:14,4,18.5,in-store
STORE_002,SKU_007,2024-03-31 15:01:39,6,32.2,online
STORE_002,SKU_007,2024-03-31 19:28:26,6,32.2,online
STORE_002,SKU_008,2024-03-31 12:31:22,1,9.99,online
STORE_002,SKU_008,2024-03-31 09:12:25,1,9.99,in-store
STORE_002,SKU_009,2024-03-31 15:44:19,2,115.0,online
STORE_002,SKU_010,2024-03-31 09:01:49,3,18.5,in-store
STORE_002,SKU_010,2024-03-31 14:46:36,3,18.5,online
STORE_002,SKU_010,2024-03-31 08:26:49,3,18.5,online
STORE_003,SKU_004,2024-03-31 19:40:05,1,49.99,in-store
STORE_003,SKU_004,2024-03-31 17:10:44,1,49.99,in-store
STORE_004,SKU_005,2024-03-31 16:46:15,2,8.75,in-store
STORE_004,SKU_005,2024-03-31 21:39:31,2,8.75,in-store
STORE_004,SKU_009,2024-03-31 18:11:57,2,115.0,in-store
STORE_005,SKU_002,2024-03-31 14:36:18,4,24.5,in-store
STORE_005,SKU_002,2024-03-31 09:15:02,4,24.5,online
STORE_005,SKU_002,2024-03-31 20:33:57,4,24.5,online
STORE_005,SKU_005,2024-03-31 14:39:28,2,8.75,online
STORE_005,SKU_006,2024-03-31 10:59:10,3,15.0,online
STORE_005,SKU_010,2024-03-31 20:59:59,4,18.5,in-store
STORE_001,SKU_007,2024-04-01 08:35:46,4,32.2,online
STORE_002,SKU_001,2024-04-01 11:48:22,1,12.99,in-store
STORE_003,SKU_009,2024-04-01 13:00:13,2,115.0,in-store
STORE_003,SKU_009,2024-04-01 11:06:48,2,115.0,online
STORE_003,SKU_009,2024-04-01 11:42:56,2,115.0,in-store
STORE_005,SKU_002,2024-04-01 21:40:29,2,24.5,online
STORE_005,SKU_002,2024-04-01 08:40:53,2,24.5,in-store
STORE_005,SKU_002,2024-04-01 14:08:35,2,24.5,online
STORE_005,SKU_005,2024-04-01 10:19:58,1,8.75,in-store
STORE_005,SKU_010,2024-04-01 16:31:18,2,18.5,in-store
STORE_005,SKU_010,2024-04-01 21:37:37,2,18.5,in-store
STORE_001,SKU_002,2024-04-02 10:03:43,2,24.5,online
STORE_001,SKU_002,2024-04-02 18:04:30,2,24.5,online
STORE_001,SKU_002,2024-04-02 17:35:58,2,24.5,online
STORE_001,SKU_004,2024-04-02 13:21:52,1,49.99,online
STORE_001,SKU_004,2024-04-02 16:04:51,1,49.99,in-store
STORE_001,SKU_004,2024-04-02 18:45:31,1,49.99,in-store
STORE_002,SKU_002,2024-04-02 18:07:50,1,24.5,in-store
STORE_002,SKU_003,2024-04-02 14:08:31,3,5.99,online
STORE_002,SKU_003,2024-04-02 19:55:28,3,5.99,online
STORE_002,SKU_003,2024-04-02 20:49:27,3,5.99,online
STORE_004,SKU_002,2024-04-02 14:18:46,2,24.5,online
STORE_004,SKU_003,2024-04-02 16:06:30,2,5.99,online
STORE_004,SKU_003,2024-04-02 15:43:43,2,5.99,online
STORE_004,SKU_003,2024-04-02 13:44:31,2,5.99,in-store
STORE_004,SKU_009,2024-04-02 10:45:02,1,115.0,online
STORE_004,SKU_009,2024-04-02 12:59:49,1,115.0,online
STORE_004,SKU_009,2024-04-02 13:05:49,1,115.0,online
STORE_005,SKU_002,2024-04-02 08:52:54,1,24.5,in-store
STORE_005,SKU_002,2024-04-02 14:34:48,1,24.5,in-store
STORE_005,SKU_002,2024-04-02 11:58:20,1,24.5,online
STORE_005,SKU_005,2024-04-02 13:42:49,2,8.75,in-store
STORE_005,SKU_005,2024-04-02 12:20:32,2,8.75,online
STORE_005,SKU_008,2024-04-02 20:30:05,1,9.99,online
STORE_001,SKU_001,2024-04-03 17:04:09,1,12.99,in-store
STORE_001,SKU_001,2024-04-03 19:13:07,1,12.99,online
STORE_001,SKU_001,2024-04-03 12:42:25,1,12.99,in-store
STORE_002,SKU_007,2024-04-03 14:06:26,3,32.2,online
STORE_002,SKU_007,2024-04-03 12:02:28,3,32.2,in-store
STORE_002,SKU_007,2024-04-03 21:04:37,3,32.2,online
STORE_003,SKU_004,2024-04-03 09:23:11,1,49.99,online
STORE_003,SKU_004,2024-04-03 08:40:51,1,49.99,online
STORE_003,SKU_005,2024-04-03 12:50:54,1,8.75,online
STORE_003,SKU_005,2024-04-03 16:19:19,1,8.75,online
STORE_003,SKU_005,2024-04-03 16:46:59,1,8.75,in-store
STORE_003,SKU_006,2024-04-03 17:47:01,3,15.0,online
STORE_003,SKU_006,2024-04-03 15:59:08,3,15.0,in-store
STORE_003,SKU_006,2024-04-03 14:18:24,3,15.0,in-store
STORE_004,SKU_002,2024-04-03 13:15:50,2,24.5,online
STORE_004,SKU_006,2024-04-03 19:51:56,2,15.0,in-store
STORE_004,SKU_006,2024-04-03 18:23:57,2,15.0,in-store
STORE_005,SKU_003,2024-04-03 14:45:16,3,5.99,in-store
STORE_005,SKU_003,2024-04-03 21:57:29,3,5.99,in-store
STORE_005,SKU_003,2024-04-03 09:00:26,3,5.99,in-store
STORE_005,SKU_005,2024-04-03 18:50:44,1,8.75,in-store
STORE_005,SKU_007,2024-04-03 20:33:34,3,32.2,online
STORE_005,SKU_007,2024-04-03 20:54:22,3,32.2,online
STORE_001,SKU_002,2024-04-04 16:03:53,2,24.5,online
STORE_001,SKU_002,2024-04-04 18:32:42,2,24.5,in-store
STORE_001,SKU_004,2024-04-04 18:37:23,1,49.99,in-store
STORE_002,SKU_005,2024-04-04 16:53:02,1,8.75,in-store
STORE_002,SKU_005,2024-04-04 19:56:45,1,8.75,online
STORE_002,SKU_005,2024-04-04 21:25:14,1,8.75,in-store
STORE_002,SKU_006,2024-04-04 13:22:05,3,15.0,in-store
STORE_002,SKU_006,2024-04-04 16:55:37,3,15.0,online
STORE_002,SKU_006,2024-04-04 09:07:12,3,15.0,in-store
STORE_002,SKU_008,2024-04-04 16:00:28,1,9.99,online
STORE_002,SKU_008,2024-04-04 11:52:23,1,9.99,in-store
STORE_002,SKU_010,2024-04-04 19:09:00,2,18.5,online
STORE_003,SKU_005,2024-04-04 15:21:41,1,8.75,online
STORE_003,SKU_005,2024-04-04 14:03:50,1,8.75,online
STORE_003,SKU_007,2024-04-04 08:38:27,4,32.2,in-store
STORE_004,SKU_009,2024-04-04 12:54:04,1,115.0,online
STORE_004,SKU_009,2024-04-04 19:39:42,1,115.0,online
STORE_004,SKU_009,2024-04-04 09:20:24,1,115.0,in-store
STORE_005,SKU_002,2024-04-04 14:55:38,2,24.5,online
STORE_005,SKU_002,2024-04-04 18:37:13,2,24.5,in-store
STORE_005,SKU_007,2024-04-04 09:16:37,2,32.2,online
STORE_005,SKU_007,2024-04-04 19:07:02,2,32.2,in-store
STORE_005,SKU_010,2024-04-04 11:53:15,2,18.5,in-store
STORE_005,SKU_010,2024-04-04 19:06:02,2,18.5,in-store
STORE_001,SKU_003,2024-04-05 13:30:59,3,5.99,in-store
STORE_001,SKU_003,2024-04-05 10:59:43,3,5.99,online
STORE_001,SKU_003,2024-04-05 20:34:27,3,5.99,online
STORE_001,SKU_009,2024-04-05 11:00:25,1,115.0,online
STORE_001,SKU_009,2024-04-05 21:13:35,1,115.0,in-store
STORE_001,SKU_009,2024-04-05 17:18:19,1,115.0,online
STORE_003,SKU_002,2024-04-05 08:22:52,2,24.5,online
STORE_003,SKU_002,2024-04-05 17:41:06,2,24.5,online
STORE_003,SKU_002,2024-04-05 12:29:57,2,24.5,online
STORE_003,SKU_005,2024-04-05 20:28:53,1,8.75,online
STORE_004,SKU_007,2024-04-05 20:46:37,3,32.2,online
STORE_005,SKU_001,2024-04-05 14:18:09,1,12.99,in-store
STORE_005,SKU_001,2024-04-05 11:57:14,1,12.99,online
STORE_005,SKU_006,2024-04-05 18:45:53,3,15.0,online
STORE_001,SKU_009,2024-04-06 15:03:18,2,115.0,online
STORE_001,SKU_009,2024-04-06 14:20:38,2,115.0,online
STORE_001,SKU_009,2024-04-06 17:37:52,2,115.0,online
STORE_001,SKU_010,2024-04-06 15:47:16,6,18.5,in-store
STORE_002,SKU_001,2024-04-06 19:19:20,3,12.99,online
STORE_002,SKU_001,2024-04-06 08:19:29,3,12.99,in-store
STORE_002,SKU_002,2024-04-06 10:55:00,4,24.5,online
STORE_002,SKU_008,2024-04-06 12:02:24,1,9.99,in-store
STORE_002,SKU_008,2024-04-06 08:24:46,1,9.99,online
STORE_002,SKU_008,2024-04-06 11:52:20,1,9.99,in-store
STORE_002,SKU_009,2024-04-06 15:17:55,2,115.0,online
STORE_002,SKU_009,2024-04-06 21:58:42,2,115.0,in-store
STORE_003,SKU_004,2024-04-06 08:33:13,1,49.99,in-store
STORE_003,SKU_004,2024-04-06 19:03:11,1,49.99,in-store
STORE_003,SKU_009,2024-04-06 19:11:30,2,115.0,online
STORE_004,SKU_001,2024-04-06 15:52:21,1,12.99,online
STORE_004,SKU_001,2024-04-06 08:43:38,1,12.99,in-store
STORE_004,SKU_004,2024-04-06 11:24:57,1,49.99,online
STORE_004,SKU_004,2024-04-06 18:14:56,1,49.99,in-store
STORE_004,SKU_005,2024-04-06 17:07:47,2,8.75,online
STORE_005,SKU_002,2024-04-06 15:38:35,4,24.5,in-store
STORE_005,SKU_002,2024-04-06 18:48:47,4,24.5,online
STORE_005,SKU_002,2024-04-06 18:38:01,4,24.5,in-store
STORE_005,SKU_004,2024-04-06 12:43:56,1,49.99,in-store
STORE_005,SKU_004,2024-04-06 15:02:38,1,49.99,online
STORE_005,SKU_004,2024-04-06 15:32:07,1,49.99,in-store
STORE_005,SKU_007,2024-04-06 12:40:22,4,32.2,online
STORE_005,SKU_007,2024-04-06 18:01:08,4,32.2,online
STORE_005,SKU_007,2024-04-06 18:53:21,4,32.2,online
STORE_005,SKU_008,2024-04-06 09:13:53,1,9.99,in-store
STORE_005,SKU_010,2024-04-06 21:02:00,3,18.5,in-store
STORE_005,SKU_010,2024-04-06 14:09:43,3,18.5,in-store
STORE_005,SKU_010,2024-04-06 14:10:40,3,18.5,online
STORE_001,SKU_002,2024-04-07 08:24:43,4,24.5,online
STORE_001,SKU_002,2024-04-07 08:54:04,4,24.5,online
STORE_001,SKU_007,2024-04-07 21:02:42,5,32.2,online
STORE_001,SKU_007,2024-04-07 12:47:21,5,32.2,in-store
STORE_002,SKU_005,2024-04-07 11:44:00,2,8.75,in-store
STORE_002,SKU_005,2024-04-07 19:05:17,2,8.75,in-store
STORE_004,SKU_010,2024-04-07 18:15:11,2,18.5,online
STORE_005,SKU_005,2024-04-07 16:50:07,2,8.75,online
STORE_005,SKU_005,2024-04-07 14:00:03,2,8.75,in-store
STORE_005,SKU_008,2024-04-07 09:27:42,1,9.99,in-store
STORE_005,SKU_010,2024-04-07 20:26:23,3,18.5,in-store
STORE_005,SKU_010,2024-04-07 11:23:08,3,18.5,in-store
STORE_005,SKU_010,2024-04-07 15:27:56,3,18.5,in-store
STORE_002,SKU_005,2024-04-08 08:55:17,1,8.75,in-store
STORE_003,SKU_001,2024-04-08 18:54:06,2,12.99,online
STORE_003,SKU_001,2024-04-08 16:35:07,2,12.99,online
STORE_003,SKU_005,2024-04-08 18:55:55,1,8.75,in-store
STORE_003,SKU_005,2024-04-08 21:49:25,1,8.75,in-store
STORE_004,SKU_010,2024-04-08 13:09:46,2,18.5,online
STORE_004,SKU_010,2024-04-08 17:46:14,2,18.5,in-store
STORE_005,SKU_002,2024-04-08 19:09:13,3,24.5,in-store
STORE_001,SKU_005,2024-04-09 15:39:08,1,8.75,in-store
STORE_001,SKU_007,2024-04-09 15:44:56,4,32.2,online
STORE_001,SKU_007,2024-04-09 15:02:45,4,32.2,in-store
STORE_002,SKU_002,2024-04-09 15:23:37,1,24.5,online
STORE_002,SKU_002,2024-04-09 12:46:03,1,24.5,online
STORE_002,SKU_002,2024-04-09 18:38:17,1,24.5,in-store
STORE_002,SKU_010,2024-04-09 09:48:59,2,18.5,online
STORE_002,SKU_010,2024-04-09 18:39:22,2,18.5,online
STORE_003,SKU_001,2024-04-09 17:01:55,1,12.99,online
STORE_003,SKU_004,2024-04-09 13:31:11,1,49.99,online
STORE_003,SKU_004,2024-04-09 13:53:06,1,49.99,online
STORE_003,SKU_004,2024-04-09 12:54:19,1,49.99,online
STORE_003,SKU_005,2024-04-09 15:26:36,1,8.75,in-store
STORE_003,SKU_008,2024-04-09 12:58:38,1,9.99,in-store
STORE_003,SKU_008,2024-04-09 16:53:34,1,9.99,online
STORE_003,SKU_010,2024-04-09 17:18:07,1,18.5,online
STORE_003,SKU_010,2024-04-09 11:33:17,1,18.5,in-store
STORE_003,SKU_010,2024-04-09 08:36:23,1,18.5,online
STORE_004,SKU_002,2024-04-09 15:15:23,2,24.5,online
STORE_005,SKU_001,2024-04-09 18:23:11,2,12.99,in-store
STORE_005,SKU_001,2024-04-09 11:02:52,2,12.99,in-store
STORE_005,SKU_001,2024-04-09 14:27:48,2,12.99,online
STORE_005,SKU_005,2024-04-09 21:39:29,1,8.75,in-store
STORE_005,SKU_005,2024-04-09 18:14:31,1,8.75,online
STORE_005,SKU_005,2024-04-09 09:15:27,1,8.75,in-store
STORE_005,SKU_008,2024-04-09 20:36:45,1,9.99,in-store
STORE_005,SKU_008,2024-04-09 16:13:23,1,9.99,in-store
STORE_001,SKU_001,2024-04-10 16:32:45,2,12.99,in-store
STORE_001,SKU_002,2024-04-10 13:18:53,4,24.5,in-store
STORE_001,SKU_005,2024-04-10 17:24:11,1,8.75,in-store
STORE_001,SKU_005,2024-04-10 13:48:38,1,8.75,online
STORE_001,SKU_005,2024-04-10 14:17:03,1,8.75,online
STORE_002,SKU_002,2024-04-10 15:24:22,1,24.5,in-store
STORE_003,SKU_004,2024-04-10 15:44:52,1,49.99,in-store
STORE_003,SKU_004,2024-04-10 18:56:09,1,49.99,online
STORE_003,SKU_004,2024-04-10 14:32:10,1,49.99,online
STORE_004,SKU_010,2024-04-10 09:33:12,1,18.5,in-store
STORE_005,SKU_005,2024-04-10 14:20:35,1,8.75,online
STORE_005,SKU_005,2024-04-10 19:12:49,1,8.75,in-store
STORE_005,SKU_005,2024-04-10 14:29:13,1,8.75,in-store
STORE_005,SKU_009,2024-04-10 08:58:23,1,115.0,online
STORE_001,SKU_008,2024-04-11 17:47:21,1,9.99,in-store
STORE_001,SKU_008,2024-04-11 17:26:59,1,9.99,in-store
STORE_002,SKU_004,2024-04-11 11:31:58,1,49.99,in-store
STORE_002,SKU_004,2024-04-11 09:23:40,1,49.99,in-store
STORE_002,SKU_007,2024-04-11 12:25:24,4,32.2,in-store
STORE_002,SKU_007,2024-04-11 13:24:40,4,32.2,in-store
STORE_002,SKU_007,2024-04-11 14:06:54,4,32.2,online
STORE_004,SKU_005,2024-04-11 11:56:31,1,8.75,online
STORE_004,SKU_005,2024-04-11 17:50:50,1,8.75,in-store
STORE_004,SKU_005,2024-04-11 10:14:44,1,8.75,online
STORE_005,SKU_005,2024-04-11 20:09:13,2,8.75,in-store
STORE_005,SKU_005,2024-04-11 10:23:45,2,8.75,online
STORE_005,SKU_006,2024-04-11 13:49:13,2,15.0,online
STORE_005,SKU_006,2024-04-11 21:36:53,2,15.0,in-store
STORE_005,SKU_007,2024-04-11 15:04:05,2,32.2,in-store
STORE_001,SKU_005,2024-04-12 13:22:27,2,8.75,online
STORE_001,SKU_007,2024-04-12 18:31:07,4,32.2,online
STORE_001,SKU_007,2024-04-12 20:51:13,4,32.2,online
STORE_001,SKU_008,2024-04-12 11:49:38,1,9.99,in-store
STORE_001,SKU_008,2024-04-12 11:05:10,1,9.99,online
STORE_001,SKU_008,2024-04-12 14:20:34,1,9.99,in-store
STORE_003,SKU_002,2024-04-12 14:01:52,1,24.5,in-store
STORE_003,SKU_003,2024-04-12 13:38:21,3,5.99,in-store
STORE_003,SKU_005,2024-04-12 13:41:41,1,8.75,online
STORE_003,SKU_008,2024-04-12 17:53:25,1,9.99,online
STORE_003,SKU_008,2024-04-12 13:19:34,1,9.99,online
STORE_003,SKU_010,2024-04-12 14:32:52,2,18.5,in-store
STORE_003,SKU_010,2024-04-12 11:27:14,2,18.5,in-store
STORE_004,SKU_001,2024-04-12 19:28:10,1,12.99,in-store
STORE_004,SKU_001,2024-04-12 15:58:17,1,12.99,online
STORE_004,SKU_001,2024-04-12 19:09:03,1,12.99,online
STORE_001,SKU_003,2024-04-13 15:24:49,7,5.99,online
STORE_001,SKU_006,2024-04-13 21:24:50,4,,online
STORE_002,SKU_002,2024-04-13 12:27:09,3,24.5,online
STORE_002,SKU_002,2024-04-13 14:34:20,3,24.5,online
STORE_002,SKU_002,2024-04-13 10:28:27,3,24.5,online
STORE_002,SKU_004,2024-04-13 13:13:24,1,49.99,online
STORE_002,SKU_004,2024-04-13 14:20:38,1,49.99,online
STORE_002,SKU_004,2024-04-13 19:37:43,1,49.99,in-store
STORE_003,SKU_008,2024-04-13 13:17:48,1,9.99,in-store
STORE_004,SKU_001,2024-04-13 13:12:18,2,12.99,in-store
STORE_004,SKU_001,2024-04-13 13:35:50,2,12.99,in-store
STORE_004,SKU_001,2024-04-13 08:09:59,2,12.99,in-store
STORE_004,SKU_002,2024-04-13 13:53:06,4,24.5,in-store
STORE_004,SKU_002,2024-04-13 16:40:20,4,24.5,online
STORE_004,SKU_002,2024-04-13 10:48:25,4,24.5,in-store
STORE_004,SKU_005,2024-04-13 14:19:43,2,8.75,online
STORE_004,SKU_005,2024-04-13 17:56:26,2,8.75,online
STORE_004,SKU_005,2024-04-13 15:19:17,2,8.75,in-store
STORE_005,SKU_002,2024-04-13 21:16:19,4,24.5,online
STORE_005,SKU_002,2024-04-13 18:11:10,4,24.5,online
STORE_005,SKU_005,2024-04-13 21:01:45,1,8.75,in-store
STORE_005,SKU_005,2024-04-13 21:26:32,1,8.75,online
STORE_005,SKU_007,2024-04-13 15:59:08,4,32.2,in-store
STORE_005,SKU_007,2024-04-13 20:21:28,4,32.2,in-store
STORE_005,SKU_009,2024-04-13 17:16:43,1,115.0,in-store
STORE_005,SKU_009,2024-04-13 20:33:02,1,115.0,in-store
STORE_005,SKU_009,2024-04-13 09:04:48,1,115.0,online
STORE_005,SKU_010,2024-04-13 13:47:06,3,18.5,online
STORE_005,SKU_010,2024-04-13 21:56:19,3,18.5,in-store
STORE_001,SKU_002,2024-04-14 15:15:39,5,24.5,online
STORE_001,SKU_002,2024-04-14 08:09:15,5,24.5,in-store
STORE_001,SKU_002,2024-04-14 08:38:19,5,24.5,in-store
STORE_001,SKU_005,2024-04-14 10:01:53,3,8.75,online
STORE_001,SKU_005,2024-04-14 17:28:32,3,8.75,online
STORE_001,SKU_005,2024-04-14 10:20:17,3,8.75,online
STORE_001,SKU_008,2024-04-14 16:30:40,1,9.99,in-store
STORE_001,SKU_008,2024-04-14 08:22:59,1,9.99,online
STORE_001,SKU_008,2024-04-14 09:32:49,1,9.99,in-store
STORE_001,SKU_009,2024-04-14 18:16:27,2,115.0,online
STORE_002,SKU_002,2024-04-14 10:55:12,3,24.5,online
STORE_002,SKU_002,2024-04-14 10:30:58,3,24.5,in-store
STORE_002,SKU_005,2024-04-14 08:19:00,2,8.75,online
STORE_002,SKU_005,2024-04-14 11:47:41,2,8.75,in-store
STORE_002,SKU_005,2024-04-14 16:20:58,2,8.75,in-store
STORE_002,SKU_008,2024-04-14 18:38:51,1,9.99,online
STORE_003,SKU_006,2024-04-14 08:05:42,2,15.0,in-store
STORE_003,SKU_006,2024-04-14 15:22:58,2,15.0,in-store
STORE_003,SKU_006,2024-04-14 13:54:18,2,15.0,in-store
STORE_004,SKU_004,2024-04-14 18:24:39,1,49.99,in-store
STORE_004,SKU_004,2024-04-14 08:48:51,1,49.99,in-store
STORE_004,SKU_006,2024-04-14 15:37:11,2,15.0,in-store
STORE_004,SKU_006,2024-04-14 08:58:21,2,15.0,online
STORE_004,SKU_006,2024-04-14 20:08:17,2,15.0,in-store
STORE_005,SKU_001,2024-04-14 19:28:33,3,12.99,in-store
STORE_005,SKU_002,2024-04-14 20:51:49,4,24.5,online
STORE_005,SKU_008,2024-04-14 08:53:30,1,9.99,in-store
STORE_005,SKU_008,2024-04-14 14:07:59,1,9.99,in-store
STORE_001,SKU_003,2024-04-15 11:28:20,5,5.99,in-store
STORE_001,SKU_003,2024-04-15 10:14:25,5,5.99,online
STORE_001,SKU_008,2024-04-15 12:59:11,1,9.99,online
STORE_001,SKU_008,2024-04-15 11:08:21,1,9.99,in-store
STORE_001,SKU_008,2024-04-15 21:10:46,1,9.99,online
STORE_002,SKU_006,2024-04-15 12:06:19,2,15.0,online
STORE_002,SKU_006,2024-04-15 16:57:56,2,15.0,in-store
STORE_002,SKU_007,2024-04-15 17:22:39,3,32.2,in-store
STORE_002,SKU_007,2024-04-15 10:20:14,3,32.2,in-store
STORE_002,SKU_007,2024-04-15 10:40:28,3,32.2,in-store
STORE_003,SKU_002,2024-04-15 16:35:35,1,24.5,in-store
STORE_003,SKU_002,2024-04-15 21:59:40,1,24.5,in-store
STORE_003,SKU_010,2024-04-15 21:43:00,1,18.5,online
STORE_004,SKU_004,2024-04-15 16:22:20,1,49.99,online
STORE_004,SKU_008,2024-04-15 08:32:57,1,9.99,online
STORE_005,SKU_005,2024-04-15 10:06:49,1,8.75,in-store
STORE_005,SKU_008,2024-04-15 10:19:59,1,9.99,in-store
STORE_001,SKU_002,2024-04-16 19:07:53,3,24.5,online
STORE_001,SKU_002,2024-04-16 18:01:41,3,24.5,online
STORE_001,SKU_005,2024-04-16 08:02:07,2,8.75,online
STORE_001,SKU_005,2024-04-16 08:14:19,2,8.75,in-store
STORE_001,SKU_008,2024-04-16 17:11:29,1,9.99,in-store
STORE_002,SKU_005,2024-04-16 19:23:23,1,8.75,in-store
STORE_004,SKU_008,2024-04-16 17:18:56,1,9.99,in-store
STORE_005,SKU_004,2024-04-16 20:57:46,1,49.99,in-store
STORE_005,SKU_004,2024-04-16 13:39:20,1,49.99,online
STORE_005,SKU_004,2024-04-16 09:38:00,1,49.99,online
STORE_005,SKU_009,2024-04-16 17:02:45,1,115.0,in-store
STORE_001,SKU_001,2024-04-17 20:33:49,2,12.99,online
STORE_001,SKU_004,2024-04-17 12:06:17,1,49.99,online
STORE_001,SKU_005,2024-04-17 10:22:30,1,8.75,online
STORE_002,SKU_004,2024-04-17 15:49:10,1,49.99,online
STORE_002,SKU_004,2024-04-17 21:28:18,1,49.99,in-store
STORE_002,SKU_004,2024-04-17 20:59:54,1,49.99,online
STORE_003,SKU_001,2024-04-17 21:16:20,1,12.99,online
STORE_003,SKU_001,2024-04-17 12:56:19,1,12.99,online
STORE_003,SKU_002,2024-04-17 15:05:14,1,24.5,online
STORE_003,SKU_002,2024-04-17 14:52:07,1,24.5,in-store
STORE_003,SKU_002,2024-04-17 16:20:05,1,24.5,online
STORE_004,SKU_002,2024-04-17 14:37:27,2,24.5,online
STORE_004,SKU_002,2024-04-17 11:00:35,2,24.5,in-store
STORE_004,SKU_005,2024-04-17 10:40:27,1,8.75,in-store
STORE_004,SKU_005,2024-04-17 19:16:31,1,8.75,online
STORE_004,SKU_008,2024-04-17 18:01:06,1,9.99,online
STORE_005,SKU_005,2024-04-17 19:46:37,1,8.75,in-store
STORE_005,SKU_005,2024-04-17 13:10:57,1,8.75,in-store
STORE_005,SKU_005,2024-04-17 16:42:16,1,8.75,in-store
STORE_005,SKU_008,2024-04-17 08:52:47,1,9.99,in-store
STORE_005,SKU_008,2024-04-17 11:37:46,1,9.99,online
STORE_005,SKU_008,2024-04-17 09:35:14,1,9.99,online
STORE_001,SKU_002,2024-04-18 21:11:25,4,24.5,in-store
STORE_001,SKU_002,2024-04-18 19:57:26,4,24.5,in-store
STORE_001,SKU_004,2024-04-18 13:18:40,1,49.99,online
STORE_001,SKU_004,2024-04-18 17:04:43,1,49.99,online
STORE_001,SKU_008,2024-04-18 11:52:46,1,9.99,in-store
STORE_001,SKU_008,2024-04-18 19:04:26,1,9.99,online
STORE_001,SKU_008,2024-04-18 15:23:50,1,9.99,in-store
STORE_002,SKU_004,2024-04-18 13:12:16,1,49.99,in-store
STORE_002,SKU_004,2024-04-18 17:22:39,1,49.99,in-store
STORE_002,SKU_007,2024-04-18 13:58:56,3,32.2,online
STORE_002,SKU_009,2024-04-18 10:52:09,1,115.0,in-store
STORE_002,SKU_009,2024-04-18 16:06:35,1,115.0,in-store
STORE_003,SKU_002,2024-04-18 11:12:09,2,24.5,in-store
STORE_004,SKU_007,2024-04-18 18:19:23,3,32.2,in-store
STORE_005,SKU_004,2024-04-18 12:17:56,1,49.99,in-store
STORE_001,SKU_001,2024-04-19 21:38:36,1,12.99,online
STORE_001,SKU_001,2024-04-19 11:05:22,1,12.99,online
STORE_001,SKU_002,2024-04-19 21:55:19,4,24.5,online
STORE_001,SKU_002,2024-04-19 18:06:42,4,24.5,online
STORE_001,SKU_002,2024-04-19 18:52:06,4,24.5,in-store
STORE_001,SKU_005,2024-04-19 18:25:36,2,8.75,online
STORE_001,SKU_005,2024-04-19 20:40:39,2,8.75,online
STORE_001,SKU_005,2024-04-19 11:35:56,2,8.75,online
STORE_001,SKU_007,2024-04-19 09:59:15,4,32.2,online
STORE_001,SKU_007,2024-04-19 18:01:22,4,32.2,in-store
STORE_001,SKU_008,2024-04-19 19:56:39,1,9.99,in-store
STORE_002,SKU_009,2024-04-19 19:41:56,1,115.0,in-store
STORE_002,SKU_009,2024-04-19 21:31:02,1,115.0,in-store
STORE_003,SKU_007,2024-04-19 11:21:26,2,32.2,online
STORE_003,SKU_007,2024-04-19 21:52:15,2,32.2,in-store
STORE_003,SKU_007,2024-04-19 09:54:03,2,32.2,online
STORE_004,SKU_008,2024-04-19 15:57:42,1,9.99,online
STORE_004,SKU_008,2024-04-19 14:53:28,1,9.99,in-store
STORE_004,SKU_010,2024-04-19 20:17:02,2,18.5,in-store
STORE_004,SKU_010,2024-04-19 18:57:41,2,18.5,online
STORE_004,SKU_010,2024-04-19 14:02:53,2,18.5,in-store
STORE_005,SKU_004,2024-04-19 13:20:36,1,49.99,online
STORE_005,SKU_008,2024-04-19 18:26:00,1,9.99,online
STORE_005,SKU_008,2024-04-19 13:50:17,1,9.99,in-store
STORE_005,SKU_010,2024-04-19 21:25:16,2,18.5,online
STORE_005,SKU_010,2024-04-19 08:51:17,2,18.5,in-store
STORE_001,SKU_004,2024-04-20 18:32:23,2,49.99,in-store
STORE_001,SKU_004,2024-04-20 11:29:19,2,49.99,in-store
STORE_001,SKU_005,2024-04-20 15:00:03,4,8.75,in-store
STORE_001,SKU_005,2024-04-20 21:03:57,4,8.75,in-store
STORE_001,SKU_010,2024-04-20 17:00:02,6,18.5,in-store
STORE_001,SKU_010,2024-04-20 20:19:28,6,18.5,in-store
STORE_001,SKU_010,2024-04-20 08:11:34,6,18.5,in-store
STORE_002,SKU_003,2024-04-20 13:07:29,4,5.99,in-store
STORE_002,SKU_003,2024-04-20 19:29:38,4,5.99,in-store
STORE_002,SKU_003,2024-04-20 09:24:10,4,5.99,online
STORE_002,SKU_005,2024-04-20 16:08:40,1,8.75,in-store
STORE_002,SKU_008,2024-04-20 08:02:18,1,9.99,online
STORE_002,SKU_008,2024-04-20 19:26:17,1,9.99,in-store
STORE_002,SKU_008,2024-04-20 16:18:53,1,9.99,online
STORE_003,SKU_002,2024-04-20 20:54:52,2,24.5,in-store
STORE_003,SKU_002,2024-04-20 17:23:07,2,24.5,online
STORE_003,SKU_005,2024-04-20 15:28:06,3,8.75,in-store
STORE_003,SKU_005,2024-04-20 11:20:25,3,8.75,in-store
STORE_003,SKU_005,2024-04-20 21:48:20,3,8.75,online
STORE_004,SKU_001,2024-04-20 18:26:57,2,12.99,online
STORE_004,SKU_007,2024-04-20 16:37:02,4,32.2,online
STORE_004,SKU_007,2024-04-20 11:38:19,4,32.2,in-store
STORE_004,SKU_007,2024-04-20 14:48:16,4,32.2,in-store
STORE_004,SKU_010,2024-04-20 20:59:50,3,18.5,online
STORE_005,SKU_002,2024-04-20 12:51:51,3,24.5,online
STORE_005,SKU_002,2024-04-20 08:24:26,3,24.5,online
STORE_005,SKU_002,2024-04-20 15:19:40,3,24.5,online
STORE_005,SKU_005,2024-04-20 10:37:47,3,8.75,in-store
STORE_005,SKU_007,2024-04-20 16:51:08,6,32.2,online
STORE_005,SKU_008,2024-04-20 14:50:10,1,9.99,online
STORE_005,SKU_008,2024-04-20 16:03:55,1,9.99,in-store
STORE_005,SKU_008,2024-04-20 11:52:32,1,9.99,in-store
STORE_001,SKU_001,2024-04-21 19:19:18,3,12.99,online
STORE_001,SKU_008,2024-04-21 08:08:38,1,9.99,online
STORE_001,SKU_008,2024-04-21 11:47:33,1,9.99,online
STORE_001,SKU_008,2024-04-21 19:13:01,1,9.99,in-store
STORE_002,SKU_001,2024-04-21 09:04:11,1,12.99,online
STORE_002,SKU_001,2024-04-21 18:01:37,1,12.99,online
STORE_002,SKU_001,2024-04-21 20:39:14,1,12.99,online
STORE_002,SKU_002,2024-04-21 08:54:49,3,24.5,online
STORE_002,SKU_002,2024-04-21 17:03:31,3,24.5,online
STORE_002,SKU_003,2024-04-21 17:35:49,4,5.99,in-store
STORE_002,SKU_005,2024-04-21 17:21:43,2,8.75,online
STORE_002,SKU_008,2024-04-21 13:57:01,1,9.99,online
STORE_003,SKU_002,2024-04-21 18:26:28,3,24.5,online
STORE_003,SKU_005,2024-04-21 10:16:02,2,8.75,in-store
STORE_003,SKU_005,2024-04-21 14:39:54,2,8.75,online
STORE_003,SKU_005,2024-04-21 21:30:30,2,8.75,in-store
STORE_004,SKU_002,2024-04-21 13:22:22,4,24.5,online
STORE_004,SKU_002,2024-04-21 21:47:37,4,24.5,online
STORE_004,SKU_002,2024-04-21 11:19:38,4,24.5,in-store
STORE_004,SKU_007,2024-04-21 18:56:17,4,32.2,in-store
STORE_004,SKU_007,2024-04-21 12:12:13,4,32.2,in-store
STORE_005,SKU_002,2024-04-21 08:14:49,3,24.5,online
STORE_005,SKU_008,2024-04-21 16:50:52,1,9.99,online
STORE_005,SKU_008,2024-04-21 17:14:58,1,9.99,in-store
STORE_005,SKU_008,2024-04-21 20:13:03,1,9.99,online
STORE_001,SKU_002,2024-04-22 16:08:41,2,24.5,in-store
STORE_001,SKU_002,2024-04-22 16:00:04,2,24.5,in-store
STORE_001,SKU_007,2024-04-22 19:12:39,3,32.2,online
STORE_001,SKU_007,2024-04-22 08:09:27,3,32.2,online
STORE_001,SKU_007,2024-04-22 10:33:23,3,32.2,in-store
STORE_002,SKU_001,2024-04-22 12:31:56,1,12.99,online
STORE_002,SKU_001,2024-04-22 18:43:27,1,12.99,in-store
STORE_002,SKU_004,2024-04-22 12:08:24,1,49.99,in-store
STORE_002,SKU_004,2024-04-22 16:43:16,1,49.99,online
STORE_002,SKU_007,2024-04-22 16:45:33,3,32.2,online
STORE_002,SKU_007,2024-04-22 12:53:10,3,32.2,online
STORE_002,SKU_007,2024-04-22 16:10:28,3,32.2,online
STORE_003,SKU_007,2024-04-22 20:08:21,3,32.2,in-store
STORE_003,SKU_007,2024-04-22 10:01:59,3,32.2,online
STORE_003,SKU_007,2024-04-22 19:15:14,3,32.2,online
STORE_003,SKU_010,2024-04-22 10:06:47,2,18.5,online
STORE_003,SKU_010,2024-04-22 18:53:04,2,18.5,in-store
STORE_004,SKU_001,2024-04-22 16:40:01,1,12.99,online
STORE_004,SKU_001,2024-04-22 15:20:23,1,12.99,in-store
STORE_001,SKU_001,2024-04-23 08:59:12,2,12.99,in-store
STORE_001,SKU_001,2024-04-23 11:23:47,2,12.99,online
STORE_001,SKU_002,2024-04-23 16:33:44,2,24.5,online
STORE_001,SKU_002,2024-04-23 14:50:57,2,24.5,online
STORE_001,SKU_002,2024-04-23 16:53:30,2,24.5,in-store
STORE_001,SKU_007,2024-04-23 16:59:01,5,32.2,in-store
STORE_001,SKU_008,2024-04-23 13:18:52,1,9.99,in-store
STORE_002,SKU_002,2024-04-23 10:29:56,1,24.5,online
STORE_003,SKU_005,2024-04-23 11:40:43,1,8.75,online
STORE_003,SKU_007,2024-04-23 09:57:02,3,32.2,online
STORE_004,SKU_004,2024-04-23 09:11:33,1,49.99,in-store
STORE_004,SKU_004,2024-04-23 10:44:53,1,49.99,online
STORE_004,SKU_004,2024-04-23 16:42:39,1,49.99,online
STORE_004,SKU_005,2024-04-23 20:09:31,1,8.75,online
STORE_004,SKU_005,2024-04-23 16:20:44,1,8.75,in-store
STORE_004,SKU_005,2024-04-23 13:36:07,1,8.75,in-store
STORE_004,SKU_008,2024-04-23 18:42:14,1,9.99,in-store
STORE_004,SKU_008,2024-04-23 12:03:39,1,9.99,in-store
STORE_004,SKU_010,2024-04-23 15:05:44,3,18.5,online
STORE_004,SKU_010,2024-04-23 12:22:21,3,18.5,online
STORE_005,SKU_005,2024-04-23 10:21:45,1,8.75,online
STORE_005,SKU_005,2024-04-23 16:51:50,1,8.75,online
STORE_001,SKU_007,2024-04-24 15:15:53,4,32.2,online
STORE_001,SKU_007,2024-04-24 08:26:10,4,32.2,online
STORE_001,SKU_007,2024-04-24 15:05:35,4,32.2,in-store
STORE_001,SKU_009,2024-04-24 14:15:50,1,115.0,in-store
STORE_001,SKU_009,2024-04-24 12:04:05,1,,online
STORE_001,SKU_009,2024-04-24 17:48:11,1,115.0,online
STORE_001,SKU_010,2024-04-24 21:27:51,2,18.5,online
STORE_003,SKU_001,2024-04-24 20:13:59,1,12.99,online
STORE_003,SKU_001,2024-04-24 14:19:12,1,12.99,in-store
STORE_003,SKU_001,2024-04-24 10:07:12,1,12.99,in-store
STORE_005,SKU_005,2024-04-24 11:33:03,1,8.75,in-store
STORE_005,SKU_005,2024-04-24 16:22:37,1,8.75,in-store
STORE_001,SKU_002,2024-04-25 13:02:19,2,24.5,online
STORE_001,SKU_002,2024-04-25 13:08:02,2,24.5,online
STORE_001,SKU_002,2024-04-25 18:04:59,2,24.5,online
STORE_001,SKU_005,2024-04-25 17:12:21,1,8.75,in-store
STORE_001,SKU_005,2024-04-25 18:15:49,1,8.75,online
STORE_001,SKU_005,2024-04-25 11:04:01,1,8.75,in-store
STORE_001,SKU_009,2024-04-25 13:28:33,1,115.0,in-store
STORE_001,SKU_009,2024-04-25 18:15:39,1,115.0,in-store
STORE_002,SKU_005,2024-04-25 21:05:39,1,8.75,in-store
STORE_002,SKU_005,2024-04-25 14:30:33,1,8.75,online
STORE_003,SKU_005,2024-04-25 08:44:30,1,8.75,online
STORE_003,SKU_005,2024-04-25 10:20:24,1,8.75,online
STORE_003,SKU_005,2024-04-25 10:41:31,1,8.75,online
STORE_003,SKU_007,2024-04-25 20:50:37,3,32.2,in-store
STORE_003,SKU_007,2024-04-25 14:58:14,3,32.2,online
STORE_003,SKU_007,2024-04-25 20:00:47,3,32.2,online
STORE_004,SKU_002,2024-04-25 17:43:57,2,24.5,in-store
STORE_004,SKU_002,2024-04-25 11:39:57,2,24.5,in-store
STORE_004,SKU_005,2024-04-25 18:32:48,1,8.75,online
STORE_004,SKU_005,2024-04-25 09:54:56,1,8.75,in-store
STORE_004,SKU_007,2024-04-25 16:39:03,3,32.2,in-store
STORE_004,SKU_007,2024-04-25 21:24:23,3,32.2,online
STORE_004,SKU_008,2024-04-25 20:39:58,1,9.99,in-store
STORE_005,SKU_004,2024-04-25 14:55:47,1,49.99,online
STORE_005,SKU_004,2024-04-25 15:15:05,1,49.99,in-store
STORE_005,SKU_004,2024-04-25 17:28:58,1,49.99,in-store
STORE_005,SKU_010,2024-04-25 12:26:23,2,18.5,online
STORE_005,SKU_010,2024-04-25 09:31:44,2,18.5,online
STORE_001,SKU_004,2024-04-26 13:00:29,1,49.99,online
STORE_001,SKU_004,2024-04-26 18:51:03,1,49.99,in-store
STORE_001,SKU_007,2024-04-26 09:28:04,5,32.2,in-store
STORE_001,SKU_008,2024-04-26 15:19:10,1,9.99,in-store
STORE_001,SKU_008,2024-04-26 12:39:19,1,9.99,online
STORE_002,SKU_002,2024-04-26 21:30:26,2,24.5,online
STORE_002,SKU_006,2024-04-26 11:11:56,2,15.0,online
STORE_002,SKU_006,2024-04-26 17:00:46,2,15.0,online
STORE_002,SKU_010,2024-04-26 17:41:47,2,18.5,in-store
STORE_002,SKU_010,2024-04-26 13:03:26,2,18.5,in-store
STORE_002,SKU_010,2024-04-26 21:54:45,2,18.5,in-store
STORE_003,SKU_002,2024-04-26 17:36:51,2,24.5,in-store
STORE_003,SKU_002,2024-04-26 15:31:13,2,24.5,in-store
STORE_004,SKU_008,2024-04-26 20:46:03,1,9.99,online
STORE_004,SKU_008,2024-04-26 21:59:29,1,9.99,in-store
STORE_005,SKU_004,2024-04-26 14:34:48,1,49.99,online
STORE_005,SKU_004,2024-04-26 15:02:58,1,49.99,in-store
STORE_005,SKU_004,2024-04-26 18:53:09,1,49.99,online
STORE_002,SKU_005,2024-04-27 13:38:26,2,8.75,in-store
STORE_002,SKU_010,2024-04-27 11:04:05,3,18.5,online
STORE_003,SKU_002,2024-04-27 08:55:19,4,24.5,online
STORE_003,SKU_002,2024-04-27 12:41:10,4,24.5,online
STORE_003,SKU_004,2024-04-27 16:33:20,1,49.99,online
STORE_003,SKU_008,2024-04-27 15:30:29,1,9.99,in-store
STORE_003,SKU_008,2024-04-27 19:51:24,1,9.99,in-store
STORE_003,SKU_008,2024-04-27 12:18:41,1,9.99,online
STORE_004,SKU_002,2024-04-27 10:08:01,4,24.5,online
STORE_004,SKU_002,2024-04-27 13:14:32,4,24.5,in-store
STORE_004,SKU_005,2024-04-27 12:41:15,2,8.75,in-store
STORE_004,SKU_007,2024-04-27 19:05:51,3,32.2,online
STORE_004,SKU_007,2024-04-27 21:54:38,3,32.2,online
STORE_004,SKU_007,2024-04-27 20:15:17,3,32.2,online
STORE_005,SKU_001,2024-04-27 16:57:09,1,12.99,in-store
STORE_005,SKU_002,2024-04-27 09:38:29,3,24.5,online
STORE_005,SKU_002,2024-04-27 17:34:02,3,24.5,in-store
STORE_005,SKU_002,2024-04-27 18:43:04,3,24.5,in-store
STORE_005,SKU_004,2024-04-27 15:26:23,1,49.99,in-store
STORE_005,SKU_004,2024-04-27 17:11:30,1,49.99,in-store
STORE_005,SKU_007,2024-04-27 21:27:26,6,32.2,online
STORE_005,SKU_007,2024-04-27 15:47:52,6,32.2,in-store
STORE_005,SKU_007,2024-04-27 20:18:39,6,32.2,online
STORE_005,SKU_008,2024-04-27 19:04:46,1,9.99,in-store
STORE_005,SKU_010,2024-04-27 12:06:28,4,18.5,online
STORE_005,SKU_010,2024-04-27 14:15:17,4,18.5,online
STORE_001,SKU_001,2024-04-28 19:08:19,2,12.99,online
STORE_001,SKU_002,2024-04-28 14:39:36,5,24.5,in-store
STORE_001,SKU_005,2024-04-28 19:32:28,3,8.75,in-store
STORE_002,SKU_001,2024-04-28 13:05:15,2,12.99,in-store
STORE_002,SKU_003,2024-04-28 17:48:42,4,5.99,online
STORE_002,SKU_003,2024-04-28 10:11:33,4,5.99,online
STORE_002,SKU_003,2024-04-28 10:43:25,4,5.99,in-store
STORE_002,SKU_004,2024-04-28 12:51:30,1,49.99,online
STORE_002,SKU_004,2024-04-28 10:29:05,1,49.99,online
STORE_002,SKU_008,2024-04-28 14:22:49,1,9.99,in-store
STORE_002,SKU_008,2024-04-28 18:58:33,1,9.99,online
STORE_003,SKU_002,2024-04-28 20:36:11,2,24.5,online
STORE_003,SKU_005,2024-04-28 21:51:30,2,8.75,in-store
STORE_003,SKU_007,2024-04-28 13:57:08,4,32.2,in-store
STORE_003,SKU_007,2024-04-28 09:39:13,4,32.2,online
STORE_005,SKU_002,2024-04-28 08:26:23,4,24.5,online
STORE_005,SKU_002,2024-04-28 17:03:56,4,24.5,online
STORE_005,SKU_008,2024-04-28 11:02:08,1,9.99,in-store
STORE_005,SKU_008,2024-04-28 10:39:58,1,9.99,online
STORE_005,SKU_008,2024-04-28 16:21:58,1,9.99,online
STORE_001,SKU_002,2024-04-29 16:21:29,3,24.5,in-store
STORE_002,SKU_004,2024-04-29 20:15:30,1,49.99,in-store
STORE_002,SKU_004,2024-04-29 16:54:56,1,49.99,in-store
STORE_002,SKU_008,2024-04-29 10:01:14,1,9.99,online
STORE_002,SKU_008,2024-04-29 12:10:11,1,9.99,online
STORE_003,SKU_005,2024-04-29 17:35:50,2,8.75,in-store
STORE_003,SKU_005,2024-04-29 13:40:34,2,8.75,online
STORE_003,SKU_008,2024-04-29 20:37:33,1,9.99,online
STORE_003,SKU_008,2024-04-29 11:18:01,1,9.99,online
STORE_004,SKU_010,2024-04-29 21:32:24,2,18.5,in-store
STORE_005,SKU_009,2024-04-29 10:08:32,1,115.0,online
STORE_005,SKU_009,2024-04-29 20:35:39,1,115.0,in-store
STORE_001,SKU_001,2024-04-30 20:08:39,1,12.99,online
STORE_001,SKU_001,2024-04-30 17:38:09,1,12.99,in-store
STORE_001,SKU_001,2024-04-30 16:20:36,1,12.99,online
STORE_001,SKU_004,2024-04-30 12:13:40,1,49.99,online
STORE_002,SKU_001,2024-04-30 16:55:16,1,12.99,online
STORE_003,SKU_005,2024-04-30 19:37:06,1,8.75,online
STORE_003,SKU_005,2024-04-30 11:38:10,1,8.75,in-store
STORE_004,SKU_002,2024-04-30 10:52:40,2,24.5,online
STORE_004,SKU_008,2024-04-30 17:37:14,1,9.99,online
STORE_004,SKU_008,2024-04-30 15:32:58,1,9.99,in-store
STORE_004,SKU_008,2024-04-30 09:34:03,1,9.99,online
STORE_005,SKU_005,2024-04-30 15:53:12,2,8.75,online
STORE_005,SKU_005,2024-04-30 11:02:11,2,8.75,in-store
STORE_005,SKU_005,2024-04-30 11:36:42,2,8.75,in-store
STORE_005,SKU_008,2024-04-30 11:34:19,1,9.99,in-store
STORE_005,SKU_008,2024-04-30 20:18:26,1,9.99,online
STORE_001,SKU_004,2024-05-01 18:06:20,1,49.99,in-store
STORE_002,SKU_010,2024-05-01 11:47:43,2,18.5,in-store
STORE_003,SKU_002,2024-05-01 08:26:07,1,24.5,online
STORE_003,SKU_002,2024-05-01 15:46:17,1,24.5,in-store
STORE_003,SKU_002,2024-05-01 17:23:23,1,24.5,in-store
STORE_003,SKU_008,2024-05-01 09:32:08,1,9.99,online
STORE_003,SKU_008,2024-05-01 21:30:39,1,9.99,online
STORE_003,SKU_008,2024-05-01 08:34:09,1,9.99,online
STORE_004,SKU_004,2024-05-01 09:51:43,1,49.99,in-store
STORE_004,SKU_004,2024-05-01 09:11:04,1,49.99,in-store
STORE_004,SKU_004,2024-05-01 14:22:57,1,49.99,online
STORE_004,SKU_006,2024-05-01 15:33:14,2,15.0,online
STORE_004,SKU_006,2024-05-01 10:32:21,2,15.0,in-store
STORE_005,SKU_002,2024-05-01 08:47:21,2,24.5,in-store
STORE_005,SKU_003,2024-05-01 09:30:49,3,5.99,online
STORE_005,SKU_005,2024-05-01 19:30:55,1,8.75,online
STORE_005,SKU_005,2024-05-01 12:17:31,1,8.75,online
STORE_005,SKU_005,2024-05-01 21:46:40,1,8.75,in-store
STORE_005,SKU_008,2024-05-01 08:42:47,1,9.99,online
STORE_005,SKU_008,2024-05-01 21:44:07,1,9.99,online
STORE_005,SKU_008,2024-05-01 11:00:09,1,9.99,in-store
STORE_001,SKU_005,2024-05-02 10:08:01,2,8.75,online
STORE_001,SKU_005,2024-05-02 16:46:27,2,8.75,online
STORE_001,SKU_005,2024-05-02 16:50:04,2,8.75,in-store
STORE_003,SKU_002,2024-05-02 13:10:21,2,24.5,online
STORE_003,SKU_002,2024-05-02 14:14:39,2,24.5,in-store
STORE_003,SKU_005,2024-05-02 15:41:01,1,8.75,online
STORE_003,SKU_005,2024-05-02 11:06:27,1,8.75,in-store
STORE_005,SKU_007,2024-05-02 09:33:19,2,32.2,online
STORE_005,SKU_007,2024-05-02 15:28:14,2,32.2,online
STORE_005,SKU_007,2024-05-02 19:46:25,2,32.2,in-store
STORE_001,SKU_004,2024-05-03 18:50:35,1,49.99,in-store
STORE_001,SKU_004,2024-05-03 20:18:35,1,49.99,online
STORE_001,SKU_005,2024-05-03 18:11:36,2,8.75,in-store
STORE_001,SKU_010,2024-05-03 08:14:12,2,18.5,in-store
STORE_002,SKU_005,2024-05-03 19:44:46,1,8.75,in-store
STORE_002,SKU_005,2024-05-03 11:43:37,1,8.75,in-store
STORE_004,SKU_003,2024-05-03 18:27:51,2,5.99,online
STORE_004,SKU_003,2024-05-03 18:42:01,2,5.99,online
STORE_004,SKU_005,2024-05-03 20:45:58,1,8.75,in-store
STORE_004,SKU_007,2024-05-03 15:41:57,3,32.2,in-store
STORE_004,SKU_007,2024-05-03 17:05:15,3,32.2,in-store
STORE_004,SKU_007,2024-05-03 19:28:12,3,32.2,online
STORE_004,SKU_008,2024-05-03 21:49:39,,9.99,in-store
STORE_004,SKU_008,2024-05-03 18:59:51,1,9.99,in-store
STORE_005,SKU_010,2024-05-03 10:49:16,1,18.5,online
STORE_005,SKU_010,2024-05-03 10:01:42,1,18.5,online
STORE_005,SKU_010,2024-05-03 18:21:16,1,18.5,online
STORE_001,SKU_002,2024-05-04 15:37:26,3,24.5,online
STORE_001,SKU_002,2024-05-04 21:30:06,3,24.5,in-store
STORE_001,SKU_005,2024-05-04 16:37:39,3,8.75,online
STORE_001,SKU_006,2024-05-04 10:42:57,4,15.0,online
STORE_001,SKU_008,2024-05-04 15:07:55,1,9.99,in-store
STORE_001,SKU_008,2024-05-04 16:05:23,1,9.99,online
STORE_002,SKU_002,2024-05-04 21:19:30,3,24.5,online
STORE_002,SKU_002,2024-05-04 13:32:00,3,24.5,online
STORE_002,SKU_002,2024-05-04 15:54:12,3,24.5,in-store
STORE_002,SKU_007,2024-05-04 18:44:55,4,32.2,in-store
STORE_002,SKU_010,2024-05-04 12:03:01,3,18.5,in-store
STORE_002,SKU_010,2024-05-04 09:22:54,3,18.5,in-store
STORE_002,SKU_010,2024-05-04 14:41:07,3,18.5,in-store
STORE_003,SKU_001,2024-05-04 13:55:20,1,12.99,in-store
STORE_003,SKU_001,2024-05-04 16:14:43,1,12.99,in-store
STORE_003,SKU_004,2024-05-04 21:21:41,1,49.99,online
STORE_003,SKU_004,2024-05-04 14:12:07,1,49.99,in-store
STORE_003,SKU_004,2024-05-04 20:03:39,1,49.99,online
STORE_004,SKU_001,2024-05-04 14:06:05,2,12.99,in-store
STORE_004,SKU_001,2024-05-04 11:12:40,2,12.99,in-store
STORE_004,SKU_001,2024-05-04 13:44:23,2,12.99,online
STORE_004,SKU_002,2024-05-04 12:06:16,3,24.5,in-store
STORE_004,SKU_004,2024-05-04 15:33:37,1,49.99,in-store
STORE_004,SKU_004,2024-05-04 18:12:34,1,49.99,online
STORE_004,SKU_008,2024-05-04 13:37:04,1,9.99,online
STORE_004,SKU_008,2024-05-04 14:50:45,1,9.99,in-store
STORE_004,SKU_008,2024-05-04 21:38:53,1,9.99,online
STORE_004,SKU_010,2024-05-04 09:57:08,3,18.5,in-store
STORE_004,SKU_010,2024-05-04 08:35:58,3,18.5,in-store
STORE_004,SKU_010,2024-05-04 14:48:46,3,18.5,online
STORE_005,SKU_004,2024-05-04 09:05:40,1,49.99,in-store
STORE_005,SKU_004,2024-05-04 09:37:22,1,49.99,online
STORE_005,SKU_004,2024-05-04 16:48:10,1,49.99,online
STORE_005,SKU_005,2024-05-04 18:15:49,2,8.75,in-store
STORE_005,SKU_005,2024-05-04 08:11:52,2,8.75,online
STORE_005,SKU_005,2024-05-04 13:59:41,2,8.75,in-store
STORE_005,SKU_006,2024-05-04 14:44:25,4,15.0,in-store
STORE_005,SKU_006,2024-05-04 12:38:47,4,15.0,in-store
STORE_005,SKU_006,2024-05-04 10:30:03,4,15.0,online
STORE_001,SKU_005,2024-05-05 20:24:32,4,8.75,in-store
STORE_001,SKU_009,2024-05-05 20:31:04,4,115.0,online
STORE_002,SKU_001,2024-05-05 11:19:31,1,,online
STORE_002,SKU_001,2024-05-05 21:32:06,1,12.99,in-store
STORE_002,SKU_001,2024-05-05 20:02:43,1,12.99,online
STORE_002,SKU_005,2024-05-05 17:22:53,1,8.75,in-store
STORE_002,SKU_005,2024-05-05 16:03:02,1,8.75,online
STORE_002,SKU_005,2024-05-05 13:40:34,1,8.75,online
STORE_003,SKU_001,2024-05-05 09:42:35,2,12.99,in-store
STORE_003,SKU_001,2024-05-05 21:52:53,2,12.99,in-store
STORE_003,SKU_003,2024-05-05 18:06:24,3,5.99,in-store
STORE_003,SKU_004,2024-05-05 11:37:23,1,49.99,online
STORE_003,SKU_004,2024-05-05 13:52:21,,49.99,online
STORE_003,SKU_004,2024-05-05 18:26:07,1,49.99,online
STORE_003,SKU_005,2024-05-05 14:17:50,3,8.75,online
STORE_003,SKU_005,2024-05-05 19:10:48,3,8.75,in-store
STORE_003,SKU_009,2024-05-05 12:06:02,1,115.0,in-store
STORE_003,SKU_009,2024-05-05 09:00:34,1,115.0,in-store
STORE_003,SKU_010,2024-05-05 15:48:07,3,18.5,online
STORE_004,SKU_002,2024-05-05 13:35:07,3,24.5,in-store
STORE_004,SKU_002,2024-05-05 16:45:33,3,24.5,online
STORE_004,SKU_006,2024-05-05 17:41:25,4,15.0,online
STORE_004,SKU_006,2024-05-05 19:52:38,4,15.0,in-store
STORE_004,SKU_010,2024-05-05 08:48:13,3,18.5,online
STORE_004,SKU_010,2024-05-05 14:27:00,3,18.5,online
STORE_005,SKU_001,2024-05-05 20:40:19,2,12.99,online
STORE_005,SKU_001,2024-05-05 19:33:41,2,12.99,online
STORE_005,SKU_002,2024-05-05 15:54:49,4,24.5,in-store
STORE_005,SKU_002,2024-05-05 20:12:29,4,24.5,in-store
STORE_005,SKU_002,2024-05-05 14:13:32,4,24.5,online
STORE_005,SKU_005,2024-05-05 14:01:32,2,8.75,in-store
STORE_005,SKU_005,2024-05-05 09:03:25,2,8.75,in-store
STORE_005,SKU_005,2024-05-05 21:21:48,2,8.75,online
STORE_005,SKU_008,2024-05-05 09:43:58,1,9.99,in-store
STORE_005,SKU_008,2024-05-05 15:24:55,1,9.99,online
STORE_005,SKU_008,2024-05-05 14:46:54,1,9.99,in-store
STORE_001,SKU_004,2024-05-06 09:38:13,1,49.99,online
STORE_001,SKU_004,2024-05-06 11:21:47,1,49.99,online
STORE_001,SKU_009,2024-05-06 13:17:59,2,115.0,online
STORE_001,SKU_010,2024-05-06 17:56:38,3,18.5,online
STORE_001,SKU_010,2024-05-06 20:32:14,3,18.5,online
STORE_002,SKU_002,2024-05-06 13:15:56,2,24.5,in-store
STORE_002,SKU_002,2024-05-06 10:12:52,2,24.5,in-store
STORE_003,SKU_004,2024-05-06 08:05:27,1,49.99,online
STORE_003,SKU_004,2024-05-06 20:53:21,1,49.99,in-store
STORE_004,SKU_004,2024-05-06 17:33:10,1,49.99,in-store
STORE_004,SKU_010,2024-05-06 11:31:51,2,18.5,in-store
STORE_005,SKU_002,2024-05-06 17:29:10,2,24.5,online
STORE_005,SKU_002,2024-05-06 14:17:11,2,24.5,online
STORE_005,SKU_002,2024-05-06 19:56:19,2,24.5,in-store
STORE_001,SKU_007,2024-05-07 09:13:36,5,32.2,in-store
STORE_001,SKU_007,2024-05-07 19:09:00,5,32.2,in-store
STORE_002,SKU_001,2024-05-07 10:01:51,1,12.99,in-store
STORE_002,SKU_001,2024-05-07 17:26:08,1,12.99,online
STORE_002,SKU_002,2024-05-07 16:17:00,1,24.5,in-store
STORE_002,SKU_010,2024-05-07 10:10:08,2,18.5,online
STORE_003,SKU_003,2024-05-07 16:25:31,2,5.99,online
STORE_003,SKU_003,2024-05-07 17:05:00,2,5.99,in-store
STORE_003,SKU_003,2024-05-07 13:15:21,2,,online
STORE_003,SKU_004,2024-05-07 09:02:51,1,49.99,online
STORE_003,SKU_004,2024-05-07 12:29:15,1,49.99,online
STORE_003,SKU_004,2024-05-07 12:56:33,1,49.99,in-store
STORE_003,SKU_005,2024-05-07 14:28:14,1,8.75,online
STORE_003,SKU_008,2024-05-07 08:46:04,1,9.99,online
STORE_003,SKU_008,2024-05-07 18:38:18,1,9.99,online
STORE_004,SKU_008,2024-05-07 14:30:17,1,9.99,in-store
STORE_005,SKU_008,2024-05-07 21:34:03,1,9.99,online
STORE_005,SKU_008,2024-05-07 18:35:48,1,9.99,online
STORE_005,SKU_008,2024-05-07 10:07:10,1,9.99,in-store
STORE_005,SKU_009,2024-05-07 17:58:04,1,115.0,in-store
STORE_001,SKU_002,2024-05-08 10:04:18,3,24.5,online
STORE_001,SKU_002,2024-05-08 14:10:36,3,24.5,in-store
STORE_001,SKU_002,2024-05-08 21:34:28,3,24.5,in-store
STORE_001,SKU_005,2024-05-08 20:00:49,1,8.75,online
STORE_001,SKU_007,2024-05-08 09:05:49,3,32.2,online
STORE_001,SKU_007,2024-05-08 21:44:32,3,32.2,in-store
STORE_001,SKU_007,2024-05-08 08:55:21,3,32.2,in-store
STORE_002,SKU_005,2024-05-08 11:09:45,1,8.75,in-store
STORE_002,SKU_008,2024-05-08 09:51:45,1,9.99,in-store
STORE_002,SKU_008,2024-05-08 12:48:27,1,9.99,in-store
STORE_003,SKU_002,2024-05-08 17:55:39,2,24.5,online
STORE_003,SKU_003,2024-05-08 18:59:22,2,5.99,online
STORE_003,SKU_004,2024-05-08 10:20:13,1,49.99,online
STORE_003,SKU_004,2024-05-08 21:02:26,1,49.99,in-store
STORE_003,SKU_005,2024-05-08 18:29:56,1,8.75,in-store
STORE_003,SKU_005,2024-05-08 08:02:40,1,8.75,online
STORE_003,SKU_005,2024-05-08 10:39:21,1,,in-store
STORE_004,SKU_004,2024-05-08 10:40:48,1,49.99,in-store
STORE_004,SKU_008,2024-05-08 09:57:59,1,9.99,online
STORE_004,SKU_008,2024-05-08 11:45:00,1,9.99,online
STORE_005,SKU_005,2024-05-08 15:50:24,2,8.75,in-store
STORE_005,SKU_005,2024-05-08 18:09:08,2,8.75,in-store
STORE_005,SKU_005,2024-05-08 17:53:39,2,8.75,in-store
STORE_005,SKU_008,2024-05-08 14:27:45,1,9.99,in-store
STORE_005,SKU_008,2024-05-08 08:25:28,1,9.99,online
STORE_005,SKU_008,2024-05-08 09:56:56,1,9.99,in-store
STORE_001,SKU_004,2024-05-09 15:16:33,1,49.99,online
STORE_001,SKU_004,2024-05-09 13:20:10,1,49.99,online
STORE_001,SKU_007,2024-05-09 08:56:45,4,32.2,online
STORE_001,SKU_007,2024-05-09 15:19:21,4,32.2,online
STORE_001,SKU_007,2024-05-09 21:39:02,4,32.2,in-store
STORE_003,SKU_001,2024-05-09 16:56:34,1,12.99,online
STORE_003,SKU_005,2024-05-09 08:41:19,1,8.75,in-store
STORE_003,SKU_005,2024-05-09 09:27:34,1,8.75,online
STORE_003,SKU_005,2024-05-09 18:40:10,1,8.75,in-store
STORE_003,SKU_008,2024-05-09 10:04:08,1,9.99,in-store
STORE_004,SKU_002,2024-05-09 18:14:57,2,24.5,in-store
STORE_004,SKU_002,2024-05-09 16:50:09,2,24.5,online
STORE_004,SKU_002,2024-05-09 11:11:20,2,24.5,in-store
STORE_004,SKU_003,2024-05-09 16:40:39,4,5.99,in-store
STORE_005,SKU_005,2024-05-09 15:33:05,1,8.75,in-store
STORE_001,SKU_004,2024-05-10 21:50:28,1,49.99,online
STORE_001,SKU_004,2024-05-10 21:37:01,1,49.99,online
STORE_001,SKU_010,2024-05-10 15:25:33,3,18.5,in-store
STORE_001,SKU_010,2024-05-10 17:19:59,3,18.5,online
STORE_001,SKU_010,2024-05-10 14:04:27,3,18.5,online
STORE_002,SKU_007,2024-05-10 18:33:33,2,32.2,in-store
STORE_002,SKU_007,2024-05-10 08:11:31,2,32.2,in-store
STORE_002,SKU_007,2024-05-10 18:14:11,2,32.2,in-store
STORE_003,SKU_008,2024-05-10 12:49:40,1,9.99,online
STORE_004,SKU_002,2024-05-10 21:25:23,2,24.5,in-store
STORE_004,SKU_002,2024-05-10 15:08:28,2,24.5,online
STORE_004,SKU_002,2024-05-10 12:10:30,2,24.5,online
STORE_004,SKU_004,2024-05-10 16:34:56,1,49.99,online
STORE_004,SKU_004,2024-05-10 12:37:46,1,49.99,in-store
STORE_004,SKU_006,2024-05-10 13:34:29,2,15.0,in-store
STORE_005,SKU_001,2024-05-10 12:20:34,1,12.99,in-store
STORE_005,SKU_001,2024-05-10 19:20:30,1,12.99,online
STORE_005,SKU_001,2024-05-10 10:05:25,1,12.99,in-store
STORE_005,SKU_010,2024-05-10 11:54:59,1,18.5,online
STORE_001,SKU_002,2024-05-11 18:49:06,5,24.5,online
STORE_001,SKU_002,2024-05-11 17:44:33,5,24.5,online
STORE_001,SKU_003,2024-05-11 09:39:56,5,5.99,online
STORE_001,SKU_007,2024-05-11 09:30:32,5,32.2,in-store
STORE_001,SKU_007,2024-05-11 19:06:36,5,32.2,in-store
STORE_001,SKU_008,2024-05-11 13:14:24,1,9.99,online
STORE_001,SKU_009,2024-05-11 20:47:22,,115.0,online
STORE_001,SKU_010,2024-05-11 15:22:29,4,18.5,in-store
STORE_001,SKU_010,2024-05-11 18:38:21,4,18.5,online
STORE_002,SKU_002,2024-05-11 10:39:36,4,24.5,online
STORE_002,SKU_002,2024-05-11 21:53:51,4,24.5,online
STORE_002,SKU_002,2024-05-11 12:28:11,4,24.5,online
STORE_002,SKU_005,2024-05-11 17:16:12,1,8.75,online
STORE_002,SKU_005,2024-05-11 15:49:37,1,8.75,in-store
STORE_003,SKU_002,2024-05-11 11:20:09,2,24.5,online
STORE_003,SKU_002,2024-05-11 11:48:29,2,24.5,in-store
STORE_003,SKU_006,2024-05-11 09:05:04,4,15.0,online
STORE_003,SKU_006,2024-05-11 21:42:18,4,15.0,in-store
STORE_003,SKU_006,2024-05-11 10:39:44,4,15.0,in-store
STORE_003,SKU_008,2024-05-11 12:52:38,1,9.99,online
STORE_003,SKU_008,2024-05-11 16:38:38,1,9.99,online
STORE_003,SKU_009,2024-05-11 12:34:35,2,115.0,online
STORE_003,SKU_009,2024-05-11 12:07:25,2,115.0,online
STORE_004,SKU_003,2024-05-11 18:35:35,4,5.99,in-store
STORE_004,SKU_003,2024-05-11 16:07:02,4,5.99,online
STORE_004,SKU_003,2024-05-11 12:19:09,4,5.99,in-store
STORE_004,SKU_007,2024-05-11 08:11:23,5,32.2,in-store
STORE_005,SKU_001,2024-05-11 08:16:00,2,12.99,online
STORE_005,SKU_001,2024-05-11 16:06:52,2,12.99,in-store
STORE_005,SKU_001,2024-05-11 17:24:33,2,12.99,online
STORE_005,SKU_002,2024-05-11 21:30:04,3,24.5,in-store
STORE_005,SKU_002,2024-05-11 18:09:45,3,24.5,online
STORE_005,SKU_005,2024-05-11 13:10:28,1,8.75,in-store
STORE_005,SKU_005,2024-05-11 16:43:05,1,8.75,in-store
STORE_005,SKU_005,2024-05-11 08:42:04,1,8.75,in-store
STORE_005,SKU_007,2024-05-11 15:35:53,6,32.2,online
STORE_005,SKU_007,2024-05-11 17:13:03,6,32.2,online
STORE_005,SKU_008,2024-05-11 21:39:48,1,9.99,in-store
STORE_005,SKU_008,2024-05-11 15:11:26,1,9.99,in-store
STORE_001,SKU_001,2024-05-12 17:42:20,2,12.99,in-store
STORE_001,SKU_004,2024-05-12 08:27:13,2,49.99,in-store
STORE_001,SKU_004,2024-05-12 19:41:46,2,49.99,online
STORE_001,SKU_007,2024-05-12 19:05:42,8,32.2,in-store
STORE_001,SKU_007,2024-05-12 16:49:07,8,32.2,online
STORE_001,SKU_007,2024-05-12 13:06:12,8,32.2,in-store
STORE_001,SKU_008,2024-05-12 16:51:13,1,9.99,online
STORE_001,SKU_009,2024-05-12 12:22:07,3,115.0,online
STORE_001,SKU_009,2024-05-12 08:16:14,3,115.0,in-store
STORE_001,SKU_009,2024-05-12 10:09:39,3,115.0,online
STORE_002,SKU_001,2024-05-12 12:00:47,2,12.99,in-store
STORE_002,SKU_001,2024-05-12 10:08:31,2,12.99,online
STORE_002,SKU_001,2024-05-12 21:30:21,2,12.99,online
STORE_002,SKU_005,2024-05-12 19:30:38,2,8.75,online
STORE_002,SKU_005,2024-05-12 13:51:00,2,8.75,online
STORE_002,SKU_005,2024-05-12 09:39:18,2,8.75,online
STORE_002,SKU_010,2024-05-12 13:50:17,2,18.5,in-store
STORE_002,SKU_010,2024-05-12 08:53:12,2,18.5,in-store
STORE_002,SKU_010,2024-05-12 17:04:27,2,18.5,in-store
STORE_003,SKU_001,2024-05-12 08:32:48,2,12.99,online
STORE_003,SKU_001,2024-05-12 08:43:27,2,12.99,online
STORE_003,SKU_001,2024-05-12 11:09:02,2,12.99,online
STORE_003,SKU_002,2024-05-12 09:42:10,3,24.5,online
STORE_003,SKU_009,2024-05-12 10:11:30,2,115.0,in-store
STORE_005,SKU_001,2024-05-12 12:56:31,2,12.99,in-store
STORE_005,SKU_001,2024-05-12 10:16:06,2,12.99,in-store
STORE_005,SKU_001,2024-05-12 16:47:55,2,12.99,in-store
STORE_005,SKU_008,2024-05-12 18:34:17,1,9.99,online
STORE_005,SKU_008,2024-05-12 09:40:03,1,9.99,in-store
STORE_001,SKU_001,2024-05-13 10:49:03,1,12.99,in-store
STORE_001,SKU_001,2024-05-13 11:05:04,1,12.99,online
STORE_001,SKU_002,2024-05-13 18:26:03,3,24.5,online
STORE_001,SKU_002,2024-05-13 16:13:16,3,24.5,online
STORE_001,SKU_002,2024-05-13 20:23:22,3,24.5,in-store
STORE_001,SKU_007,2024-05-13 11:06:52,5,32.2,online
STORE_001,SKU_008,2024-05-13 13:48:48,1,9.99,in-store
STORE_001,SKU_008,2024-05-13 19:08:12,1,9.99,in-store
STORE_001,SKU_008,2024-05-13 11:59:52,1,9.99,in-store
STORE_002,SKU_001,2024-05-13 14:27:47,1,12.99,in-store
STORE_002,SKU_009,2024-05-13 19:29:49,1,115.0,in-store
STORE_005,SKU_002,2024-05-13 21:56:22,2,24.5,online
STORE_005,SKU_005,2024-05-13 20:09:59,1,8.75,online
STORE_005,SKU_008,2024-05-13 13:00:59,1,9.99,in-store
STORE_005,SKU_008,2024-05-13 10:29:52,1,9.99,in-store
STORE_002,SKU_002,2024-05-14 08:27:34,1,24.5,online
STORE_002,SKU_002,2024-05-14 10:58:49,1,24.5,in-store
STORE_002,SKU_002,2024-05-14 19:38:35,1,24.5,in-store
STORE_002,SKU_005,2024-05-14 09:30:10,1,8.75,online
STORE_002,SKU_007,2024-05-14 13:25:58,3,32.2,in-store
STORE_002,SKU_007,2024-05-14 10:46:55,3,32.2,in-store
STORE_002,SKU_008,2024-05-14 10:33:00,1,9.99,in-store
STORE_002,SKU_008,2024-05-14 19:14:31,1,9.99,in-store
STORE_002,SKU_008,2024-05-14 15:07:48,1,9.99,online
STORE_002,SKU_010,2024-05-14 20:09:46,1,18.5,online
STORE_003,SKU_007,2024-05-14 13:14:39,3,32.2,online
STORE_004,SKU_001,2024-05-14 14:07:02,1,12.99,online
STORE_004,SKU_001,2024-05-14 09:34:28,1,12.99,in-store
STORE_005,SKU_003,2024-05-14 09:18:57,3,5.99,online
STORE_002,SKU_004,2024-05-15 17:27:08,1,49.99,in-store
STORE_002,SKU_004,2024-05-15 19:22:40,1,49.99,online
STORE_002,SKU_005,2024-05-15 19:58:30,1,8.75,in-store
STORE_002,SKU_005,2024-05-15 19:23:50,1,8.75,in-store
STORE_002,SKU_005,2024-05-15 20:31:45,1,8.75,in-store
STORE_002,SKU_008,2024-05-15 13:12:42,1,9.99,online
STORE_002,SKU_008,2024-05-15 16:21:55,1,9.99,online
STORE_002,SKU_008,2024-05-15 08:23:11,1,9.99,in-store
STORE_003,SKU_005,2024-05-15 15:35:25,1,8.75,online
STORE_003,SKU_005,2024-05-15 08:54:21,1,8.75,online
STORE_004,SKU_004,2024-05-15 13:24:48,1,49.99,in-store
STORE_004,SKU_004,2024-05-15 21:35:16,1,49.99,in-store
STORE_005,SKU_002,2024-05-15 11:43:39,2,24.5,online
STORE_005,SKU_004,2024-05-15 20:47:57,1,49.99,online
STORE_005,SKU_004,2024-05-15 18:25:59,1,49.99,in-store
STORE_005,SKU_007,2024-05-15 19:36:21,3,32.2,online
STORE_005,SKU_010,2024-05-15 16:46:39,2,18.5,online
STORE_005,SKU_010,2024-05-15 15:53:26,2,18.5,online
STORE_001,SKU_002,2024-05-16 11:05:11,3,24.5,in-store
STORE_001,SKU_002,2024-05-16 08:37:17,3,24.5,online
STORE_001,SKU_002,2024-05-16 10:16:01,3,24.5,in-store
STORE_001,SKU_003,2024-05-16 08:35:00,5,5.99,in-store
STORE_001,SKU_003,2024-05-16 18:04:04,5,5.99,in-store
STORE_001,SKU_010,2024-05-16 12:20:35,3,18.5,online
STORE_001,SKU_010,2024-05-16 20:56:37,3,18.5,in-store
STORE_001,SKU_010,2024-05-16 17:36:46,3,18.5,in-store
STORE_002,SKU_010,2024-05-16 14:35:56,1,18.5,online
STORE_003,SKU_003,2024-05-16 18:33:34,3,5.99,in-store
STORE_003,SKU_005,2024-05-16 12:44:21,1,8.75,in-store
STORE_003,SKU_005,2024-05-16 17:00:23,1,8.75,online
STORE_003,SKU_005,2024-05-16 09:56:27,1,8.75,in-store
STORE_004,SKU_005,2024-05-16 16:08:09,1,8.75,online
STORE_004,SKU_005,2024-05-16 15:49:37,1,8.75,online
STORE_004,SKU_008,2024-05-16 10:51:21,1,9.99,in-store
STORE_004,SKU_008,2024-05-16 11:49:34,1,9.99,in-store
STORE_004,SKU_008,2024-05-16 10:44:10,1,9.99,online
STORE_005,SKU_006,2024-05-16 14:58:54,2,15.0,online
STORE_005,SKU_007,2024-05-16 08:58:10,3,32.2,online
STORE_005,SKU_007,2024-05-16 09:52:17,3,32.2,in-store
STORE_005,SKU_008,2024-05-16 18:55:09,1,9.99,online
STORE_005,SKU_009,2024-05-16 08:30:04,2,115.0,online
STORE_005,SKU_009,2024-05-16 10:25:50,2,115.0,online
STORE_005,SKU_009,2024-05-16 14:39:14,2,115.0,online
STORE_001,SKU_002,2024-05-17 11:08:22,3,24.5,in-store
STORE_001,SKU_002,2024-05-17 08:01:37,3,24.5,in-store
STORE_001,SKU_005,2024-05-17 15:31:27,2,8.75,in-store
STORE_001,SKU_005,2024-05-17 12:55:11,2,8.75,online
STORE_002,SKU_001,2024-05-17 18:49:48,1,12.99,in-store
STORE_002,SKU_001,2024-05-17 09:56:46,1,12.99,online
STORE_002,SKU_001,2024-05-17 12:28:30,1,12.99,in-store
STORE_002,SKU_007,2024-05-17 09:45:07,2,32.2,in-store
STORE_002,SKU_007,2024-05-17 21:25:29,2,32.2,online
STORE_002,SKU_008,2024-05-17 13:41:31,1,9.99,online
STORE_002,SKU_008,2024-05-17 19:20:48,1,9.99,online
STORE_002,SKU_010,2024-05-17 17:21:17,1,18.5,in-store
STORE_002,SKU_010,2024-05-17 14:59:45,1,18.5,in-store
STORE_003,SKU_002,2024-05-17 17:50:15,1,24.5,in-store
STORE_003,SKU_007,2024-05-17 19:16:20,3,32.2,in-store
STORE_003,SKU_007,2024-05-17 10:11:14,3,32.2,online
STORE_003,SKU_007,2024-05-17 14:22:41,3,32.2,online
STORE_004,SKU_004,2024-05-17 13:56:25,1,49.99,in-store
STORE_004,SKU_008,2024-05-17 18:00:13,1,9.99,in-store
STORE_004,SKU_008,2024-05-17 14:04:33,1,9.99,online
STORE_004,SKU_008,2024-05-17 08:26:01,1,9.99,in-store
STORE_004,SKU_010,2024-05-17 21:51:57,2,18.5,in-store
STORE_005,SKU_002,2024-05-17 10:47:28,3,24.5,in-store
STORE_005,SKU_002,2024-05-17 20:43:11,3,24.5,online
STORE_005,SKU_002,2024-05-17 15:33:53,3,24.5,in-store
STORE_005,SKU_008,2024-05-17 12:51:02,1,9.99,in-store
STORE_005,SKU_008,2024-05-17 19:34:58,1,9.99,online
STORE_005,SKU_008,2024-05-17 13:21:12,1,9.99,in-store
STORE_001,SKU_005,2024-05-18 12:54:18,2,8.75,online
STORE_001,SKU_005,2024-05-18 14:19:21,2,8.75,in-store
STORE_001,SKU_005,2024-05-18 16:27:37,2,8.75,in-store
STORE_001,SKU_007,2024-05-18 20:51:32,6,32.2,in-store
STORE_001,SKU_007,2024-05-18 21:05:29,6,32.2,online
STORE_001,SKU_007,2024-05-18 13:38:23,6,32.2,in-store
STORE_001,SKU_009,2024-05-18 16:12:57,4,115.0,online
STORE_001,SKU_010,2024-05-18 12:59:03,4,18.5,in-store
STORE_001,SKU_010,2024-05-18 21:28:25,4,18.5,online
STORE_001,SKU_010,2024-05-18 10:11:28,4,18.5,in-store
STORE_002,SKU_001,2024-05-18 13:26:16,2,12.99,in-store
STORE_002,SKU_007,2024-05-18 08:10:49,6,32.2,in-store
STORE_003,SKU_004,2024-05-18 13:28:37,1,49.99,online
STORE_003,SKU_004,2024-05-18 19:59:33,1,49.99,in-store
STORE_003,SKU_009,2024-05-18 17:01:33,3,115.0,online
STORE_003,SKU_009,2024-05-18 17:23:01,3,115.0,online
STORE_004,SKU_005,2024-05-18 15:31:59,3,8.75,in-store
STORE_004,SKU_005,2024-05-18 10:49:49,3,8.75,online
STORE_004,SKU_005,2024-05-18 13:48:34,3,8.75,online
STORE_004,SKU_007,2024-05-18 12:30:12,6,32.2,online
STORE_004,SKU_008,2024-05-18 18:06:42,1,9.99,online
STORE_004,SKU_010,2024-05-18 20:27:31,3,18.5,in-store
STORE_005,SKU_005,2024-05-18 13:25:38,2,8.75,online
STORE_005,SKU_005,2024-05-18 08:05:07,,8.75,online
STORE_005,SKU_009,2024-05-18 20:00:45,2,115.0,online
STORE_005,SKU_009,2024-05-18 16:48:05,2,115.0,in-store
STORE_005,SKU_009,2024-05-18 18:20:05,2,115.0,online
STORE_005,SKU_010,2024-05-18 21:55:00,4,18.5,in-store
STORE_005,SKU_010,2024-05-18 17:59:44,4,18.5,in-store
STORE_001,SKU_003,2024-05-19 11:00:07,7,5.99,online
STORE_001,SKU_003,2024-05-19 13:35:27,7,5.99,in-store
STORE_001,SKU_003,2024-05-19 21:33:03,7,5.99,in-store
STORE_001,SKU_006,2024-05-19 20:50:42,5,15.0,online
STORE_001,SKU_006,2024-05-19 17:07:28,5,15.0,online
STORE_001,SKU_007,2024-05-19 12:36:07,6,32.2,in-store
STORE_001,SKU_008,2024-05-19 19:02:44,1,9.99,in-store
STORE_001,SKU_010,2024-05-19 19:22:15,4,18.5,online
STORE_001,SKU_010,2024-05-19 15:16:53,4,18.5,online
STORE_001,SKU_010,2024-05-19 10:28:18,4,18.5,online
STORE_003,SKU_002,2024-05-19 18:19:46,3,24.5,online
STORE_003,SKU_002,2024-05-19 14:21:03,3,24.5,in-store
STORE_003,SKU_002,2024-05-19 11:50:07,3,24.5,online
STORE_003,SKU_003,2024-05-19 21:48:17,5,5.99,in-store
STORE_003,SKU_003,2024-05-19 11:30:03,5,5.99,online
STORE_003,SKU_003,2024-05-19 08:42:28,5,5.99,in-store
STORE_003,SKU_005,2024-05-19 19:55:57,3,8.75,online
STORE_003,SKU_007,2024-05-19 18:24:11,5,32.2,online
STORE_003,SKU_008,2024-05-19 11:59:34,1,9.99,online
STORE_003,SKU_008,2024-05-19 10:05:18,1,9.99,in-store
STORE_003,SKU_008,2024-05-19 13:21:27,1,9.99,in-store
STORE_004,SKU_002,2024-05-19 09:02:00,4,24.5,online
STORE_004,SKU_005,2024-05-19 11:33:59,1,8.75,in-store
STORE_004,SKU_010,2024-05-19 17:53:25,3,18.5,online
STORE_005,SKU_001,2024-05-19 10:19:16,2,12.99,in-store
STORE_005,SKU_001,2024-05-19 15:08:32,2,12.99,online
STORE_005,SKU_001,2024-05-19 18:23:59,2,12.99,in-store
STORE_005,SKU_004,2024-05-19 17:40:37,1,49.99,in-store
STORE_005,SKU_004,2024-05-19 19:37:04,1,49.99,in-store
STORE_005,SKU_004,2024-05-19 12:08:55,1,49.99,in-store
STORE_005,SKU_006,2024-05-19 10:21:37,3,15.0,online
STORE_005,SKU_008,2024-05-19 14:06:10,1,9.99,online
STORE_005,SKU_008,2024-05-19 10:16:37,1,9.99,in-store
STORE_005,SKU_010,2024-05-19 19:22:50,2,18.5,online
STORE_005,SKU_010,2024-05-19 16:41:21,2,18.5,in-store
STORE_001,SKU_008,2024-05-20 13:32:00,1,9.99,online
STORE_001,SKU_008,2024-05-20 11:19:22,1,9.99,online
STORE_001,SKU_008,2024-05-20 17:17:58,1,9.99,online
STORE_001,SKU_010,2024-05-20 15:50:56,3,18.5,in-store
STORE_001,SKU_010,2024-05-20 08:48:04,3,18.5,online
STORE_002,SKU_002,2024-05-20 08:07:59,2,24.5,online
STORE_002,SKU_003,2024-05-20 11:14:07,3,5.99,online
STORE_002,SKU_003,2024-05-20 08:27:36,3,5.99,online
STORE_002,SKU_005,2024-05-20 20:53:27,1,8.75,in-store
STORE_002,SKU_005,2024-05-20 15:11:58,1,8.75,in-store
STORE_002,SKU_007,2024-05-20 15:03:48,3,32.2,online
STORE_003,SKU_001,2024-05-20 15:32:24,1,12.99,online
STORE_003,SKU_001,2024-05-20 19:35:13,1,12.99,online
STORE_003,SKU_005,2024-05-20 18:59:19,1,8.75,in-store
STORE_003,SKU_005,2024-05-20 16:37:51,1,8.75,online
STORE_003,SKU_005,2024-05-20 15:26:48,1,8.75,online
STORE_003,SKU_010,2024-05-20 18:19:49,3,18.5,in-store
STORE_003,SKU_010,2024-05-20 21:54:57,3,18.5,in-store
STORE_003,SKU_010,2024-05-20 18:47:55,3,18.5,online
STORE_004,SKU_001,2024-05-20 15:45:09,2,12.99,in-store
STORE_004,SKU_001,2024-05-20 09:19:19,2,12.99,online
STORE_004,SKU_001,2024-05-20 21:09:57,2,12.99,online
STORE_004,SKU_005,2024-05-20 18:58:29,1,8.75,in-store
STORE_004,SKU_005,2024-05-20 11:20:59,1,8.75,online
STORE_004,SKU_005,2024-05-20 11:03:32,1,8.75,in-store
STORE_004,SKU_008,2024-05-20 17:41:16,1,9.99,in-store
STORE_005,SKU_001,2024-05-20 13:29:24,1,12.99,in-store
STORE_005,SKU_001,2024-05-20 20:01:26,1,12.99,in-store
STORE_005,SKU_001,2024-05-20 16:47:01,1,12.99,online
STORE_005,SKU_006,2024-05-20 18:48:58,2,15.0,in-store
STORE_005,SKU_006,2024-05-20 11:49:56,2,15.0,online
STORE_005,SKU_006,2024-05-20 10:43:55,2,15.0,online
STORE_001,SKU_002,2024-05-21 17:38:13,2,24.5,online
STORE_001,SKU_002,2024-05-21 08:19:49,2,24.5,online
STORE_001,SKU_004,2024-05-21 17:05:18,1,49.99,online
STORE_003,SKU_005,2024-05-21 17:32:25,1,8.75,online
STORE_003,SKU_005,2024-05-21 16:50:01,1,8.75,online
STORE_003,SKU_005,2024-05-21 11:27:07,1,8.75,online
STORE_003,SKU_008,2024-05-21 18:12:13,1,9.99,in-store
STORE_003,SKU_008,2024-05-21 15:09:49,1,9.99,in-store
STORE_003,SKU_008,2024-05-21 10:04:30,1,9.99,in-store
STORE_004,SKU_001,2024-05-21 20:07:37,1,12.99,in-store
STORE_004,SKU_001,2024-05-21 12:06:13,1,12.99,online
STORE_004,SKU_001,2024-05-21 17:19:41,1,12.99,online
STORE_004,SKU_006,2024-05-21 11:11:49,2,15.0,in-store
STORE_004,SKU_006,2024-05-21 11:38:45,2,15.0,in-store
STORE_004,SKU_006,2024-05-21 14:13:30,2,15.0,online
STORE_004,SKU_008,2024-05-21 15:06:20,1,9.99,online
STORE_004,SKU_008,2024-05-21 21:22:29,1,9.99,online
STORE_005,SKU_003,2024-05-21 09:01:17,3,5.99,online
STORE_005,SKU_003,2024-05-21 15:27:34,3,5.99,in-store
STORE_005,SKU_003,2024-05-21 17:10:59,3,5.99,online
STORE_001,SKU_002,2024-05-22 21:16:14,3,24.5,online
STORE_001,SKU_004,2024-05-22 09:11:21,1,49.99,in-store
STORE_001,SKU_008,2024-05-22 10:51:22,1,9.99,online
STORE_001,SKU_008,2024-05-22 18:12:05,1,9.99,in-store
STORE_001,SKU_008,2024-05-22 20:38:02,1,9.99,in-store
STORE_004,SKU_004,2024-05-22 20:59:09,1,49.99,in-store
STORE_004,SKU_004,2024-05-22 17:56:47,1,49.99,online
STORE_005,SKU_001,2024-05-22 21:54:41,1,12.99,in-store
STORE_005,SKU_001,2024-05-22 21:16:14,1,12.99,online
STORE_005,SKU_001,2024-05-22 19:44:45,,12.99,online
STORE_005,SKU_003,2024-05-22 16:26:07,4,5.99,in-store
STORE_005,SKU_008,2024-05-22 11:22:51,1,9.99,in-store
STORE_005,SKU_008,2024-05-22 11:07:16,1,9.99,online
STORE_005,SKU_010,2024-05-22 13:59:15,3,18.5,online
STORE_005,SKU_010,2024-05-22 14:13:19,3,18.5,in-store
STORE_001,SKU_007,2024-05-23 10:08:35,5,32.2,in-store
STORE_001,SKU_007,2024-05-23 10:08:35,5,32.2,in-store
STORE_001,SKU_007,2024-05-23 13:27:36,5,32.2,in-store
STORE_001,SKU_009,2024-05-23 12:40:05,2,115.0,in-store
STORE_001,SKU_009,2024-05-23 16:39:50,2,115.0,in-store
STORE_001,SKU_010,2024-05-23 19:09:26,2,18.5,in-store
STORE_001,SKU_010,2024-05-23 10:51:35,2,18.5,online
STORE_001,SKU_010,2024-05-23 11:50:31,2,18.5,in-store
STORE_004,SKU_002,2024-05-23 15:52:19,2,24.5,in-store
STORE_004,SKU_004,2024-05-23 12:04:17,1,49.99,online
STORE_004,SKU_007,2024-05-23 12:22:35,3,32.2,in-store
STORE_004,SKU_007,2024-05-23 13:28:37,3,32.2,online
STORE_004,SKU_007,2024-05-23 10:58:11,3,32.2,in-store
STORE_004,SKU_008,2024-05-23 16:51:17,1,9.99,in-store
STORE_005,SKU_005,2024-05-23 13:15:28,1,8.75,in-store
STORE_005,SKU_005,2024-05-23 19:37:31,1,8.75,online
STORE_001,SKU_001,2024-05-24 11:03:30,1,12.99,in-store
STORE_001,SKU_004,2024-05-24 10:20:22,1,49.99,online
STORE_001,SKU_006,2024-05-24 16:53:00,3,15.0,online
STORE_002,SKU_002,2024-05-24 17:21:00,2,24.5,in-store
STORE_003,SKU_001,2024-05-24 13:38:30,1,12.99,online
STORE_003,SKU_001,2024-05-24 20:58:15,1,12.99,online
STORE_004,SKU_005,2024-05-24 17:58:33,1,8.75,online
STORE_004,SKU_005,2024-05-24 11:29:55,1,8.75,online
STORE_004,SKU_005,2024-05-24 13:39:05,1,8.75,in-store
STORE_004,SKU_006,2024-05-24 13:34:10,3,15.0,in-store
STORE_005,SKU_002,2024-05-24 09:34:14,2,24.5,online
STORE_005,SKU_005,2024-05-24 18:16:28,1,8.75,online
STORE_001,SKU_004,2024-05-25 21:52:13,1,49.99,online
STORE_001,SKU_004,2024-05-25 12:14:11,1,49.99,in-store
STORE_001,SKU_005,2024-05-25 18:11:09,3,8.75,online
STORE_001,SKU_005,2024-05-25 15:05:03,3,8.75,online
STORE_001,SKU_005,2024-05-25 17:53:25,3,8.75,online
STORE_001,SKU_006,2024-05-25 17:54:57,5,15.0,in-store
STORE_002,SKU_004,2024-05-25 16:09:53,1,49.99,in-store
STORE_002,SKU_004,2024-05-25 20:28:07,1,49.99,online
STORE_003,SKU_002,2024-05-25 14:35:00,3,24.5,online
STORE_003,SKU_002,2024-05-25 16:14:38,3,24.5,online
STORE_003,SKU_004,2024-05-25 17:26:40,1,49.99,in-store
STORE_003,SKU_004,2024-05-25 16:55:14,1,49.99,in-store
STORE_003,SKU_004,2024-05-25 08:49:32,1,49.99,online
STORE_003,SKU_006,2024-05-25 19:49:24,4,15.0,in-store
STORE_003,SKU_006,2024-05-25 14:34:47,4,15.0,in-store
STORE_003,SKU_008,2024-05-25 18:21:57,1,9.99,online
STORE_004,SKU_002,2024-05-25 17:43:11,3,24.5,in-store
STORE_004,SKU_002,2024-05-25 11:01:37,3,24.5,online
STORE_004,SKU_002,2024-05-25 20:49:13,3,24.5,in-store
STORE_004,SKU_008,2024-05-25 21:21:20,1,9.99,online
STORE_004,SKU_008,2024-05-25 13:20:38,1,9.99,in-store
STORE_005,SKU_007,2024-05-25 18:49:59,6,32.2,in-store
STORE_005,SKU_007,2024-05-25 21:35:35,6,32.2,online
STORE_005,SKU_008,2024-05-25 17:28:59,1,9.99,online
STORE_005,SKU_008,2024-05-25 08:20:25,1,9.99,in-store
STORE_005,SKU_008,2024-05-25 21:31:03,1,9.99,online
STORE_001,SKU_004,2024-05-26 08:56:55,1,49.99,online
STORE_001,SKU_004,2024-05-26 18:20:43,1,49.99,online
STORE_001,SKU_008,2024-05-26 12:09:12,1,9.99,in-store
STORE_002,SKU_001,2024-05-26 21:58:03,2,12.99,online
STORE_002,SKU_001,2024-05-26 17:57:00,2,12.99,online
STORE_002,SKU_001,2024-05-26 08:38:06,2,12.99,online
STORE_002,SKU_002,2024-05-26 15:12:35,3,24.5,in-store
STORE_002,SKU_002,2024-05-26 18:55:30,3,24.5,online
STORE_002,SKU_003,2024-05-26 14:19:55,5,5.99,in-store
STORE_002,SKU_010,2024-05-26 08:36:46,3,18.5,in-store
STORE_002,SKU_010,2024-05-26 18:11:51,3,18.5,online
STORE_003,SKU_001,2024-05-26 18:21:41,2,12.99,in-store
STORE_003,SKU_001,2024-05-26 09:15:28,2,12.99,online
STORE_003,SKU_002,2024-05-26 19:00:35,3,24.5,online
STORE_003,SKU_006,2024-05-26 12:55:24,4,15.0,in-store
STORE_003,SKU_006,2024-05-26 08:27:30,4,15.0,online
STORE_004,SKU_010,2024-05-26 17:36:15,3,18.5,in-store
STORE_004,SKU_010,2024-05-26 20:31:24,3,18.5,in-store
STORE_004,SKU_010,2024-05-26 17:27:20,3,18.5,in-store
STORE_005,SKU_002,2024-05-26 14:27:35,3,24.5,in-store
STORE_005,SKU_008,2024-05-26 15:01:06,1,9.99,in-store
STORE_005,SKU_010,2024-05-26 11:50:14,3,18.5,online
STORE_001,SKU_008,2024-05-27 17:52:05,1,9.99,online
STORE_001,SKU_008,2024-05-27 13:30:24,1,9.99,in-store
STORE_001,SKU_008,2024-05-27 13:26:35,1,9.99,in-store
STORE_002,SKU_001,2024-05-27 13:15:15,1,12.99,in-store
STORE_002,SKU_001,2024-05-27 16:04:37,1,12.99,online
STORE_002,SKU_005,2024-05-27 16:28:44,1,8.75,online
STORE_003,SKU_004,2024-05-27 20:42:20,1,49.99,online
STORE_003,SKU_004,2024-05-27 16:29:39,1,49.99,in-store
STORE_003,SKU_008,2024-05-27 18:12:52,1,9.99,in-store
STORE_005,SKU_002,2024-05-27 10:15:39,1,24.5,in-store
STORE_005,SKU_004,2024-05-27 09:19:41,1,49.99,online
STORE_005,SKU_004,2024-05-27 12:27:34,1,49.99,in-store
STORE_005,SKU_004,2024-05-27 17:32:43,1,49.99,online
STORE_005,SKU_008,2024-05-27 20:59:04,1,9.99,online
STORE_001,SKU_001,2024-05-28 13:00:12,2,12.99,online
STORE_001,SKU_002,2024-05-28 20:05:07,4,24.5,online
STORE_001,SKU_002,2024-05-28 21:04:58,4,24.5,in-store
STORE_001,SKU_002,2024-05-28 09:50:03,4,24.5,in-store
STORE_001,SKU_003,2024-05-28 21:40:18,4,5.99,online
STORE_001,SKU_006,2024-05-28 11:13:50,2,15.0,in-store
STORE_001,SKU_008,2024-05-28 15:08:59,1,9.99,online
STORE_001,SKU_008,2024-05-28 20:59:43,1,9.99,online
STORE_002,SKU_001,2024-05-28 17:43:21,2,12.99,online
STORE_002,SKU_008,2024-05-28 19:28:32,1,9.99,in-store
STORE_002,SKU_008,2024-05-28 17:59:22,1,9.99,in-store
STORE_002,SKU_010,2024-05-28 11:10:39,3,18.5,online
STORE_002,SKU_010,2024-05-28 21:19:58,3,18.5,online
STORE_002,SKU_010,2024-05-28 21:59:25,3,18.5,in-store
STORE_003,SKU_002,2024-05-28 10:27:10,2,24.5,in-store
STORE_003,SKU_002,2024-05-28 10:39:36,2,24.5,in-store
STORE_003,SKU_002,2024-05-28 10:30:43,2,24.5,in-store
STORE_003,SKU_005,2024-05-28 21:42:15,1,8.75,in-store
STORE_003,SKU_005,2024-05-28 09:27:56,1,8.75,in-store
STORE_003,SKU_005,2024-05-28 09:43:36,1,8.75,online
STORE_003,SKU_008,2024-05-28 20:57:21,1,9.99,online
STORE_003,SKU_008,2024-05-28 12:02:33,1,9.99,online
STORE_003,SKU_008,2024-05-28 08:11:19,1,9.99,in-store
STORE_004,SKU_002,2024-05-28 08:36:45,2,24.5,in-store
STORE_004,SKU_002,2024-05-28 17:24:12,2,24.5,online
STORE_004,SKU_002,2024-05-28 16:27:49,2,24.5,in-store
STORE_004,SKU_008,2024-05-28 13:15:51,1,9.99,in-store
STORE_004,SKU_009,2024-05-28 16:23:44,1,115.0,online
STORE_004,SKU_009,2024-05-28 10:15:55,1,115.0,online
STORE_005,SKU_002,2024-05-28 19:06:08,2,24.5,in-store
STORE_005,SKU_003,2024-05-28 10:06:56,3,5.99,in-store
STORE_005,SKU_003,2024-05-28 08:09:34,3,5.99,online
STORE_001,SKU_004,2024-05-29 19:21:48,1,49.99,in-store
STORE_001,SKU_004,2024-05-29 19:40:14,1,49.99,online
STORE_001,SKU_008,2024-05-29 17:20:08,1,9.99,online
STORE_001,SKU_008,2024-05-29 21:27:53,1,9.99,online
STORE_001,SKU_008,2024-05-29 17:14:07,1,9.99,online
STORE_002,SKU_010,2024-05-29 14:55:56,2,18.5,online
STORE_002,SKU_010,2024-05-29 08:39:57,2,18.5,online
STORE_003,SKU_004,2024-05-29 08:16:40,1,49.99,online
STORE_003,SKU_004,2024-05-29 10:26:25,1,49.99,in-store
STORE_003,SKU_007,2024-05-29 11:09:28,2,32.2,online
STORE_003,SKU_007,2024-05-29 16:26:01,2,32.2,online
STORE_003,SKU_007,2024-05-29 16:11:12,2,32.2,online
STORE_004,SKU_005,2024-05-29 13:19:01,1,8.75,online
STORE_004,SKU_005,2024-05-29 13:07:27,1,8.75,online
STORE_004,SKU_008,2024-05-29 18:56:57,1,9.99,online
STORE_005,SKU_005,2024-05-29 13:17:48,1,8.75,online
STORE_005,SKU_005,2024-05-29 10:01:19,1,8.75,in-store
STORE_005,SKU_005,2024-05-29 13:05:34,1,8.75,in-store
STORE_005,SKU_008,2024-05-29 15:09:03,1,9.99,in-store
STORE_005,SKU_010,2024-05-29 18:38:03,1,18.5,online
STORE_005,SKU_010,2024-05-29 20:26:31,1,18.5,in-store
STORE_001,SKU_003,2024-05-30 09:56:16,4,5.99,online
STORE_001,SKU_004,2024-05-30 19:39:25,1,49.99,online
STORE_001,SKU_004,2024-05-30 20:04:42,1,49.99,in-store
STORE_001,SKU_004,2024-05-30 14:34:19,1,49.99,online
STORE_001,SKU_006,2024-05-30 14:35:15,3,15.0,online
STORE_001,SKU_007,2024-05-30 19:25:09,4,32.2,online
STORE_002,SKU_008,2024-05-30 14:21:01,1,9.99,online
STORE_002,SKU_008,2024-05-30 20:26:07,1,9.99,in-store
STORE_004,SKU_002,2024-05-30 18:03:22,2,24.5,online
STORE_004,SKU_002,2024-05-30 13:33:14,2,24.5,in-store
STORE_004,SKU_002,2024-05-30 21:59:44,2,24.5,in-store
STORE_004,SKU_003,2024-05-30 14:05:31,3,5.99,in-store
STORE_004,SKU_003,2024-05-30 18:34:49,3,5.99,online
STORE_004,SKU_004,2024-05-30 11:46:35,1,49.99,online
STORE_004,SKU_006,2024-05-30 12:26:48,2,15.0,in-store
STORE_004,SKU_006,2024-05-30 20:46:41,2,15.0,in-store
STORE_004,SKU_006,2024-05-30 14:44:26,2,15.0,in-store
STORE_004,SKU_007,2024-05-30 09:12:35,2,32.2,online
STORE_004,SKU_007,2024-05-30 21:46:29,2,32.2,online
STORE_001,SKU_001,2024-05-31 12:13:03,1,12.99,online
STORE_001,SKU_001,2024-05-31 17:14:36,1,12.99,online
STORE_001,SKU_001,2024-05-31 13:38:33,1,12.99,online
STORE_001,SKU_005,2024-05-31 15:57:43,1,8.75,in-store
STORE_001,SKU_005,2024-05-31 10:31:00,1,8.75,in-store
STORE_002,SKU_003,2024-05-31 16:03:39,3,5.99,online
STORE_003,SKU_002,2024-05-31 18:00:35,2,24.5,in-store
STORE_003,SKU_002,2024-05-31 19:09:17,2,24.5,online
STORE_003,SKU_008,2024-05-31 15:37:55,1,9.99,in-store
STORE_003,SKU_008,2024-05-31 19:44:26,1,9.99,online
STORE_003,SKU_008,2024-05-31 20:00:05,1,9.99,online
STORE_004,SKU_003,2024-05-31 17:40:59,4,5.99,online
STORE_004,SKU_003,2024-05-31 20:21:23,4,5.99,in-store
STORE_005,SKU_004,2024-05-31 14:03:23,1,49.99,online
STORE_005,SKU_004,2024-05-31 16:16:42,1,49.99,in-store
STORE_005,SKU_004,2024-05-31 10:32:05,1,49.99,in-store
STORE_005,SKU_005,2024-05-31 19:34:52,1,8.75,online
STORE_005,SKU_005,2024-05-31 20:11:37,1,8.75,in-store
STORE_001,SKU_001,2024-06-01 15:45:27,3,12.99,in-store
STORE_001,SKU_001,2024-06-01 20:06:00,3,12.99,online
STORE_001,SKU_010,2024-06-01 09:56:00,4,18.5,in-store
STORE_002,SKU_004,2024-06-01 12:22:12,1,49.99,online
STORE_002,SKU_004,2024-06-01 17:06:50,1,49.99,in-store
STORE_003,SKU_005,2024-06-01 16:12:38,1,8.75,online
STORE_003,SKU_005,2024-06-01 21:50:38,1,8.75,in-store
STORE_003,SKU_005,2024-06-01 17:09:01,1,8.75,online
STORE_003,SKU_008,2024-06-01 19:58:02,1,9.99,online
STORE_003,SKU_008,2024-06-01 21:41:02,1,9.99,online
STORE_003,SKU_008,2024-06-01 15:54:43,1,9.99,online
STORE_004,SKU_001,2024-06-01 14:02:14,2,12.99,online
STORE_004,SKU_001,2024-06-01 21:45:09,2,12.99,online
STORE_004,SKU_002,2024-06-01 09:52:32,3,24.5,online
STORE_004,SKU_002,2024-06-01 12:30:00,3,24.5,online
STORE_004,SKU_005,2024-06-01 11:54:43,2,8.75,online
STORE_004,SKU_005,2024-06-01 09:37:29,2,8.75,in-store
STORE_004,SKU_005,2024-06-01 13:42:35,2,8.75,in-store
STORE_004,SKU_008,2024-06-01 20:47:02,1,9.99,online
STORE_004,SKU_008,2024-06-01 12:02:43,1,9.99,online
STORE_004,SKU_008,2024-06-01 10:16:36,1,9.99,online
STORE_004,SKU_010,2024-06-01 16:01:19,4,18.5,in-store
STORE_005,SKU_001,2024-06-01 12:17:41,2,12.99,in-store
STORE_005,SKU_001,2024-06-01 15:16:39,2,12.99,in-store
STORE_005,SKU_001,2024-06-01 15:51:01,2,12.99,online
STORE_005,SKU_002,2024-06-01 17:28:48,4,24.5,online
STORE_005,SKU_003,2024-06-01 11:10:44,5,5.99,online
STORE_005,SKU_004,2024-06-01 08:50:56,1,49.99,online
STORE_005,SKU_004,2024-06-01 11:05:57,1,49.99,in-store
STORE_005,SKU_004,2024-06-01 09:29:25,1,49.99,in-store
STORE_005,SKU_006,2024-06-01 20:46:10,3,15.0,in-store
STORE_001,SKU_005,2024-06-02 21:27:15,3,8.75,online
STORE_001,SKU_008,2024-06-02 17:37:15,1,9.99,in-store
STORE_001,SKU_008,2024-06-02 09:32:14,1,9.99,online
STORE_001,SKU_010,2024-06-02 08:28:04,5,18.5,in-store
STORE_002,SKU_005,2024-06-02 16:29:42,2,8.75,in-store
STORE_002,SKU_005,2024-06-02 10:45:06,2,8.75,in-store
STORE_002,SKU_008,2024-06-02 12:28:19,1,9.99,in-store
STORE_003,SKU_004,2024-06-02 20:52:37,1,49.99,online
STORE_003,SKU_008,2024-06-02 19:58:49,1,9.99,online
STORE_003,SKU_008,2024-06-02 08:19:32,1,9.99,in-store
STORE_004,SKU_001,2024-06-02 11:07:44,2,12.99,in-store
STORE_004,SKU_001,2024-06-02 15:40:00,2,12.99,online
STORE_004,SKU_001,2024-06-02 18:17:33,2,12.99,online
STORE_004,SKU_002,2024-06-02 20:59:38,3,24.5,online
STORE_004,SKU_010,2024-06-02 19:42:51,3,18.5,online
STORE_005,SKU_001,2024-06-02 10:57:22,3,12.99,online
STORE_005,SKU_009,2024-06-02 15:21:04,1,115.0,online
STORE_005,SKU_009,2024-06-02 08:15:58,1,115.0,in-store
STORE_005,SKU_009,2024-06-02 15:17:55,1,115.0,in-store
STORE_001,SKU_004,2024-06-03 11:57:25,1,49.99,in-store
STORE_001,SKU_004,2024-06-03 09:55:39,1,49.99,online
STORE_001,SKU_004,2024-06-03 12:12:56,1,49.99,online
STORE_001,SKU_005,2024-06-03 17:21:26,2,8.75,in-store
STORE_001,SKU_007,2024-06-03 12:33:45,5,32.2,online
STORE_002,SKU_003,2024-06-03 18:18:36,3,5.99,online
STORE_002,SKU_003,2024-06-03 16:05:28,3,5.99,online
STORE_002,SKU_005,2024-06-03 11:12:54,1,8.75,in-store
STORE_002,SKU_010,2024-06-03 10:35:07,1,18.5,in-store
STORE_002,SKU_010,2024-06-03 20:53:42,1,18.5,in-store
STORE_004,SKU_004,2024-06-03 09:42:21,1,49.99,in-store
STORE_004,SKU_004,2024-06-03 20:37:11,1,49.99,online
STORE_004,SKU_005,2024-06-03 16:29:38,1,8.75,in-store
STORE_004,SKU_005,2024-06-03 21:27:18,1,8.75,online
STORE_005,SKU_005,2024-06-03 11:28:07,1,8.75,in-store
STORE_001,SKU_003,2024-06-04 21:25:35,3,5.99,in-store
STORE_002,SKU_008,2024-06-04 12:46:35,1,9.99,in-store
STORE_002,SKU_008,2024-06-04 16:54:11,1,9.99,in-store
STORE_002,SKU_008,2024-06-04 21:26:14,1,9.99,online
STORE_004,SKU_007,2024-06-04 09:51:25,2,32.2,online
STORE_004,SKU_007,2024-06-04 14:45:18,2,32.2,in-store
STORE_004,SKU_007,2024-06-04 20:28:57,2,32.2,online
STORE_005,SKU_005,2024-06-04 16:49:10,1,8.75,online
STORE_005,SKU_008,2024-06-04 11:10:57,1,9.99,in-store
STORE_005,SKU_008,2024-06-04 14:24:04,1,9.99,in-store
STORE_005,SKU_009,2024-06-04 13:12:59,1,115.0,in-store
STORE_001,SKU_003,2024-06-05 15:08:49,5,5.99,in-store
STORE_001,SKU_007,2024-06-05 10:00:12,,32.2,online
STORE_001,SKU_008,2024-06-05 15:41:47,1,9.99,online
STORE_001,SKU_008,2024-06-05 18:30:16,1,9.99,online
STORE_001,SKU_008,2024-06-05 21:51:14,1,9.99,online
STORE_004,SKU_005,2024-06-05 16:21:19,1,8.75,in-store
STORE_004,SKU_005,2024-06-05 17:46:00,1,8.75,online
STORE_005,SKU_001,2024-06-05 20:51:25,1,12.99,online
STORE_005,SKU_001,2024-06-05 11:18:32,1,12.99,in-store
STORE_005,SKU_001,2024-06-05 18:14:26,1,12.99,in-store
STORE_005,SKU_002,2024-06-05 09:16:32,2,24.5,online
STORE_005,SKU_002,2024-06-05 09:41:44,2,24.5,online
STORE_005,SKU_002,2024-06-05 15:44:24,2,24.5,online
STORE_001,SKU_002,2024-06-06 19:09:04,2,24.5,online
STORE_001,SKU_002,2024-06-06 14:12:39,2,24.5,online
STORE_001,SKU_006,2024-06-06 14:39:03,3,15.0,online
STORE_001,SKU_006,2024-06-06 10:34:08,3,15.0,online
STORE_001,SKU_006,2024-06-06 15:46:42,3,15.0,online
STORE_001,SKU_010,2024-06-06 11:10:03,2,18.5,in-store
STORE_002,SKU_003,2024-06-06 21:02:05,2,5.99,in-store
STORE_003,SKU_009,2024-06-06 08:36:21,1,115.0,in-store
STORE_001,SKU_001,2024-06-07 14:10:03,1,12.99,in-store
STORE_001,SKU_005,2024-06-07 08:17:59,1,8.75,online
STORE_001,SKU_005,2024-06-07 17:17:08,1,8.75,in-store
STORE_001,SKU_005,2024-06-07 14:07:00,1,8.75,in-store
STORE_002,SKU_001,2024-06-07 11:39:39,1,12.99,online
STORE_002,SKU_001,2024-06-07 13:38:22,1,12.99,online
STORE_002,SKU_007,2024-06-07 19:35:03,3,32.2,in-store
STORE_004,SKU_008,2024-06-07 08:26:07,1,9.99,in-store
STORE_004,SKU_010,2024-06-07 19:40:58,2,18.5,in-store
STORE_005,SKU_010,2024-06-07 08:01:49,2,18.5,online
STORE_001,SKU_002,2024-06-08 16:27:43,5,24.5,online
STORE_001,SKU_002,2024-06-08 18:23:32,5,24.5,online
STORE_001,SKU_007,2024-06-08 20:21:17,4,32.2,online
STORE_003,SKU_001,2024-06-08 13:16:33,3,12.99,in-store
STORE_003,SKU_002,2024-06-08 18:25:29,4,24.5,online
STORE_003,SKU_003,2024-06-08 11:45:59,4,5.99,in-store
STORE_003,SKU_003,2024-06-08 18:05:03,4,5.99,online
STORE_003,SKU_009,2024-06-08 20:07:44,1,115.0,online
STORE_003,SKU_010,2024-06-08 18:15:57,4,18.5,in-store
STORE_004,SKU_003,2024-06-08 08:36:09,4,5.99,in-store
STORE_004,SKU_003,2024-06-08 20:41:15,4,5.99,online
STORE_004,SKU_003,2024-06-08 12:38:27,4,5.99,online
STORE_005,SKU_007,2024-06-08 10:12:22,4,32.2,online
STORE_005,SKU_007,2024-06-08 10:11:54,4,32.2,online
STORE_005,SKU_007,2024-06-08 08:43:13,4,32.2,in-store
STORE_005,SKU_010,2024-06-08 12:05:42,4,18.5,in-store
STORE_001,SKU_001,2024-06-09 19:37:23,4,12.99,online
STORE_001,SKU_001,2024-06-09 10:14:44,4,12.99,in-store
STORE_001,SKU_005,2024-06-09 08:27:08,4,8.75,in-store
STORE_002,SKU_002,2024-06-09 15:59:40,4,24.5,online
STORE_002,SKU_002,2024-06-09 12:26:33,4,24.5,online
STORE_002,SKU_002,2024-06-09 20:00:09,4,24.5,online
STORE_003,SKU_008,2024-06-09 16:04:04,1,9.99,in-store
STORE_004,SKU_004,2024-06-09 14:29:57,1,49.99,online
STORE_004,SKU_008,2024-06-09 15:52:11,1,9.99,online
STORE_004,SKU_008,2024-06-09 21:29:51,1,9.99,online
STORE_004,SKU_008,2024-06-09 11:54:08,1,9.99,online
STORE_005,SKU_005,2024-06-09 08:10:33,3,8.75,online
STORE_005,SKU_006,2024-06-09 17:50:08,2,15.0,online
STORE_005,SKU_006,2024-06-09 09:52:53,2,15.0,in-store
STORE_005,SKU_008,2024-06-09 20:55:13,1,9.99,in-store
STORE_005,SKU_008,2024-06-09 10:54:26,1,9.99,online
STORE_001,SKU_001,2024-06-10 21:35:48,2,12.99,in-store
STORE_001,SKU_001,2024-06-10 20:51:10,2,12.99,in-store
STORE_001,SKU_004,2024-06-10 11:40:24,1,49.99,in-store
STORE_001,SKU_004,2024-06-10 15:42:39,1,49.99,in-store
STORE_001,SKU_004,2024-06-10 21:19:10,1,49.99,in-store
STORE_002,SKU_002,2024-06-10 13:23:51,2,24.5,online
STORE_002,SKU_002,2024-06-10 19:33:35,2,24.5,online
STORE_002,SKU_008,2024-06-10 21:07:10,1,9.99,in-store
STORE_002,SKU_008,2024-06-10 13:12:16,1,9.99,online
STORE_002,SKU_008,2024-06-10 14:07:19,1,9.99,online
STORE_003,SKU_004,2024-06-10 18:57:27,1,49.99,in-store
STORE_003,SKU_004,2024-06-10 17:36:57,1,49.99,online
STORE_003,SKU_004,2024-06-10 13:54:33,1,49.99,online
STORE_003,SKU_006,2024-06-10 19:34:49,2,15.0,in-store
STORE_003,SKU_006,2024-06-10 11:11:00,2,15.0,in-store
STORE_003,SKU_006,2024-06-10 21:13:45,2,15.0,in-store
STORE_005,SKU_003,2024-06-10 11:15:41,2,5.99,in-store
STORE_005,SKU_003,2024-06-10 13:26:40,2,5.99,in-store
STORE_005,SKU_003,2024-06-10 21:56:21,2,5.99,online
STORE_005,SKU_007,2024-06-10 14:40:34,2,32.2,online
STORE_002,SKU_007,2024-06-11 13:57:44,4,32.2,online
STORE_002,SKU_008,2024-06-11 21:37:29,1,9.99,in-store
STORE_002,SKU_008,2024-06-11 18:57:47,1,9.99,online
STORE_002,SKU_008,2024-06-11 17:39:26,1,9.99,in-store
STORE_003,SKU_001,2024-06-11 14:09:13,1,12.99,online
STORE_003,SKU_001,2024-06-11 19:35:02,1,12.99,in-store
STORE_003,SKU_005,2024-06-11 10:48:53,1,8.75,in-store
STORE_005,SKU_001,2024-06-11 13:51:30,1,12.99,in-store
STORE_005,SKU_001,2024-06-11 21:15:31,1,12.99,in-store
STORE_005,SKU_001,2024-06-11 18:46:00,1,12.99,online
STORE_005,SKU_004,2024-06-11 18:56:20,1,49.99,in-store
STORE_005,SKU_004,2024-06-11 11:13:20,1,49.99,in-store
STORE_005,SKU_006,2024-06-11 17:24:39,1,15.0,in-store
STORE_005,SKU_006,2024-06-11 10:51:46,1,15.0,in-store
STORE_005,SKU_008,2024-06-11 09:40:21,1,9.99,online
STORE_005,SKU_008,2024-06-11 21:24:34,1,9.99,online
STORE_005,SKU_009,2024-06-11 18:11:59,1,115.0,in-store
STORE_005,SKU_009,2024-06-11 09:46:12,1,115.0,online
STORE_005,SKU_009,2024-06-11 17:27:23,1,115.0,online
STORE_005,SKU_010,2024-06-11 14:04:18,1,18.5,in-store
STORE_001,SKU_001,2024-06-12 19:18:09,2,12.99,online
STORE_001,SKU_001,2024-06-12 14:05:04,2,12.99,online
STORE_001,SKU_002,2024-06-12 11:26:09,3,24.5,in-store
STORE_001,SKU_002,2024-06-12 09:37:43,3,24.5,in-store
STORE_001,SKU_004,2024-06-12 18:23:59,1,49.99,in-store
STORE_001,SKU_004,2024-06-12 18:10:07,1,49.99,in-store
STORE_001,SKU_004,2024-06-12 12:00:22,1,49.99,online
STORE_001,SKU_005,2024-06-12 17:39:56,1,8.75,online
STORE_001,SKU_005,2024-06-12 19:51:55,1,8.75,online
STORE_001,SKU_005,2024-06-12 21:24:25,1,8.75,in-store
STORE_001,SKU_008,2024-06-12 18:34:16,1,9.99,in-store
STORE_001,SKU_009,2024-06-12 08:49:43,2,115.0,online
STORE_001,SKU_009,2024-06-12 17:46:35,2,115.0,online
STORE_001,SKU_009,2024-06-12 08:25:57,2,115.0,in-store
STORE_002,SKU_005,2024-06-12 15:11:48,1,8.75,online
STORE_003,SKU_005,2024-06-12 10:26:09,1,8.75,in-store
STORE_003,SKU_005,2024-06-12 14:50:56,1,8.75,online
STORE_004,SKU_001,2024-06-12 10:04:20,1,12.99,in-store
STORE_004,SKU_001,2024-06-12 18:38:49,1,12.99,online
STORE_004,SKU_005,2024-06-12 17:20:46,2,8.75,online
STORE_004,SKU_007,2024-06-12 14:55:59,3,32.2,online
STORE_004,SKU_007,2024-06-12 14:16:34,3,32.2,in-store
STORE_004,SKU_009,2024-06-12 19:29:27,1,115.0,online
STORE_004,SKU_009,2024-06-12 21:40:17,1,115.0,in-store
STORE_004,SKU_009,2024-06-12 12:25:59,1,115.0,in-store
STORE_005,SKU_002,2024-06-12 13:31:50,2,24.5,online
STORE_005,SKU_002,2024-06-12 17:39:42,2,24.5,in-store
STORE_005,SKU_002,2024-06-12 14:16:20,2,24.5,online
STORE_005,SKU_005,2024-06-12 08:39:30,1,8.75,online
STORE_005,SKU_005,2024-06-12 15:00:57,1,8.75,in-store
STORE_005,SKU_005,2024-06-12 16:16:15,1,8.75,online
STORE_001,SKU_007,2024-06-13 10:07:32,4,32.2,online
STORE_001,SKU_007,2024-06-13 14:02:33,4,32.2,in-store
STORE_002,SKU_007,2024-06-13 14:41:04,3,32.2,online
STORE_002,SKU_007,2024-06-13 18:15:42,3,32.2,online
STORE_002,SKU_010,2024-06-13 10:35:31,2,18.5,in-store
STORE_002,SKU_010,2024-06-13 20:14:21,2,18.5,in-store
STORE_003,SKU_005,2024-06-13 12:05:17,1,8.75,online
STORE_004,SKU_005,2024-06-13 20:47:40,1,8.75,online
STORE_004,SKU_005,2024-06-13 12:59:08,1,8.75,in-store
STORE_004,SKU_005,2024-06-13 19:51:06,1,8.75,online
STORE_004,SKU_009,2024-06-13 16:35:47,1,115.0,in-store
STORE_005,SKU_008,2024-06-13 14:42:45,1,9.99,online
STORE_001,SKU_004,2024-06-14 14:28:24,1,49.99,in-store
STORE_001,SKU_004,2024-06-14 20:52:01,1,49.99,online
STORE_001,SKU_004,2024-06-14 10:38:08,1,49.99,in-store
STORE_003,SKU_001,2024-06-14 16:27:12,2,12.99,online
STORE_003,SKU_009,2024-06-14 09:25:17,1,115.0,in-store
STORE_004,SKU_004,2024-06-14 13:24:19,1,49.99,online
STORE_004,SKU_005,2024-06-14 10:25:12,1,8.75,online
STORE_004,SKU_005,2024-06-14 20:42:36,1,8.75,in-store
STORE_004,SKU_005,2024-06-14 13:21:44,1,8.75,in-store
STORE_005,SKU_005,2024-06-14 09:44:28,1,8.75,in-store
STORE_005,SKU_005,2024-06-14 20:30:05,1,8.75,in-store
STORE_005,SKU_005,2024-06-14 08:20:38,1,8.75,online
STORE_001,SKU_010,2024-06-15 21:44:21,4,18.5,online
STORE_001,SKU_010,2024-06-15 11:22:22,4,18.5,online
STORE_001,SKU_010,2024-06-15 19:52:48,4,18.5,online
STORE_002,SKU_002,2024-06-15 19:32:13,4,24.5,in-store
STORE_002,SKU_002,2024-06-15 15:16:49,4,24.5,in-store
STORE_002,SKU_003,2024-06-15 21:56:03,3,5.99,online
STORE_002,SKU_005,2024-06-15 11:12:20,2,8.75,in-store
STORE_002,SKU_005,2024-06-15 16:50:17,2,8.75,online
STORE_002,SKU_010,2024-06-15 11:27:17,4,18.5,in-store
STORE_003,SKU_001,2024-06-15 11:04:08,2,12.99,online
STORE_003,SKU_002,2024-06-15 10:25:53,2,24.5,in-store
STORE_003,SKU_002,2024-06-15 20:46:44,2,24.5,online
STORE_003,SKU_002,2024-06-15 10:41:25,2,24.5,online
STORE_003,SKU_003,2024-06-15 15:59:37,4,5.99,in-store
STORE_003,SKU_003,2024-06-15 18:53:01,4,5.99,online
STORE_003,SKU_004,2024-06-15 09:45:34,1,49.99,in-store
STORE_003,SKU_004,2024-06-15 20:33:03,1,49.99,online
STORE_003,SKU_005,2024-06-15 21:22:57,2,8.75,online
STORE_003,SKU_010,2024-06-15 16:17:47,3,18.5,in-store
STORE_004,SKU_002,2024-06-15 17:23:41,3,24.5,online
STORE_004,SKU_002,2024-06-15 13:40:45,3,24.5,in-store
STORE_004,SKU_002,2024-06-15 20:18:15,3,24.5,online
STORE_004,SKU_003,2024-06-15 08:36:20,4,5.99,online
STORE_004,SKU_003,2024-06-15 19:27:36,4,5.99,in-store
STORE_004,SKU_003,2024-06-15 10:52:17,4,5.99,online
STORE_004,SKU_005,2024-06-15 09:47:36,3,8.75,in-store
STORE_005,SKU_005,2024-06-15 12:55:17,3,8.75,in-store
STORE_005,SKU_009,2024-06-15 18:53:17,2,115.0,online
STORE_005,SKU_009,2024-06-15 13:17:08,2,115.0,online
STORE_005,SKU_009,2024-06-15 14:15:07,2,115.0,online
STORE_005,SKU_010,2024-06-15 14:07:02,3,18.5,online
STORE_005,SKU_010,2024-06-15 19:40:09,3,18.5,in-store
STORE_001,SKU_001,2024-06-16 21:32:11,2,12.99,online
STORE_001,SKU_002,2024-06-16 09:40:09,3,24.5,in-store
STORE_001,SKU_002,2024-06-16 19:47:00,3,24.5,online
STORE_001,SKU_002,2024-06-16 20:21:05,3,24.5,in-store
STORE_001,SKU_003,2024-06-16 21:34:39,7,5.99,online
STORE_001,SKU_003,2024-06-16 17:15:37,7,5.99,online
STORE_001,SKU_005,2024-06-16 11:01:38,2,8.75,in-store
STORE_001,SKU_005,2024-06-16 09:27:49,2,8.75,online
STORE_001,SKU_008,2024-06-16 16:49:38,1,9.99,in-store
STORE_002,SKU_002,2024-06-16 18:48:29,4,24.5,in-store
STORE_002,SKU_006,2024-06-16 17:38:45,3,15.0,online
STORE_002,SKU_006,2024-06-16 11:31:45,3,15.0,in-store
STORE_002,SKU_007,2024-06-16 18:10:29,5,32.2,in-store
STORE_002,SKU_007,2024-06-16 19:47:03,5,32.2,in-store
STORE_002,SKU_010,2024-06-16 14:03:37,3,18.5,online
STORE_003,SKU_001,2024-06-16 13:13:56,2,12.99,in-store
STORE_003,SKU_001,2024-06-16 17:20:56,2,12.99,in-store
STORE_003,SKU_005,2024-06-16 21:54:38,2,8.75,in-store
STORE_003,SKU_005,2024-06-16 17:25:33,2,8.75,online
STORE_003,SKU_005,2024-06-16 13:32:08,2,8.75,in-store
STORE_003,SKU_007,2024-06-16 16:46:33,3,32.2,in-store
STORE_003,SKU_007,2024-06-16 10:43:34,3,32.2,in-store
STORE_003,SKU_010,2024-06-16 10:15:16,4,18.5,in-store
STORE_003,SKU_010,2024-06-16 21:14:31,4,18.5,in-store
STORE_004,SKU_001,2024-06-16 14:49:20,2,12.99,online
STORE_004,SKU_001,2024-06-16 10:40:45,2,12.99,online
STORE_004,SKU_002,2024-06-16 14:38:19,3,24.5,online
STORE_004,SKU_002,2024-06-16 09:34:22,3,24.5,online
STORE_004,SKU_010,2024-06-16 11:33:41,3,18.5,in-store
STORE_005,SKU_002,2024-06-16 09:12:40,3,24.5,in-store
STORE_005,SKU_003,2024-06-16 15:37:17,4,5.99,in-store
STORE_005,SKU_006,2024-06-16 13:22:47,3,15.0,in-store
STORE_002,SKU_002,2024-06-17 17:07:04,2,24.5,online
STORE_002,SKU_002,2024-06-17 12:51:56,2,24.5,online
STORE_002,SKU_002,2024-06-17 09:12:25,2,24.5,online
STORE_002,SKU_008,2024-06-17 09:51:09,1,9.99,online
STORE_002,SKU_008,2024-06-17 13:13:17,1,9.99,in-store
STORE_003,SKU_001,2024-06-17 11:22:21,1,12.99,in-store
STORE_003,SKU_001,2024-06-17 18:36:59,1,12.99,in-store
STORE_003,SKU_001,2024-06-17 10:18:20,1,12.99,online
STORE_003,SKU_004,2024-06-17 20:41:39,1,49.99,online
STORE_003,SKU_008,2024-06-17 12:25:16,1,9.99,online
STORE_004,SKU_001,2024-06-17 10:13:10,1,12.99,in-store
STORE_004,SKU_001,2024-06-17 15:04:40,1,12.99,online
STORE_004,SKU_001,2024-06-17 19:46:04,1,12.99,online
STORE_004,SKU_004,2024-06-17 11:02:12,1,49.99,online
STORE_004,SKU_004,2024-06-17 17:39:52,1,49.99,in-store
STORE_005,SKU_004,2024-06-17 09:24:38,1,49.99,online
STORE_005,SKU_004,2024-06-17 14:22:36,1,49.99,in-store
STORE_001,SKU_006,2024-06-18 15:36:12,2,15.0,online
STORE_001,SKU_006,2024-06-18 18:06:10,2,15.0,in-store
STORE_002,SKU_007,2024-06-18 15:34:23,3,32.2,online
STORE_002,SKU_007,2024-06-18 15:32:51,3,32.2,in-store
STORE_002,SKU_007,2024-06-18 15:50:14,3,32.2,online
STORE_002,SKU_008,2024-06-18 09:44:37,1,9.99,in-store
STORE_002,SKU_008,2024-06-18 18:18:06,1,9.99,in-store
STORE_002,SKU_010,2024-06-18 18:09:53,2,18.5,online
STORE_003,SKU_004,2024-06-18 19:25:07,1,49.99,in-store
STORE_003,SKU_005,2024-06-18 10:42:55,2,8.75,online
STORE_003,SKU_005,2024-06-18 12:13:31,2,8.75,in-store
STORE_004,SKU_008,2024-06-18 08:51:33,1,9.99,in-store
STORE_004,SKU_008,2024-06-18 18:08:22,1,9.99,in-store
STORE_001,SKU_005,2024-06-19 11:14:35,2,8.75,in-store
STORE_001,SKU_005,2024-06-19 20:15:05,2,8.75,in-store
STORE_001,SKU_007,2024-06-19 21:44:13,3,32.2,in-store
STORE_001,SKU_007,2024-06-19 17:59:59,3,32.2,online
STORE_001,SKU_007,2024-06-19 17:46:12,3,32.2,in-store
STORE_002,SKU_009,2024-06-19 21:08:52,1,115.0,in-store
STORE_002,SKU_009,2024-06-19 08:39:06,1,115.0,online
STORE_002,SKU_009,2024-06-19 12:16:03,1,115.0,online
STORE_003,SKU_008,2024-06-19 15:44:18,1,9.99,online
STORE_003,SKU_008,2024-06-19 17:26:39,1,9.99,online
STORE_004,SKU_002,2024-06-19 11:41:13,3,24.5,online
STORE_004,SKU_007,2024-06-19 08:26:16,3,32.2,in-store
STORE_005,SKU_001,2024-06-19 17:21:53,1,12.99,online
STORE_005,SKU_004,2024-06-19 19:31:00,1,49.99,online
STORE_005,SKU_004,2024-06-19 21:51:41,1,49.99,online
STORE_005,SKU_006,2024-06-19 18:19:21,1,15.0,in-store
STORE_001,SKU_002,2024-06-20 16:31:21,2,24.5,in-store
STORE_001,SKU_008,2024-06-20 14:58:30,1,9.99,in-store
STORE_001,SKU_008,2024-06-20 12:39:43,1,9.99,in-store
STORE_001,SKU_008,2024-06-20 12:38:19,1,9.99,online
STORE_001,SKU_009,2024-06-20 14:12:16,2,115.0,online
STORE_002,SKU_002,2024-06-20 13:33:13,2,24.5,online
STORE_002,SKU_002,2024-06-20 12:22:35,2,24.5,online
STORE_002,SKU_004,2024-06-20 16:42:53,1,49.99,in-store
STORE_002,SKU_004,2024-06-20 20:59:37,1,49.99,in-store
STORE_002,SKU_008,2024-06-20 18:09:24,1,9.99,in-store
STORE_002,SKU_008,2024-06-20 13:59:58,1,9.99,in-store
STORE_003,SKU_006,2024-06-20 08:17:00,2,15.0,in-store
STORE_003,SKU_010,2024-06-20 18:23:07,2,18.5,in-store
STORE_004,SKU_002,2024-06-20 13:04:21,2,24.5,in-store
STORE_004,SKU_002,2024-06-20 14:45:37,,24.5,in-store
STORE_004,SKU_007,2024-06-20 14:13:44,3,32.2,in-store
STORE_004,SKU_007,2024-06-20 09:43:59,3,32.2,in-store
STORE_005,SKU_004,2024-06-20 18:03:24,1,49.99,in-store
STORE_005,SKU_010,2024-06-20 19:46:32,2,18.5,online
STORE_001,SKU_010,2024-06-21 16:41:10,3,18.5,online
STORE_001,SKU_010,2024-06-21 10:50:13,3,18.5,in-store
STORE_001,SKU_010,2024-06-21 16:53:59,3,18.5,in-store
STORE_002,SKU_001,2024-06-21 16:11:04,1,12.99,online
STORE_002,SKU_002,2024-06-21 20:43:54,2,24.5,in-store
STORE_002,SKU_002,2024-06-21 10:17:32,2,24.5,online
STORE_002,SKU_002,2024-06-21 14:44:21,2,24.5,in-store
STORE_002,SKU_004,2024-06-21 21:55:33,1,49.99,in-store
STORE_002,SKU_004,2024-06-21 09:23:12,1,49.99,online
STORE_002,SKU_007,2024-06-21 18:25:32,2,,online
STORE_002,SKU_008,2024-06-21 21:31:25,1,9.99,online
STORE_002,SKU_008,2024-06-21 13:09:50,1,9.99,online
STORE_002,SKU_008,2024-06-21 19:00:00,1,9.99,online
STORE_002,SKU_010,2024-06-21 12:36:08,1,18.5,in-store
STORE_003,SKU_002,2024-06-21 20:17:39,2,24.5,online
STORE_003,SKU_002,2024-06-21 13:34:32,2,24.5,in-store
STORE_003,SKU_002,2024-06-21 08:11:24,2,24.5,in-store
STORE_003,SKU_007,2024-06-21 10:57:36,4,32.2,online
STORE_003,SKU_009,2024-06-21 13:24:10,1,115.0,in-store
STORE_003,SKU_009,2024-06-21 21:39:52,1,115.0,online
STORE_003,SKU_009,2024-06-21 15:03:05,1,115.0,online
STORE_004,SKU_007,2024-06-21 15:52:06,3,32.2,online
STORE_004,SKU_007,2024-06-21 12:46:54,3,32.2,online
STORE_005,SKU_001,2024-06-21 12:57:57,1,12.99,in-store
STORE_005,SKU_001,2024-06-21 08:51:10,1,12.99,in-store
STORE_005,SKU_001,2024-06-21 08:11:54,1,12.99,in-store
STORE_005,SKU_004,2024-06-21 16:33:07,1,49.99,online
STORE_005,SKU_004,2024-06-21 20:07:41,1,49.99,online
STORE_001,SKU_001,2024-06-22 13:07:39,3,12.99,in-store
STORE_001,SKU_001,2024-06-22 20:13:50,3,12.99,in-store
STORE_001,SKU_002,2024-06-22 10:30:40,4,24.5,online
STORE_001,SKU_005,2024-06-22 21:41:22,2,8.75,in-store
STORE_001,SKU_006,2024-06-22 09:13:02,,15.0,online
STORE_001,SKU_006,2024-06-22 15:48:27,3,15.0,in-store
STORE_002,SKU_001,2024-06-22 08:33:27,3,12.99,in-store
STORE_002,SKU_001,2024-06-22 11:57:05,3,12.99,online
STORE_002,SKU_007,2024-06-22 12:40:17,3,32.2,in-store
STORE_002,SKU_007,2024-06-22 10:41:49,3,32.2,online
STORE_002,SKU_007,2024-06-22 21:49:49,3,32.2,online
STORE_003,SKU_003,2024-06-22 19:22:20,5,5.99,online
STORE_003,SKU_003,2024-06-22 18:30:43,5,5.99,online
STORE_003,SKU_005,2024-06-22 17:40:27,3,8.75,in-store
STORE_003,SKU_009,2024-06-22 10:52:25,2,115.0,in-store
STORE_003,SKU_009,2024-06-22 21:12:04,2,115.0,online
STORE_003,SKU_009,2024-06-22 09:55:54,2,115.0,online
STORE_004,SKU_001,2024-06-22 13:11:10,2,12.99,online
STORE_004,SKU_001,2024-06-22 13:11:00,2,12.99,online
STORE_004,SKU_001,2024-06-22 21:02:46,2,12.99,in-store
STORE_004,SKU_005,2024-06-22 09:00:43,1,8.75,online
STORE_004,SKU_007,2024-06-22 08:32:17,3,32.2,online
STORE_004,SKU_009,2024-06-22 09:18:01,2,115.0,online
STORE_004,SKU_010,2024-06-22 09:31:58,2,18.5,in-store
STORE_004,SKU_010,2024-06-22 14:35:25,2,18.5,in-store
STORE_004,SKU_010,2024-06-22 19:44:53,2,18.5,online
STORE_005,SKU_004,2024-06-22 18:49:19,1,49.99,online
STORE_005,SKU_004,2024-06-22 18:28:32,1,49.99,in-store
STORE_005,SKU_004,2024-06-22 16:46:24,1,49.99,online
STORE_005,SKU_005,2024-06-22 19:44:45,2,8.75,online
STORE_005,SKU_010,2024-06-22 14:31:21,4,18.5,online
STORE_005,SKU_010,2024-06-22 19:11:28,4,18.5,online
STORE_001,SKU_002,2024-06-23 19:03:40,5,24.5,in-store
STORE_001,SKU_005,2024-06-23 11:50:54,3,8.75,in-store
STORE_001,SKU_005,2024-06-23 08:44:42,3,8.75,in-store
STORE_001,SKU_009,2024-06-23 13:05:06,2,115.0,online
STORE_002,SKU_002,2024-06-23 16:57:15,3,24.5,in-store
STORE_002,SKU_002,2024-06-23 08:38:04,3,24.5,online
STORE_002,SKU_002,2024-06-23 09:22:17,3,24.5,online
STORE_002,SKU_008,2024-06-23 15:51:23,1,9.99,in-store
STORE_002,SKU_008,2024-06-23 10:05:09,1,9.99,online
STORE_002,SKU_008,2024-06-23 21:58:28,1,9.99,online
STORE_003,SKU_002,2024-06-23 20:02:56,4,24.5,online
STORE_003,SKU_002,2024-06-23 13:52:35,4,24.5,online
STORE_003,SKU_002,2024-06-23 10:34:49,4,24.5,in-store
STORE_003,SKU_007,2024-06-23 10:53:08,5,32.2,online
STORE_003,SKU_007,2024-06-23 20:57:54,5,32.2,online
STORE_003,SKU_007,2024-06-23 08:34:11,5,32.2,in-store
STORE_004,SKU_002,2024-06-23 12:43:27,3,24.5,in-store
STORE_004,SKU_002,2024-06-23 16:29:52,3,24.5,online
STORE_004,SKU_002,2024-06-23 10:14:32,3,24.5,online
STORE_004,SKU_007,2024-06-23 11:38:30,3,32.2,online
STORE_004,SKU_007,2024-06-23 15:03:12,3,32.2,in-store
STORE_004,SKU_008,2024-06-23 14:20:05,1,9.99,online
STORE_004,SKU_008,2024-06-23 11:53:40,1,9.99,online
STORE_004,SKU_008,2024-06-23 13:05:32,1,9.99,in-store
STORE_005,SKU_001,2024-06-23 11:04:56,2,12.99,online
STORE_005,SKU_010,2024-06-23 08:36:23,3,18.5,in-store
STORE_001,SKU_008,2024-06-24 17:16:12,1,9.99,in-store
STORE_001,SKU_010,2024-06-24 09:30:06,2,18.5,online
STORE_001,SKU_010,2024-06-24 20:33:46,2,18.5,online
STORE_001,SKU_010,2024-06-24 19:17:35,2,18.5,in-store
STORE_002,SKU_001,2024-06-24 21:46:44,1,12.99,in-store
STORE_002,SKU_001,2024-06-24 08:17:07,1,12.99,online
STORE_002,SKU_001,2024-06-24 10:33:13,1,12.99,in-store
STORE_002,SKU_002,2024-06-24 17:49:10,2,24.5,online
STORE_002,SKU_002,2024-06-24 08:13:15,2,24.5,online
STORE_002,SKU_002,2024-06-24 12:26:57,2,24.5,online
STORE_002,SKU_005,2024-06-24 10:57:24,2,8.75,in-store
STORE_002,SKU_008,2024-06-24 14:46:04,1,9.99,in-store
STORE_002,SKU_008,2024-06-24 21:52:23,1,9.99,in-store
STORE_002,SKU_008,2024-06-24 10:38:30,1,9.99,online
STORE_003,SKU_005,2024-06-24 10:38:46,1,8.75,in-store
STORE_003,SKU_005,2024-06-24 12:55:42,1,8.75,in-store
STORE_003,SKU_005,2024-06-24 19:17:41,1,8.75,online
STORE_004,SKU_002,2024-06-24 11:24:21,2,24.5,online
STORE_004,SKU_002,2024-06-24 14:25:09,2,24.5,online
STORE_004,SKU_005,2024-06-24 19:32:11,1,8.75,in-store
STORE_005,SKU_007,2024-06-24 13:06:23,3,32.2,online
STORE_001,SKU_004,2024-06-25 18:58:07,1,49.99,in-store
STORE_001,SKU_004,2024-06-25 17:06:41,1,49.99,in-store
STORE_001,SKU_005,2024-06-25 13:10:09,2,8.75,in-store
STORE_001,SKU_006,2024-06-25 08:31:31,2,15.0,in-store
STORE_002,SKU_002,2024-06-25 20:49:33,1,24.5,online
STORE_002,SKU_002,2024-06-25 20:32:23,1,24.5,in-store
STORE_002,SKU_002,2024-06-25 17:26:10,1,24.5,online
STORE_002,SKU_004,2024-06-25 11:10:07,1,49.99,online
STORE_002,SKU_004,2024-06-25 17:36:37,1,49.99,online
STORE_002,SKU_004,2024-06-25 21:20:55,1,49.99,in-store
STORE_003,SKU_003,2024-06-25 19:25:00,3,5.99,online
STORE_003,SKU_003,2024-06-25 09:16:17,3,5.99,in-store
STORE_003,SKU_006,2024-06-25 18:17:01,2,15.0,in-store
STORE_003,SKU_008,2024-06-25 10:56:27,1,9.99,online
STORE_003,SKU_008,2024-06-25 21:48:32,1,9.99,in-store
STORE_004,SKU_004,2024-06-25 11:11:43,1,49.99,in-store
STORE_004,SKU_004,2024-06-25 18:21:11,1,49.99,in-store
STORE_004,SKU_007,2024-06-25 10:44:14,2,32.2,in-store
STORE_005,SKU_007,2024-06-25 19:04:49,3,32.2,online
STORE_005,SKU_007,2024-06-25 11:32:08,3,32.2,online
STORE_005,SKU_007,2024-06-25 14:30:51,3,32.2,in-store
STORE_005,SKU_010,2024-06-25 15:25:05,2,18.5,in-store
STORE_005,SKU_010,2024-06-25 19:48:50,2,18.5,in-store
STORE_005,SKU_010,2024-06-25 14:09:49,2,18.5,in-store
STORE_002,SKU_003,2024-06-26 08:43:10,3,5.99,in-store
STORE_002,SKU_003,2024-06-26 12:45:06,3,5.99,online
STORE_002,SKU_003,2024-06-26 09:08:11,3,5.99,in-store
STORE_002,SKU_009,2024-06-26 08:26:21,1,115.0,in-store
STORE_003,SKU_005,2024-06-26 10:52:59,1,8.75,in-store
STORE_003,SKU_005,2024-06-26 13:48:13,1,8.75,in-store
STORE_004,SKU_002,2024-06-26 11:54:44,2,24.5,online
STORE_004,SKU_002,2024-06-26 09:41:21,2,24.5,online
STORE_004,SKU_006,2024-06-26 17:32:22,2,15.0,online
STORE_004,SKU_006,2024-06-26 21:58:33,2,15.0,in-store
STORE_004,SKU_010,2024-06-26 21:11:41,2,18.5,online
STORE_004,SKU_010,2024-06-26 15:06:33,2,18.5,in-store
STORE_005,SKU_003,2024-06-26 12:37:52,3,5.99,online
STORE_005,SKU_003,2024-06-26 19:01:45,3,5.99,online
STORE_005,SKU_003,2024-06-26 08:44:58,3,5.99,in-store
STORE_001,SKU_001,2024-06-27 09:07:15,2,12.99,online
STORE_001,SKU_001,2024-06-27 11:25:44,2,12.99,online
STORE_001,SKU_002,2024-06-27 13:54:50,2,24.5,in-store
STORE_003,SKU_001,2024-06-27 10:36:20,1,12.99,in-store
STORE_003,SKU_002,2024-06-27 10:07:25,2,24.5,in-store
STORE_004,SKU_004,2024-06-27 12:15:41,1,49.99,online
STORE_004,SKU_004,2024-06-27 18:01:25,1,49.99,online
STORE_004,SKU_008,2024-06-27 15:05:29,1,9.99,online
STORE_004,SKU_008,2024-06-27 14:20:16,1,9.99,online
STORE_004,SKU_008,2024-06-27 20:58:47,1,9.99,in-store
STORE_005,SKU_001,2024-06-27 19:53:52,1,12.99,online
STORE_005,SKU_004,2024-06-27 20:06:06,1,49.99,online
STORE_005,SKU_004,2024-06-27 12:23:06,1,49.99,in-store
STORE_005,SKU_004,2024-06-27 11:16:46,1,49.99,in-store
STORE_005,SKU_007,2024-06-27 15:00:26,3,32.2,in-store
STORE_005,SKU_007,2024-06-27 20:28:17,3,32.2,in-store
STORE_005,SKU_007,2024-06-27 14:54:36,3,32.2,in-store
STORE_001,SKU_002,2024-06-28 12:59:42,2,24.5,online
STORE_001,SKU_004,2024-06-28 15:08:51,1,49.99,in-store
STORE_001,SKU_004,2024-06-28 14:16:26,1,49.99,online
STORE_001,SKU_004,2024-06-28 10:25:48,1,49.99,online
STORE_001,SKU_007,2024-06-28 21:22:06,5,32.2,in-store
STORE_001,SKU_007,2024-06-28 11:40:15,5,32.2,in-store
STORE_001,SKU_009,2024-06-28 08:23:41,2,115.0,in-store
STORE_002,SKU_001,2024-06-28 20:51:41,1,12.99,online
STORE_002,SKU_001,2024-06-28 09:26:53,1,12.99,online
STORE_002,SKU_001,2024-06-28 18:38:40,1,12.99,online
STORE_002,SKU_007,2024-06-28 13:49:54,3,32.2,online
STORE_003,SKU_002,2024-06-28 20:18:54,3,24.5,online
STORE_003,SKU_002,2024-06-28 08:12:06,3,24.5,online
STORE_003,SKU_005,2024-06-28 13:51:53,1,8.75,in-store
STORE_003,SKU_010,2024-06-28 10:02:13,2,,online
STORE_004,SKU_006,2024-06-28 10:08:54,2,15.0,online
STORE_004,SKU_006,2024-06-28 17:40:47,2,15.0,online
STORE_005,SKU_010,2024-06-28 09:30:10,2,18.5,in-store
STORE_001,SKU_001,2024-06-29 10:24:07,3,12.99,online
STORE_001,SKU_002,2024-06-29 09:19:58,3,24.5,online
STORE_001,SKU_002,2024-06-29 20:49:19,3,24.5,online
STORE_001,SKU_002,2024-06-29 08:43:21,3,24.5,in-store
STORE_001,SKU_008,2024-06-29 18:16:18,2,9.99,online
STORE_001,SKU_010,2024-06-29 20:54:33,4,18.5,in-store
STORE_001,SKU_010,2024-06-29 18:41:15,4,18.5,online
STORE_001,SKU_010,2024-06-29 21:13:20,4,18.5,in-store
STORE_002,SKU_002,2024-06-29 14:00:25,2,24.5,online
STORE_002,SKU_002,2024-06-29 14:15:20,2,24.5,online
STORE_002,SKU_007,2024-06-29 09:06:09,6,32.2,online
STORE_002,SKU_007,2024-06-29 19:19:43,6,32.2,in-store
STORE_002,SKU_007,2024-06-29 16:26:37,6,32.2,online
STORE_002,SKU_008,2024-06-29 20:29:03,1,9.99,in-store
STORE_002,SKU_008,2024-06-29 13:39:40,1,9.99,online
STORE_002,SKU_008,2024-06-29 20:28:22,1,9.99,online
STORE_002,SKU_009,2024-06-29 13:10:45,3,115.0,in-store
STORE_002,SKU_009,2024-06-29 11:19:11,3,115.0,in-store
STORE_002,SKU_009,2024-06-29 20:21:57,3,115.0,in-store
STORE_003,SKU_002,2024-06-29 16:13:13,3,24.5,in-store
STORE_004,SKU_001,2024-06-29 17:40:18,2,12.99,in-store
STORE_004,SKU_001,2024-06-29 17:24:50,2,12.99,in-store
STORE_004,SKU_001,2024-06-29 14:30:15,2,12.99,online
STORE_004,SKU_004,2024-06-29 19:42:24,1,49.99,in-store
STORE_005,SKU_007,2024-06-29 21:42:40,5,32.2,online
STORE_005,SKU_008,2024-06-29 14:13:16,1,9.99,in-store
STORE_005,SKU_008,2024-06-29 13:22:35,1,9.99,online
STORE_005,SKU_010,2024-06-29 09:16:15,4,18.5,in-store
STORE_005,SKU_010,2024-06-29 14:06:54,4,18.5,online
STORE_005,SKU_010,2024-06-29 20:37:35,4,18.5,online
STORE_001,SKU_001,2024-06-30 13:07:14,3,12.99,in-store
STORE_001,SKU_002,2024-06-30 13:42:20,4,24.5,in-store
STORE_001,SKU_002,2024-06-30 09:08:19,4,24.5,in-store
STORE_001,SKU_005,2024-06-30 19:30:10,3,8.75,online
STORE_001,SKU_008,2024-06-30 16:46:49,1,9.99,online
STORE_001,SKU_009,2024-06-30 16:51:11,3,115.0,in-store
STORE_002,SKU_005,2024-06-30 18:25:55,2,8.75,online
STORE_003,SKU_008,2024-06-30 17:52:13,1,9.99,in-store
STORE_004,SKU_002,2024-06-30 17:54:28,3,24.5,online
STORE_004,SKU_002,2024-06-30 09:04:33,3,24.5,online
STORE_004,SKU_002,2024-06-30 13:37:35,3,24.5,online
STORE_004,SKU_003,2024-06-30 12:20:58,4,5.99,online
STORE_004,SKU_003,2024-06-30 15:26:28,4,5.99,in-store
STORE_004,SKU_004,2024-06-30 12:49:24,1,49.99,in-store
STORE_004,SKU_004,2024-06-30 08:20:16,1,49.99,in-store
STORE_004,SKU_004,2024-06-30 18:27:23,1,49.99,in-store
STORE_004,SKU_005,2024-06-30 09:13:54,3,8.75,online
STORE_004,SKU_007,2024-06-30 16:36:19,5,32.2,in-store
STORE_004,SKU_007,2024-06-30 14:38:15,5,32.2,online
STORE_004,SKU_007,2024-06-30 13:07:20,5,32.2,in-store
STORE_004,SKU_009,2024-06-30 08:53:36,2,115.0,in-store
STORE_004,SKU_009,2024-06-30 20:52:21,2,115.0,online
STORE_004,SKU_009,2024-06-30 19:57:23,2,115.0,online
STORE_005,SKU_004,2024-06-30 12:47:21,1,49.99,online
STORE_005,SKU_008,2024-06-30 20:54:30,1,9.99,in-store
STORE_005,SKU_008,2024-06-30 17:27:11,1,9.99,online
STORE_005,SKU_008,2024-06-30 21:11:22,1,9.99,online
STORE_001,SKU_005,2024-07-01 19:38:30,2,8.75,online
STORE_001,SKU_005,2024-07-01 19:32:39,2,8.75,in-store
STORE_001,SKU_005,2024-07-01 14:49:48,2,8.75,online
STORE_001,SKU_008,2024-07-01 15:56:22,1,9.99,in-store
STORE_001,SKU_008,2024-07-01 18:33:52,1,9.99,online
STORE_001,SKU_008,2024-07-01 13:48:52,1,9.99,online
STORE_001,SKU_010,2024-07-01 13:21:28,2,18.5,online
STORE_002,SKU_002,2024-07-01 18:13:18,2,24.5,online
STORE_003,SKU_004,2024-07-01 11:39:01,1,49.99,in-store
STORE_003,SKU_007,2024-07-01 12:40:21,2,32.2,online
STORE_003,SKU_007,2024-07-01 20:57:33,2,32.2,in-store
STORE_003,SKU_008,2024-07-01 11:39:42,1,9.99,in-store
STORE_004,SKU_007,2024-07-01 10:29:31,3,32.2,in-store
STORE_004,SKU_007,2024-07-01 21:55:17,3,32.2,in-store
STORE_005,SKU_001,2024-07-01 08:22:09,1,12.99,online
STORE_002,SKU_004,2024-07-02 12:10:08,1,49.99,online
STORE_002,SKU_004,2024-07-02 08:00:50,1,49.99,online
STORE_002,SKU_004,2024-07-02 10:08:24,1,49.99,online
STORE_004,SKU_008,2024-07-02 16:42:15,1,9.99,online
STORE_004,SKU_008,2024-07-02 13:42:31,1,9.99,in-store
STORE_004,SKU_010,2024-07-02 10:17:22,1,18.5,in-store
STORE_005,SKU_004,2024-07-02 21:15:07,1,49.99,in-store
STORE_005,SKU_004,2024-07-02 14:06:30,,49.99,in-store
STORE_005,SKU_004,2024-07-02 13:08:58,1,49.99,online
STORE_001,SKU_002,2024-07-03 11:41:12,3,24.5,online
STORE_001,SKU_002,2024-07-03 21:41:28,3,24.5,in-store
STORE_001,SKU_002,2024-07-03 17:04:55,3,24.5,in-store
STORE_001,SKU_004,2024-07-03 19:07:35,1,49.99,in-store
STORE_001,SKU_004,2024-07-03 16:16:25,1,49.99,online
STORE_001,SKU_008,2024-07-03 10:00:47,1,9.99,online
STORE_003,SKU_008,2024-07-03 17:57:54,1,9.99,online
STORE_003,SKU_008,2024-07-03 08:26:07,1,9.99,online
STORE_003,SKU_009,2024-07-03 09:06:14,1,115.0,in-store
STORE_003,SKU_009,2024-07-03 17:44:40,1,115.0,in-store
STORE_003,SKU_009,2024-07-03 16:00:33,1,115.0,online
STORE_004,SKU_001,2024-07-03 10:20:02,2,12.99,online
STORE_004,SKU_005,2024-07-03 11:43:14,2,8.75,online
STORE_004,SKU_007,2024-07-03 16:51:38,3,32.2,online
STORE_004,SKU_007,2024-07-03 18:37:45,3,32.2,online
STORE_004,SKU_007,2024-07-03 16:18:24,3,32.2,online
STORE_004,SKU_008,2024-07-03 21:40:53,1,9.99,in-store
STORE_005,SKU_001,2024-07-03 16:32:52,2,12.99,in-store
STORE_005,SKU_008,2024-07-03 09:49:43,1,9.99,in-store
STORE_005,SKU_008,2024-07-03 20:46:40,1,9.99,in-store
STORE_001,SKU_004,2024-07-04 10:08:10,1,49.99,online
STORE_001,SKU_004,2024-07-04 10:20:27,1,49.99,online
STORE_001,SKU_004,2024-07-04 21:00:56,1,49.99,in-store
STORE_002,SKU_002,2024-07-04 18:31:28,3,24.5,in-store
STORE_002,SKU_003,2024-07-04 11:01:36,3,5.99,online
STORE_002,SKU_005,2024-07-04 18:44:46,1,8.75,online
STORE_003,SKU_001,2024-07-04 18:38:32,1,12.99,online
STORE_003,SKU_005,2024-07-04 15:02:35,1,8.75,in-store
STORE_004,SKU_008,2024-07-04 14:44:31,1,9.99,online
STORE_004,SKU_008,2024-07-04 08:19:49,1,9.99,in-store
STORE_004,SKU_008,2024-07-04 21:14:53,1,9.99,online
STORE_001,SKU_004,2024-07-05 19:11:29,1,49.99,in-store
STORE_001,SKU_004,2024-07-05 14:48:26,1,49.99,in-store
STORE_001,SKU_004,2024-07-05 15:27:51,1,49.99,in-store
STORE_001,SKU_010,2024-07-05 08:16:08,3,18.5,in-store
STORE_001,SKU_010,2024-07-05 11:34:39,3,18.5,in-store
STORE_001,SKU_010,2024-07-05 11:42:48,3,18.5,online
STORE_002,SKU_001,2024-07-05 11:46:16,1,12.99,in-store
STORE_002,SKU_001,2024-07-05 12:47:30,1,12.99,in-store
STORE_002,SKU_001,2024-07-05 21:03:00,1,12.99,in-store
STORE_002,SKU_005,2024-07-05 12:59:54,2,8.75,online
STORE_002,SKU_005,2024-07-05 15:01:34,2,8.75,online
STORE_002,SKU_005,2024-07-05 15:37:35,2,8.75,online
STORE_002,SKU_007,2024-07-05 19:51:18,2,32.2,in-store
STORE_002,SKU_007,2024-07-05 12:07:10,2,32.2,online
STORE_002,SKU_010,2024-07-05 19:02:19,3,18.5,online
STORE_003,SKU_005,2024-07-05 09:42:02,1,8.75,online
STORE_003,SKU_005,2024-07-05 13:42:50,1,8.75,online
STORE_003,SKU_008,2024-07-05 15:21:29,1,9.99,in-store
STORE_003,SKU_008,2024-07-05 09:25:56,1,9.99,in-store
STORE_004,SKU_007,2024-07-05 17:15:15,2,32.2,online
STORE_004,SKU_007,2024-07-05 16:07:40,2,32.2,in-store
STORE_004,SKU_008,2024-07-05 17:11:01,1,9.99,in-store
STORE_004,SKU_008,2024-07-05 21:26:01,1,9.99,in-store
STORE_004,SKU_008,2024-07-05 18:51:53,1,9.99,in-store
STORE_005,SKU_004,2024-07-05 11:38:38,1,49.99,online
STORE_005,SKU_005,2024-07-05 09:48:59,1,8.75,online
STORE_001,SKU_001,2024-07-06 13:30:57,2,12.99,online
STORE_001,SKU_001,2024-07-06 16:23:11,2,12.99,in-store
STORE_001,SKU_002,2024-07-06 17:26:13,6,24.5,online
STORE_001,SKU_002,2024-07-06 10:27:58,6,24.5,in-store
STORE_001,SKU_002,2024-07-06 11:16:31,6,24.5,online
STORE_001,SKU_004,2024-07-06 19:41:40,2,49.99,online
STORE_001,SKU_004,2024-07-06 08:10:12,2,49.99,online
STORE_001,SKU_005,2024-07-06 21:49:14,3,8.75,in-store
STORE_001,SKU_005,2024-07-06 08:45:18,3,8.75,online
STORE_001,SKU_007,2024-07-06 19:06:43,5,32.2,online
STORE_001,SKU_007,2024-07-06 18:30:37,5,32.2,in-store
STORE_001,SKU_008,2024-07-06 09:26:25,1,9.99,online
STORE_001,SKU_008,2024-07-06 10:04:41,1,9.99,online
STORE_001,SKU_009,2024-07-06 21:46:52,3,115.0,in-store
STORE_001,SKU_010,2024-07-06 14:21:06,5,18.5,online
STORE_001,SKU_010,2024-07-06 15:20:25,5,18.5,in-store
STORE_001,SKU_010,2024-07-06 13:20:30,5,18.5,online
STORE_002,SKU_005,2024-07-06 11:17:25,2,8.75,in-store
STORE_002,SKU_008,2024-07-06 19:07:02,1,9.99,online
STORE_002,SKU_008,2024-07-06 20:35:40,1,9.99,in-store
STORE_002,SKU_010,2024-07-06 12:05:27,3,18.5,online
STORE_003,SKU_002,2024-07-06 11:44:25,4,24.5,online
STORE_003,SKU_003,2024-07-06 18:27:54,6,5.99,in-store
STORE_003,SKU_003,2024-07-06 18:02:54,6,5.99,in-store
STORE_003,SKU_003,2024-07-06 10:12:49,6,5.99,online
STORE_003,SKU_006,2024-07-06 15:16:37,4,15.0,online
STORE_003,SKU_006,2024-07-06 20:00:04,4,15.0,online
STORE_003,SKU_006,2024-07-06 19:23:35,4,15.0,online
STORE_004,SKU_004,2024-07-06 21:34:27,1,49.99,online
STORE_004,SKU_004,2024-07-06 13:20:24,1,49.99,in-store
STORE_004,SKU_004,2024-07-06 18:56:28,1,49.99,online
STORE_005,SKU_004,2024-07-06 12:10:38,1,49.99,online
STORE_005,SKU_004,2024-07-06 11:28:49,1,49.99,online
STORE_005,SKU_004,2024-07-06 12:23:16,1,49.99,online
STORE_005,SKU_005,2024-07-06 20:02:04,1,8.75,in-store
STORE_005,SKU_005,2024-07-06 14:41:27,1,8.75,online
STORE_005,SKU_008,2024-07-06 16:57:48,1,9.99,in-store
STORE_005,SKU_010,2024-07-06 09:09:25,4,18.5,in-store
STORE_001,SKU_002,2024-07-07 19:04:23,6,24.5,online
STORE_001,SKU_002,2024-07-07 20:21:11,6,24.5,in-store
STORE_001,SKU_002,2024-07-07 08:24:29,6,24.5,in-store
STORE_001,SKU_004,2024-07-07 21:09:32,1,49.99,online
STORE_001,SKU_005,2024-07-07 20:36:27,2,8.75,in-store
STORE_001,SKU_005,2024-07-07 08:21:16,2,8.75,online
STORE_002,SKU_001,2024-07-07 10:26:42,2,12.99,in-store
STORE_002,SKU_002,2024-07-07 20:33:16,3,24.5,online
STORE_002,SKU_002,2024-07-07 17:59:12,3,24.5,in-store
STORE_003,SKU_001,2024-07-07 09:14:04,2,12.99,online
STORE_003,SKU_004,2024-07-07 19:12:46,1,49.99,in-store
STORE_003,SKU_004,2024-07-07 10:11:44,1,49.99,in-store
STORE_003,SKU_005,2024-07-07 08:27:55,2,8.75,online
STORE_004,SKU_001,2024-07-07 09:44:22,2,12.99,in-store
STORE_004,SKU_001,2024-07-07 09:22:38,2,12.99,in-store
STORE_004,SKU_004,2024-07-07 13:04:31,1,49.99,online
STORE_004,SKU_004,2024-07-07 17:38:39,1,49.99,online
STORE_004,SKU_004,2024-07-07 08:54:27,1,49.99,online
STORE_004,SKU_005,2024-07-07 21:41:53,2,8.75,online
STORE_004,SKU_007,2024-07-07 18:22:16,5,32.2,online
STORE_004,SKU_008,2024-07-07 08:39:57,1,9.99,in-store
STORE_004,SKU_008,2024-07-07 15:31:52,1,9.99,online
STORE_004,SKU_010,2024-07-07 20:39:49,2,18.5,online
STORE_004,SKU_010,2024-07-07 18:28:46,2,18.5,in-store
STORE_005,SKU_001,2024-07-07 08:23:26,2,12.99,in-store
STORE_005,SKU_002,2024-07-07 12:39:57,3,24.5,in-store
STORE_005,SKU_008,2024-07-07 11:31:57,1,9.99,online
STORE_005,SKU_008,2024-07-07 13:11:37,1,9.99,in-store
STORE_005,SKU_010,2024-07-07 09:16:06,3,18.5,in-store
STORE_005,SKU_010,2024-07-07 21:28:31,3,18.5,online
STORE_001,SKU_002,2024-07-08 20:46:36,2,24.5,in-store
STORE_001,SKU_004,2024-07-08 21:32:07,1,49.99,online
STORE_001,SKU_004,2024-07-08 16:25:05,1,49.99,in-store
STORE_001,SKU_008,2024-07-08 16:41:03,1,9.99,online
STORE_001,SKU_008,2024-07-08 15:48:59,1,9.99,in-store
STORE_001,SKU_008,2024-07-08 15:26:57,1,9.99,in-store
STORE_002,SKU_001,2024-07-08 15:48:51,1,12.99,online
STORE_002,SKU_003,2024-07-08 20:14:39,2,5.99,online
STORE_002,SKU_008,2024-07-08 20:10:37,1,9.99,in-store
STORE_002,SKU_008,2024-07-08 20:43:27,1,9.99,online
STORE_003,SKU_002,2024-07-08 13:20:11,2,24.5,in-store
STORE_003,SKU_002,2024-07-08 21:38:03,2,24.5,in-store
STORE_003,SKU_002,2024-07-08 17:02:26,2,24.5,online
STORE_003,SKU_007,2024-07-08 15:23:12,3,32.2,online
STORE_004,SKU_005,2024-07-08 19:06:09,1,8.75,in-store
STORE_005,SKU_010,2024-07-08 14:07:34,2,18.5,in-store
STORE_005,SKU_010,2024-07-08 11:18:01,2,18.5,in-store
STORE_005,SKU_010,2024-07-08 12:23:20,2,18.5,online
STORE_001,SKU_002,2024-07-09 21:30:38,3,24.5,in-store
STORE_001,SKU_008,2024-07-09 21:30:30,1,9.99,online
STORE_001,SKU_008,2024-07-09 13:48:23,1,9.99,online
STORE_001,SKU_008,2024-07-09 10:01:59,1,9.99,online
STORE_002,SKU_008,2024-07-09 09:41:18,1,9.99,in-store
STORE_002,SKU_008,2024-07-09 19:47:12,1,9.99,online
STORE_003,SKU_002,2024-07-09 11:50:35,2,24.5,online
STORE_003,SKU_002,2024-07-09 16:05:13,2,24.5,in-store
STORE_003,SKU_002,2024-07-09 10:54:21,2,24.5,in-store
STORE_004,SKU_003,2024-07-09 16:49:20,4,5.99,in-store
STORE_004,SKU_003,2024-07-09 14:37:48,4,5.99,online
STORE_004,SKU_005,2024-07-09 15:39:43,1,8.75,in-store
STORE_004,SKU_009,2024-07-09 11:13:50,1,115.0,online
STORE_004,SKU_009,2024-07-09 11:44:27,1,115.0,online
STORE_001,SKU_005,2024-07-10 16:28:53,1,8.75,online
STORE_001,SKU_005,2024-07-10 14:19:35,1,8.75,in-store
STORE_001,SKU_005,2024-07-10 13:26:48,1,8.75,in-store
STORE_002,SKU_001,2024-07-10 15:38:34,1,12.99,online
STORE_004,SKU_002,2024-07-10 16:55:53,2,24.5,in-store
STORE_004,SKU_002,2024-07-10 12:08:05,2,24.5,in-store
STORE_005,SKU_001,2024-07-10 10:54:57,1,12.99,online
STORE_005,SKU_001,2024-07-10 11:05:26,1,12.99,in-store
STORE_005,SKU_004,2024-07-10 10:20:48,1,49.99,online
STORE_005,SKU_004,2024-07-10 18:47:22,1,49.99,online
STORE_005,SKU_004,2024-07-10 20:36:28,1,49.99,in-store
STORE_005,SKU_005,2024-07-10 13:11:38,1,8.75,online
STORE_005,SKU_005,2024-07-10 09:31:27,1,8.75,online
STORE_001,SKU_005,2024-07-11 08:25:02,1,8.75,in-store
STORE_001,SKU_005,2024-07-11 21:56:59,1,8.75,in-store
STORE_002,SKU_002,2024-07-11 16:24:54,1,24.5,online
STORE_002,SKU_002,2024-07-11 18:12:15,1,24.5,in-store
STORE_002,SKU_002,2024-07-11 12:15:34,1,24.5,online
STORE_003,SKU_001,2024-07-11 10:54:52,1,12.99,online
STORE_003,SKU_004,2024-07-11 21:01:39,1,49.99,in-store
STORE_003,SKU_004,2024-07-11 08:18:31,1,49.99,online
STORE_003,SKU_004,2024-07-11 12:36:27,1,49.99,online
STORE_003,SKU_005,2024-07-11 18:55:00,2,8.75,online
STORE_003,SKU_005,2024-07-11 18:19:11,2,8.75,in-store
STORE_004,SKU_001,2024-07-11 14:38:54,1,12.99,in-store
STORE_004,SKU_001,2024-07-11 14:41:05,1,12.99,in-store
STORE_004,SKU_001,2024-07-11 11:29:51,1,12.99,in-store
STORE_004,SKU_004,2024-07-11 13:41:37,1,49.99,in-store
STORE_004,SKU_004,2024-07-11 13:40:45,1,49.99,in-store
STORE_004,SKU_004,2024-07-11 15:52:01,1,49.99,online
STORE_005,SKU_002,2024-07-11 14:38:23,2,24.5,in-store
STORE_005,SKU_002,2024-07-11 16:48:27,2,24.5,online
STORE_005,SKU_002,2024-07-11 10:14:42,2,24.5,in-store
STORE_005,SKU_005,2024-07-11 20:02:07,1,8.75,in-store
STORE_005,SKU_005,2024-07-11 09:07:57,1,8.75,in-store
STORE_005,SKU_005,2024-07-11 10:01:58,1,8.75,in-store
STORE_005,SKU_008,2024-07-11 08:54:09,1,9.99,in-store
STORE_005,SKU_008,2024-07-11 08:55:04,1,9.99,online
STORE_005,SKU_008,2024-07-11 20:22:59,1,9.99,in-store
STORE_001,SKU_001,2024-07-12 11:28:10,2,12.99,online
STORE_001,SKU_002,2024-07-12 13:40:54,2,24.5,in-store
STORE_001,SKU_002,2024-07-12 12:37:30,2,24.5,online
STORE_001,SKU_004,2024-07-12 08:20:40,1,49.99,online
STORE_001,SKU_005,2024-07-12 19:42:30,2,8.75,in-store
STORE_001,SKU_007,2024-07-12 08:19:08,5,32.2,in-store
STORE_001,SKU_007,2024-07-12 20:21:51,5,32.2,online
STORE_001,SKU_007,2024-07-12 16:42:39,5,32.2,online
STORE_003,SKU_004,2024-07-12 16:10:03,1,49.99,online
STORE_003,SKU_010,2024-07-12 21:22:45,2,18.5,online
STORE_003,SKU_010,2024-07-12 19:18:18,2,18.5,online
STORE_004,SKU_002,2024-07-12 17:21:47,2,24.5,online
STORE_004,SKU_007,2024-07-12 08:16:30,3,32.2,online
STORE_005,SKU_001,2024-07-12 12:45:05,1,12.99,online
STORE_005,SKU_009,2024-07-12 20:08:03,1,115.0,online
STORE_005,SKU_009,2024-07-12 16:38:30,1,115.0,in-store
STORE_001,SKU_005,2024-07-13 19:20:34,4,8.75,online
STORE_001,SKU_005,2024-07-13 15:03:27,4,8.75,in-store
STORE_002,SKU_001,2024-07-13 17:10:05,2,12.99,in-store
STORE_002,SKU_001,2024-07-13 19:49:33,2,12.99,in-store
STORE_002,SKU_002,2024-07-13 21:33:05,4,24.5,in-store
STORE_002,SKU_002,2024-07-13 09:11:05,4,24.5,in-store
STORE_002,SKU_004,2024-07-13 15:46:05,1,49.99,in-store
STORE_002,SKU_004,2024-07-13 18:02:09,1,49.99,in-store
STORE_002,SKU_004,2024-07-13 18:23:19,1,49.99,in-store
STORE_002,SKU_005,2024-07-13 10:41:05,2,8.75,in-store
STORE_002,SKU_005,2024-07-13 11:40:12,2,8.75,in-store
STORE_002,SKU_007,2024-07-13 20:26:51,5,32.2,online
STORE_002,SKU_007,2024-07-13 11:46:48,5,32.2,online
STORE_002,SKU_007,2024-07-13 12:48:50,5,32.2,online
STORE_003,SKU_001,2024-07-13 21:17:14,3,12.99,in-store
STORE_003,SKU_001,2024-07-13 19:13:41,3,12.99,online
STORE_003,SKU_001,2024-07-13 08:39:22,3,12.99,online
STORE_003,SKU_003,2024-07-13 11:51:14,5,5.99,in-store
STORE_003,SKU_005,2024-07-13 19:06:44,2,8.75,in-store
STORE_003,SKU_005,2024-07-13 19:42:31,2,8.75,online
STORE_003,SKU_005,2024-07-13 09:58:28,2,8.75,in-store
STORE_003,SKU_007,2024-07-13 12:51:24,4,32.2,online
STORE_003,SKU_007,2024-07-13 21:37:22,4,32.2,online
STORE_003,SKU_007,2024-07-13 19:31:59,4,32.2,in-store
STORE_004,SKU_002,2024-07-13 18:00:39,3,24.5,in-store
STORE_004,SKU_007,2024-07-13 16:56:41,6,32.2,online
STORE_004,SKU_007,2024-07-13 10:01:20,6,32.2,online
STORE_005,SKU_001,2024-07-13 21:13:51,2,12.99,in-store
STORE_005,SKU_001,2024-07-13 20:18:15,2,12.99,online
STORE_005,SKU_008,2024-07-13 19:58:17,1,9.99,online
STORE_005,SKU_008,2024-07-13 13:43:57,1,9.99,online
STORE_005,SKU_009,2024-07-13 15:47:59,2,115.0,online
STORE_005,SKU_009,2024-07-13 13:53:43,2,115.0,in-store
STORE_005,SKU_010,2024-07-13 09:05:20,3,18.5,in-store
STORE_005,SKU_010,2024-07-13 17:15:09,3,18.5,in-store
STORE_001,SKU_002,2024-07-14 19:25:24,4,24.5,online
STORE_001,SKU_002,2024-07-14 16:11:21,4,24.5,in-store
STORE_001,SKU_004,2024-07-14 18:20:43,1,49.99,online
STORE_001,SKU_004,2024-07-14 10:55:04,1,49.99,online
STORE_001,SKU_004,2024-07-14 12:49:44,1,49.99,in-store
STORE_001,SKU_010,2024-07-14 19:41:56,5,18.5,online
STORE_001,SKU_010,2024-07-14 12:55:14,5,18.5,in-store
STORE_001,SKU_010,2024-07-14 21:09:48,5,18.5,online
STORE_002,SKU_002,2024-07-14 21:05:48,3,24.5,in-store
STORE_002,SKU_002,2024-07-14 10:13:31,3,24.5,online
STORE_002,SKU_010,2024-07-14 11:01:36,2,18.5,in-store
STORE_003,SKU_002,2024-07-14 09:04:16,3,24.5,in-store
STORE_003,SKU_002,2024-07-14 13:46:48,3,24.5,online
STORE_003,SKU_002,2024-07-14 15:24:03,3,24.5,online
STORE_003,SKU_005,2024-07-14 09:18:57,2,8.75,online
STORE_003,SKU_006,2024-07-14 15:57:21,2,15.0,online
STORE_004,SKU_001,2024-07-14 11:18:37,2,12.99,in-store
STORE_004,SKU_001,2024-07-14 15:42:20,2,12.99,online
STORE_004,SKU_001,2024-07-14 16:43:39,2,12.99,online
STORE_004,SKU_002,2024-07-14 08:05:58,3,24.5,online
STORE_004,SKU_002,2024-07-14 21:59:21,3,24.5,in-store
STORE_004,SKU_002,2024-07-14 15:05:56,3,24.5,online
STORE_004,SKU_005,2024-07-14 11:45:26,2,8.75,in-store
STORE_004,SKU_005,2024-07-14 17:32:07,2,8.75,in-store
STORE_004,SKU_010,2024-07-14 15:41:29,3,18.5,online
STORE_004,SKU_010,2024-07-14 13:26:48,3,18.5,in-store
STORE_005,SKU_001,2024-07-14 12:35:18,2,12.99,online
STORE_005,SKU_001,2024-07-14 20:31:18,2,12.99,online
STORE_005,SKU_003,2024-07-14 11:44:16,3,5.99,online
STORE_005,SKU_003,2024-07-14 16:09:35,3,5.99,in-store
STORE_005,SKU_003,2024-07-14 18:52:24,3,5.99,online
STORE_005,SKU_007,2024-07-14 17:21:01,6,32.2,online
STORE_005,SKU_007,2024-07-14 14:16:27,6,32.2,online
STORE_005,SKU_007,2024-07-14 10:23:29,6,32.2,online
STORE_001,SKU_001,2024-07-15 16:30:47,2,12.99,online
STORE_001,SKU_001,2024-07-15 15:35:43,2,12.99,online
STORE_001,SKU_004,2024-07-15 18:05:26,1,49.99,in-store
STORE_001,SKU_004,2024-07-15 12:09:28,1,49.99,in-store
STORE_001,SKU_006,2024-07-15 09:45:04,3,15.0,in-store
STORE_002,SKU_005,2024-07-15 16:40:27,1,8.75,in-store
STORE_002,SKU_008,2024-07-15 16:23:32,1,9.99,online
STORE_002,SKU_008,2024-07-15 20:08:50,1,9.99,online
STORE_003,SKU_007,2024-07-15 19:43:26,3,32.2,in-store
STORE_003,SKU_007,2024-07-15 11:12:02,3,32.2,in-store
STORE_003,SKU_008,2024-07-15 12:04:36,1,9.99,in-store
STORE_003,SKU_008,2024-07-15 14:43:27,1,9.99,in-store
STORE_003,SKU_008,2024-07-15 09:52:05,1,9.99,in-store
STORE_004,SKU_004,2024-07-15 15:59:50,1,49.99,online
STORE_005,SKU_003,2024-07-15 14:28:05,3,5.99,in-store
STORE_005,SKU_003,2024-07-15 14:09:07,3,5.99,online
STORE_005,SKU_004,2024-07-15 13:21:02,1,49.99,in-store
STORE_005,SKU_004,2024-07-15 21:54:49,1,49.99,online
STORE_001,SKU_008,2024-07-16 15:03:51,1,9.99,online
STORE_002,SKU_004,2024-07-16 10:13:41,1,49.99,in-store
STORE_002,SKU_004,2024-07-16 10:38:42,1,49.99,online
STORE_002,SKU_005,2024-07-16 11:33:09,1,8.75,online
STORE_002,SKU_005,2024-07-16 16:55:33,1,8.75,online
STORE_002,SKU_006,2024-07-16 13:41:13,3,15.0,in-store
STORE_002,SKU_006,2024-07-16 20:07:10,3,15.0,in-store
STORE_002,SKU_006,2024-07-16 14:21:36,3,15.0,in-store
STORE_002,SKU_008,2024-07-16 19:51:01,1,9.99,online
STORE_002,SKU_008,2024-07-16 19:16:25,1,9.99,in-store
STORE_003,SKU_001,2024-07-16 16:55:27,1,12.99,in-store
STORE_003,SKU_001,2024-07-16 18:16:07,1,12.99,in-store
STORE_003,SKU_005,2024-07-16 08:36:45,1,8.75,online
STORE_003,SKU_007,2024-07-16 11:57:19,2,32.2,online
STORE_003,SKU_007,2024-07-16 18:34:41,2,32.2,online
STORE_003,SKU_008,2024-07-16 20:40:06,1,9.99,online
STORE_003,SKU_008,2024-07-16 19:43:12,1,9.99,in-store
STORE_003,SKU_008,2024-07-16 15:49:58,1,9.99,online
STORE_004,SKU_001,2024-07-16 19:10:17,1,12.99,online
STORE_004,SKU_001,2024-07-16 21:30:57,1,12.99,online
STORE_004,SKU_001,2024-07-16 16:45:55,1,12.99,online
STORE_004,SKU_002,2024-07-16 15:24:17,1,24.5,in-store
STORE_004,SKU_002,2024-07-16 21:20:08,1,24.5,in-store
STORE_004,SKU_002,2024-07-16 13:12:51,1,24.5,in-store
STORE_004,SKU_003,2024-07-16 11:24:27,3,5.99,in-store
STORE_004,SKU_003,2024-07-16 20:46:34,3,5.99,in-store
STORE_004,SKU_007,2024-07-16 16:05:32,2,32.2,in-store
STORE_005,SKU_001,2024-07-16 16:04:26,1,12.99,online
STORE_005,SKU_001,2024-07-16 10:37:47,1,12.99,in-store
STORE_005,SKU_001,2024-07-16 16:43:13,1,12.99,in-store
STORE_005,SKU_007,2024-07-16 20:13:03,2,32.2,in-store
STORE_005,SKU_007,2024-07-16 19:39:38,2,32.2,in-store
STORE_001,SKU_001,2024-07-17 16:06:39,1,12.99,in-store
STORE_001,SKU_007,2024-07-17 21:15:56,4,32.2,in-store
STORE_001,SKU_007,2024-07-17 21:41:27,4,32.2,online
STORE_002,SKU_005,2024-07-17 15:51:43,1,8.75,in-store
STORE_002,SKU_008,2024-07-17 16:05:47,1,9.99,in-store
STORE_002,SKU_008,2024-07-17 08:41:04,1,9.99,in-store
STORE_002,SKU_008,2024-07-17 09:41:47,1,9.99,online
STORE_004,SKU_002,2024-07-17 10:08:10,2,24.5,online
STORE_004,SKU_005,2024-07-17 13:15:53,1,8.75,in-store
STORE_004,SKU_005,2024-07-17 10:12:45,1,8.75,online
STORE_004,SKU_005,2024-07-17 08:10:36,1,8.75,in-store
STORE_005,SKU_001,2024-07-17 18:13:44,1,12.99,online
STORE_005,SKU_004,2024-07-17 20:28:59,1,49.99,online
STORE_005,SKU_004,2024-07-17 13:08:39,1,49.99,in-store
STORE_005,SKU_004,2024-07-17 08:29:15,1,49.99,in-store
STORE_001,SKU_001,2024-07-18 18:13:32,2,12.99,in-store
STORE_001,SKU_002,2024-07-18 21:29:01,3,24.5,in-store
STORE_001,SKU_002,2024-07-18 12:13:08,3,24.5,online
STORE_001,SKU_002,2024-07-18 14:48:59,3,24.5,in-store
STORE_003,SKU_002,2024-07-18 12:24:00,3,24.5,online
STORE_003,SKU_002,2024-07-18 09:29:56,3,24.5,online
STORE_003,SKU_002,2024-07-18 10:29:32,3,24.5,online
STORE_003,SKU_010,2024-07-18 20:27:06,2,18.5,online
STORE_003,SKU_010,2024-07-18 10:38:45,2,18.5,in-store
STORE_003,SKU_010,2024-07-18 12:52:56,2,18.5,online
STORE_004,SKU_001,2024-07-18 15:15:31,1,12.99,in-store
STORE_004,SKU_001,2024-07-18 10:14:16,1,12.99,online
STORE_004,SKU_001,2024-07-18 18:19:37,1,12.99,online
STORE_004,SKU_005,2024-07-18 20:32:50,2,8.75,in-store
STORE_005,SKU_001,2024-07-18 08:40:35,1,12.99,in-store
STORE_005,SKU_001,2024-07-18 10:58:33,1,12.99,online
STORE_005,SKU_003,2024-07-18 14:02:05,3,5.99,online
STORE_005,SKU_010,2024-07-18 21:01:09,2,18.5,in-store
STORE_001,SKU_010,2024-07-19 13:48:03,2,18.5,in-store
STORE_002,SKU_002,2024-07-19 15:07:40,2,24.5,online
STORE_002,SKU_004,2024-07-19 10:26:22,1,49.99,in-store
STORE_002,SKU_004,2024-07-19 14:50:36,1,49.99,online
STORE_002,SKU_007,2024-07-19 14:49:56,4,32.2,online
STORE_002,SKU_007,2024-07-19 15:47:47,4,32.2,online
STORE_002,SKU_009,2024-07-19 19:57:49,1,115.0,online
STORE_002,SKU_009,2024-07-19 08:11:10,1,115.0,online
STORE_003,SKU_003,2024-07-19 08:55:28,3,5.99,in-store
STORE_003,SKU_003,2024-07-19 21:43:20,3,5.99,online
STORE_003,SKU_003,2024-07-19 16:02:35,3,5.99,online
STORE_003,SKU_008,2024-07-19 14:26:51,1,9.99,in-store
STORE_003,SKU_008,2024-07-19 17:26:34,1,9.99,in-store
STORE_003,SKU_010,2024-07-19 11:43:26,1,18.5,online
STORE_003,SKU_010,2024-07-19 14:07:29,1,18.5,online
STORE_003,SKU_010,2024-07-19 11:08:02,1,18.5,in-store
STORE_004,SKU_005,2024-07-19 20:31:25,1,8.75,in-store
STORE_004,SKU_005,2024-07-19 19:51:26,1,8.75,in-store
STORE_001,SKU_002,2024-07-20 16:43:51,5,24.5,online
STORE_001,SKU_002,2024-07-20 13:53:44,5,24.5,in-store
STORE_001,SKU_002,2024-07-20 19:17:15,5,24.5,online
STORE_001,SKU_005,2024-07-20 20:58:56,3,8.75,online
STORE_001,SKU_005,2024-07-20 11:58:12,3,8.75,online
STORE_002,SKU_001,2024-07-20 16:40:24,2,12.99,in-store
STORE_002,SKU_002,2024-07-20 10:09:50,4,24.5,in-store
STORE_002,SKU_002,2024-07-20 20:45:44,4,24.5,in-store
STORE_002,SKU_005,2024-07-20 15:36:19,2,8.75,online
STORE_002,SKU_005,2024-07-20 19:03:45,2,8.75,in-store
STORE_002,SKU_007,2024-07-20 11:38:03,5,32.2,online
STORE_002,SKU_007,2024-07-20 11:28:12,5,32.2,in-store
STORE_003,SKU_001,2024-07-20 20:28:48,2,12.99,online
STORE_003,SKU_005,2024-07-20 09:03:38,1,8.75,in-store
STORE_003,SKU_005,2024-07-20 17:30:20,1,8.75,online
STORE_003,SKU_007,2024-07-20 08:09:25,3,32.2,online
STORE_003,SKU_007,2024-07-20 09:02:57,3,32.2,online
STORE_003,SKU_007,2024-07-20 11:51:59,3,32.2,online
STORE_003,SKU_008,2024-07-20 13:17:19,1,9.99,in-store
STORE_003,SKU_008,2024-07-20 18:30:35,1,9.99,in-store
STORE_003,SKU_008,2024-07-20 11:25:23,1,9.99,in-store
STORE_004,SKU_002,2024-07-20 14:04:36,4,24.5,online
STORE_004,SKU_005,2024-07-20 21:23:48,1,8.75,in-store
STORE_004,SKU_005,2024-07-20 13:10:17,1,8.75,in-store
STORE_004,SKU_006,2024-07-20 15:31:15,3,15.0,online
STORE_004,SKU_006,2024-07-20 11:59:52,3,15.0,online
STORE_004,SKU_006,2024-07-20 11:02:23,3,15.0,online
STORE_004,SKU_008,2024-07-20 12:09:04,1,9.99,online
STORE_004,SKU_008,2024-07-20 12:56:50,1,9.99,online
STORE_004,SKU_008,2024-07-20 19:58:41,1,9.99,online
STORE_005,SKU_003,2024-07-20 16:41:12,5,5.99,in-store
STORE_005,SKU_003,2024-07-20 12:15:10,5,5.99,in-store
STORE_005,SKU_003,2024-07-20 14:25:44,5,5.99,in-store
STORE_005,SKU_006,2024-07-20 20:42:55,2,15.0,in-store
STORE_005,SKU_006,2024-07-20 15:13:24,2,15.0,online
STORE_001,SKU_001,2024-07-21 20:52:30,4,12.99,online
STORE_001,SKU_001,2024-07-21 09:27:18,4,12.99,online
STORE_001,SKU_001,2024-07-21 11:31:47,4,12.99,in-store
STORE_001,SKU_002,2024-07-21 18:24:40,6,24.5,in-store
STORE_001,SKU_007,2024-07-21 08:10:47,8,32.2,online
STORE_001,SKU_007,2024-07-21 12:03:26,8,32.2,in-store
STORE_001,SKU_008,2024-07-21 18:29:28,1,9.99,online
STORE_001,SKU_010,2024-07-21 19:29:44,6,18.5,in-store
STORE_001,SKU_010,2024-07-21 20:51:53,6,18.5,in-store
STORE_002,SKU_002,2024-07-21 13:19:49,4,24.5,in-store
STORE_002,SKU_002,2024-07-21 10:47:40,4,24.5,online
STORE_002,SKU_007,2024-07-21 10:40:30,6,32.2,in-store
STORE_002,SKU_007,2024-07-21 19:05:48,6,32.2,in-store
STORE_002,SKU_007,2024-07-21 10:42:13,6,32.2,online
STORE_002,SKU_009,2024-07-21 10:54:33,1,115.0,online
STORE_003,SKU_004,2024-07-21 14:41:22,1,49.99,online
STORE_005,SKU_002,2024-07-21 12:55:52,4,24.5,online
STORE_005,SKU_002,2024-07-21 08:10:31,4,24.5,in-store
STORE_005,SKU_004,2024-07-21 20:06:46,1,49.99,in-store
STORE_005,SKU_004,2024-07-21 17:25:59,1,49.99,in-store
STORE_005,SKU_007,2024-07-21 16:59:57,6,32.2,in-store
STORE_005,SKU_007,2024-07-21 15:02:28,6,32.2,online
STORE_005,SKU_007,2024-07-21 12:24:01,6,32.2,online
STORE_005,SKU_008,2024-07-21 20:13:18,1,9.99,in-store
STORE_005,SKU_008,2024-07-21 08:22:02,1,9.99,online
STORE_005,SKU_008,2024-07-21 11:52:32,1,9.99,online
STORE_001,SKU_002,2024-07-22 15:45:05,2,24.5,in-store
STORE_001,SKU_002,2024-07-22 09:24:33,2,24.5,in-store
STORE_001,SKU_006,2024-07-22 13:25:44,3,15.0,in-store
STORE_001,SKU_006,2024-07-22 16:50:35,3,15.0,in-store
STORE_003,SKU_005,2024-07-22 09:09:37,1,8.75,online
STORE_003,SKU_010,2024-07-22 18:38:19,1,18.5,online
STORE_004,SKU_002,2024-07-22 14:40:26,2,24.5,in-store
STORE_004,SKU_002,2024-07-22 08:30:24,2,24.5,online
STORE_004,SKU_002,2024-07-22 09:30:35,2,24.5,in-store
STORE_004,SKU_003,2024-07-22 13:40:43,2,5.99,in-store
STORE_004,SKU_003,2024-07-22 17:49:14,2,5.99,in-store
STORE_004,SKU_003,2024-07-22 16:36:08,2,5.99,in-store
STORE_004,SKU_007,2024-07-22 11:37:14,3,32.2,in-store
STORE_004,SKU_007,2024-07-22 15:00:23,3,32.2,in-store
STORE_004,SKU_007,2024-07-22 20:17:23,,32.2,online
STORE_004,SKU_010,2024-07-22 09:11:52,2,18.5,in-store
STORE_004,SKU_010,2024-07-22 18:46:04,2,18.5,in-store
STORE_004,SKU_010,2024-07-22 16:52:55,2,18.5,online
STORE_005,SKU_004,2024-07-22 21:23:07,1,49.99,online
STORE_005,SKU_004,2024-07-22 15:40:09,1,49.99,online
STORE_001,SKU_005,2024-07-23 14:26:02,2,8.75,online
STORE_001,SKU_005,2024-07-23 19:13:18,2,8.75,in-store
STORE_001,SKU_005,2024-07-23 11:07:19,2,8.75,in-store
STORE_002,SKU_004,2024-07-23 10:55:47,1,49.99,in-store
STORE_002,SKU_004,2024-07-23 14:57:53,1,49.99,in-store
STORE_002,SKU_004,2024-07-23 14:52:18,1,49.99,in-store
STORE_002,SKU_010,2024-07-23 09:54:24,2,18.5,in-store
STORE_004,SKU_003,2024-07-23 17:32:08,3,5.99,online
STORE_005,SKU_001,2024-07-23 11:11:56,1,12.99,online
STORE_005,SKU_001,2024-07-23 12:47:53,1,12.99,in-store
STORE_005,SKU_002,2024-07-23 20:58:32,3,24.5,online
STORE_005,SKU_002,2024-07-23 18:17:38,3,24.5,in-store
STORE_005,SKU_002,2024-07-23 19:47:27,3,24.5,online
STORE_005,SKU_004,2024-07-23 10:51:27,1,49.99,online
STORE_001,SKU_005,2024-07-24 13:44:57,2,8.75,in-store
STORE_001,SKU_005,2024-07-24 21:18:11,2,8.75,online
STORE_001,SKU_005,2024-07-24 15:00:24,2,8.75,in-store
STORE_001,SKU_007,2024-07-24 08:49:09,4,32.2,in-store
STORE_002,SKU_002,2024-07-24 20:32:21,2,24.5,online
STORE_002,SKU_003,2024-07-24 15:33:51,3,5.99,online
STORE_002,SKU_005,2024-07-24 09:12:29,1,8.75,in-store
STORE_002,SKU_005,2024-07-24 16:52:00,1,8.75,online
STORE_002,SKU_005,2024-07-24 15:42:12,1,8.75,online
STORE_002,SKU_006,2024-07-24 17:57:44,3,15.0,online
STORE_004,SKU_002,2024-07-24 15:20:49,2,24.5,online
STORE_005,SKU_002,2024-07-24 10:55:03,2,24.5,in-store
STORE_005,SKU_006,2024-07-24 21:16:23,2,15.0,online
STORE_005,SKU_006,2024-07-24 10:06:44,2,15.0,in-store
STORE_001,SKU_005,2024-07-25 17:15:34,1,8.75,online
STORE_001,SKU_005,2024-07-25 18:46:09,1,8.75,in-store
STORE_001,SKU_007,2024-07-25 09:06:56,3,32.2,in-store
STORE_001,SKU_007,2024-07-25 13:30:59,3,32.2,in-store
STORE_003,SKU_001,2024-07-25 09:05:34,1,12.99,in-store
STORE_003,SKU_008,2024-07-25 18:09:22,1,9.99,in-store
STORE_003,SKU_008,2024-07-25 13:23:29,1,9.99,online
STORE_004,SKU_010,2024-07-25 21:04:36,1,18.5,online
STORE_004,SKU_010,2024-07-25 13:20:59,1,18.5,in-store
STORE_004,SKU_010,2024-07-25 16:12:54,1,18.5,online
STORE_001,SKU_008,2024-07-26 20:28:57,1,9.99,in-store
STORE_002,SKU_004,2024-07-26 13:34:27,1,49.99,online
STORE_002,SKU_004,2024-07-26 08:56:13,1,49.99,in-store
STORE_002,SKU_004,2024-07-26 18:58:56,1,49.99,online
STORE_002,SKU_005,2024-07-26 15:06:08,1,8.75,in-store
STORE_002,SKU_005,2024-07-26 10:13:08,1,8.75,in-store
STORE_002,SKU_005,2024-07-26 08:32:56,1,8.75,in-store
STORE_003,SKU_005,2024-07-26 18:19:11,1,8.75,in-store
STORE_003,SKU_005,2024-07-26 14:52:26,1,8.75,in-store
STORE_003,SKU_005,2024-07-26 12:41:55,1,8.75,online
STORE_004,SKU_001,2024-07-26 19:42:38,1,12.99,online
STORE_004,SKU_001,2024-07-26 12:33:22,1,12.99,online
STORE_004,SKU_002,2024-07-26 09:17:25,3,24.5,in-store
STORE_004,SKU_010,2024-07-26 14:00:04,2,18.5,online
STORE_004,SKU_010,2024-07-26 11:52:30,2,18.5,online
STORE_001,SKU_001,2024-07-27 13:58:43,,12.99,online
STORE_001,SKU_001,2024-07-27 15:16:08,3,12.99,in-store
STORE_001,SKU_001,2024-07-27 14:29:51,3,12.99,online
STORE_001,SKU_005,2024-07-27 08:36:54,2,8.75,online
STORE_001,SKU_008,2024-07-27 09:25:51,1,9.99,online
STORE_001,SKU_010,2024-07-27 10:50:27,5,18.5,online
STORE_001,SKU_010,2024-07-27 13:01:38,5,18.5,in-store
STORE_001,SKU_010,2024-07-27 15:56:32,5,18.5,in-store
STORE_002,SKU_003,2024-07-27 10:40:57,4,5.99,online
STORE_002,SKU_005,2024-07-27 11:52:11,1,8.75,online
STORE_002,SKU_005,2024-07-27 15:44:15,1,8.75,online
STORE_002,SKU_010,2024-07-27 21:13:06,4,18.5,in-store
STORE_002,SKU_010,2024-07-27 09:45:10,4,18.5,online
STORE_002,SKU_010,2024-07-27 21:54:51,4,18.5,online
STORE_003,SKU_007,2024-07-27 14:13:48,6,32.2,online
STORE_003,SKU_007,2024-07-27 13:25:57,6,32.2,in-store
STORE_003,SKU_007,2024-07-27 15:40:46,6,32.2,online
STORE_003,SKU_008,2024-07-27 14:58:53,1,9.99,in-store
STORE_003,SKU_008,2024-07-27 09:06:34,1,9.99,in-store
STORE_003,SKU_010,2024-07-27 10:53:47,3,18.5,online
STORE_003,SKU_010,2024-07-27 18:24:21,3,18.5,in-store
STORE_003,SKU_010,2024-07-27 09:44:49,3,18.5,online
STORE_004,SKU_004,2024-07-27 19:58:43,1,49.99,in-store
STORE_004,SKU_005,2024-07-27 16:13:01,2,8.75,in-store
STORE_004,SKU_008,2024-07-27 12:39:37,1,9.99,in-store
STORE_004,SKU_008,2024-07-27 11:22:29,1,9.99,online
STORE_004,SKU_010,2024-07-27 09:15:08,4,18.5,online
STORE_005,SKU_005,2024-07-27 20:10:18,3,8.75,in-store
STORE_005,SKU_005,2024-07-27 12:27:33,3,8.75,in-store
STORE_005,SKU_005,2024-07-27 11:54:28,3,8.75,online
STORE_005,SKU_006,2024-07-27 09:06:49,2,15.0,online
STORE_005,SKU_008,2024-07-27 12:31:39,1,9.99,online
STORE_005,SKU_008,2024-07-27 15:33:35,1,9.99,in-store
STORE_005,SKU_008,2024-07-27 15:31:26,1,9.99,online
STORE_001,SKU_007,2024-07-28 15:13:06,6,32.2,online
STORE_001,SKU_007,2024-07-28 08:44:40,6,32.2,in-store
STORE_002,SKU_002,2024-07-28 18:53:32,3,24.5,in-store
STORE_002,SKU_002,2024-07-28 14:26:04,3,24.5,in-store
STORE_003,SKU_004,2024-07-28 09:48:14,1,49.99,online
STORE_003,SKU_004,2024-07-28 12:07:57,1,49.99,online
STORE_003,SKU_006,2024-07-28 16:27:55,3,15.0,in-store
STORE_003,SKU_006,2024-07-28 13:11:02,3,15.0,in-store
STORE_003,SKU_008,2024-07-28 19:35:40,1,9.99,in-store
STORE_003,SKU_008,2024-07-28 21:13:04,1,9.99,in-store
STORE_003,SKU_008,2024-07-28 21:39:20,1,9.99,in-store
STORE_004,SKU_001,2024-07-28 15:07:49,2,12.99,in-store
STORE_004,SKU_001,2024-07-28 12:04:44,2,12.99,online
STORE_004,SKU_002,2024-07-28 21:46:52,3,24.5,online
STORE_004,SKU_003,2024-07-28 10:37:05,6,5.99,in-store
STORE_004,SKU_003,2024-07-28 10:43:57,6,5.99,online
STORE_004,SKU_009,2024-07-28 15:16:05,2,115.0,online
STORE_005,SKU_001,2024-07-28 12:34:19,1,12.99,online
STORE_005,SKU_008,2024-07-28 12:55:51,1,9.99,online
STORE_005,SKU_008,2024-07-28 21:36:35,1,9.99,online
STORE_005,SKU_008,2024-07-28 16:56:57,1,9.99,in-store
STORE_005,SKU_010,2024-07-28 14:05:13,3,18.5,online
STORE_001,SKU_001,2024-07-29 13:18:37,2,12.99,in-store
STORE_001,SKU_002,2024-07-29 12:45:32,3,24.5,online
STORE_001,SKU_008,2024-07-29 18:21:42,1,9.99,online
STORE_001,SKU_010,2024-07-29 19:18:38,4,18.5,in-store
STORE_002,SKU_004,2024-07-29 09:50:12,1,49.99,in-store
STORE_002,SKU_004,2024-07-29 14:28:17,1,49.99,online
STORE_002,SKU_004,2024-07-29 10:09:56,1,49.99,online
STORE_003,SKU_004,2024-07-29 18:31:58,1,49.99,in-store
STORE_003,SKU_004,2024-07-29 20:38:16,1,49.99,online
STORE_004,SKU_008,2024-07-29 21:28:53,1,9.99,online
STORE_004,SKU_008,2024-07-29 11:09:35,1,9.99,in-store
STORE_004,SKU_008,2024-07-29 12:13:59,1,9.99,online
STORE_005,SKU_002,2024-07-29 15:55:10,3,24.5,in-store
STORE_005,SKU_002,2024-07-29 14:36:57,3,24.5,in-store
STORE_005,SKU_002,2024-07-29 21:06:57,3,24.5,in-store
STORE_002,SKU_001,2024-07-30 21:54:24,1,12.99,in-store
STORE_003,SKU_007,2024-07-30 16:59:35,2,32.2,online
STORE_003,SKU_007,2024-07-30 18:31:28,2,32.2,in-store
STORE_003,SKU_007,2024-07-30 19:26:51,2,32.2,online
STORE_004,SKU_002,2024-07-30 10:29:41,3,24.5,in-store
STORE_004,SKU_004,2024-07-30 11:02:20,1,49.99,in-store
STORE_004,SKU_004,2024-07-30 10:37:16,1,49.99,online
STORE_004,SKU_004,2024-07-30 11:08:26,1,49.99,in-store
STORE_005,SKU_004,2024-07-30 08:43:10,1,49.99,online
STORE_001,SKU_010,2024-07-31 16:18:16,2,18.5,in-store
STORE_001,SKU_010,2024-07-31 19:44:43,2,18.5,in-store
STORE_002,SKU_002,2024-07-31 19:46:26,2,24.5,online
STORE_002,SKU_004,2024-07-31 21:09:09,1,49.99,online
STORE_002,SKU_008,2024-07-31 14:00:53,1,9.99,in-store
STORE_002,SKU_008,2024-07-31 19:32:37,1,9.99,in-store
STORE_002,SKU_008,2024-07-31 10:39:06,1,9.99,online
STORE_003,SKU_002,2024-07-31 20:09:22,2,24.5,online
STORE_003,SKU_002,2024-07-31 11:17:37,2,24.5,in-store
STORE_003,SKU_010,2024-07-31 08:43:43,2,18.5,online
STORE_003,SKU_010,2024-07-31 11:48:06,2,18.5,in-store
STORE_003,SKU_010,2024-07-31 08:34:32,2,18.5,in-store
STORE_001,SKU_001,2024-08-01 12:20:41,1,12.99,online
STORE_001,SKU_001,2024-08-01 17:02:22,1,12.99,online
STORE_001,SKU_001,2024-08-01 13:51:04,1,12.99,in-store
STORE_001,SKU_005,2024-08-01 20:22:30,2,8.75,online
STORE_001,SKU_007,2024-08-01 10:23:41,4,32.2,online
STORE_001,SKU_007,2024-08-01 08:16:18,4,32.2,in-store
STORE_001,SKU_007,2024-08-01 18:34:15,4,32.2,online
STORE_001,SKU_008,2024-08-01 13:09:53,1,9.99,online
STORE_002,SKU_004,2024-08-01 18:44:12,1,49.99,online
STORE_002,SKU_004,2024-08-01 11:22:11,1,49.99,in-store
STORE_002,SKU_005,2024-08-01 16:41:36,1,8.75,in-store
STORE_003,SKU_004,2024-08-01 13:19:05,1,49.99,online
STORE_003,SKU_004,2024-08-01 16:26:22,1,49.99,in-store
STORE_004,SKU_006,2024-08-01 19:52:00,2,15.0,online
STORE_004,SKU_006,2024-08-01 18:47:40,2,15.0,in-store
STORE_004,SKU_008,2024-08-01 20:00:41,1,9.99,online
STORE_004,SKU_008,2024-08-01 08:58:30,1,9.99,online
STORE_005,SKU_003,2024-08-01 21:13:29,3,5.99,in-store
STORE_005,SKU_003,2024-08-01 13:00:42,3,5.99,in-store
STORE_005,SKU_008,2024-08-01 21:53:39,1,9.99,in-store
STORE_005,SKU_008,2024-08-01 11:08:04,1,9.99,online
STORE_005,SKU_008,2024-08-01 08:14:52,1,9.99,online
STORE_001,SKU_004,2024-08-02 20:38:29,1,49.99,in-store
STORE_001,SKU_010,2024-08-02 16:57:12,3,18.5,in-store
STORE_001,SKU_010,2024-08-02 15:10:19,3,18.5,in-store
STORE_001,SKU_010,2024-08-02 08:15:04,3,18.5,in-store
STORE_004,SKU_002,2024-08-02 16:57:13,2,24.5,in-store
STORE_004,SKU_002,2024-08-02 13:48:41,2,24.5,online
STORE_005,SKU_010,2024-08-02 16:07:32,2,18.5,online
STORE_005,SKU_010,2024-08-02 16:20:02,2,18.5,in-store
STORE_005,SKU_010,2024-08-02 18:16:52,2,18.5,online
STORE_001,SKU_005,2024-08-03 17:03:17,3,8.75,in-store
STORE_001,SKU_005,2024-08-03 15:10:25,3,8.75,online
STORE_001,SKU_008,2024-08-03 10:07:03,1,9.99,online
STORE_001,SKU_008,2024-08-03 11:45:01,1,9.99,in-store
STORE_001,SKU_008,2024-08-03 14:33:50,1,9.99,online
STORE_001,SKU_010,2024-08-03 21:41:19,4,18.5,in-store
STORE_002,SKU_008,2024-08-03 08:52:15,1,9.99,online
STORE_002,SKU_008,2024-08-03 11:09:05,1,9.99,online
STORE_002,SKU_008,2024-08-03 18:47:38,1,9.99,online
STORE_003,SKU_001,2024-08-03 12:58:03,2,12.99,online
STORE_003,SKU_001,2024-08-03 13:01:11,2,12.99,online
STORE_003,SKU_002,2024-08-03 09:52:04,4,24.5,in-store
STORE_003,SKU_002,2024-08-03 19:31:28,4,24.5,online
STORE_004,SKU_007,2024-08-03 12:36:18,3,32.2,in-store
STORE_004,SKU_008,2024-08-03 20:34:11,1,9.99,online
STORE_004,SKU_008,2024-08-03 21:09:41,1,9.99,in-store
STORE_004,SKU_008,2024-08-03 13:30:29,1,9.99,in-store
STORE_005,SKU_007,2024-08-03 12:11:21,5,32.2,in-store
STORE_005,SKU_007,2024-08-03 17:59:05,5,32.2,online
STORE_005,SKU_007,2024-08-03 10:52:15,5,32.2,online
STORE_001,SKU_002,2024-08-04 19:43:37,4,24.5,online
STORE_001,SKU_002,2024-08-04 19:20:02,4,24.5,in-store
STORE_001,SKU_004,2024-08-04 14:08:55,1,49.99,online
STORE_001,SKU_004,2024-08-04 21:54:29,1,49.99,online
STORE_001,SKU_004,2024-08-04 14:16:55,1,49.99,in-store
STORE_001,SKU_005,2024-08-04 20:22:54,4,8.75,in-store
STORE_001,SKU_008,2024-08-04 09:45:27,1,9.99,in-store
STORE_001,SKU_008,2024-08-04 10:16:46,1,9.99,online
STORE_001,SKU_008,2024-08-04 12:40:28,1,9.99,in-store
STORE_002,SKU_004,2024-08-04 14:50:43,1,49.99,in-store
STORE_002,SKU_004,2024-08-04 16:51:12,1,49.99,online
STORE_002,SKU_004,2024-08-04 11:42:27,1,49.99,online
STORE_002,SKU_008,2024-08-04 16:44:00,1,9.99,in-store
STORE_002,SKU_008,2024-08-04 16:39:13,1,9.99,in-store
STORE_002,SKU_008,2024-08-04 11:34:24,1,9.99,in-store
STORE_003,SKU_005,2024-08-04 21:01:04,2,8.75,in-store
STORE_003,SKU_005,2024-08-04 09:35:53,2,8.75,online
STORE_003,SKU_005,2024-08-04 10:38:49,2,8.75,in-store
STORE_004,SKU_001,2024-08-04 14:05:45,2,12.99,in-store
STORE_004,SKU_008,2024-08-04 20:02:44,1,9.99,in-store
STORE_005,SKU_001,2024-08-04 09:06:06,3,12.99,in-store
STORE_005,SKU_001,2024-08-04 11:32:29,3,12.99,online
STORE_005,SKU_001,2024-08-04 15:05:29,3,12.99,online
STORE_005,SKU_004,2024-08-04 09:00:12,1,49.99,in-store
STORE_005,SKU_004,2024-08-04 13:45:07,1,49.99,online
STORE_005,SKU_004,2024-08-04 13:40:52,1,49.99,in-store
STORE_005,SKU_007,2024-08-04 08:35:19,4,32.2,online
STORE_005,SKU_007,2024-08-04 20:57:25,4,32.2,online
STORE_005,SKU_010,2024-08-04 11:33:08,3,18.5,online
STORE_005,SKU_010,2024-08-04 16:59:55,3,18.5,online
STORE_005,SKU_010,2024-08-04 08:44:07,3,18.5,online
STORE_001,SKU_005,2024-08-05 09:42:32,2,8.75,in-store
STORE_001,SKU_005,2024-08-05 20:22:29,2,8.75,in-store
STORE_001,SKU_007,2024-08-05 15:39:48,4,32.2,in-store
STORE_001,SKU_007,2024-08-05 20:22:17,4,32.2,in-store
STORE_001,SKU_007,2024-08-05 12:38:19,4,32.2,online
STORE_001,SKU_008,2024-08-05 11:32:53,1,9.99,online
STORE_001,SKU_008,2024-08-05 18:59:09,1,9.99,in-store
STORE_001,SKU_008,2024-08-05 21:48:38,1,9.99,online
STORE_002,SKU_005,2024-08-05 17:57:42,1,8.75,in-store
STORE_002,SKU_005,2024-08-05 14:12:32,1,8.75,online
STORE_002,SKU_005,2024-08-05 10:19:56,1,8.75,online
STORE_002,SKU_006,2024-08-05 08:44:13,2,15.0,online
STORE_002,SKU_007,2024-08-05 14:16:48,3,32.2,in-store
STORE_003,SKU_001,2024-08-05 20:44:35,2,12.99,in-store
STORE_003,SKU_001,2024-08-05 10:18:24,2,12.99,in-store
STORE_003,SKU_004,2024-08-05 11:11:52,1,49.99,in-store
STORE_003,SKU_004,2024-08-05 08:13:27,1,49.99,online
STORE_003,SKU_004,2024-08-05 09:43:56,1,49.99,in-store
STORE_003,SKU_008,2024-08-05 21:00:46,1,9.99,in-store
STORE_003,SKU_008,2024-08-05 09:33:44,1,9.99,in-store
STORE_003,SKU_008,2024-08-05 15:08:28,1,9.99,in-store
STORE_004,SKU_008,2024-08-05 13:07:12,1,9.99,in-store
STORE_004,SKU_008,2024-08-05 14:39:19,1,9.99,in-store
STORE_004,SKU_008,2024-08-05 14:55:08,1,9.99,in-store
STORE_004,SKU_010,2024-08-05 16:45:47,2,18.5,online
STORE_004,SKU_010,2024-08-05 18:42:30,2,18.5,in-store
STORE_001,SKU_002,2024-08-06 14:18:26,2,24.5,in-store
STORE_001,SKU_002,2024-08-06 21:53:40,2,24.5,online
STORE_001,SKU_007,2024-08-06 10:14:06,4,32.2,in-store
STORE_001,SKU_007,2024-08-06 16:25:56,4,32.2,online
STORE_001,SKU_007,2024-08-06 09:29:10,4,32.2,online
STORE_002,SKU_004,2024-08-06 08:31:48,1,49.99,in-store
STORE_002,SKU_004,2024-08-06 18:49:48,1,49.99,online
STORE_003,SKU_008,2024-08-06 10:55:08,1,9.99,in-store
STORE_003,SKU_008,2024-08-06 13:02:13,1,9.99,in-store
STORE_004,SKU_005,2024-08-06 18:22:08,2,8.75,online
STORE_004,SKU_008,2024-08-06 21:45:32,1,9.99,online
STORE_005,SKU_005,2024-08-06 17:06:16,1,8.75,in-store
STORE_005,SKU_005,2024-08-06 21:12:19,1,8.75,online
STORE_005,SKU_010,2024-08-06 14:38:47,3,18.5,in-store
STORE_005,SKU_010,2024-08-06 21:56:19,3,18.5,in-store
STORE_002,SKU_002,2024-08-07 17:09:11,1,24.5,in-store
STORE_002,SKU_002,2024-08-07 11:40:01,1,24.5,online
STORE_002,SKU_008,2024-08-07 09:08:53,1,9.99,online
STORE_002,SKU_008,2024-08-07 10:44:32,1,9.99,in-store
STORE_003,SKU_003,2024-08-07 11:12:32,2,5.99,in-store
STORE_003,SKU_008,2024-08-07 21:59:05,1,9.99,online
STORE_003,SKU_008,2024-08-07 08:25:38,1,9.99,in-store
STORE_003,SKU_008,2024-08-07 14:21:21,1,9.99,online
STORE_003,SKU_010,2024-08-07 15:47:29,2,18.5,online
STORE_004,SKU_005,2024-08-07 14:05:58,1,8.75,in-store
STORE_004,SKU_005,2024-08-07 21:35:02,1,8.75,in-store
STORE_004,SKU_005,2024-08-07 13:02:53,1,8.75,in-store
STORE_004,SKU_009,2024-08-07 12:05:15,1,115.0,online
STORE_004,SKU_009,2024-08-07 20:51:03,1,115.0,online
STORE_004,SKU_009,2024-08-07 20:50:49,1,115.0,in-store
STORE_005,SKU_006,2024-08-07 20:04:00,2,15.0,online
STORE_005,SKU_008,2024-08-07 16:01:20,1,9.99,online
STORE_005,SKU_009,2024-08-07 19:39:01,1,115.0,online
STORE_005,SKU_009,2024-08-07 19:42:58,1,115.0,in-store
STORE_002,SKU_004,2024-08-08 18:16:04,1,49.99,online
STORE_002,SKU_004,2024-08-08 13:55:38,1,49.99,in-store
STORE_002,SKU_004,2024-08-08 08:01:07,1,49.99,in-store
STORE_002,SKU_010,2024-08-08 18:12:14,2,18.5,online
STORE_002,SKU_010,2024-08-08 20:32:53,2,18.5,in-store
STORE_002,SKU_010,2024-08-08 21:18:34,2,18.5,online
STORE_003,SKU_004,2024-08-08 19:36:38,1,49.99,in-store
STORE_003,SKU_004,2024-08-08 12:24:38,1,49.99,in-store
STORE_003,SKU_004,2024-08-08 20:01:58,1,49.99,online
STORE_003,SKU_008,2024-08-08 08:11:44,1,9.99,in-store
STORE_003,SKU_008,2024-08-08 16:49:09,1,9.99,in-store
STORE_004,SKU_002,2024-08-08 10:26:26,3,24.5,online
STORE_004,SKU_002,2024-08-08 20:07:37,3,24.5,in-store
STORE_004,SKU_002,2024-08-08 10:49:05,3,24.5,online
STORE_004,SKU_008,2024-08-08 08:43:13,1,9.99,online
STORE_004,SKU_008,2024-08-08 11:02:27,1,9.99,in-store
STORE_004,SKU_008,2024-08-08 17:40:15,1,9.99,in-store
STORE_005,SKU_003,2024-08-08 12:03:10,3,5.99,in-store
STORE_005,SKU_003,2024-08-08 11:33:37,3,5.99,online
STORE_005,SKU_003,2024-08-08 12:07:53,3,5.99,in-store
STORE_001,SKU_005,2024-08-09 10:17:45,1,8.75,online
STORE_001,SKU_005,2024-08-09 09:15:19,1,8.75,in-store
STORE_001,SKU_005,2024-08-09 08:20:36,1,8.75,online
STORE_001,SKU_010,2024-08-09 13:45:41,3,18.5,in-store
STORE_001,SKU_010,2024-08-09 16:36:22,3,18.5,online
STORE_001,SKU_010,2024-08-09 17:39:41,3,18.5,online
STORE_002,SKU_001,2024-08-09 12:39:00,1,12.99,online
STORE_002,SKU_001,2024-08-09 17:51:31,1,12.99,online
STORE_002,SKU_001,2024-08-09 13:22:53,1,12.99,online
STORE_002,SKU_007,2024-08-09 16:04:29,2,32.2,in-store
STORE_003,SKU_006,2024-08-09 10:53:06,2,15.0,online
STORE_004,SKU_007,2024-08-09 17:23:43,4,32.2,online
STORE_004,SKU_007,2024-08-09 15:52:32,4,32.2,in-store
STORE_005,SKU_005,2024-08-09 13:17:30,1,8.75,in-store
STORE_005,SKU_005,2024-08-09 21:45:44,1,8.75,in-store
STORE_005,SKU_010,2024-08-09 10:59:39,2,18.5,online
STORE_005,SKU_010,2024-08-09 17:42:24,2,18.5,online
STORE_001,SKU_001,2024-08-10 10:23:26,4,12.99,online
STORE_001,SKU_002,2024-08-10 17:01:33,6,24.5,in-store
STORE_001,SKU_005,2024-08-10 12:22:41,2,8.75,online
STORE_001,SKU_005,2024-08-10 12:33:15,2,8.75,in-store
STORE_002,SKU_001,2024-08-10 08:29:35,2,12.99,in-store
STORE_002,SKU_001,2024-08-10 11:57:15,2,12.99,online
STORE_002,SKU_001,2024-08-10 08:14:38,2,12.99,in-store
STORE_002,SKU_005,2024-08-10 13:31:21,3,8.75,in-store
STORE_002,SKU_005,2024-08-10 16:20:05,3,8.75,online
STORE_002,SKU_008,2024-08-10 14:36:02,1,9.99,online
STORE_002,SKU_009,2024-08-10 08:28:43,2,115.0,online
STORE_002,SKU_009,2024-08-10 10:56:00,2,115.0,online
STORE_003,SKU_002,2024-08-10 11:45:15,2,24.5,online
STORE_003,SKU_002,2024-08-10 16:02:12,2,24.5,in-store
STORE_003,SKU_002,2024-08-10 21:25:25,2,24.5,online
STORE_003,SKU_006,2024-08-10 09:17:09,2,15.0,online
STORE_004,SKU_005,2024-08-10 15:23:47,2,8.75,online
STORE_005,SKU_004,2024-08-10 11:47:39,1,49.99,in-store
STORE_005,SKU_005,2024-08-10 09:59:39,2,8.75,online
STORE_005,SKU_005,2024-08-10 19:00:16,2,8.75,in-store
STORE_005,SKU_006,2024-08-10 12:25:32,4,15.0,in-store
STORE_005,SKU_006,2024-08-10 18:00:40,4,15.0,online
STORE_005,SKU_007,2024-08-10 21:31:41,6,32.2,online
STORE_005,SKU_007,2024-08-10 17:40:53,6,32.2,in-store
STORE_001,SKU_001,2024-08-11 19:12:44,3,12.99,online
STORE_001,SKU_001,2024-08-11 21:40:38,3,12.99,online
STORE_001,SKU_002,2024-08-11 08:45:59,3,24.5,in-store
STORE_001,SKU_004,2024-08-11 20:25:27,1,49.99,in-store
STORE_001,SKU_004,2024-08-11 08:00:50,1,49.99,in-store
STORE_001,SKU_005,2024-08-11 12:44:37,4,8.75,online
STORE_001,SKU_005,2024-08-11 12:25:14,4,8.75,in-store
STORE_001,SKU_007,2024-08-11 12:34:18,5,32.2,online
STORE_001,SKU_008,2024-08-11 12:03:19,1,9.99,in-store
STORE_001,SKU_008,2024-08-11 12:07:38,1,9.99,online
STORE_001,SKU_008,2024-08-11 13:57:49,1,9.99,online
STORE_001,SKU_009,2024-08-11 08:53:56,3,115.0,in-store
STORE_001,SKU_009,2024-08-11 16:18:34,3,115.0,in-store
STORE_002,SKU_002,2024-08-11 09:56:33,4,24.5,online
STORE_002,SKU_002,2024-08-11 13:11:14,4,24.5,online
STORE_002,SKU_002,2024-08-11 18:23:21,4,24.5,in-store
STORE_002,SKU_004,2024-08-11 09:52:35,1,49.99,in-store
STORE_002,SKU_008,2024-08-11 11:34:12,1,9.99,in-store
STORE_002,SKU_008,2024-08-11 16:49:58,1,9.99,in-store
STORE_002,SKU_008,2024-08-11 10:51:04,1,9.99,in-store
STORE_002,SKU_009,2024-08-11 09:13:22,1,115.0,in-store
STORE_002,SKU_009,2024-08-11 10:38:46,1,115.0,in-store
STORE_002,SKU_009,2024-08-11 18:04:27,1,115.0,in-store
STORE_002,SKU_010,2024-08-11 18:55:54,3,18.5,online
STORE_003,SKU_008,2024-08-11 18:40:15,1,9.99,online
STORE_003,SKU_008,2024-08-11 19:16:00,1,9.99,in-store
STORE_004,SKU_002,2024-08-11 10:43:03,4,24.5,in-store
STORE_005,SKU_002,2024-08-11 19:58:20,2,24.5,in-store
STORE_005,SKU_002,2024-08-11 17:31:51,2,24.5,online
STORE_005,SKU_002,2024-08-11 21:23:08,2,24.5,in-store
STORE_005,SKU_004,2024-08-11 10:09:05,1,49.99,online
STORE_005,SKU_004,2024-08-11 16:36:36,1,49.99,online
STORE_005,SKU_004,2024-08-11 16:07:14,1,49.99,in-store
STORE_005,SKU_005,2024-08-11 21:06:09,1,8.75,online
STORE_005,SKU_005,2024-08-11 19:56:33,1,8.75,online
STORE_005,SKU_005,2024-08-11 19:32:38,1,8.75,online
STORE_001,SKU_004,2024-08-12 08:05:12,1,49.99,online
STORE_001,SKU_004,2024-08-12 14:31:31,1,49.99,in-store
STORE_001,SKU_005,2024-08-12 16:59:28,2,8.75,in-store
STORE_002,SKU_002,2024-08-12 20:26:55,3,24.5,in-store
STORE_002,SKU_005,2024-08-12 20:39:19,1,8.75,in-store
STORE_002,SKU_009,2024-08-12 12:06:04,2,115.0,online
STORE_002,SKU_009,2024-08-12 09:25:19,2,115.0,in-store
STORE_002,SKU_009,2024-08-12 08:11:27,2,115.0,online
STORE_003,SKU_004,2024-08-12 16:08:04,1,49.99,online
STORE_003,SKU_004,2024-08-12 15:50:03,1,49.99,in-store
STORE_003,SKU_005,2024-08-12 15:44:59,1,8.75,online
STORE_004,SKU_001,2024-08-12 09:01:03,2,12.99,in-store
STORE_004,SKU_001,2024-08-12 09:20:27,2,12.99,online
STORE_004,SKU_001,2024-08-12 18:52:16,2,12.99,online
STORE_005,SKU_007,2024-08-12 21:12:04,3,32.2,in-store
STORE_005,SKU_007,2024-08-12 08:35:17,3,32.2,online
STORE_005,SKU_008,2024-08-12 11:22:29,1,9.99,online
STORE_005,SKU_008,2024-08-12 21:24:51,1,9.99,online
STORE_001,SKU_001,2024-08-13 10:44:19,1,12.99,online
STORE_001,SKU_001,2024-08-13 19:52:40,1,12.99,online
STORE_001,SKU_002,2024-08-13 15:14:45,4,24.5,online
STORE_001,SKU_002,2024-08-13 09:43:04,4,24.5,in-store
STORE_001,SKU_002,2024-08-13 12:40:03,4,24.5,in-store
STORE_001,SKU_004,2024-08-13 08:40:46,1,49.99,online
STORE_001,SKU_004,2024-08-13 09:57:23,1,49.99,online
STORE_001,SKU_004,2024-08-13 10:40:46,1,49.99,online
STORE_001,SKU_008,2024-08-13 12:19:45,1,9.99,in-store
STORE_001,SKU_010,2024-08-13 08:07:05,3,18.5,in-store
STORE_002,SKU_002,2024-08-13 15:22:31,2,24.5,online
STORE_002,SKU_002,2024-08-13 19:42:50,2,24.5,in-store
STORE_002,SKU_007,2024-08-13 13:29:39,4,32.2,online
STORE_002,SKU_007,2024-08-13 10:56:23,4,,online
STORE_002,SKU_007,2024-08-13 12:41:20,4,32.2,online
STORE_002,SKU_010,2024-08-13 14:37:21,2,18.5,online
STORE_002,SKU_010,2024-08-13 10:48:43,2,18.5,in-store
STORE_003,SKU_001,2024-08-13 09:36:28,1,12.99,in-store
STORE_003,SKU_001,2024-08-13 10:21:35,1,12.99,online
STORE_003,SKU_001,2024-08-13 13:26:29,1,12.99,online
STORE_004,SKU_006,2024-08-13 20:30:35,2,15.0,online
STORE_004,SKU_006,2024-08-13 08:27:44,2,15.0,in-store
STORE_004,SKU_006,2024-08-13 14:23:51,2,15.0,online
STORE_004,SKU_007,2024-08-13 21:44:30,3,32.2,online
STORE_004,SKU_007,2024-08-13 21:36:12,3,32.2,in-store
STORE_004,SKU_007,2024-08-13 15:30:22,3,32.2,online
STORE_005,SKU_001,2024-08-13 17:05:32,1,12.99,in-store
STORE_005,SKU_001,2024-08-13 16:25:47,1,12.99,online
STORE_005,SKU_002,2024-08-13 16:59:04,3,24.5,in-store
STORE_005,SKU_002,2024-08-13 10:40:02,3,24.5,in-store
STORE_005,SKU_002,2024-08-13 09:20:58,3,24.5,in-store
STORE_005,SKU_010,2024-08-13 20:05:07,2,18.5,in-store
STORE_001,SKU_004,2024-08-14 19:15:36,1,49.99,online
STORE_001,SKU_004,2024-08-14 10:51:56,1,49.99,in-store
STORE_001,SKU_004,2024-08-14 13:19:03,1,49.99,in-store
STORE_002,SKU_001,2024-08-14 14:05:36,1,12.99,online
STORE_002,SKU_002,2024-08-14 19:18:36,2,24.5,in-store
STORE_002,SKU_005,2024-08-14 12:45:13,1,8.75,online
STORE_003,SKU_003,2024-08-14 19:06:09,2,5.99,in-store
STORE_003,SKU_003,2024-08-14 21:07:26,2,5.99,in-store
STORE_003,SKU_003,2024-08-14 21:11:10,2,5.99,online
STORE_003,SKU_004,2024-08-14 20:01:47,1,49.99,in-store
STORE_001,SKU_002,2024-08-15 14:45:02,3,24.5,in-store
STORE_001,SKU_007,2024-08-15 18:17:46,3,32.2,in-store
STORE_001,SKU_007,2024-08-15 12:23:53,3,32.2,in-store
STORE_001,SKU_007,2024-08-15 13:37:32,3,32.2,online
STORE_002,SKU_001,2024-08-15 15:56:01,2,12.99,in-store
STORE_002,SKU_001,2024-08-15 14:26:06,2,12.99,in-store
STORE_002,SKU_001,2024-08-15 17:04:19,2,12.99,in-store
STORE_002,SKU_003,2024-08-15 13:40:21,2,5.99,in-store
STORE_002,SKU_010,2024-08-15 20:24:32,1,18.5,online
STORE_002,SKU_010,2024-08-15 16:32:20,1,18.5,in-store
STORE_003,SKU_002,2024-08-15 21:32:16,2,24.5,in-store
STORE_003,SKU_002,2024-08-15 11:15:07,2,24.5,in-store
STORE_003,SKU_002,2024-08-15 15:47:12,2,24.5,online
STORE_003,SKU_007,2024-08-15 20:36:18,2,32.2,online
STORE_005,SKU_004,2024-08-15 11:36:38,1,49.99,online
STORE_005,SKU_004,2024-08-15 08:35:03,1,49.99,online
STORE_005,SKU_006,2024-08-15 15:40:56,3,15.0,online
STORE_005,SKU_006,2024-08-15 12:29:59,3,15.0,in-store
STORE_005,SKU_006,2024-08-15 21:29:53,3,15.0,online
STORE_005,SKU_007,2024-08-15 19:44:40,3,32.2,in-store
STORE_001,SKU_006,2024-08-16 11:05:02,3,15.0,in-store
STORE_002,SKU_007,2024-08-16 20:25:42,2,32.2,online
STORE_002,SKU_007,2024-08-16 11:39:13,2,32.2,in-store
STORE_002,SKU_007,2024-08-16 17:45:56,2,32.2,online
STORE_002,SKU_008,2024-08-16 16:08:31,1,9.99,online
STORE_002,SKU_008,2024-08-16 17:45:07,1,9.99,in-store
STORE_002,SKU_010,2024-08-16 20:34:57,2,18.5,online
STORE_002,SKU_010,2024-08-16 08:42:50,2,18.5,online
STORE_002,SKU_010,2024-08-16 08:19:32,2,18.5,in-store
STORE_003,SKU_008,2024-08-16 11:33:12,1,9.99,in-store
STORE_003,SKU_008,2024-08-16 08:06:20,1,9.99,online
STORE_003,SKU_008,2024-08-16 09:34:46,1,9.99,in-store
STORE_005,SKU_008,2024-08-16 09:59:03,1,9.99,in-store
STORE_005,SKU_010,2024-08-16 19:35:43,3,18.5,online
STORE_001,SKU_002,2024-08-17 21:38:23,5,24.5,in-store
STORE_001,SKU_002,2024-08-17 20:50:01,5,24.5,in-store
STORE_002,SKU_002,2024-08-17 17:02:03,3,24.5,in-store
STORE_002,SKU_002,2024-08-17 19:00:50,3,24.5,in-store
STORE_002,SKU_008,2024-08-17 20:01:32,1,9.99,online
STORE_002,SKU_008,2024-08-17 12:08:41,1,9.99,in-store
STORE_002,SKU_008,2024-08-17 21:17:50,1,9.99,in-store
STORE_002,SKU_010,2024-08-17 12:39:54,2,18.5,online
STORE_002,SKU_010,2024-08-17 16:54:14,2,18.5,in-store
STORE_003,SKU_004,2024-08-17 14:32:36,1,49.99,online
STORE_003,SKU_004,2024-08-17 08:55:19,1,49.99,online
STORE_004,SKU_002,2024-08-17 20:04:23,2,24.5,online
STORE_004,SKU_002,2024-08-17 18:46:36,2,24.5,online
STORE_004,SKU_002,2024-08-17 10:27:33,2,24.5,in-store
STORE_004,SKU_004,2024-08-17 15:40:05,1,49.99,in-store
STORE_004,SKU_004,2024-08-17 09:16:07,1,49.99,in-store
STORE_004,SKU_008,2024-08-17 14:33:00,1,9.99,online
STORE_004,SKU_008,2024-08-17 21:44:43,1,9.99,in-store
STORE_004,SKU_008,2024-08-17 12:14:31,1,9.99,in-store
STORE_004,SKU_009,2024-08-17 17:18:24,2,115.0,in-store
STORE_004,SKU_009,2024-08-17 17:52:05,2,115.0,online
STORE_004,SKU_009,2024-08-17 08:31:26,2,115.0,in-store
STORE_005,SKU_002,2024-08-17 12:22:27,4,24.5,online
STORE_005,SKU_002,2024-08-17 08:38:19,4,24.5,online
STORE_001,SKU_006,2024-08-18 18:16:11,5,15.0,in-store
STORE_001,SKU_007,2024-08-18 19:16:25,7,32.2,online
STORE_001,SKU_007,2024-08-18 14:46:51,7,32.2,in-store
STORE_001,SKU_008,2024-08-18 08:15:33,2,9.99,online
STORE_001,SKU_008,2024-08-18 10:39:40,2,9.99,in-store
STORE_001,SKU_010,2024-08-18 21:25:59,5,18.5,online
STORE_001,SKU_010,2024-08-18 14:14:30,5,18.5,in-store
STORE_002,SKU_002,2024-08-18 17:00:35,4,24.5,in-store
STORE_002,SKU_002,2024-08-18 17:06:06,4,24.5,in-store
STORE_002,SKU_002,2024-08-18 13:19:21,4,24.5,online
STORE_002,SKU_005,2024-08-18 16:35:35,2,8.75,online
STORE_002,SKU_010,2024-08-18 11:33:04,4,18.5,in-store
STORE_002,SKU_010,2024-08-18 16:33:00,4,18.5,in-store
STORE_002,SKU_010,2024-08-18 08:12:27,4,18.5,in-store
STORE_003,SKU_002,2024-08-18 16:48:14,3,24.5,online
STORE_003,SKU_002,2024-08-18 13:30:22,3,24.5,online
STORE_003,SKU_005,2024-08-18 18:45:20,1,8.75,in-store
STORE_003,SKU_005,2024-08-18 16:43:41,1,8.75,online
STORE_003,SKU_005,2024-08-18 09:48:00,1,8.75,in-store
STORE_004,SKU_002,2024-08-18 11:44:20,4,24.5,online
STORE_004,SKU_002,2024-08-18 20:05:11,4,24.5,in-store
STORE_004,SKU_003,2024-08-18 19:17:49,5,5.99,in-store
STORE_004,SKU_003,2024-08-18 11:56:44,5,5.99,in-store
STORE_004,SKU_008,2024-08-18 13:39:58,1,9.99,online
STORE_004,SKU_008,2024-08-18 21:18:37,1,9.99,online
STORE_004,SKU_009,2024-08-18 15:01:15,2,115.0,online
STORE_004,SKU_009,2024-08-18 14:21:21,2,115.0,online
STORE_004,SKU_010,2024-08-18 11:35:07,2,18.5,in-store
STORE_004,SKU_010,2024-08-18 13:48:27,2,18.5,online
STORE_005,SKU_008,2024-08-18 11:34:06,1,9.99,in-store
STORE_005,SKU_008,2024-08-18 13:18:56,1,9.99,online
STORE_005,SKU_008,2024-08-18 12:35:30,1,9.99,in-store
STORE_001,SKU_001,2024-08-19 16:31:34,1,12.99,in-store
STORE_001,SKU_004,2024-08-19 21:50:20,1,49.99,in-store
STORE_001,SKU_004,2024-08-19 17:17:44,1,49.99,online
STORE_001,SKU_005,2024-08-19 14:39:58,2,8.75,in-store
STORE_001,SKU_005,2024-08-19 10:49:14,2,8.75,online
STORE_001,SKU_010,2024-08-19 09:09:18,2,18.5,online
STORE_001,SKU_010,2024-08-19 18:44:17,2,18.5,online
STORE_002,SKU_001,2024-08-19 08:40:24,1,12.99,online
STORE_002,SKU_001,2024-08-19 13:27:58,1,12.99,online
STORE_002,SKU_001,2024-08-19 15:59:55,1,12.99,in-store
STORE_002,SKU_008,2024-08-19 21:47:01,1,9.99,in-store
STORE_002,SKU_008,2024-08-19 14:25:54,1,9.99,online
STORE_003,SKU_001,2024-08-19 08:13:55,1,12.99,in-store
STORE_003,SKU_001,2024-08-19 09:37:33,1,12.99,online
STORE_003,SKU_001,2024-08-19 17:04:30,1,12.99,in-store
STORE_003,SKU_007,2024-08-19 10:16:29,3,32.2,in-store
STORE_003,SKU_007,2024-08-19 14:40:30,3,32.2,online
STORE_004,SKU_001,2024-08-19 18:58:28,1,12.99,in-store
STORE_004,SKU_003,2024-08-19 19:58:03,2,5.99,in-store
STORE_004,SKU_003,2024-08-19 21:00:31,2,5.99,online
STORE_004,SKU_003,2024-08-19 19:34:59,2,5.99,in-store
STORE_004,SKU_005,2024-08-19 08:40:12,1,8.75,in-store
STORE_004,SKU_005,2024-08-19 18:25:56,1,8.75,in-store
STORE_004,SKU_005,2024-08-19 12:23:40,1,8.75,online
STORE_004,SKU_007,2024-08-19 10:27:53,,32.2,online
STORE_004,SKU_007,2024-08-19 09:08:39,2,32.2,online
STORE_001,SKU_002,2024-08-20 12:05:51,2,24.5,in-store
STORE_001,SKU_002,2024-08-20 19:26:42,2,24.5,online
STORE_001,SKU_002,2024-08-20 11:11:32,2,24.5,in-store
STORE_001,SKU_010,2024-08-20 10:37:19,3,18.5,in-store
STORE_001,SKU_010,2024-08-20 10:13:35,3,18.5,in-store
STORE_001,SKU_010,2024-08-20 15:00:46,3,18.5,online
STORE_002,SKU_001,2024-08-20 13:23:26,1,12.99,in-store
STORE_002,SKU_001,2024-08-20 15:12:03,1,12.99,in-store
STORE_003,SKU_006,2024-08-20 16:27:56,2,,in-store
STORE_003,SKU_006,2024-08-20 18:14:00,2,15.0,online
STORE_003,SKU_008,2024-08-20 11:51:28,1,9.99,in-store
STORE_003,SKU_008,2024-08-20 18:16:34,1,9.99,in-store
STORE_004,SKU_009,2024-08-20 19:15:15,1,115.0,in-store
STORE_004,SKU_009,2024-08-20 19:52:26,1,115.0,in-store
STORE_005,SKU_005,2024-08-20 08:46:39,1,8.75,in-store
STORE_005,SKU_005,2024-08-20 09:17:03,1,8.75,online
STORE_005,SKU_005,2024-08-20 10:27:46,1,8.75,online
STORE_001,SKU_001,2024-08-21 16:44:47,2,12.99,online
STORE_001,SKU_001,2024-08-21 19:35:57,2,12.99,online
STORE_001,SKU_007,2024-08-21 11:50:42,4,32.2,in-store
STORE_001,SKU_007,2024-08-21 08:11:30,4,32.2,online
STORE_001,SKU_007,2024-08-21 20:28:28,4,32.2,in-store
STORE_002,SKU_002,2024-08-21 11:14:13,2,24.5,in-store
STORE_002,SKU_002,2024-08-21 21:20:06,2,24.5,online
STORE_002,SKU_004,2024-08-21 20:50:20,1,49.99,in-store
STORE_002,SKU_004,2024-08-21 11:31:38,1,49.99,in-store
STORE_002,SKU_004,2024-08-21 11:27:46,1,49.99,online
STORE_003,SKU_002,2024-08-21 12:43:02,1,24.5,in-store
STORE_003,SKU_007,2024-08-21 12:22:01,4,32.2,in-store
STORE_003,SKU_008,2024-08-21 14:15:36,1,9.99,online
STORE_004,SKU_001,2024-08-21 13:05:25,1,12.99,in-store
STORE_004,SKU_001,2024-08-21 11:23:15,1,12.99,in-store
STORE_004,SKU_004,2024-08-21 17:56:58,1,49.99,online
STORE_004,SKU_004,2024-08-21 11:48:42,1,49.99,in-store
STORE_004,SKU_004,2024-08-21 11:30:47,1,49.99,online
STORE_004,SKU_007,2024-08-21 08:27:40,2,32.2,online
STORE_004,SKU_007,2024-08-21 08:11:01,2,32.2,in-store
STORE_004,SKU_007,2024-08-21 10:27:59,2,32.2,in-store
STORE_005,SKU_004,2024-08-21 17:21:27,1,49.99,online
STORE_005,SKU_004,2024-08-21 08:05:31,1,49.99,in-store
STORE_005,SKU_004,2024-08-21 16:37:00,1,49.99,in-store
STORE_001,SKU_004,2024-08-22 20:28:43,1,49.99,online
STORE_001,SKU_004,2024-08-22 09:06:26,1,49.99,online
STORE_001,SKU_004,2024-08-22 10:21:24,1,49.99,online
STORE_001,SKU_007,2024-08-22 08:33:36,3,32.2,online
STORE_001,SKU_007,2024-08-22 09:19:35,3,32.2,in-store
STORE_001,SKU_007,2024-08-22 19:11:05,3,32.2,online
STORE_002,SKU_005,2024-08-22 20:30:17,1,8.75,in-store
STORE_002,SKU_005,2024-08-22 11:11:56,1,8.75,online
STORE_002,SKU_007,2024-08-22 10:51:31,2,32.2,in-store
STORE_002,SKU_007,2024-08-22 11:24:00,2,32.2,in-store
STORE_002,SKU_007,2024-08-22 16:24:51,2,32.2,in-store
STORE_003,SKU_001,2024-08-22 20:23:16,1,12.99,online
STORE_003,SKU_001,2024-08-22 11:38:41,1,12.99,in-store
STORE_003,SKU_003,2024-08-22 20:38:37,3,5.99,in-store
STORE_003,SKU_009,2024-08-22 13:36:36,1,115.0,in-store
STORE_003,SKU_009,2024-08-22 10:01:37,1,115.0,in-store
STORE_004,SKU_004,2024-08-22 17:20:13,1,49.99,in-store
STORE_004,SKU_004,2024-08-22 09:38:39,1,49.99,in-store
STORE_004,SKU_006,2024-08-22 17:58:33,1,15.0,online
STORE_004,SKU_007,2024-08-22 10:16:02,3,32.2,in-store
STORE_004,SKU_007,2024-08-22 20:43:57,3,32.2,in-store
STORE_005,SKU_007,2024-08-22 16:10:02,2,32.2,in-store
STORE_005,SKU_007,2024-08-22 14:38:21,2,32.2,online
STORE_005,SKU_007,2024-08-22 11:36:47,2,32.2,in-store
STORE_001,SKU_005,2024-08-23 13:59:45,1,8.75,online
STORE_001,SKU_005,2024-08-23 14:32:45,1,8.75,in-store
STORE_002,SKU_007,2024-08-23 19:38:48,2,32.2,online
STORE_002,SKU_008,2024-08-23 11:36:34,1,9.99,in-store
STORE_003,SKU_008,2024-08-23 13:53:12,1,9.99,in-store
STORE_003,SKU_008,2024-08-23 12:53:54,1,9.99,in-store
STORE_003,SKU_008,2024-08-23 15:14:13,1,9.99,online
STORE_003,SKU_009,2024-08-23 19:46:37,1,115.0,online
STORE_003,SKU_009,2024-08-23 19:08:06,1,115.0,online
STORE_003,SKU_009,2024-08-23 15:35:25,1,115.0,in-store
STORE_004,SKU_006,2024-08-23 10:28:03,1,15.0,online
STORE_001,SKU_001,2024-08-24 19:21:38,2,12.99,online
STORE_001,SKU_002,2024-08-24 21:42:43,6,24.5,online
STORE_001,SKU_008,2024-08-24 15:01:50,1,9.99,online
STORE_001,SKU_008,2024-08-24 20:13:57,1,9.99,online
STORE_001,SKU_008,2024-08-24 14:51:20,1,9.99,in-store
STORE_001,SKU_009,2024-08-24 15:27:44,2,115.0,in-store
STORE_001,SKU_009,2024-08-24 09:07:15,2,115.0,online
STORE_001,SKU_009,2024-08-24 09:50:54,2,115.0,in-store
STORE_002,SKU_008,2024-08-24 09:50:58,1,9.99,in-store
STORE_002,SKU_008,2024-08-24 09:10:30,1,9.99,online
STORE_002,SKU_008,2024-08-24 18:27:56,1,9.99,online
STORE_003,SKU_005,2024-08-24 12:10:46,1,8.75,online
STORE_003,SKU_005,2024-08-24 12:59:11,1,8.75,online
STORE_003,SKU_005,2024-08-24 12:23:32,1,8.75,online
STORE_003,SKU_010,2024-08-24 12:44:03,3,18.5,online
STORE_003,SKU_010,2024-08-24 13:02:33,3,18.5,in-store
STORE_003,SKU_010,2024-08-24 08:56:15,3,18.5,in-store
STORE_005,SKU_001,2024-08-24 20:48:21,2,12.99,in-store
STORE_005,SKU_001,2024-08-24 16:43:00,2,12.99,online
STORE_005,SKU_001,2024-08-24 15:16:17,2,12.99,online
STORE_005,SKU_002,2024-08-24 11:58:13,4,24.5,in-store
STORE_005,SKU_004,2024-08-24 16:10:40,1,49.99,online
STORE_005,SKU_004,2024-08-24 14:56:16,1,49.99,in-store
STORE_005,SKU_006,2024-08-24 11:01:48,4,15.0,in-store
STORE_001,SKU_001,2024-08-25 10:01:31,3,12.99,in-store
STORE_001,SKU_001,2024-08-25 18:42:03,3,12.99,in-store
STORE_001,SKU_003,2024-08-25 09:16:49,8,5.99,in-store
STORE_001,SKU_003,2024-08-25 09:43:36,8,5.99,online
STORE_001,SKU_003,2024-08-25 20:39:06,8,5.99,online
STORE_001,SKU_005,2024-08-25 08:22:16,3,8.75,online
STORE_001,SKU_005,2024-08-25 14:16:00,3,8.75,in-store
STORE_001,SKU_005,2024-08-25 14:18:44,3,8.75,online
STORE_001,SKU_008,2024-08-25 10:24:50,2,9.99,online
STORE_001,SKU_008,2024-08-25 09:28:49,2,9.99,in-store
STORE_002,SKU_001,2024-08-25 19:06:29,2,12.99,online
STORE_002,SKU_001,2024-08-25 18:06:12,2,12.99,online
STORE_002,SKU_002,2024-08-25 21:36:17,4,24.5,in-store
STORE_002,SKU_002,2024-08-25 08:13:31,4,24.5,in-store
STORE_002,SKU_008,2024-08-25 11:38:57,1,9.99,online
STORE_003,SKU_001,2024-08-25 17:36:30,2,12.99,in-store
STORE_003,SKU_001,2024-08-25 16:26:42,2,12.99,online
STORE_003,SKU_002,2024-08-25 18:38:01,4,24.5,online
STORE_003,SKU_002,2024-08-25 11:22:27,4,24.5,online
STORE_003,SKU_002,2024-08-25 18:59:46,4,24.5,online
STORE_003,SKU_005,2024-08-25 18:27:29,1,8.75,online
STORE_003,SKU_005,2024-08-25 15:15:47,1,8.75,online
STORE_003,SKU_005,2024-08-25 11:36:36,1,8.75,online
STORE_003,SKU_008,2024-08-25 19:20:08,1,9.99,online
STORE_003,SKU_008,2024-08-25 10:07:50,1,9.99,online
STORE_004,SKU_003,2024-08-25 10:40:19,6,5.99,online
STORE_004,SKU_005,2024-08-25 15:15:58,1,8.75,online
STORE_004,SKU_005,2024-08-25 17:25:18,1,8.75,in-store
STORE_004,SKU_008,2024-08-25 10:25:50,1,9.99,online
STORE_004,SKU_008,2024-08-25 19:15:58,1,9.99,online
STORE_004,SKU_008,2024-08-25 15:08:45,1,9.99,online
STORE_004,SKU_009,2024-08-25 14:02:11,2,115.0,in-store
STORE_004,SKU_009,2024-08-25 09:44:44,2,115.0,in-store
STORE_005,SKU_007,2024-08-25 21:35:57,3,32.2,in-store
STORE_005,SKU_007,2024-08-25 16:03:40,3,32.2,online
STORE_005,SKU_007,2024-08-25 08:25:52,3,32.2,online
STORE_005,SKU_008,2024-08-25 19:14:20,1,9.99,in-store
STORE_005,SKU_008,2024-08-25 09:22:34,1,9.99,in-store
STORE_005,SKU_009,2024-08-25 11:42:49,2,115.0,in-store
STORE_005,SKU_009,2024-08-25 19:18:49,2,115.0,online
STORE_001,SKU_002,2024-08-26 15:20:50,2,24.5,in-store
STORE_001,SKU_002,2024-08-26 16:45:54,2,24.5,online
STORE_001,SKU_005,2024-08-26 16:44:01,1,8.75,in-store
STORE_001,SKU_005,2024-08-26 19:18:24,1,8.75,in-store
STORE_001,SKU_005,2024-08-26 12:02:28,1,8.75,online
STORE_001,SKU_007,2024-08-26 15:02:49,4,32.2,online
STORE_001,SKU_007,2024-08-26 14:34:33,4,32.2,in-store
STORE_001,SKU_007,2024-08-26 18:42:57,4,32.2,online
STORE_002,SKU_004,2024-08-26 17:19:44,1,49.99,in-store
STORE_002,SKU_004,2024-08-26 11:00:10,1,49.99,online
STORE_002,SKU_007,2024-08-26 09:40:34,3,32.2,in-store
STORE_004,SKU_005,2024-08-26 09:09:12,1,8.75,online
STORE_004,SKU_005,2024-08-26 18:10:26,1,8.75,in-store
STORE_005,SKU_004,2024-08-26 16:30:11,1,49.99,in-store
STORE_001,SKU_001,2024-08-27 16:47:52,2,12.99,online
STORE_001,SKU_001,2024-08-27 15:02:11,2,12.99,online
STORE_001,SKU_002,2024-08-27 11:00:12,2,24.5,in-store
STORE_001,SKU_005,2024-08-27 21:53:26,2,8.75,in-store
STORE_001,SKU_005,2024-08-27 19:28:23,2,8.75,in-store
STORE_001,SKU_005,2024-08-27 14:51:17,2,8.75,in-store
STORE_002,SKU_001,2024-08-27 09:09:47,1,12.99,online
STORE_002,SKU_001,2024-08-27 12:47:29,1,12.99,online
STORE_002,SKU_005,2024-08-27 18:18:50,1,8.75,in-store
STORE_002,SKU_005,2024-08-27 15:22:38,1,8.75,online
STORE_002,SKU_008,2024-08-27 11:09:51,1,9.99,online
STORE_004,SKU_010,2024-08-27 19:20:27,3,18.5,online
STORE_005,SKU_005,2024-08-27 13:30:19,1,8.75,online
STORE_005,SKU_005,2024-08-27 14:53:38,1,8.75,in-store
STORE_005,SKU_006,2024-08-27 13:55:41,2,15.0,in-store
STORE_005,SKU_006,2024-08-27 09:18:57,2,15.0,online
STORE_005,SKU_006,2024-08-27 09:05:43,2,15.0,in-store
STORE_005,SKU_010,2024-08-27 19:24:59,2,18.5,in-store
STORE_005,SKU_010,2024-08-27 15:02:19,2,18.5,in-store
STORE_005,SKU_010,2024-08-27 14:27:56,2,18.5,online
STORE_001,SKU_002,2024-08-28 17:19:02,2,24.5,online
STORE_001,SKU_002,2024-08-28 19:29:59,2,24.5,in-store
STORE_001,SKU_002,2024-08-28 21:11:46,2,24.5,online
STORE_001,SKU_007,2024-08-28 19:58:41,5,32.2,online
STORE_001,SKU_007,2024-08-28 16:27:55,5,32.2,in-store
STORE_003,SKU_005,2024-08-28 20:51:57,1,8.75,in-store
STORE_005,SKU_005,2024-08-28 08:37:50,1,8.75,online
STORE_005,SKU_005,2024-08-28 10:58:26,1,8.75,online
STORE_001,SKU_008,2024-08-29 10:21:02,1,9.99,online
STORE_001,SKU_008,2024-08-29 16:04:32,1,9.99,in-store
STORE_001,SKU_008,2024-08-29 16:03:10,1,9.99,online
STORE_003,SKU_002,2024-08-29 11:43:00,2,24.5,online
STORE_003,SKU_002,2024-08-29 10:46:09,2,24.5,online
STORE_003,SKU_002,2024-08-29 13:04:25,2,24.5,in-store
STORE_003,SKU_004,2024-08-29 12:19:59,1,49.99,online
STORE_003,SKU_004,2024-08-29 14:28:11,1,49.99,in-store
STORE_004,SKU_002,2024-08-29 14:47:49,2,24.5,online
STORE_004,SKU_004,2024-08-29 21:42:00,1,49.99,online
STORE_004,SKU_004,2024-08-29 08:10:21,1,49.99,online
STORE_004,SKU_005,2024-08-29 16:21:39,1,8.75,in-store
STORE_004,SKU_010,2024-08-29 11:59:28,1,18.5,online
STORE_004,SKU_010,2024-08-29 21:12:28,1,18.5,in-store
STORE_004,SKU_010,2024-08-29 21:54:14,1,18.5,online
STORE_005,SKU_002,2024-08-29 19:47:37,2,24.5,in-store
STORE_005,SKU_003,2024-08-29 17:41:17,2,5.99,in-store
STORE_005,SKU_003,2024-08-29 19:23:41,2,5.99,online
STORE_005,SKU_003,2024-08-29 14:15:09,2,5.99,in-store
STORE_005,SKU_004,2024-08-29 12:02:25,1,49.99,in-store
STORE_005,SKU_004,2024-08-29 10:57:56,1,49.99,in-store
STORE_005,SKU_006,2024-08-29 18:02:12,2,15.0,in-store
STORE_005,SKU_006,2024-08-29 10:12:18,2,15.0,in-store
STORE_005,SKU_006,2024-08-29 11:40:47,2,15.0,online
STORE_005,SKU_009,2024-08-29 11:17:55,1,115.0,online
STORE_001,SKU_001,2024-08-30 08:51:30,2,12.99,online
STORE_001,SKU_004,2024-08-30 12:46:25,1,49.99,online
STORE_001,SKU_006,2024-08-30 21:57:43,2,15.0,online
STORE_002,SKU_002,2024-08-30 20:40:31,2,24.5,in-store
STORE_002,SKU_002,2024-08-30 21:49:27,2,24.5,in-store
STORE_002,SKU_002,2024-08-30 08:06:01,2,24.5,online
STORE_002,SKU_005,2024-08-30 19:16:11,1,8.75,online
STORE_002,SKU_005,2024-08-30 19:40:18,1,8.75,in-store
STORE_002,SKU_005,2024-08-30 14:59:59,1,8.75,in-store
STORE_003,SKU_003,2024-08-30 11:25:56,3,5.99,online
STORE_003,SKU_007,2024-08-30 10:47:02,2,32.2,online
STORE_004,SKU_001,2024-08-30 20:20:52,1,12.99,in-store
STORE_004,SKU_001,2024-08-30 20:17:43,1,12.99,online
STORE_004,SKU_006,2024-08-30 14:49:58,2,15.0,online
STORE_004,SKU_006,2024-08-30 17:46:52,2,15.0,online
STORE_004,SKU_008,2024-08-30 12:55:20,1,9.99,in-store
STORE_004,SKU_008,2024-08-30 17:32:09,1,9.99,online
STORE_001,SKU_002,2024-08-31 21:30:14,4,24.5,in-store
STORE_001,SKU_002,2024-08-31 08:18:00,4,24.5,in-store
STORE_001,SKU_002,2024-08-31 21:33:11,4,24.5,in-store
STORE_001,SKU_005,2024-08-31 08:01:00,3,8.75,in-store
STORE_002,SKU_002,2024-08-31 14:37:43,4,24.5,in-store
STORE_002,SKU_002,2024-08-31 12:13:15,4,24.5,in-store
STORE_002,SKU_003,2024-08-31 21:29:18,3,5.99,in-store
STORE_002,SKU_003,2024-08-31 17:59:54,3,5.99,in-store
STORE_002,SKU_003,2024-08-31 13:55:47,3,5.99,online
STORE_003,SKU_002,2024-08-31 16:19:27,2,24.5,in-store
STORE_003,SKU_002,2024-08-31 08:42:55,2,24.5,in-store
STORE_003,SKU_002,2024-08-31 15:11:40,2,24.5,in-store
STORE_004,SKU_002,2024-08-31 14:25:10,2,24.5,in-store
STORE_004,SKU_002,2024-08-31 10:36:44,2,24.5,online
STORE_004,SKU_003,2024-08-31 20:33:32,6,5.99,in-store
STORE_004,SKU_003,2024-08-31 21:38:27,6,5.99,online
STORE_004,SKU_005,2024-08-31 15:47:05,3,8.75,in-store
STORE_004,SKU_006,2024-08-31 10:05:55,3,15.0,in-store
STORE_004,SKU_006,2024-08-31 12:09:46,3,15.0,online
STORE_004,SKU_008,2024-08-31 21:59:58,1,9.99,in-store
STORE_005,SKU_002,2024-08-31 17:22:23,4,24.5,online
STORE_005,SKU_002,2024-08-31 08:23:15,4,24.5,in-store
STORE_005,SKU_002,2024-08-31 18:53:24,4,24.5,in-store
STORE_001,SKU_002,2024-09-01 17:12:21,4,24.5,online
STORE_001,SKU_002,2024-09-01 12:06:44,4,24.5,online
STORE_001,SKU_006,2024-09-01 17:36:25,4,15.0,in-store
STORE_001,SKU_006,2024-09-01 19:24:06,4,15.0,online
STORE_001,SKU_007,2024-09-01 21:28:31,4,32.2,online
STORE_001,SKU_007,2024-09-01 18:00:07,4,32.2,in-store
STORE_001,SKU_008,2024-09-01 18:07:01,1,9.99,online
STORE_001,SKU_009,2024-09-01 20:25:38,3,115.0,online
STORE_001,SKU_009,2024-09-01 09:19:07,3,115.0,in-store
STORE_002,SKU_002,2024-09-01 21:01:30,4,24.5,online
STORE_002,SKU_003,2024-09-01 14:14:42,5,5.99,in-store
STORE_002,SKU_003,2024-09-01 16:04:26,5,5.99,in-store
STORE_002,SKU_003,2024-09-01 20:14:40,5,5.99,in-store
STORE_002,SKU_010,2024-09-01 13:10:49,2,18.5,in-store
STORE_003,SKU_002,2024-09-01 17:58:12,4,24.5,online
STORE_003,SKU_002,2024-09-01 18:55:51,4,24.5,in-store
STORE_003,SKU_005,2024-09-01 21:18:22,2,8.75,in-store
STORE_003,SKU_007,2024-09-01 13:53:29,5,32.2,in-store
STORE_004,SKU_005,2024-09-01 16:23:09,2,8.75,in-store
STORE_001,SKU_002,2024-09-02 11:31:17,3,24.5,online
STORE_001,SKU_002,2024-09-02 17:33:43,3,24.5,online
STORE_001,SKU_002,2024-09-02 21:07:47,3,24.5,online
STORE_001,SKU_007,2024-09-02 21:19:59,4,32.2,in-store
STORE_001,SKU_007,2024-09-02 14:22:32,4,32.2,in-store
STORE_001,SKU_007,2024-09-02 20:34:19,4,32.2,in-store
STORE_002,SKU_001,2024-09-02 11:13:23,2,12.99,in-store
STORE_002,SKU_001,2024-09-02 10:59:03,2,12.99,in-store
STORE_002,SKU_001,2024-09-02 20:01:32,2,,online
STORE_002,SKU_004,2024-09-02 14:36:31,1,49.99,in-store
STORE_002,SKU_004,2024-09-02 18:35:11,1,49.99,in-store
STORE_002,SKU_007,2024-09-02 18:37:05,3,32.2,online
STORE_003,SKU_008,2024-09-02 11:57:46,1,9.99,online
STORE_004,SKU_006,2024-09-02 15:50:11,1,15.0,online
STORE_004,SKU_006,2024-09-02 08:30:21,1,15.0,in-store
STORE_004,SKU_006,2024-09-02 11:47:00,1,15.0,in-store
STORE_004,SKU_010,2024-09-02 11:37:46,2,18.5,in-store
STORE_005,SKU_004,2024-09-02 19:11:18,1,49.99,in-store
STORE_005,SKU_004,2024-09-02 09:16:10,1,49.99,in-store
STORE_001,SKU_002,2024-09-03 21:22:33,3,24.5,in-store
STORE_001,SKU_008,2024-09-03 20:33:03,1,9.99,online
STORE_001,SKU_010,2024-09-03 20:11:42,3,18.5,in-store
STORE_002,SKU_002,2024-09-03 08:28:33,2,24.5,in-store
STORE_002,SKU_002,2024-09-03 15:54:31,2,24.5,online
STORE_002,SKU_002,2024-09-03 14:01:13,2,24.5,in-store
STORE_002,SKU_004,2024-09-03 09:35:03,1,49.99,in-store
STORE_002,SKU_004,2024-09-03 08:13:11,1,49.99,in-store
STORE_002,SKU_004,2024-09-03 08:00:56,1,49.99,online
STORE_002,SKU_007,2024-09-03 17:35:46,2,32.2,in-store
STORE_002,SKU_007,2024-09-03 18:39:27,2,32.2,online
STORE_003,SKU_007,2024-09-03 16:51:49,3,32.2,in-store
STORE_003,SKU_007,2024-09-03 11:23:20,3,32.2,online
STORE_003,SKU_007,2024-09-03 16:15:29,3,32.2,in-store
STORE_005,SKU_001,2024-09-03 09:35:11,1,12.99,in-store
STORE_005,SKU_001,2024-09-03 21:40:22,1,12.99,online
STORE_005,SKU_001,2024-09-03 10:11:15,1,12.99,in-store
STORE_005,SKU_010,2024-09-03 09:47:43,2,18.5,in-store
STORE_005,SKU_010,2024-09-03 15:40:35,2,18.5,online
STORE_005,SKU_010,2024-09-03 13:50:19,2,18.5,online
STORE_001,SKU_002,2024-09-04 10:25:24,3,24.5,online
STORE_001,SKU_002,2024-09-04 10:31:40,3,24.5,online
STORE_001,SKU_002,2024-09-04 17:23:32,,24.5,in-store
STORE_001,SKU_004,2024-09-04 12:47:19,1,49.99,in-store
STORE_001,SKU_004,2024-09-04 09:35:52,1,49.99,in-store
STORE_001,SKU_004,2024-09-04 20:52:52,1,49.99,online
STORE_001,SKU_008,2024-09-04 09:33:12,1,9.99,in-store
STORE_001,SKU_008,2024-09-04 17:24:05,1,9.99,online
STORE_002,SKU_005,2024-09-04 15:12:03,1,8.75,online
STORE_002,SKU_010,2024-09-04 15:41:18,2,18.5,in-store
STORE_004,SKU_004,2024-09-04 20:27:33,1,49.99,in-store
STORE_004,SKU_004,2024-09-04 18:43:42,1,49.99,online
STORE_004,SKU_004,2024-09-04 09:42:00,1,49.99,online
STORE_005,SKU_005,2024-09-04 11:08:44,2,8.75,online
STORE_005,SKU_010,2024-09-04 16:44:00,2,18.5,online
STORE_005,SKU_010,2024-09-04 16:06:05,2,18.5,online
STORE_005,SKU_010,2024-09-04 12:38:04,2,18.5,in-store
STORE_001,SKU_001,2024-09-05 20:50:20,1,12.99,in-store
STORE_001,SKU_005,2024-09-05 11:33:37,2,8.75,in-store
STORE_001,SKU_005,2024-09-05 18:01:20,2,8.75,in-store
STORE_001,SKU_005,2024-09-05 18:25:20,2,8.75,online
STORE_003,SKU_004,2024-09-05 16:53:16,1,49.99,in-store
STORE_003,SKU_009,2024-09-05 21:09:50,1,115.0,online
STORE_003,SKU_009,2024-09-05 11:34:49,1,115.0,in-store
STORE_003,SKU_010,2024-09-05 21:27:33,3,18.5,in-store
STORE_003,SKU_010,2024-09-05 10:52:03,3,18.5,online
STORE_003,SKU_010,2024-09-05 14:42:33,3,18.5,online
STORE_004,SKU_001,2024-09-05 12:47:22,1,12.99,in-store
STORE_004,SKU_001,2024-09-05 21:38:03,1,12.99,in-store
STORE_004,SKU_001,2024-09-05 14:27:27,1,12.99,in-store
STORE_004,SKU_010,2024-09-05 19:19:19,2,18.5,in-store
STORE_005,SKU_005,2024-09-05 15:33:43,1,8.75,online
STORE_005,SKU_005,2024-09-05 16:00:10,1,8.75,online
STORE_005,SKU_005,2024-09-05 10:35:08,1,8.75,online
STORE_001,SKU_007,2024-09-06 09:31:35,5,32.2,online
STORE_001,SKU_007,2024-09-06 11:25:03,5,32.2,in-store
STORE_001,SKU_009,2024-09-06 12:56:00,1,115.0,online
STORE_002,SKU_008,2024-09-06 16:07:30,1,9.99,online
STORE_002,SKU_008,2024-09-06 16:08:14,1,9.99,in-store
STORE_002,SKU_008,2024-09-06 19:09:16,1,9.99,in-store
STORE_003,SKU_002,2024-09-06 11:52:16,2,24.5,in-store
STORE_005,SKU_001,2024-09-06 21:11:03,2,12.99,in-store
STORE_005,SKU_001,2024-09-06 09:12:42,2,12.99,in-store
STORE_005,SKU_005,2024-09-06 14:39:23,1,8.75,in-store
STORE_005,SKU_008,2024-09-06 15:06:56,1,9.99,online
STORE_005,SKU_008,2024-09-06 10:28:39,1,9.99,online
STORE_001,SKU_007,2024-09-07 08:02:07,8,32.2,online
STORE_001,SKU_007,2024-09-07 15:09:19,8,32.2,in-store
STORE_001,SKU_007,2024-09-07 16:22:43,8,32.2,online
STORE_001,SKU_008,2024-09-07 11:37:59,1,9.99,in-store
STORE_001,SKU_009,2024-09-07 16:08:41,2,115.0,in-store
STORE_002,SKU_002,2024-09-07 16:54:37,3,24.5,in-store
STORE_002,SKU_002,2024-09-07 08:03:25,3,24.5,in-store
STORE_002,SKU_003,2024-09-07 20:23:14,5,5.99,online
STORE_002,SKU_003,2024-09-07 11:07:59,5,5.99,online
STORE_002,SKU_005,2024-09-07 13:54:24,2,8.75,online
STORE_002,SKU_005,2024-09-07 16:55:23,2,8.75,online
STORE_002,SKU_008,2024-09-07 08:50:19,1,9.99,in-store
STORE_002,SKU_010,2024-09-07 08:27:03,3,18.5,in-store
STORE_003,SKU_001,2024-09-07 18:40:23,2,12.99,online
STORE_003,SKU_001,2024-09-07 20:47:57,2,12.99,online
STORE_003,SKU_001,2024-09-07 10:43:49,2,12.99,in-store
STORE_003,SKU_005,2024-09-07 14:26:16,1,8.75,in-store
STORE_003,SKU_005,2024-09-07 17:30:51,1,8.75,online
STORE_004,SKU_008,2024-09-07 16:10:23,1,9.99,in-store
STORE_004,SKU_008,2024-09-07 17:08:48,1,9.99,online
STORE_005,SKU_008,2024-09-07 15:52:53,1,9.99,in-store
STORE_005,SKU_008,2024-09-07 14:10:13,1,9.99,online
STORE_001,SKU_001,2024-09-08 13:35:30,2,12.99,online
STORE_001,SKU_005,2024-09-08 17:42:58,3,8.75,in-store
STORE_001,SKU_005,2024-09-08 15:34:41,3,8.75,in-store
STORE_001,SKU_005,2024-09-08 17:53:52,3,8.75,in-store
STORE_001,SKU_010,2024-09-08 13:51:38,5,18.5,online
STORE_001,SKU_010,2024-09-08 12:01:23,5,18.5,online
STORE_001,SKU_010,2024-09-08 19:17:31,5,18.5,in-store
STORE_002,SKU_003,2024-09-08 16:54:25,6,5.99,in-store
STORE_002,SKU_003,2024-09-08 20:28:48,6,5.99,online
STORE_002,SKU_003,2024-09-08 09:02:18,6,5.99,in-store
STORE_002,SKU_008,2024-09-08 15:47:05,1,9.99,in-store
STORE_002,SKU_008,2024-09-08 16:41:24,1,9.99,in-store
STORE_003,SKU_001,2024-09-08 11:59:18,3,12.99,online
STORE_003,SKU_002,2024-09-08 08:29:09,4,24.5,in-store
STORE_003,SKU_005,2024-09-08 17:02:55,3,8.75,online
STORE_003,SKU_005,2024-09-08 18:33:18,3,8.75,in-store
STORE_003,SKU_008,2024-09-08 19:42:01,1,9.99,online
STORE_003,SKU_008,2024-09-08 19:52:56,1,9.99,in-store
STORE_003,SKU_008,2024-09-08 16:04:44,1,9.99,online
STORE_003,SKU_009,2024-09-08 19:24:44,1,115.0,online
STORE_003,SKU_009,2024-09-08 20:43:32,1,115.0,online
STORE_003,SKU_009,2024-09-08 08:12:04,1,115.0,in-store
STORE_004,SKU_002,2024-09-08 16:49:45,3,24.5,in-store
STORE_004,SKU_005,2024-09-08 10:01:18,2,8.75,online
STORE_004,SKU_005,2024-09-08 17:58:24,2,8.75,online
STORE_004,SKU_010,2024-09-08 13:03:28,2,18.5,online
STORE_004,SKU_010,2024-09-08 10:50:16,2,18.5,online
STORE_005,SKU_003,2024-09-08 08:00:13,4,5.99,in-store
STORE_005,SKU_003,2024-09-08 08:22:11,4,5.99,in-store
STORE_005,SKU_003,2024-09-08 10:11:24,4,5.99,in-store
STORE_005,SKU_005,2024-09-08 14:11:44,2,8.75,online
STORE_005,SKU_005,2024-09-08 10:31:59,2,8.75,in-store
STORE_005,SKU_008,2024-09-08 18:51:35,1,9.99,in-store
STORE_001,SKU_002,2024-09-09 12:28:21,4,24.5,in-store
STORE_001,SKU_002,2024-09-09 10:31:10,4,24.5,in-store
STORE_001,SKU_002,2024-09-09 09:28:32,4,24.5,online
STORE_002,SKU_004,2024-09-09 17:52:02,1,49.99,online
STORE_002,SKU_007,2024-09-09 16:09:49,2,32.2,online
STORE_002,SKU_007,2024-09-09 10:32:41,2,32.2,online
STORE_002,SKU_007,2024-09-09 21:54:36,2,32.2,in-store
STORE_003,SKU_004,2024-09-09 14:46:46,1,49.99,online
STORE_003,SKU_008,2024-09-09 08:11:20,1,9.99,in-store
STORE_003,SKU_008,2024-09-09 11:26:00,1,9.99,online
STORE_004,SKU_003,2024-09-09 15:40:50,3,5.99,online
STORE_004,SKU_005,2024-09-09 19:31:27,1,8.75,in-store
STORE_004,SKU_005,2024-09-09 15:24:07,1,8.75,in-store
STORE_005,SKU_001,2024-09-09 13:58:05,1,12.99,online
STORE_001,SKU_001,2024-09-10 21:41:04,2,12.99,online
STORE_001,SKU_001,2024-09-10 16:12:04,2,12.99,in-store
STORE_001,SKU_001,2024-09-10 20:51:55,2,12.99,in-store
STORE_001,SKU_004,2024-09-10 12:11:30,1,49.99,in-store
STORE_001,SKU_004,2024-09-10 08:16:05,1,49.99,in-store
STORE_001,SKU_004,2024-09-10 18:09:33,1,49.99,in-store
STORE_001,SKU_009,2024-09-10 11:54:28,2,115.0,in-store
STORE_001,SKU_009,2024-09-10 12:14:29,2,115.0,in-store
STORE_001,SKU_009,2024-09-10 16:27:08,2,115.0,online
STORE_002,SKU_001,2024-09-10 20:35:19,1,12.99,in-store
STORE_002,SKU_004,2024-09-10 21:57:00,1,49.99,online
STORE_003,SKU_004,2024-09-10 12:59:14,1,49.99,online
STORE_003,SKU_004,2024-09-10 16:19:19,1,49.99,in-store
STORE_003,SKU_008,2024-09-10 12:22:00,1,9.99,in-store
STORE_003,SKU_010,2024-09-10 19:01:37,2,18.5,online
STORE_004,SKU_008,2024-09-10 10:42:42,1,9.99,online
STORE_005,SKU_004,2024-09-10 11:42:25,1,49.99,online
STORE_005,SKU_004,2024-09-10 17:14:14,1,49.99,in-store
STORE_005,SKU_004,2024-09-10 19:48:24,1,49.99,online
STORE_005,SKU_007,2024-09-10 21:55:51,2,32.2,in-store
STORE_001,SKU_005,2024-09-11 15:12:40,2,8.75,in-store
STORE_001,SKU_005,2024-09-11 09:43:38,2,8.75,online
STORE_001,SKU_005,2024-09-11 10:57:58,2,8.75,online
STORE_002,SKU_002,2024-09-11 10:55:28,2,24.5,online
STORE_003,SKU_002,2024-09-11 20:03:26,2,24.5,online
STORE_003,SKU_002,2024-09-11 21:42:57,2,24.5,in-store
STORE_003,SKU_002,2024-09-11 21:22:24,2,24.5,online
STORE_003,SKU_005,2024-09-11 21:37:19,1,8.75,in-store
STORE_004,SKU_004,2024-09-11 15:46:16,1,49.99,online
STORE_004,SKU_004,2024-09-11 19:02:51,1,49.99,in-store
STORE_004,SKU_008,2024-09-11 12:53:02,1,9.99,online
STORE_005,SKU_002,2024-09-11 11:35:58,2,24.5,in-store
STORE_005,SKU_007,2024-09-11 16:52:35,2,32.2,in-store
STORE_005,SKU_007,2024-09-11 20:19:53,2,32.2,online
STORE_002,SKU_002,2024-09-12 12:47:02,2,24.5,in-store
STORE_002,SKU_002,2024-09-12 12:00:22,2,24.5,in-store
STORE_003,SKU_005,2024-09-12 12:17:52,1,8.75,online
STORE_004,SKU_004,2024-09-12 21:45:04,1,49.99,in-store
STORE_004,SKU_004,2024-09-12 16:10:19,1,49.99,in-store
STORE_004,SKU_004,2024-09-12 10:02:07,1,49.99,in-store
STORE_004,SKU_005,2024-09-12 12:14:17,1,8.75,in-store
STORE_004,SKU_005,2024-09-12 20:17:45,1,8.75,online
STORE_004,SKU_010,2024-09-12 15:52:34,2,18.5,online
STORE_005,SKU_005,2024-09-12 21:15:37,1,8.75,online
STORE_005,SKU_008,2024-09-12 10:52:21,1,9.99,in-store
STORE_005,SKU_010,2024-09-12 19:47:00,3,18.5,in-store
STORE_005,SKU_010,2024-09-12 15:09:22,3,18.5,in-store
STORE_005,SKU_010,2024-09-12 15:35:27,3,18.5,online
STORE_002,SKU_008,2024-09-13 10:30:35,1,9.99,in-store
STORE_002,SKU_008,2024-09-13 13:03:10,1,9.99,online
STORE_002,SKU_008,2024-09-13 11:54:14,1,9.99,online
STORE_002,SKU_009,2024-09-13 15:39:06,2,115.0,in-store
STORE_002,SKU_009,2024-09-13 10:59:02,2,115.0,in-store
STORE_002,SKU_009,2024-09-13 17:44:06,2,115.0,online
STORE_003,SKU_002,2024-09-13 17:27:05,2,24.5,in-store
STORE_003,SKU_005,2024-09-13 12:03:51,1,8.75,online
STORE_003,SKU_005,2024-09-13 10:42:19,1,8.75,in-store
STORE_003,SKU_007,2024-09-13 18:32:49,3,32.2,in-store
STORE_003,SKU_007,2024-09-13 15:01:51,3,32.2,online
STORE_003,SKU_008,2024-09-13 09:34:01,1,9.99,in-store
STORE_003,SKU_008,2024-09-13 16:35:08,1,9.99,online
STORE_003,SKU_008,2024-09-13 17:02:11,1,9.99,online
STORE_004,SKU_008,2024-09-13 11:08:56,1,9.99,in-store
STORE_004,SKU_008,2024-09-13 18:55:28,1,9.99,online
STORE_005,SKU_004,2024-09-13 08:51:41,1,49.99,in-store
STORE_005,SKU_004,2024-09-13 09:22:32,1,49.99,online
STORE_005,SKU_008,2024-09-13 09:08:09,1,9.99,online
STORE_005,SKU_008,2024-09-13 17:41:11,1,9.99,in-store
STORE_001,SKU_005,2024-09-14 16:55:17,2,8.75,in-store
STORE_001,SKU_005,2024-09-14 13:30:01,2,8.75,in-store
STORE_001,SKU_007,2024-09-14 11:09:34,7,32.2,in-store
STORE_001,SKU_007,2024-09-14 17:35:07,7,32.2,in-store
STORE_001,SKU_007,2024-09-14 21:27:04,7,32.2,online
STORE_001,SKU_008,2024-09-14 13:49:47,1,9.99,online
STORE_001,SKU_008,2024-09-14 18:35:11,1,9.99,in-store
STORE_001,SKU_010,2024-09-14 19:45:12,4,18.5,online
STORE_001,SKU_010,2024-09-14 13:26:28,4,18.5,online
STORE_002,SKU_008,2024-09-14 16:56:31,1,9.99,online
STORE_002,SKU_008,2024-09-14 20:06:53,1,9.99,online
STORE_002,SKU_008,2024-09-14 20:57:59,1,9.99,in-store
STORE_002,SKU_009,2024-09-14 15:49:02,2,115.0,in-store
STORE_003,SKU_002,2024-09-14 18:55:30,4,24.5,in-store
STORE_003,SKU_002,2024-09-14 10:48:14,4,24.5,online
STORE_003,SKU_005,2024-09-14 17:57:50,2,8.75,in-store
STORE_003,SKU_005,2024-09-14 20:11:45,2,8.75,online
STORE_003,SKU_006,2024-09-14 08:36:44,2,15.0,in-store
STORE_003,SKU_006,2024-09-14 11:42:59,2,15.0,online
STORE_003,SKU_006,2024-09-14 13:25:27,2,15.0,online
STORE_003,SKU_008,2024-09-14 08:44:48,,9.99,in-store
STORE_004,SKU_010,2024-09-14 19:38:24,4,18.5,online
STORE_004,SKU_010,2024-09-14 10:36:18,4,18.5,online
STORE_004,SKU_010,2024-09-14 15:44:36,4,18.5,in-store
STORE_005,SKU_002,2024-09-14 16:11:51,3,24.5,online
STORE_005,SKU_002,2024-09-14 10:35:00,3,24.5,in-store
STORE_005,SKU_005,2024-09-14 20:06:27,2,8.75,online
STORE_005,SKU_005,2024-09-14 14:36:30,2,8.75,in-store
STORE_001,SKU_002,2024-09-15 19:45:25,4,24.5,in-store
STORE_001,SKU_005,2024-09-15 20:09:55,3,8.75,online
STORE_001,SKU_006,2024-09-15 14:51:09,5,15.0,in-store
STORE_001,SKU_007,2024-09-15 16:08:44,7,32.2,online
STORE_001,SKU_007,2024-09-15 13:37:03,7,32.2,in-store
STORE_001,SKU_010,2024-09-15 18:24:31,4,18.5,online
STORE_001,SKU_010,2024-09-15 20:05:19,4,18.5,in-store
STORE_001,SKU_010,2024-09-15 15:02:43,4,18.5,online
STORE_002,SKU_005,2024-09-15 09:49:57,2,8.75,online
STORE_002,SKU_005,2024-09-15 18:52:54,2,8.75,in-store
STORE_002,SKU_005,2024-09-15 19:54:25,2,8.75,in-store
STORE_002,SKU_006,2024-09-15 14:12:34,4,15.0,online
STORE_003,SKU_005,2024-09-15 08:08:32,2,8.75,online
STORE_003,SKU_005,2024-09-15 13:17:42,2,8.75,in-store
STORE_003,SKU_005,2024-09-15 18:01:45,2,8.75,in-store
STORE_004,SKU_004,2024-09-15 15:36:54,1,49.99,online
STORE_004,SKU_008,2024-09-15 19:24:20,1,9.99,in-store
STORE_004,SKU_008,2024-09-15 11:36:55,1,9.99,in-store
STORE_005,SKU_001,2024-09-15 19:46:46,3,12.99,online
STORE_005,SKU_001,2024-09-15 16:30:55,3,12.99,in-store
STORE_005,SKU_004,2024-09-15 15:15:25,1,49.99,online
STORE_005,SKU_005,2024-09-15 09:51:47,1,8.75,in-store
STORE_005,SKU_005,2024-09-15 08:48:10,1,8.75,online
STORE_005,SKU_008,2024-09-15 14:50:43,1,9.99,online
STORE_005,SKU_008,2024-09-15 08:34:24,1,9.99,online
STORE_005,SKU_010,2024-09-15 18:58:34,3,18.5,in-store
STORE_005,SKU_010,2024-09-15 17:34:50,3,18.5,in-store
STORE_001,SKU_002,2024-09-16 18:12:15,3,24.5,in-store
STORE_001,SKU_002,2024-09-16 09:14:18,3,24.5,in-store
STORE_001,SKU_002,2024-09-16 08:42:07,3,24.5,online
STORE_001,SKU_006,2024-09-16 13:36:51,2,15.0,in-store
STORE_001,SKU_006,2024-09-16 16:43:10,2,15.0,in-store
STORE_001,SKU_006,2024-09-16 14:22:48,2,15.0,online
STORE_002,SKU_008,2024-09-16 14:12:09,1,9.99,online
STORE_002,SKU_008,2024-09-16 20:01:39,,9.99,in-store
STORE_002,SKU_008,2024-09-16 13:44:57,1,9.99,online
STORE_003,SKU_003,2024-09-16 09:16:02,3,5.99,online
STORE_003,SKU_003,2024-09-16 08:19:44,3,5.99,in-store
STORE_003,SKU_003,2024-09-16 13:38:48,3,5.99,in-store
STORE_003,SKU_006,2024-09-16 16:32:03,2,,in-store
STORE_003,SKU_006,2024-09-16 18:38:14,2,15.0,in-store
STORE_005,SKU_007,2024-09-16 09:35:20,3,32.2,in-store
STORE_005,SKU_007,2024-09-16 11:29:33,3,32.2,in-store
STORE_002,SKU_001,2024-09-17 18:57:21,1,12.99,in-store
STORE_002,SKU_001,2024-09-17 09:52:40,1,12.99,in-store
STORE_002,SKU_001,2024-09-17 11:25:30,1,12.99,online
STORE_002,SKU_005,2024-09-17 16:10:47,1,8.75,online
STORE_002,SKU_005,2024-09-17 18:28:27,1,8.75,online
STORE_002,SKU_005,2024-09-17 08:40:32,1,8.75,in-store
STORE_002,SKU_008,2024-09-17 18:43:46,1,9.99,online
STORE_003,SKU_001,2024-09-17 21:41:48,1,12.99,online
STORE_003,SKU_001,2024-09-17 11:01:03,1,12.99,online
STORE_003,SKU_001,2024-09-17 21:30:40,1,12.99,in-store
STORE_004,SKU_003,2024-09-17 20:07:30,3,5.99,in-store
STORE_004,SKU_003,2024-09-17 20:44:20,3,5.99,online
STORE_004,SKU_003,2024-09-17 08:56:00,3,5.99,online
STORE_004,SKU_005,2024-09-17 17:32:24,1,8.75,online
STORE_004,SKU_005,2024-09-17 11:02:34,1,8.75,in-store
STORE_005,SKU_002,2024-09-17 15:17:28,2,24.5,in-store
STORE_005,SKU_002,2024-09-17 16:48:20,2,24.5,in-store
STORE_001,SKU_010,2024-09-18 09:40:17,3,18.5,in-store
STORE_001,SKU_010,2024-09-18 17:41:13,3,18.5,in-store
STORE_002,SKU_004,2024-09-18 17:00:15,1,49.99,online
STORE_002,SKU_004,2024-09-18 15:15:00,1,49.99,in-store
STORE_002,SKU_007,2024-09-18 16:44:17,4,32.2,in-store
STORE_002,SKU_007,2024-09-18 19:48:41,4,32.2,online
STORE_002,SKU_007,2024-09-18 09:16:45,4,32.2,in-store
STORE_004,SKU_007,2024-09-18 20:31:14,2,32.2,in-store
STORE_004,SKU_007,2024-09-18 13:37:43,2,32.2,in-store
STORE_004,SKU_007,2024-09-18 11:02:33,2,32.2,online
STORE_005,SKU_005,2024-09-18 16:14:15,1,8.75,online
STORE_005,SKU_007,2024-09-18 19:40:52,4,32.2,in-store
STORE_005,SKU_007,2024-09-18 15:28:39,4,32.2,in-store
STORE_005,SKU_008,2024-09-18 16:56:57,1,9.99,online
STORE_005,SKU_008,2024-09-18 13:17:04,1,9.99,in-store
STORE_001,SKU_008,2024-09-19 21:24:03,1,9.99,in-store
STORE_001,SKU_008,2024-09-19 09:06:12,1,9.99,online
STORE_001,SKU_010,2024-09-19 15:43:17,2,18.5,in-store
STORE_002,SKU_004,2024-09-19 09:57:44,1,49.99,in-store
STORE_002,SKU_008,2024-09-19 11:57:51,1,9.99,in-store
STORE_002,SKU_008,2024-09-19 15:55:09,1,9.99,in-store
STORE_003,SKU_008,2024-09-19 13:04:15,1,9.99,online
STORE_003,SKU_008,2024-09-19 11:01:57,1,9.99,online
STORE_004,SKU_008,2024-09-19 21:36:04,1,9.99,online
STORE_004,SKU_008,2024-09-19 11:41:11,1,9.99,in-store
STORE_005,SKU_008,2024-09-19 11:49:10,1,9.99,in-store
STORE_001,SKU_002,2024-09-20 08:26:08,3,24.5,in-store
STORE_001,SKU_007,2024-09-20 16:23:48,5,32.2,online
STORE_001,SKU_007,2024-09-20 21:36:19,5,32.2,in-store
STORE_001,SKU_007,2024-09-20 10:22:14,5,32.2,online
STORE_001,SKU_010,2024-09-20 13:03:06,3,18.5,online
STORE_001,SKU_010,2024-09-20 15:00:00,3,18.5,in-store
STORE_001,SKU_010,2024-09-20 11:21:58,3,18.5,in-store
STORE_002,SKU_008,2024-09-20 08:58:03,1,9.99,in-store
STORE_002,SKU_008,2024-09-20 11:46:07,1,9.99,online
STORE_003,SKU_005,2024-09-20 17:44:04,1,8.75,online
STORE_003,SKU_005,2024-09-20 09:22:40,1,8.75,online
STORE_003,SKU_005,2024-09-20 17:14:16,1,8.75,online
STORE_003,SKU_007,2024-09-20 10:26:32,2,32.2,in-store
STORE_003,SKU_007,2024-09-20 21:07:01,2,32.2,in-store
STORE_004,SKU_001,2024-09-20 13:45:30,1,12.99,online
STORE_004,SKU_005,2024-09-20 10:49:12,1,8.75,online
STORE_004,SKU_005,2024-09-20 11:07:45,1,8.75,in-store
STORE_004,SKU_010,2024-09-20 17:24:44,1,18.5,online
STORE_004,SKU_010,2024-09-20 21:16:56,1,18.5,in-store
STORE_004,SKU_010,2024-09-20 09:29:39,1,18.5,online
STORE_005,SKU_010,2024-09-20 16:08:48,2,18.5,in-store
STORE_001,SKU_002,2024-09-21 10:21:34,4,24.5,online
STORE_001,SKU_002,2024-09-21 15:50:26,4,24.5,in-store
STORE_001,SKU_002,2024-09-21 18:23:54,4,24.5,in-store
STORE_001,SKU_004,2024-09-21 12:48:57,1,49.99,in-store
STORE_001,SKU_004,2024-09-21 21:56:47,1,49.99,online
STORE_001,SKU_005,2024-09-21 20:48:37,3,8.75,online
STORE_001,SKU_005,2024-09-21 18:45:21,3,8.75,online
STORE_001,SKU_007,2024-09-21 14:28:18,5,32.2,online
STORE_001,SKU_007,2024-09-21 15:09:52,5,32.2,online
STORE_001,SKU_007,2024-09-21 14:50:50,5,32.2,online
STORE_001,SKU_008,2024-09-21 19:39:39,2,9.99,online
STORE_002,SKU_004,2024-09-21 13:46:00,1,49.99,online
STORE_002,SKU_004,2024-09-21 12:15:35,1,49.99,in-store
STORE_003,SKU_002,2024-09-21 11:29:46,3,24.5,in-store
STORE_003,SKU_002,2024-09-21 17:52:22,3,24.5,in-store
STORE_003,SKU_004,2024-09-21 19:36:07,1,49.99,online
STORE_003,SKU_004,2024-09-21 12:18:15,1,49.99,online
STORE_003,SKU_005,2024-09-21 09:16:37,1,8.75,in-store
STORE_003,SKU_005,2024-09-21 20:35:36,1,8.75,online
STORE_003,SKU_007,2024-09-21 09:15:07,5,32.2,in-store
STORE_003,SKU_007,2024-09-21 11:52:48,5,32.2,in-store
STORE_003,SKU_007,2024-09-21 20:58:14,5,32.2,in-store
STORE_003,SKU_010,2024-09-21 17:49:54,3,18.5,in-store
STORE_003,SKU_010,2024-09-21 09:32:41,3,18.5,online
STORE_004,SKU_002,2024-09-21 08:51:10,3,24.5,in-store
STORE_004,SKU_002,2024-09-21 10:40:10,3,24.5,in-store
STORE_004,SKU_002,2024-09-21 14:28:30,3,24.5,online
STORE_004,SKU_007,2024-09-21 13:50:21,4,32.2,online
STORE_004,SKU_007,2024-09-21 21:03:43,4,32.2,online
STORE_004,SKU_007,2024-09-21 14:19:21,4,32.2,in-store
STORE_005,SKU_001,2024-09-21 13:15:32,2,12.99,online
STORE_005,SKU_001,2024-09-21 20:46:35,2,12.99,in-store
STORE_005,SKU_002,2024-09-21 21:10:41,3,24.5,online
STORE_005,SKU_002,2024-09-21 19:43:30,3,24.5,online
STORE_005,SKU_002,2024-09-21 11:05:59,3,24.5,online
STORE_005,SKU_004,2024-09-21 15:42:25,1,49.99,online
STORE_005,SKU_005,2024-09-21 16:26:47,1,8.75,in-store
STORE_005,SKU_005,2024-09-21 09:41:59,1,8.75,in-store
STORE_005,SKU_008,2024-09-21 11:33:29,1,9.99,online
STORE_001,SKU_001,2024-09-22 14:21:51,3,12.99,in-store
STORE_001,SKU_002,2024-09-22 14:13:47,5,24.5,online
STORE_001,SKU_005,2024-09-22 20:31:54,4,8.75,in-store
STORE_001,SKU_005,2024-09-22 14:52:10,4,8.75,online
STORE_001,SKU_005,2024-09-22 12:48:26,4,8.75,in-store
STORE_001,SKU_007,2024-09-22 19:59:21,5,32.2,in-store
STORE_001,SKU_007,2024-09-22 15:42:45,5,32.2,online
STORE_001,SKU_007,2024-09-22 16:46:56,5,32.2,in-store
STORE_002,SKU_001,2024-09-22 12:34:23,2,12.99,online
STORE_002,SKU_001,2024-09-22 17:25:20,2,12.99,online
STORE_002,SKU_002,2024-09-22 19:51:37,2,24.5,online
STORE_002,SKU_002,2024-09-22 10:18:34,2,24.5,in-store
STORE_002,SKU_005,2024-09-22 17:38:12,3,8.75,online
STORE_002,SKU_005,2024-09-22 08:59:02,3,8.75,online
STORE_002,SKU_008,2024-09-22 13:11:23,1,9.99,in-store
STORE_002,SKU_008,2024-09-22 08:57:55,1,9.99,online
STORE_002,SKU_008,2024-09-22 10:25:32,,9.99,in-store
STORE_003,SKU_001,2024-09-22 08:07:33,2,12.99,in-store
STORE_003,SKU_007,2024-09-22 15:50:56,6,32.2,in-store
STORE_004,SKU_001,2024-09-22 14:17:49,2,12.99,in-store
STORE_004,SKU_002,2024-09-22 13:39:11,3,24.5,online
STORE_004,SKU_005,2024-09-22 17:01:03,3,8.75,online
STORE_005,SKU_001,2024-09-22 09:49:28,3,12.99,in-store
STORE_005,SKU_001,2024-09-22 13:30:08,3,12.99,online
STORE_005,SKU_001,2024-09-22 13:07:05,3,12.99,in-store
STORE_005,SKU_005,2024-09-22 13:25:05,2,8.75,in-store
STORE_005,SKU_008,2024-09-22 12:26:09,1,9.99,in-store
STORE_001,SKU_001,2024-09-23 09:55:28,2,12.99,in-store
STORE_001,SKU_001,2024-09-23 08:02:00,2,12.99,in-store
STORE_001,SKU_001,2024-09-23 11:25:29,2,12.99,online
STORE_001,SKU_004,2024-09-23 19:07:14,1,49.99,online
STORE_002,SKU_002,2024-09-23 20:59:55,2,24.5,in-store
STORE_002,SKU_002,2024-09-23 17:52:07,2,24.5,online
STORE_002,SKU_002,2024-09-23 21:09:28,2,24.5,in-store
STORE_002,SKU_005,2024-09-23 13:17:05,1,8.75,online
STORE_002,SKU_005,2024-09-23 16:14:13,1,8.75,in-store
STORE_003,SKU_005,2024-09-23 15:31:08,1,8.75,online
STORE_003,SKU_005,2024-09-23 19:49:52,1,8.75,in-store
STORE_003,SKU_006,2024-09-23 19:33:27,1,15.0,in-store
STORE_003,SKU_006,2024-09-23 10:38:59,1,15.0,online
STORE_003,SKU_006,2024-09-23 21:25:27,1,15.0,online
STORE_001,SKU_005,2024-09-24 12:14:18,2,8.75,online
STORE_002,SKU_002,2024-09-24 14:20:37,3,24.5,in-store
STORE_002,SKU_002,2024-09-24 09:31:39,3,24.5,online
STORE_002,SKU_006,2024-09-24 12:10:54,2,15.0,in-store
STORE_002,SKU_007,2024-09-24 21:31:58,2,32.2,online
STORE_003,SKU_004,2024-09-24 08:28:28,1,49.99,in-store
STORE_003,SKU_004,2024-09-24 11:12:12,1,49.99,in-store
STORE_004,SKU_001,2024-09-24 19:16:06,1,12.99,in-store
STORE_005,SKU_002,2024-09-24 20:57:39,2,24.5,online
STORE_005,SKU_004,2024-09-24 15:08:43,1,49.99,in-store
STORE_005,SKU_004,2024-09-24 13:29:19,1,49.99,in-store
STORE_005,SKU_004,2024-09-24 10:02:52,1,49.99,online
STORE_005,SKU_006,2024-09-24 17:26:49,2,15.0,in-store
STORE_005,SKU_006,2024-09-24 14:41:28,2,15.0,online
STORE_005,SKU_008,2024-09-24 15:35:26,1,9.99,in-store
STORE_005,SKU_008,2024-09-24 08:43:02,1,9.99,online
STORE_001,SKU_002,2024-09-25 19:37:06,2,24.5,online
STORE_001,SKU_004,2024-09-25 20:53:47,1,49.99,online
STORE_001,SKU_004,2024-09-25 09:33:26,1,49.99,in-store
STORE_001,SKU_004,2024-09-25 19:59:17,1,49.99,in-store
STORE_002,SKU_005,2024-09-25 16:53:26,1,8.75,online
STORE_002,SKU_005,2024-09-25 12:30:54,1,8.75,in-store
STORE_002,SKU_005,2024-09-25 10:39:25,1,8.75,online
STORE_002,SKU_006,2024-09-25 11:46:26,2,15.0,online
STORE_002,SKU_006,2024-09-25 15:17:23,2,15.0,in-store
STORE_002,SKU_006,2024-09-25 08:42:00,2,15.0,online
STORE_003,SKU_007,2024-09-25 10:46:40,2,32.2,online
STORE_003,SKU_010,2024-09-25 09:37:57,2,18.5,in-store
STORE_003,SKU_010,2024-09-25 20:21:41,2,18.5,in-store
STORE_004,SKU_002,2024-09-25 15:24:56,2,24.5,online
STORE_004,SKU_002,2024-09-25 13:38:24,2,24.5,in-store
STORE_004,SKU_002,2024-09-25 13:32:30,2,24.5,online
STORE_004,SKU_003,2024-09-25 12:42:06,3,5.99,online
STORE_004,SKU_003,2024-09-25 21:02:35,3,5.99,in-store
STORE_004,SKU_003,2024-09-25 09:07:17,3,5.99,in-store
STORE_004,SKU_005,2024-09-25 13:51:45,1,8.75,in-store
STORE_004,SKU_008,2024-09-25 11:41:32,1,9.99,online
STORE_004,SKU_008,2024-09-25 20:12:55,1,9.99,in-store
STORE_004,SKU_008,2024-09-25 10:52:52,1,9.99,online
STORE_004,SKU_010,2024-09-25 15:37:34,2,18.5,online
STORE_004,SKU_010,2024-09-25 08:57:28,2,18.5,online
STORE_004,SKU_010,2024-09-25 13:07:10,2,18.5,in-store
STORE_001,SKU_009,2024-09-26 18:37:59,1,115.0,in-store
STORE_001,SKU_010,2024-09-26 13:40:41,2,18.5,in-store
STORE_001,SKU_010,2024-09-26 10:25:57,2,18.5,online
STORE_003,SKU_003,2024-09-26 14:38:38,2,5.99,online
STORE_003,SKU_003,2024-09-26 20:45:46,2,5.99,in-store
STORE_003,SKU_003,2024-09-26 14:24:28,2,5.99,in-store
STORE_003,SKU_007,2024-09-26 17:30:33,3,32.2,in-store
STORE_003,SKU_008,2024-09-26 12:03:55,1,9.99,in-store
STORE_004,SKU_008,2024-09-26 13:55:07,1,9.99,in-store
STORE_005,SKU_002,2024-09-26 16:54:20,2,24.5,online
STORE_005,SKU_002,2024-09-26 18:07:46,2,24.5,in-store
STORE_005,SKU_007,2024-09-26 18:49:30,2,32.2,in-store
STORE_001,SKU_002,2024-09-27 10:13:25,2,24.5,in-store
STORE_001,SKU_005,2024-09-27 15:45:22,1,8.75,in-store
STORE_001,SKU_005,2024-09-27 21:08:17,1,8.75,online
STORE_001,SKU_007,2024-09-27 08:32:28,5,32.2,in-store
STORE_001,SKU_007,2024-09-27 11:14:55,5,,in-store
STORE_001,SKU_007,2024-09-27 13:37:31,5,32.2,online
STORE_002,SKU_008,2024-09-27 20:10:04,1,9.99,online
STORE_002,SKU_008,2024-09-27 09:02:15,1,9.99,in-store
STORE_003,SKU_002,2024-09-27 14:38:06,3,24.5,in-store
STORE_003,SKU_002,2024-09-27 10:56:34,3,24.5,online
STORE_003,SKU_002,2024-09-27 09:22:07,3,24.5,in-store
STORE_003,SKU_006,2024-09-27 19:17:57,2,15.0,online
STORE_003,SKU_006,2024-09-27 21:44:19,2,15.0,online
STORE_003,SKU_008,2024-09-27 15:11:42,1,9.99,online
STORE_003,SKU_008,2024-09-27 14:36:56,1,9.99,in-store
STORE_003,SKU_008,2024-09-27 16:17:10,1,9.99,online
STORE_003,SKU_009,2024-09-27 13:29:21,1,115.0,in-store
STORE_004,SKU_002,2024-09-27 18:29:22,2,24.5,online
STORE_004,SKU_005,2024-09-27 17:29:33,1,8.75,online
STORE_004,SKU_005,2024-09-27 12:08:25,1,8.75,in-store
STORE_005,SKU_003,2024-09-27 11:34:18,2,5.99,online
STORE_005,SKU_003,2024-09-27 10:10:29,2,5.99,in-store
STORE_005,SKU_010,2024-09-27 18:25:30,2,18.5,online
STORE_005,SKU_010,2024-09-27 09:35:07,2,18.5,online
STORE_005,SKU_010,2024-09-27 14:37:03,2,18.5,online
STORE_002,SKU_001,2024-09-28 15:58:42,3,12.99,online
STORE_002,SKU_006,2024-09-28 17:16:08,2,15.0,online
STORE_002,SKU_006,2024-09-28 21:53:30,2,15.0,in-store
STORE_002,SKU_010,2024-09-28 13:18:50,4,18.5,in-store
STORE_003,SKU_003,2024-09-28 19:36:12,5,5.99,in-store
STORE_003,SKU_005,2024-09-28 17:06:58,2,8.75,online
STORE_003,SKU_005,2024-09-28 13:03:51,2,8.75,online
STORE_003,SKU_007,2024-09-28 17:48:23,3,32.2,online
STORE_003,SKU_007,2024-09-28 20:18:42,3,32.2,in-store
STORE_003,SKU_007,2024-09-28 13:20:30,3,32.2,online
STORE_003,SKU_009,2024-09-28 20:41:05,3,115.0,online
STORE_003,SKU_009,2024-09-28 20:23:38,3,115.0,online
STORE_004,SKU_002,2024-09-28 19:05:19,3,24.5,in-store
STORE_004,SKU_004,2024-09-28 09:36:17,1,49.99,online
STORE_004,SKU_008,2024-09-28 16:30:10,1,9.99,in-store
STORE_004,SKU_008,2024-09-28 20:22:45,1,9.99,online
STORE_004,SKU_008,2024-09-28 15:04:49,1,9.99,in-store
STORE_005,SKU_001,2024-09-28 10:28:51,2,12.99,online
STORE_005,SKU_001,2024-09-28 14:00:37,2,12.99,in-store
STORE_005,SKU_002,2024-09-28 19:55:00,3,24.5,online
STORE_005,SKU_002,2024-09-28 20:44:59,3,24.5,in-store
STORE_005,SKU_002,2024-09-28 13:58:15,3,24.5,online
STORE_005,SKU_003,2024-09-28 19:57:16,4,5.99,online
STORE_005,SKU_003,2024-09-28 13:05:43,4,5.99,in-store
STORE_005,SKU_004,2024-09-28 19:44:52,1,49.99,in-store
STORE_005,SKU_008,2024-09-28 13:51:36,1,9.99,in-store
STORE_005,SKU_008,2024-09-28 17:40:54,1,9.99,in-store
STORE_001,SKU_002,2024-09-29 21:34:27,5,24.5,online
STORE_001,SKU_002,2024-09-29 09:26:07,5,24.5,online
STORE_001,SKU_002,2024-09-29 09:48:11,5,24.5,online
STORE_001,SKU_004,2024-09-29 10:31:38,1,49.99,in-store
STORE_001,SKU_004,2024-09-29 08:59:34,1,49.99,in-store
STORE_001,SKU_004,2024-09-29 18:13:12,1,49.99,online
STORE_001,SKU_006,2024-09-29 08:19:43,5,15.0,online
STORE_001,SKU_006,2024-09-29 12:53:50,5,15.0,in-store
STORE_001,SKU_006,2024-09-29 21:07:31,5,15.0,online
STORE_001,SKU_008,2024-09-29 08:54:08,2,9.99,online
STORE_001,SKU_008,2024-09-29 19:44:33,2,9.99,online
STORE_002,SKU_001,2024-09-29 13:46:36,2,12.99,in-store
STORE_002,SKU_001,2024-09-29 20:45:56,2,12.99,in-store
STORE_002,SKU_001,2024-09-29 10:03:23,2,12.99,in-store
STORE_002,SKU_002,2024-09-29 14:53:23,3,24.5,online
STORE_002,SKU_007,2024-09-29 14:54:39,6,32.2,online
STORE_002,SKU_007,2024-09-29 12:40:16,6,32.2,online
STORE_002,SKU_007,2024-09-29 09:29:26,6,32.2,in-store
STORE_002,SKU_008,2024-09-29 18:44:59,1,9.99,in-store
STORE_002,SKU_008,2024-09-29 14:06:09,1,9.99,online
STORE_002,SKU_008,2024-09-29 11:58:46,1,9.99,in-store
STORE_003,SKU_005,2024-09-29 21:32:06,1,8.75,in-store
STORE_003,SKU_005,2024-09-29 18:34:42,1,8.75,in-store
STORE_003,SKU_005,2024-09-29 13:20:09,1,8.75,online
STORE_003,SKU_008,2024-09-29 14:10:59,1,9.99,in-store
STORE_003,SKU_008,2024-09-29 18:04:05,1,9.99,in-store
STORE_004,SKU_004,2024-09-29 10:52:59,1,49.99,in-store
STORE_004,SKU_004,2024-09-29 11:06:44,1,49.99,online
STORE_004,SKU_004,2024-09-29 17:07:43,1,49.99,in-store
STORE_004,SKU_005,2024-09-29 12:45:44,2,8.75,online
STORE_004,SKU_007,2024-09-29 18:40:36,6,32.2,in-store
STORE_004,SKU_008,2024-09-29 08:26:08,1,9.99,in-store
STORE_004,SKU_009,2024-09-29 10:16:37,2,115.0,in-store
STORE_005,SKU_007,2024-09-29 16:56:38,6,32.2,online
STORE_001,SKU_001,2024-09-30 13:22:03,1,12.99,online
STORE_001,SKU_001,2024-09-30 16:02:18,1,12.99,online
STORE_001,SKU_001,2024-09-30 16:49:55,1,12.99,in-store
STORE_001,SKU_009,2024-09-30 19:53:23,2,115.0,online
STORE_002,SKU_004,2024-09-30 12:20:09,1,49.99,online
STORE_002,SKU_005,2024-09-30 20:12:38,1,8.75,online
STORE_002,SKU_005,2024-09-30 14:10:10,1,8.75,online
STORE_002,SKU_005,2024-09-30 20:15:04,1,8.75,online
STORE_003,SKU_004,2024-09-30 18:24:35,1,49.99,online
STORE_005,SKU_005,2024-09-30 17:56:35,1,8.75,online
STORE_005,SKU_005,2024-09-30 14:07:29,1,8.75,online
STORE_005,SKU_010,2024-09-30 20:20:52,2,18.5,in-store
STORE_005,SKU_010,2024-09-30 20:44:31,2,18.5,online
STORE_001,SKU_001,2024-10-01 20:31:06,2,12.99,in-store
STORE_001,SKU_001,2024-10-01 11:34:31,2,12.99,online
STORE_001,SKU_008,2024-10-01 18:40:28,1,9.99,online
STORE_001,SKU_008,2024-10-01 08:33:08,1,9.99,in-store
STORE_001,SKU_008,2024-10-01 18:22:59,1,9.99,in-store
STORE_002,SKU_004,2024-10-01 10:40:59,1,49.99,in-store
STORE_002,SKU_004,2024-10-01 19:11:22,1,49.99,online
STORE_002,SKU_004,2024-10-01 11:36:19,1,49.99,online
STORE_003,SKU_005,2024-10-01 15:45:31,1,8.75,online
STORE_004,SKU_003,2024-10-01 14:14:11,2,5.99,online
STORE_001,SKU_004,2024-10-02 09:29:54,1,49.99,online
STORE_001,SKU_004,2024-10-02 17:33:05,1,49.99,online
STORE_001,SKU_004,2024-10-02 16:48:47,1,49.99,in-store
STORE_001,SKU_007,2024-10-02 20:57:27,4,32.2,in-store
STORE_001,SKU_007,2024-10-02 12:30:37,4,32.2,in-store
STORE_003,SKU_007,2024-10-02 11:25:00,2,32.2,in-store
STORE_003,SKU_007,2024-10-02 19:26:22,2,32.2,online
STORE_003,SKU_008,2024-10-02 12:28:12,1,9.99,online
STORE_003,SKU_008,2024-10-02 08:54:55,1,9.99,in-store
STORE_003,SKU_008,2024-10-02 11:48:20,1,9.99,in-store
STORE_003,SKU_009,2024-10-02 21:43:33,1,115.0,in-store
STORE_004,SKU_008,2024-10-02 08:18:44,1,9.99,in-store
STORE_004,SKU_008,2024-10-02 20:46:22,1,9.99,online
STORE_004,SKU_008,2024-10-02 12:20:04,1,9.99,online
STORE_004,SKU_010,2024-10-02 08:00:37,2,18.5,in-store
STORE_004,SKU_010,2024-10-02 16:57:21,2,18.5,in-store
STORE_004,SKU_010,2024-10-02 20:46:58,2,18.5,in-store
STORE_005,SKU_009,2024-10-02 19:56:12,2,115.0,online
STORE_001,SKU_008,2024-10-03 12:56:06,1,9.99,online
STORE_001,SKU_010,2024-10-03 14:07:15,3,18.5,online
STORE_001,SKU_010,2024-10-03 10:45:59,3,18.5,in-store
STORE_002,SKU_005,2024-10-03 21:50:47,1,8.75,in-store
STORE_002,SKU_008,2024-10-03 15:29:50,1,9.99,in-store
STORE_002,SKU_008,2024-10-03 20:37:32,1,9.99,online
STORE_002,SKU_008,2024-10-03 13:22:58,1,9.99,in-store
STORE_003,SKU_001,2024-10-03 15:03:33,1,12.99,in-store
STORE_005,SKU_001,2024-10-03 19:05:13,1,12.99,online
STORE_005,SKU_001,2024-10-03 13:18:28,1,12.99,in-store
STORE_005,SKU_001,2024-10-03 09:28:11,1,12.99,in-store
STORE_005,SKU_008,2024-10-03 18:38:21,1,9.99,online
STORE_001,SKU_001,2024-10-04 15:02:19,1,12.99,in-store
STORE_001,SKU_001,2024-10-04 12:52:34,1,12.99,online
STORE_001,SKU_001,2024-10-04 21:41:57,1,12.99,in-store
STORE_001,SKU_008,2024-10-04 20:48:08,1,9.99,in-store
STORE_001,SKU_010,2024-10-04 09:35:03,4,18.5,in-store
STORE_001,SKU_010,2024-10-04 13:31:51,4,18.5,in-store
STORE_001,SKU_010,2024-10-04 20:16:25,4,18.5,online
STORE_002,SKU_004,2024-10-04 12:32:43,1,49.99,in-store
STORE_002,SKU_008,2024-10-04 19:33:38,1,9.99,in-store
STORE_002,SKU_010,2024-10-04 08:11:02,2,18.5,online
STORE_002,SKU_010,2024-10-04 19:30:43,2,18.5,in-store
STORE_003,SKU_002,2024-10-04 10:29:44,2,24.5,online
STORE_003,SKU_002,2024-10-04 17:56:42,2,24.5,online
STORE_003,SKU_002,2024-10-04 19:28:51,2,,online
STORE_003,SKU_009,2024-10-04 16:20:32,1,115.0,in-store
STORE_003,SKU_009,2024-10-04 20:09:11,1,115.0,in-store
STORE_003,SKU_009,2024-10-04 09:27:37,1,115.0,online
STORE_005,SKU_008,2024-10-04 13:18:17,1,9.99,in-store
STORE_005,SKU_008,2024-10-04 12:50:43,1,9.99,in-store
STORE_001,SKU_007,2024-10-05 18:56:43,6,32.2,in-store
STORE_001,SKU_007,2024-10-05 11:22:27,6,32.2,online
STORE_001,SKU_007,2024-10-05 12:34:45,6,32.2,online
STORE_001,SKU_010,2024-10-05 13:11:05,6,18.5,online
STORE_001,SKU_010,2024-10-05 17:02:42,6,18.5,online
STORE_001,SKU_010,2024-10-05 19:38:51,6,18.5,online
STORE_002,SKU_003,2024-10-05 17:41:50,3,5.99,online
STORE_002,SKU_003,2024-10-05 20:22:23,3,5.99,online
STORE_002,SKU_008,2024-10-05 11:50:13,1,9.99,online
STORE_002,SKU_008,2024-10-05 12:29:34,1,9.99,in-store
STORE_002,SKU_008,2024-10-05 18:33:39,1,9.99,online
STORE_003,SKU_002,2024-10-05 12:54:39,3,24.5,online
STORE_003,SKU_004,2024-10-05 19:13:40,1,49.99,online
STORE_003,SKU_004,2024-10-05 19:03:28,1,49.99,in-store
STORE_004,SKU_004,2024-10-05 20:37:18,1,49.99,online
STORE_004,SKU_004,2024-10-05 16:49:38,1,49.99,in-store
STORE_004,SKU_007,2024-10-05 10:09:13,5,32.2,in-store
STORE_004,SKU_007,2024-10-05 18:31:27,5,32.2,online
STORE_005,SKU_002,2024-10-05 16:05:39,3,24.5,in-store
STORE_005,SKU_002,2024-10-05 12:05:18,3,24.5,in-store
STORE_005,SKU_005,2024-10-05 12:40:21,2,8.75,in-store
STORE_005,SKU_007,2024-10-05 12:13:11,,32.2,in-store
STORE_001,SKU_001,2024-10-06 20:46:24,3,12.99,online
STORE_001,SKU_004,2024-10-06 21:10:43,1,49.99,in-store
STORE_001,SKU_004,2024-10-06 17:17:41,1,49.99,online
STORE_001,SKU_005,2024-10-06 17:33:27,2,8.75,in-store
STORE_001,SKU_007,2024-10-06 20:07:07,8,32.2,in-store
STORE_001,SKU_010,2024-10-06 14:52:05,4,18.5,online
STORE_001,SKU_010,2024-10-06 12:34:52,4,18.5,online
STORE_001,SKU_010,2024-10-06 18:37:42,4,18.5,in-store
STORE_002,SKU_007,2024-10-06 13:15:18,4,32.2,online
STORE_002,SKU_007,2024-10-06 13:36:33,4,32.2,in-store
STORE_002,SKU_007,2024-10-06 14:51:19,4,32.2,online
STORE_002,SKU_008,2024-10-06 08:35:10,1,9.99,online
STORE_002,SKU_010,2024-10-06 12:18:17,3,18.5,in-store
STORE_002,SKU_010,2024-10-06 21:16:49,3,18.5,in-store
STORE_003,SKU_001,2024-10-06 10:08:18,2,12.99,online
STORE_003,SKU_001,2024-10-06 11:38:39,2,12.99,in-store
STORE_003,SKU_008,2024-10-06 16:23:37,1,9.99,online
STORE_003,SKU_008,2024-10-06 08:29:50,1,9.99,online
STORE_004,SKU_002,2024-10-06 14:26:41,2,24.5,in-store
STORE_004,SKU_005,2024-10-06 18:59:33,3,8.75,in-store
STORE_004,SKU_005,2024-10-06 19:19:37,3,8.75,in-store
STORE_005,SKU_002,2024-10-06 11:58:16,3,24.5,online
STORE_005,SKU_002,2024-10-06 19:53:36,3,24.5,online
STORE_005,SKU_005,2024-10-06 11:24:55,2,8.75,in-store
STORE_005,SKU_005,2024-10-06 20:23:06,2,8.75,online
STORE_005,SKU_006,2024-10-06 10:39:33,3,15.0,in-store
STORE_005,SKU_006,2024-10-06 18:07:57,3,15.0,online
STORE_005,SKU_008,2024-10-06 13:19:09,1,9.99,online
STORE_005,SKU_009,2024-10-06 12:44:06,2,115.0,online
STORE_002,SKU_004,2024-10-07 10:49:44,1,49.99,in-store
STORE_002,SKU_004,2024-10-07 19:32:08,1,49.99,in-store
STORE_002,SKU_004,2024-10-07 14:11:30,1,49.99,in-store
STORE_002,SKU_005,2024-10-07 18:52:05,1,8.75,online
STORE_003,SKU_008,2024-10-07 11:04:46,1,9.99,online
STORE_003,SKU_008,2024-10-07 14:21:40,1,9.99,online
STORE_004,SKU_002,2024-10-07 19:40:04,2,24.5,online
STORE_004,SKU_002,2024-10-07 14:01:10,2,24.5,online
STORE_004,SKU_002,2024-10-07 11:16:28,2,24.5,online
STORE_004,SKU_004,2024-10-07 16:54:17,1,49.99,in-store
STORE_004,SKU_004,2024-10-07 18:13:20,1,49.99,online
STORE_004,SKU_010,2024-10-07 19:40:39,2,18.5,in-store
STORE_004,SKU_010,2024-10-07 18:12:56,2,18.5,in-store
STORE_004,SKU_010,2024-10-07 11:18:53,2,18.5,online
STORE_005,SKU_005,2024-10-07 12:36:01,1,8.75,online
STORE_005,SKU_005,2024-10-07 13:39:30,1,8.75,online
STORE_005,SKU_005,2024-10-07 12:14:13,1,8.75,online
STORE_001,SKU_010,2024-10-08 11:31:00,4,18.5,online
STORE_002,SKU_001,2024-10-08 11:50:20,1,12.99,in-store
STORE_002,SKU_001,2024-10-08 17:26:57,,12.99,in-store
STORE_002,SKU_001,2024-10-08 10:09:56,1,12.99,in-store
STORE_002,SKU_002,2024-10-08 15:02:34,2,24.5,in-store
STORE_002,SKU_002,2024-10-08 13:50:33,2,24.5,in-store
STORE_002,SKU_005,2024-10-08 11:59:24,1,8.75,in-store
STORE_002,SKU_005,2024-10-08 12:41:44,1,8.75,online
STORE_002,SKU_009,2024-10-08 19:43:26,1,115.0,in-store
STORE_003,SKU_001,2024-10-08 18:44:26,1,12.99,in-store
STORE_003,SKU_001,2024-10-08 17:37:08,1,12.99,in-store
STORE_003,SKU_001,2024-10-08 15:22:29,1,12.99,in-store
STORE_003,SKU_010,2024-10-08 21:28:36,2,18.5,in-store
STORE_004,SKU_005,2024-10-08 11:57:48,1,8.75,online
STORE_004,SKU_005,2024-10-08 13:08:11,1,8.75,in-store
STORE_004,SKU_005,2024-10-08 21:34:39,1,8.75,online
STORE_005,SKU_008,2024-10-08 15:24:45,1,9.99,online
STORE_005,SKU_008,2024-10-08 08:49:47,1,9.99,online
STORE_001,SKU_003,2024-10-09 16:58:50,4,5.99,in-store
STORE_001,SKU_003,2024-10-09 11:45:41,4,5.99,in-store
STORE_001,SKU_003,2024-10-09 09:24:35,4,5.99,online
STORE_004,SKU_001,2024-10-09 20:00:05,1,12.99,in-store
STORE_004,SKU_001,2024-10-09 09:35:56,1,12.99,online
STORE_004,SKU_002,2024-10-09 18:32:02,1,24.5,in-store
STORE_004,SKU_002,2024-10-09 15:44:57,1,24.5,online
STORE_004,SKU_003,2024-10-09 11:50:48,2,5.99,in-store
STORE_005,SKU_001,2024-10-09 16:15:07,1,12.99,online
STORE_005,SKU_001,2024-10-09 10:01:30,1,12.99,in-store
STORE_005,SKU_001,2024-10-09 15:37:21,1,12.99,online
STORE_005,SKU_005,2024-10-09 11:13:32,1,8.75,in-store
STORE_005,SKU_005,2024-10-09 14:25:48,1,8.75,in-store
STORE_005,SKU_005,2024-10-09 19:11:39,1,8.75,in-store
STORE_001,SKU_002,2024-10-10 18:52:58,3,24.5,in-store
STORE_003,SKU_001,2024-10-10 14:52:11,1,12.99,in-store
STORE_004,SKU_005,2024-10-10 11:51:41,1,8.75,in-store
STORE_004,SKU_005,2024-10-10 20:31:11,1,8.75,in-store
STORE_004,SKU_005,2024-10-10 13:51:34,1,8.75,online
STORE_004,SKU_007,2024-10-10 11:19:11,3,32.2,online
STORE_001,SKU_002,2024-10-11 20:01:52,3,24.5,online
STORE_001,SKU_002,2024-10-11 15:23:46,3,24.5,online
STORE_001,SKU_002,2024-10-11 11:12:20,3,24.5,online
STORE_001,SKU_005,2024-10-11 09:28:39,1,8.75,in-store
STORE_001,SKU_005,2024-10-11 21:41:01,1,8.75,in-store
STORE_001,SKU_009,2024-10-11 11:22:17,2,115.0,in-store
STORE_001,SKU_010,2024-10-11 16:16:03,3,18.5,online
STORE_002,SKU_008,2024-10-11 11:02:55,1,9.99,online
STORE_002,SKU_008,2024-10-11 19:20:31,1,9.99,online
STORE_002,SKU_008,2024-10-11 21:07:03,1,9.99,online
STORE_002,SKU_010,2024-10-11 12:58:31,2,18.5,in-store
STORE_003,SKU_005,2024-10-11 10:52:43,1,8.75,in-store
STORE_003,SKU_005,2024-10-11 18:45:43,1,8.75,online
STORE_003,SKU_005,2024-10-11 15:56:46,1,8.75,online
STORE_004,SKU_007,2024-10-11 12:12:55,3,32.2,in-store
STORE_005,SKU_006,2024-10-11 18:29:41,3,15.0,in-store
STORE_005,SKU_006,2024-10-11 12:02:46,3,15.0,in-store
STORE_005,SKU_008,2024-10-11 20:08:37,1,9.99,online
STORE_001,SKU_001,2024-10-12 17:08:30,3,12.99,online
STORE_001,SKU_001,2024-10-12 08:48:02,3,12.99,online
STORE_001,SKU_001,2024-10-12 19:39:20,3,12.99,online
STORE_001,SKU_002,2024-10-12 18:03:02,6,24.5,in-store
STORE_001,SKU_002,2024-10-12 08:57:41,6,24.5,in-store
STORE_001,SKU_002,2024-10-12 13:09:53,6,24.5,online
STORE_001,SKU_005,2024-10-12 17:41:43,4,8.75,in-store
STORE_001,SKU_005,2024-10-12 11:40:59,4,8.75,online
STORE_002,SKU_007,2024-10-12 11:23:22,5,32.2,in-store
STORE_002,SKU_007,2024-10-12 21:56:59,5,32.2,online
STORE_002,SKU_007,2024-10-12 21:58:46,5,32.2,in-store
STORE_002,SKU_008,2024-10-12 11:58:13,1,9.99,online
STORE_002,SKU_008,2024-10-12 21:10:16,1,9.99,online
STORE_002,SKU_008,2024-10-12 18:12:41,1,9.99,in-store
STORE_002,SKU_010,2024-10-12 15:14:43,4,18.5,in-store
STORE_002,SKU_010,2024-10-12 16:54:06,4,18.5,in-store
STORE_002,SKU_010,2024-10-12 19:55:25,4,18.5,online
STORE_003,SKU_002,2024-10-12 17:31:26,4,24.5,online
STORE_003,SKU_002,2024-10-12 11:28:28,4,24.5,in-store
STORE_003,SKU_002,2024-10-12 12:18:45,4,24.5,in-store
STORE_003,SKU_003,2024-10-12 20:30:55,4,5.99,in-store
STORE_003,SKU_003,2024-10-12 08:13:47,4,5.99,in-store
STORE_003,SKU_005,2024-10-12 08:15:51,2,8.75,online
STORE_003,SKU_005,2024-10-12 08:39:08,2,8.75,online
STORE_003,SKU_005,2024-10-12 11:42:48,2,8.75,in-store
STORE_004,SKU_005,2024-10-12 18:19:34,2,8.75,in-store
STORE_005,SKU_002,2024-10-12 15:58:47,4,24.5,online
STORE_005,SKU_002,2024-10-12 21:08:12,4,24.5,in-store
STORE_005,SKU_002,2024-10-12 15:16:00,4,24.5,in-store
STORE_001,SKU_001,2024-10-13 17:50:19,4,12.99,in-store
STORE_001,SKU_001,2024-10-13 20:09:58,4,12.99,in-store
STORE_001,SKU_001,2024-10-13 09:27:16,4,12.99,in-store
STORE_001,SKU_004,2024-10-13 13:14:03,1,49.99,online
STORE_002,SKU_003,2024-10-13 14:16:12,3,5.99,in-store
STORE_002,SKU_010,2024-10-13 11:44:05,3,18.5,in-store
STORE_002,SKU_010,2024-10-13 12:31:33,3,18.5,in-store
STORE_002,SKU_010,2024-10-13 09:57:56,3,18.5,in-store
STORE_003,SKU_001,2024-10-13 11:01:55,2,12.99,in-store
STORE_003,SKU_005,2024-10-13 17:04:41,2,8.75,online
STORE_003,SKU_005,2024-10-13 14:49:29,2,8.75,in-store
STORE_003,SKU_007,2024-10-13 15:37:23,5,32.2,online
STORE_004,SKU_008,2024-10-13 20:09:04,1,9.99,in-store
STORE_004,SKU_010,2024-10-13 19:56:06,3,18.5,online
STORE_004,SKU_010,2024-10-13 21:58:51,3,18.5,in-store
STORE_005,SKU_002,2024-10-13 10:27:13,3,24.5,in-store
STORE_005,SKU_002,2024-10-13 17:52:59,3,24.5,in-store
STORE_005,SKU_004,2024-10-13 11:08:23,1,49.99,in-store
STORE_005,SKU_004,2024-10-13 09:17:02,1,49.99,in-store
STORE_005,SKU_004,2024-10-13 11:56:02,1,49.99,online
STORE_005,SKU_007,2024-10-13 14:44:59,3,32.2,online
STORE_005,SKU_007,2024-10-13 09:22:17,3,32.2,in-store
STORE_005,SKU_007,2024-10-13 20:23:57,3,32.2,online
STORE_001,SKU_007,2024-10-14 08:54:33,5,32.2,in-store
STORE_001,SKU_010,2024-10-14 11:27:02,2,18.5,online
STORE_002,SKU_008,2024-10-14 16:24:22,1,9.99,online
STORE_002,SKU_008,2024-10-14 09:06:31,1,9.99,in-store
STORE_002,SKU_008,2024-10-14 21:38:01,1,9.99,online
STORE_003,SKU_001,2024-10-14 15:41:25,2,12.99,in-store
STORE_003,SKU_009,2024-10-14 11:40:48,2,115.0,in-store
STORE_003,SKU_009,2024-10-14 10:06:53,2,115.0,online
STORE_005,SKU_001,2024-10-14 11:52:51,1,12.99,in-store
STORE_005,SKU_001,2024-10-14 16:55:00,1,12.99,in-store
STORE_005,SKU_001,2024-10-14 16:15:05,1,12.99,online
STORE_005,SKU_002,2024-10-14 21:58:54,2,24.5,in-store
STORE_005,SKU_002,2024-10-14 20:21:47,2,24.5,in-store
STORE_005,SKU_004,2024-10-14 10:10:48,1,49.99,online
STORE_005,SKU_004,2024-10-14 12:23:50,1,49.99,online
STORE_005,SKU_005,2024-10-14 21:13:13,1,8.75,online
STORE_001,SKU_001,2024-10-15 21:04:58,2,12.99,in-store
STORE_001,SKU_007,2024-10-15 21:02:05,3,32.2,online
STORE_001,SKU_007,2024-10-15 13:07:58,3,32.2,online
STORE_001,SKU_007,2024-10-15 21:07:28,3,32.2,in-store
STORE_001,SKU_009,2024-10-15 18:13:37,2,115.0,online
STORE_001,SKU_009,2024-10-15 19:34:29,2,115.0,in-store
STORE_001,SKU_009,2024-10-15 19:32:12,2,115.0,in-store
STORE_001,SKU_010,2024-10-15 21:32:48,2,18.5,in-store
STORE_002,SKU_008,2024-10-15 18:03:51,1,9.99,in-store
STORE_002,SKU_008,2024-10-15 17:14:13,1,9.99,online
STORE_002,SKU_008,2024-10-15 17:19:16,1,9.99,online
STORE_002,SKU_010,2024-10-15 11:21:39,2,18.5,in-store
STORE_002,SKU_010,2024-10-15 17:46:16,2,18.5,in-store
STORE_002,SKU_010,2024-10-15 11:52:43,2,18.5,online
STORE_003,SKU_007,2024-10-15 16:43:47,3,32.2,in-store
STORE_003,SKU_007,2024-10-15 14:39:34,3,32.2,online
STORE_003,SKU_007,2024-10-15 15:15:11,3,32.2,online
STORE_004,SKU_006,2024-10-15 20:54:03,2,15.0,online
STORE_004,SKU_006,2024-10-15 21:07:04,2,15.0,in-store
STORE_004,SKU_006,2024-10-15 14:26:31,2,15.0,in-store
STORE_004,SKU_008,2024-10-15 10:38:31,1,9.99,online
STORE_004,SKU_008,2024-10-15 18:13:22,1,9.99,in-store
STORE_004,SKU_008,2024-10-15 10:54:42,1,9.99,online
STORE_001,SKU_001,2024-10-16 21:48:40,2,12.99,in-store
STORE_001,SKU_001,2024-10-16 11:46:34,2,12.99,online
STORE_001,SKU_007,2024-10-16 20:44:03,3,32.2,in-store
STORE_001,SKU_007,2024-10-16 08:15:49,3,32.2,online
STORE_001,SKU_010,2024-10-16 18:52:51,3,18.5,in-store
STORE_003,SKU_001,2024-10-16 17:34:19,1,12.99,online
STORE_003,SKU_001,2024-10-16 15:48:35,1,12.99,online
STORE_003,SKU_001,2024-10-16 11:33:54,1,12.99,in-store
STORE_003,SKU_003,2024-10-16 13:10:11,2,5.99,online
STORE_003,SKU_004,2024-10-16 15:17:29,1,49.99,in-store
STORE_003,SKU_004,2024-10-16 12:43:02,1,49.99,in-store
STORE_003,SKU_004,2024-10-16 12:21:45,1,49.99,online
STORE_004,SKU_005,2024-10-16 11:20:54,1,8.75,in-store
STORE_004,SKU_005,2024-10-16 19:45:19,1,8.75,in-store
STORE_004,SKU_005,2024-10-16 21:08:58,1,8.75,in-store
STORE_001,SKU_005,2024-10-17 16:28:33,2,8.75,in-store
STORE_001,SKU_005,2024-10-17 18:11:14,2,8.75,online
STORE_001,SKU_010,2024-10-17 17:23:28,3,18.5,in-store
STORE_002,SKU_007,2024-10-17 21:37:25,2,32.2,online
STORE_004,SKU_002,2024-10-17 20:59:51,2,24.5,in-store
STORE_004,SKU_002,2024-10-17 13:02:07,2,24.5,online
STORE_004,SKU_002,2024-10-17 16:46:45,2,24.5,online
STORE_004,SKU_005,2024-10-17 19:07:10,1,8.75,online
STORE_004,SKU_005,2024-10-17 12:43:45,1,8.75,in-store
STORE_005,SKU_010,2024-10-17 15:33:55,2,18.5,in-store
STORE_005,SKU_010,2024-10-17 15:44:46,2,18.5,online
STORE_001,SKU_008,2024-10-18 19:30:04,1,9.99,in-store
STORE_001,SKU_008,2024-10-18 09:17:41,1,9.99,online
STORE_001,SKU_008,2024-10-18 09:57:22,1,9.99,in-store
STORE_002,SKU_002,2024-10-18 16:44:54,2,24.5,in-store
STORE_002,SKU_007,2024-10-18 12:59:58,3,32.2,in-store
STORE_002,SKU_007,2024-10-18 11:42:44,3,32.2,in-store
STORE_002,SKU_007,2024-10-18 19:23:48,3,32.2,online
STORE_002,SKU_008,2024-10-18 14:33:15,1,9.99,in-store
STORE_002,SKU_008,2024-10-18 20:11:29,1,9.99,in-store
STORE_003,SKU_004,2024-10-18 20:03:12,1,49.99,online
STORE_003,SKU_004,2024-10-18 15:00:54,1,49.99,in-store
STORE_003,SKU_004,2024-10-18 19:52:07,1,49.99,in-store
STORE_003,SKU_010,2024-10-18 12:45:19,2,18.5,in-store
STORE_004,SKU_001,2024-10-18 09:36:54,1,12.99,in-store
STORE_004,SKU_008,2024-10-18 08:38:11,1,9.99,in-store
STORE_005,SKU_001,2024-10-18 18:17:12,2,12.99,in-store
STORE_005,SKU_001,2024-10-18 08:50:59,2,12.99,in-store
STORE_005,SKU_003,2024-10-18 10:30:05,3,5.99,online
STORE_005,SKU_003,2024-10-18 20:24:22,3,5.99,in-store
STORE_005,SKU_003,2024-10-18 14:55:31,3,5.99,in-store
STORE_005,SKU_005,2024-10-18 14:32:25,1,8.75,in-store
STORE_005,SKU_007,2024-10-18 19:51:03,3,32.2,in-store
STORE_001,SKU_005,2024-10-19 15:08:28,3,8.75,in-store
STORE_001,SKU_009,2024-10-19 11:17:56,4,115.0,online
STORE_001,SKU_009,2024-10-19 14:06:44,4,115.0,online
STORE_001,SKU_009,2024-10-19 18:31:18,4,115.0,online
STORE_002,SKU_004,2024-10-19 17:12:57,1,49.99,in-store
STORE_003,SKU_001,2024-10-19 20:24:27,2,12.99,in-store
STORE_003,SKU_001,2024-10-19 10:08:26,2,12.99,online
STORE_003,SKU_002,2024-10-19 13:45:49,3,24.5,online
STORE_003,SKU_002,2024-10-19 13:14:45,3,24.5,in-store
STORE_003,SKU_002,2024-10-19 18:50:08,3,24.5,online
STORE_003,SKU_005,2024-10-19 13:04:04,2,8.75,in-store
STORE_003,SKU_005,2024-10-19 14:00:40,2,8.75,online
STORE_003,SKU_005,2024-10-19 08:46:33,2,8.75,online
STORE_004,SKU_002,2024-10-19 14:41:59,2,24.5,online
STORE_004,SKU_002,2024-10-19 12:22:38,2,24.5,online
STORE_004,SKU_004,2024-10-19 11:04:54,1,49.99,online
STORE_004,SKU_004,2024-10-19 20:05:40,1,49.99,online
STORE_004,SKU_004,2024-10-19 12:00:59,1,49.99,online
STORE_004,SKU_008,2024-10-19 09:02:09,1,9.99,in-store
STORE_004,SKU_008,2024-10-19 21:56:34,1,9.99,in-store
STORE_005,SKU_001,2024-10-19 17:13:03,2,12.99,in-store
STORE_005,SKU_001,2024-10-19 16:49:58,2,12.99,online
STORE_005,SKU_001,2024-10-19 11:06:53,2,12.99,online
STORE_005,SKU_002,2024-10-19 21:15:33,3,24.5,in-store
STORE_005,SKU_005,2024-10-19 12:42:38,3,8.75,online
STORE_001,SKU_001,2024-10-20 20:28:55,3,12.99,online
STORE_001,SKU_002,2024-10-20 18:49:14,4,24.5,in-store
STORE_001,SKU_002,2024-10-20 13:01:03,4,24.5,online
STORE_001,SKU_002,2024-10-20 08:54:27,4,24.5,online
STORE_001,SKU_004,2024-10-20 09:01:03,1,49.99,in-store
STORE_001,SKU_004,2024-10-20 18:16:49,1,49.99,online
STORE_001,SKU_004,2024-10-20 14:30:28,1,49.99,in-store
STORE_001,SKU_008,2024-10-20 18:52:06,1,9.99,online
STORE_001,SKU_008,2024-10-20 10:41:21,1,9.99,online
STORE_002,SKU_001,2024-10-20 16:26:43,2,12.99,in-store
STORE_002,SKU_001,2024-10-20 11:06:21,2,12.99,in-store
STORE_002,SKU_002,2024-10-20 10:48:41,4,24.5,online
STORE_002,SKU_002,2024-10-20 13:12:40,4,24.5,in-store
STORE_002,SKU_002,2024-10-20 14:30:43,4,24.5,online
STORE_002,SKU_004,2024-10-20 14:50:14,1,49.99,online
STORE_002,SKU_004,2024-10-20 20:42:35,1,49.99,online
STORE_002,SKU_005,2024-10-20 13:33:37,2,8.75,in-store
STORE_002,SKU_005,2024-10-20 14:48:33,2,8.75,in-store
STORE_002,SKU_008,2024-10-20 15:11:16,1,9.99,in-store
STORE_003,SKU_005,2024-10-20 18:16:32,2,8.75,online
STORE_003,SKU_005,2024-10-20 15:47:56,2,8.75,online
STORE_003,SKU_005,2024-10-20 16:59:08,2,8.75,in-store
STORE_003,SKU_007,2024-10-20 17:43:45,4,32.2,online
STORE_003,SKU_010,2024-10-20 09:07:13,2,18.5,online
STORE_004,SKU_004,2024-10-20 11:40:48,1,49.99,online
STORE_004,SKU_004,2024-10-20 15:33:28,1,49.99,in-store
STORE_004,SKU_010,2024-10-20 08:44:10,4,18.5,in-store
STORE_004,SKU_010,2024-10-20 09:03:02,4,18.5,in-store
STORE_004,SKU_010,2024-10-20 20:58:27,4,18.5,in-store
STORE_005,SKU_001,2024-10-20 08:23:00,2,12.99,online
STORE_005,SKU_001,2024-10-20 13:11:38,2,12.99,online
STORE_005,SKU_001,2024-10-20 14:44:04,2,12.99,online
STORE_005,SKU_002,2024-10-20 16:36:14,4,24.5,in-store
STORE_005,SKU_002,2024-10-20 14:15:01,4,24.5,in-store
STORE_005,SKU_008,2024-10-20 21:25:26,1,9.99,online
STORE_005,SKU_008,2024-10-20 10:49:00,1,9.99,online
STORE_005,SKU_010,2024-10-20 19:29:51,3,18.5,in-store
STORE_002,SKU_002,2024-10-21 10:54:26,2,24.5,in-store
STORE_002,SKU_004,2024-10-21 17:59:20,1,49.99,in-store
STORE_002,SKU_010,2024-10-21 10:37:31,1,18.5,online
STORE_003,SKU_003,2024-10-21 19:43:43,3,5.99,in-store
STORE_003,SKU_003,2024-10-21 12:19:03,,5.99,in-store
STORE_003,SKU_008,2024-10-21 08:43:53,1,9.99,online
STORE_003,SKU_008,2024-10-21 21:47:53,1,9.99,in-store
STORE_003,SKU_008,2024-10-21 10:40:57,1,9.99,in-store
STORE_004,SKU_008,2024-10-21 13:40:10,1,9.99,online
STORE_005,SKU_001,2024-10-21 16:29:59,1,12.99,online
STORE_005,SKU_001,2024-10-21 18:49:44,1,12.99,in-store
STORE_005,SKU_001,2024-10-21 21:55:09,1,12.99,online
STORE_005,SKU_007,2024-10-21 12:32:13,3,32.2,online
STORE_001,SKU_005,2024-10-22 17:09:36,2,8.75,in-store
STORE_001,SKU_008,2024-10-22 13:34:11,1,9.99,online
STORE_002,SKU_003,2024-10-22 08:35:00,3,5.99,in-store
STORE_002,SKU_003,2024-10-22 11:24:10,3,5.99,online
STORE_002,SKU_003,2024-10-22 21:56:29,3,5.99,online
STORE_002,SKU_010,2024-10-22 08:12:12,3,18.5,online
STORE_002,SKU_010,2024-10-22 09:44:41,3,18.5,online
STORE_003,SKU_003,2024-10-22 19:36:14,2,5.99,in-store
STORE_003,SKU_003,2024-10-22 16:45:58,2,5.99,in-store
STORE_003,SKU_003,2024-10-22 20:45:00,2,5.99,in-store
STORE_004,SKU_002,2024-10-22 21:13:01,2,24.5,online
STORE_004,SKU_002,2024-10-22 19:20:11,2,24.5,online
STORE_004,SKU_002,2024-10-22 18:28:37,2,24.5,online
STORE_004,SKU_003,2024-10-22 13:03:41,3,5.99,online
STORE_004,SKU_003,2024-10-22 20:35:09,3,5.99,in-store
STORE_004,SKU_007,2024-10-22 21:24:07,2,32.2,in-store
STORE_004,SKU_007,2024-10-22 21:41:57,2,32.2,in-store
STORE_004,SKU_007,2024-10-22 13:11:53,2,32.2,online
STORE_004,SKU_008,2024-10-22 09:34:45,1,9.99,in-store
STORE_005,SKU_010,2024-10-22 11:14:51,2,18.5,in-store
STORE_005,SKU_010,2024-10-22 16:09:53,2,18.5,in-store
STORE_001,SKU_001,2024-10-23 12:24:16,2,12.99,online
STORE_001,SKU_002,2024-10-23 13:33:04,4,24.5,in-store
STORE_001,SKU_007,2024-10-23 14:44:59,4,32.2,in-store
STORE_001,SKU_007,2024-10-23 09:37:42,4,32.2,online
STORE_002,SKU_002,2024-10-23 21:33:45,2,24.5,online
STORE_002,SKU_002,2024-10-23 19:30:33,2,24.5,online
STORE_002,SKU_008,2024-10-23 17:28:25,1,9.99,online
STORE_002,SKU_008,2024-10-23 18:46:27,1,9.99,online
STORE_002,SKU_010,2024-10-23 16:49:47,3,18.5,online
STORE_002,SKU_010,2024-10-23 21:45:03,3,18.5,in-store
STORE_002,SKU_010,2024-10-23 16:33:35,3,18.5,in-store
STORE_003,SKU_006,2024-10-23 11:59:30,2,15.0,online
STORE_003,SKU_008,2024-10-23 09:00:53,1,9.99,online
STORE_003,SKU_008,2024-10-23 16:09:10,1,9.99,in-store
STORE_003,SKU_008,2024-10-23 19:03:25,1,9.99,in-store
STORE_003,SKU_010,2024-10-23 10:38:35,2,18.5,online
STORE_003,SKU_010,2024-10-23 18:15:04,2,18.5,online
STORE_004,SKU_005,2024-10-23 12:09:44,1,8.75,in-store
STORE_004,SKU_005,2024-10-23 17:09:07,1,8.75,in-store
STORE_004,SKU_006,2024-10-23 18:19:25,2,15.0,online
STORE_004,SKU_006,2024-10-23 19:28:24,2,15.0,in-store
STORE_004,SKU_008,2024-10-23 08:35:38,1,9.99,in-store
STORE_004,SKU_008,2024-10-23 13:26:56,1,9.99,in-store
STORE_004,SKU_008,2024-10-23 13:53:23,1,9.99,in-store
STORE_005,SKU_009,2024-10-23 16:34:56,1,115.0,in-store
STORE_001,SKU_002,2024-10-24 13:45:35,3,24.5,online
STORE_001,SKU_002,2024-10-24 11:14:44,3,24.5,in-store
STORE_001,SKU_008,2024-10-24 18:15:01,1,9.99,in-store
STORE_001,SKU_008,2024-10-24 20:22:16,1,9.99,in-store
STORE_002,SKU_002,2024-10-24 12:01:02,2,24.5,in-store
STORE_002,SKU_002,2024-10-24 21:57:49,2,24.5,online
STORE_003,SKU_004,2024-10-24 12:48:55,1,49.99,online
STORE_003,SKU_008,2024-10-24 12:22:20,1,9.99,online
STORE_003,SKU_008,2024-10-24 13:31:35,1,9.99,online
STORE_003,SKU_008,2024-10-24 20:20:21,1,9.99,online
STORE_005,SKU_002,2024-10-24 13:56:52,2,24.5,in-store
STORE_005,SKU_002,2024-10-24 10:53:11,2,24.5,in-store
STORE_005,SKU_002,2024-10-24 17:09:06,2,24.5,in-store
STORE_005,SKU_005,2024-10-24 18:31:15,1,8.75,in-store
STORE_005,SKU_005,2024-10-24 18:12:06,1,8.75,online
STORE_001,SKU_002,2024-10-25 11:38:35,3,24.5,in-store
STORE_001,SKU_006,2024-10-25 12:10:15,3,15.0,in-store
STORE_001,SKU_006,2024-10-25 17:03:16,3,15.0,online
STORE_001,SKU_007,2024-10-25 20:43:04,3,32.2,online
STORE_001,SKU_007,2024-10-25 13:37:19,3,32.2,in-store
STORE_003,SKU_004,2024-10-25 21:59:59,1,49.99,in-store
STORE_003,SKU_004,2024-10-25 15:50:14,1,49.99,online
STORE_004,SKU_002,2024-10-25 17:07:56,2,24.5,online
STORE_004,SKU_008,2024-10-25 17:12:53,1,9.99,online
STORE_004,SKU_008,2024-10-25 09:59:18,1,9.99,in-store
STORE_004,SKU_010,2024-10-25 08:02:35,2,18.5,in-store
STORE_005,SKU_005,2024-10-25 17:45:09,1,8.75,online
STORE_005,SKU_005,2024-10-25 13:54:12,1,8.75,online
STORE_005,SKU_005,2024-10-25 18:09:11,1,8.75,online
STORE_001,SKU_001,2024-10-26 16:24:31,2,12.99,online
STORE_001,SKU_001,2024-10-26 18:05:07,2,12.99,in-store
STORE_001,SKU_001,2024-10-26 10:11:28,2,12.99,online
STORE_001,SKU_002,2024-10-26 21:54:23,3,24.5,online
STORE_001,SKU_007,2024-10-26 18:09:50,6,32.2,online
STORE_001,SKU_007,2024-10-26 16:11:12,6,32.2,online
STORE_001,SKU_007,2024-10-26 15:36:49,6,32.2,online
STORE_001,SKU_010,2024-10-26 13:08:42,6,18.5,in-store
STORE_001,SKU_010,2024-10-26 16:39:54,6,18.5,online
STORE_001,SKU_010,2024-10-26 20:24:42,6,18.5,online
STORE_002,SKU_003,2024-10-26 08:07:44,4,5.99,in-store
STORE_002,SKU_003,2024-10-26 11:27:15,4,5.99,in-store
STORE_003,SKU_008,2024-10-26 17:11:37,1,9.99,in-store
STORE_004,SKU_007,2024-10-26 16:02:56,4,32.2,in-store
STORE_004,SKU_007,2024-10-26 21:29:26,4,32.2,in-store
STORE_005,SKU_002,2024-10-26 19:47:59,2,24.5,online
STORE_005,SKU_002,2024-10-26 19:14:46,2,24.5,online
STORE_005,SKU_007,2024-10-26 19:22:32,4,32.2,online
STORE_001,SKU_004,2024-10-27 09:57:05,1,49.99,in-store
STORE_001,SKU_005,2024-10-27 17:21:54,3,8.75,online
STORE_001,SKU_005,2024-10-27 20:54:08,3,8.75,in-store
STORE_001,SKU_005,2024-10-27 15:59:05,3,8.75,online
STORE_001,SKU_010,2024-10-27 09:18:47,5,18.5,online
STORE_002,SKU_004,2024-10-27 19:00:26,1,49.99,in-store
STORE_002,SKU_004,2024-10-27 13:30:19,1,49.99,in-store
STORE_002,SKU_004,2024-10-27 08:07:03,1,49.99,in-store
STORE_003,SKU_001,2024-10-27 09:05:45,1,12.99,online
STORE_003,SKU_002,2024-10-27 14:31:03,3,24.5,in-store
STORE_003,SKU_002,2024-10-27 15:39:32,3,24.5,online
STORE_003,SKU_002,2024-10-27 20:20:21,3,24.5,in-store
STORE_003,SKU_009,2024-10-27 19:41:44,2,115.0,online
STORE_003,SKU_009,2024-10-27 10:43:21,2,115.0,online
STORE_003,SKU_009,2024-10-27 10:20:57,2,115.0,in-store
STORE_003,SKU_010,2024-10-27 14:01:01,3,18.5,in-store
STORE_003,SKU_010,2024-10-27 12:09:05,3,18.5,in-store
STORE_003,SKU_010,2024-10-27 10:35:41,3,18.5,online
STORE_004,SKU_001,2024-10-27 19:52:15,2,12.99,online
STORE_004,SKU_001,2024-10-27 10:53:32,2,12.99,in-store
STORE_004,SKU_001,2024-10-27 09:22:54,2,12.99,in-store
STORE_004,SKU_006,2024-10-27 12:24:18,4,15.0,in-store
STORE_004,SKU_006,2024-10-27 18:30:48,4,15.0,in-store
STORE_004,SKU_006,2024-10-27 08:31:35,4,15.0,in-store
STORE_005,SKU_005,2024-10-27 21:41:43,2,8.75,online
STORE_005,SKU_005,2024-10-27 19:53:37,2,8.75,online
STORE_005,SKU_005,2024-10-27 13:49:24,2,8.75,online
STORE_005,SKU_007,2024-10-27 09:23:47,4,32.2,online
STORE_005,SKU_007,2024-10-27 14:29:48,4,32.2,online
STORE_005,SKU_009,2024-10-27 21:40:54,2,115.0,online
STORE_005,SKU_009,2024-10-27 08:49:03,2,115.0,online
STORE_005,SKU_009,2024-10-27 17:42:21,2,115.0,online
STORE_005,SKU_010,2024-10-27 15:56:58,4,,in-store
STORE_005,SKU_010,2024-10-27 18:50:27,4,18.5,online
STORE_005,SKU_010,2024-10-27 21:14:29,4,18.5,online
STORE_001,SKU_001,2024-10-28 10:48:53,2,12.99,online
STORE_001,SKU_001,2024-10-28 21:07:33,2,12.99,in-store
STORE_001,SKU_001,2024-10-28 18:12:04,2,12.99,in-store
STORE_002,SKU_002,2024-10-28 12:43:48,2,24.5,online
STORE_002,SKU_002,2024-10-28 18:46:05,2,24.5,online
STORE_002,SKU_002,2024-10-28 13:11:11,2,24.5,in-store
STORE_002,SKU_004,2024-10-28 17:47:34,1,49.99,in-store
STORE_002,SKU_005,2024-10-28 10:12:17,1,8.75,in-store
STORE_002,SKU_005,2024-10-28 16:51:38,1,8.75,online
STORE_002,SKU_005,2024-10-28 11:40:48,1,8.75,in-store
STORE_003,SKU_007,2024-10-28 18:43:04,3,32.2,in-store
STORE_003,SKU_007,2024-10-28 09:20:17,3,32.2,online
STORE_003,SKU_007,2024-10-28 16:14:52,3,32.2,in-store
STORE_003,SKU_008,2024-10-28 12:30:53,1,9.99,online
STORE_004,SKU_001,2024-10-28 21:14:51,1,12.99,online
STORE_004,SKU_001,2024-10-28 13:36:54,1,12.99,in-store
STORE_004,SKU_001,2024-10-28 11:13:05,1,12.99,in-store
STORE_004,SKU_002,2024-10-28 18:30:22,2,24.5,in-store
STORE_004,SKU_002,2024-10-28 21:37:38,2,24.5,online
STORE_004,SKU_009,2024-10-28 12:51:48,1,115.0,online
STORE_004,SKU_009,2024-10-28 19:27:10,,115.0,online
STORE_004,SKU_009,2024-10-28 19:41:07,1,115.0,online
STORE_001,SKU_001,2024-10-29 19:38:17,2,12.99,online
STORE_001,SKU_001,2024-10-29 10:02:45,2,12.99,in-store
STORE_001,SKU_001,2024-10-29 19:20:38,2,12.99,in-store
STORE_001,SKU_005,2024-10-29 08:56:28,1,8.75,online
STORE_001,SKU_005,2024-10-29 13:34:54,1,8.75,online
STORE_001,SKU_005,2024-10-29 20:20:57,1,8.75,online
STORE_001,SKU_006,2024-10-29 08:12:33,3,15.0,online
STORE_001,SKU_006,2024-10-29 14:48:31,3,15.0,online
STORE_001,SKU_006,2024-10-29 18:13:44,3,15.0,online
STORE_002,SKU_004,2024-10-29 15:05:00,1,49.99,in-store
STORE_002,SKU_004,2024-10-29 19:34:46,1,49.99,online
STORE_002,SKU_005,2024-10-29 10:37:04,1,8.75,in-store
STORE_003,SKU_003,2024-10-29 15:33:38,3,5.99,in-store
STORE_003,SKU_003,2024-10-29 08:11:13,3,5.99,in-store
STORE_003,SKU_003,2024-10-29 16:19:29,3,5.99,online
STORE_005,SKU_004,2024-10-29 19:06:31,1,49.99,online
STORE_005,SKU_004,2024-10-29 12:21:48,1,49.99,online
STORE_005,SKU_007,2024-10-29 20:49:25,3,32.2,in-store
STORE_005,SKU_007,2024-10-29 15:23:45,3,32.2,online
STORE_005,SKU_007,2024-10-29 12:36:06,3,32.2,online
STORE_001,SKU_001,2024-10-30 20:50:26,1,12.99,online
STORE_001,SKU_001,2024-10-30 18:24:23,1,12.99,in-store
STORE_001,SKU_002,2024-10-30 19:53:56,2,24.5,in-store
STORE_003,SKU_001,2024-10-30 15:40:07,1,12.99,online
STORE_003,SKU_001,2024-10-30 13:52:44,1,12.99,in-store
STORE_003,SKU_001,2024-10-30 13:51:40,1,12.99,online
STORE_003,SKU_008,2024-10-30 16:32:55,1,9.99,in-store
STORE_003,SKU_010,2024-10-30 16:24:49,2,18.5,online
STORE_004,SKU_004,2024-10-30 11:08:42,1,49.99,online
STORE_004,SKU_004,2024-10-30 12:02:36,1,49.99,in-store
STORE_004,SKU_006,2024-10-30 20:06:08,2,15.0,online
STORE_004,SKU_006,2024-10-30 10:44:43,2,15.0,online
STORE_005,SKU_007,2024-10-30 13:46:13,3,32.2,online
STORE_005,SKU_007,2024-10-30 16:26:18,3,32.2,in-store
STORE_005,SKU_007,2024-10-30 08:19:17,3,32.2,online
STORE_001,SKU_005,2024-10-31 11:09:32,2,8.75,online
STORE_001,SKU_008,2024-10-31 11:46:56,1,9.99,online
STORE_001,SKU_008,2024-10-31 15:58:36,1,9.99,online
STORE_002,SKU_004,2024-10-31 16:57:35,1,49.99,in-store
STORE_002,SKU_004,2024-10-31 19:08:10,1,49.99,in-store
STORE_002,SKU_004,2024-10-31 19:44:49,1,49.99,online
STORE_002,SKU_005,2024-10-31 14:25:28,2,8.75,online
STORE_002,SKU_005,2024-10-31 10:30:54,2,8.75,online
STORE_002,SKU_008,2024-10-31 08:48:10,1,9.99,in-store
STORE_002,SKU_010,2024-10-31 12:01:56,3,18.5,online
STORE_002,SKU_010,2024-10-31 08:15:16,3,18.5,in-store
STORE_002,SKU_010,2024-10-31 16:00:09,3,18.5,online
STORE_003,SKU_005,2024-10-31 12:05:50,1,8.75,in-store
STORE_003,SKU_005,2024-10-31 21:06:01,1,8.75,in-store
STORE_003,SKU_005,2024-10-31 20:16:23,1,8.75,in-store
STORE_004,SKU_003,2024-10-31 21:40:23,3,5.99,online
STORE_004,SKU_003,2024-10-31 19:00:22,3,5.99,online
STORE_004,SKU_003,2024-10-31 17:47:39,3,5.99,online
STORE_004,SKU_008,2024-10-31 14:10:15,1,9.99,online
STORE_004,SKU_008,2024-10-31 09:39:03,1,9.99,in-store
STORE_004,SKU_010,2024-10-31 13:04:21,2,18.5,in-store
STORE_004,SKU_010,2024-10-31 10:39:55,2,18.5,online
STORE_004,SKU_010,2024-10-31 10:23:42,2,18.5,in-store
STORE_005,SKU_005,2024-10-31 18:53:59,1,8.75,in-store
STORE_005,SKU_005,2024-10-31 12:12:40,1,8.75,in-store
STORE_005,SKU_005,2024-10-31 21:55:07,1,,in-store
STORE_002,SKU_003,2024-11-01 21:24:34,3,5.99,in-store
STORE_002,SKU_003,2024-11-01 12:57:21,3,5.99,online
STORE_002,SKU_003,2024-11-01 10:39:07,3,5.99,online
STORE_003,SKU_003,2024-11-01 19:16:10,2,5.99,in-store
STORE_003,SKU_003,2024-11-01 13:38:27,2,5.99,online
STORE_003,SKU_004,2024-11-01 13:30:36,1,49.99,online
STORE_004,SKU_001,2024-11-01 17:28:18,1,12.99,in-store
STORE_004,SKU_001,2024-11-01 16:33:07,1,12.99,online
STORE_004,SKU_001,2024-11-01 15:56:48,1,12.99,in-store
STORE_004,SKU_004,2024-11-01 10:50:23,1,49.99,in-store
STORE_004,SKU_004,2024-11-01 16:29:33,1,49.99,online
STORE_004,SKU_005,2024-11-01 10:09:31,1,8.75,in-store
STORE_004,SKU_005,2024-11-01 09:45:55,1,8.75,in-store
STORE_004,SKU_005,2024-11-01 09:01:33,1,8.75,in-store
STORE_004,SKU_008,2024-11-01 21:17:20,1,9.99,online
STORE_004,SKU_008,2024-11-01 10:30:10,1,9.99,online
STORE_004,SKU_008,2024-11-01 21:13:41,1,9.99,in-store
STORE_004,SKU_009,2024-11-01 16:27:47,1,115.0,online
STORE_004,SKU_009,2024-11-01 08:55:04,1,115.0,in-store
STORE_005,SKU_002,2024-11-01 14:28:17,2,24.5,in-store
STORE_005,SKU_002,2024-11-01 20:40:12,2,24.5,in-store
STORE_005,SKU_010,2024-11-01 21:54:05,2,18.5,online
STORE_001,SKU_004,2024-11-02 13:35:18,1,49.99,online
STORE_001,SKU_008,2024-11-02 15:03:00,1,9.99,in-store
STORE_002,SKU_002,2024-11-02 09:25:35,4,24.5,online
STORE_002,SKU_007,2024-11-02 12:42:48,5,32.2,online
STORE_002,SKU_007,2024-11-02 12:44:44,5,32.2,online
STORE_002,SKU_007,2024-11-02 19:45:09,5,32.2,online
STORE_003,SKU_004,2024-11-02 16:50:25,1,49.99,in-store
STORE_003,SKU_004,2024-11-02 10:47:30,1,49.99,online
STORE_003,SKU_007,2024-11-02 21:43:26,3,32.2,online
STORE_004,SKU_001,2024-11-02 11:27:02,3,12.99,in-store
STORE_004,SKU_005,2024-11-02 15:02:20,2,8.75,in-store
STORE_004,SKU_005,2024-11-02 15:12:39,2,8.75,in-store
STORE_004,SKU_005,2024-11-02 18:15:56,2,8.75,online
STORE_005,SKU_002,2024-11-02 16:51:14,4,24.5,online
STORE_005,SKU_002,2024-11-02 08:23:30,4,24.5,in-store
STORE_005,SKU_002,2024-11-02 15:31:54,4,24.5,in-store
STORE_005,SKU_004,2024-11-02 15:03:31,1,49.99,online
STORE_005,SKU_004,2024-11-02 08:41:54,1,49.99,online
STORE_005,SKU_008,2024-11-02 20:29:12,1,9.99,in-store
STORE_005,SKU_008,2024-11-02 21:42:13,1,9.99,in-store
STORE_005,SKU_008,2024-11-02 15:01:44,1,9.99,online
STORE_001,SKU_002,2024-11-03 21:22:45,4,24.5,online
STORE_001,SKU_002,2024-11-03 14:34:03,4,24.5,in-store
STORE_001,SKU_003,2024-11-03 14:09:53,5,5.99,in-store
STORE_001,SKU_009,2024-11-03 15:24:12,2,115.0,in-store
STORE_001,SKU_009,2024-11-03 21:06:47,2,115.0,online
STORE_001,SKU_010,2024-11-03 08:51:08,6,18.5,in-store
STORE_002,SKU_005,2024-11-03 16:24:24,3,8.75,in-store
STORE_002,SKU_008,2024-11-03 20:11:02,1,9.99,in-store
STORE_002,SKU_008,2024-11-03 17:31:26,,9.99,in-store
STORE_003,SKU_004,2024-11-03 09:02:11,1,49.99,online
STORE_003,SKU_006,2024-11-03 09:28:27,3,15.0,online
STORE_004,SKU_006,2024-11-03 21:48:43,4,15.0,online
STORE_004,SKU_006,2024-11-03 16:49:45,4,15.0,online
STORE_004,SKU_006,2024-11-03 11:26:58,4,15.0,online
STORE_005,SKU_004,2024-11-03 19:08:41,1,49.99,online
STORE_005,SKU_004,2024-11-03 09:14:38,1,49.99,in-store
STORE_005,SKU_004,2024-11-03 21:09:59,1,49.99,online
STORE_005,SKU_010,2024-11-03 08:47:25,4,18.5,in-store
STORE_001,SKU_002,2024-11-04 18:21:04,3,24.5,in-store
STORE_002,SKU_003,2024-11-04 19:17:21,3,5.99,in-store
STORE_002,SKU_003,2024-11-04 08:24:52,3,5.99,in-store
STORE_004,SKU_005,2024-11-04 08:41:28,1,8.75,online
STORE_004,SKU_005,2024-11-04 18:21:00,1,8.75,online
STORE_004,SKU_005,2024-11-04 13:31:49,1,8.75,online
STORE_004,SKU_007,2024-11-04 09:10:34,3,32.2,in-store
STORE_004,SKU_007,2024-11-04 19:55:54,3,32.2,online
STORE_004,SKU_010,2024-11-04 21:25:08,2,18.5,in-store
STORE_005,SKU_001,2024-11-04 19:32:39,1,12.99,online
STORE_005,SKU_001,2024-11-04 20:47:21,1,12.99,online
STORE_005,SKU_002,2024-11-04 11:35:00,2,24.5,online
STORE_005,SKU_002,2024-11-04 21:55:23,2,24.5,online
STORE_005,SKU_002,2024-11-04 20:19:37,2,24.5,in-store
STORE_005,SKU_003,2024-11-04 09:09:37,3,5.99,in-store
STORE_005,SKU_003,2024-11-04 17:02:05,3,5.99,online
STORE_005,SKU_005,2024-11-04 08:54:39,1,8.75,in-store
STORE_005,SKU_005,2024-11-04 12:53:35,1,8.75,in-store
STORE_005,SKU_005,2024-11-04 18:59:16,1,8.75,online
STORE_005,SKU_008,2024-11-04 21:41:30,1,9.99,online
STORE_001,SKU_005,2024-11-05 08:28:34,1,8.75,in-store
STORE_002,SKU_003,2024-11-05 20:01:08,3,5.99,online
STORE_002,SKU_003,2024-11-05 19:46:03,3,5.99,online
STORE_002,SKU_003,2024-11-05 08:17:16,3,5.99,online
STORE_003,SKU_002,2024-11-05 20:59:15,2,24.5,online
STORE_003,SKU_002,2024-11-05 11:16:53,2,24.5,online
STORE_003,SKU_010,2024-11-05 21:17:49,1,18.5,online
STORE_003,SKU_010,2024-11-05 15:18:58,1,18.5,in-store
STORE_003,SKU_010,2024-11-05 17:32:19,1,18.5,online
STORE_004,SKU_002,2024-11-05 08:29:09,1,24.5,online
STORE_005,SKU_007,2024-11-05 20:51:49,3,32.2,online
STORE_005,SKU_007,2024-11-05 21:16:15,3,32.2,in-store
STORE_002,SKU_002,2024-11-06 16:27:40,2,24.5,in-store
STORE_002,SKU_008,2024-11-06 11:50:01,1,9.99,in-store
STORE_002,SKU_008,2024-11-06 09:20:51,1,9.99,online
STORE_002,SKU_008,2024-11-06 18:38:21,1,9.99,online
STORE_003,SKU_002,2024-11-06 19:17:17,1,24.5,online
STORE_003,SKU_002,2024-11-06 09:28:34,1,24.5,in-store
STORE_003,SKU_005,2024-11-06 16:48:52,1,8.75,in-store
STORE_004,SKU_002,2024-11-06 18:52:30,2,24.5,in-store
STORE_004,SKU_002,2024-11-06 16:21:24,2,24.5,in-store
STORE_004,SKU_002,2024-11-06 16:32:05,2,24.5,in-store
STORE_004,SKU_010,2024-11-06 09:21:16,2,18.5,in-store
STORE_005,SKU_003,2024-11-06 09:18:10,3,5.99,in-store
STORE_005,SKU_004,2024-11-06 20:24:31,1,49.99,in-store
STORE_005,SKU_004,2024-11-06 16:28:11,1,49.99,in-store
STORE_005,SKU_004,2024-11-06 14:09:00,1,49.99,in-store
STORE_001,SKU_001,2024-11-07 14:13:36,2,12.99,in-store
STORE_002,SKU_001,2024-11-07 20:20:57,1,12.99,online
STORE_002,SKU_004,2024-11-07 18:18:15,1,49.99,in-store
STORE_002,SKU_004,2024-11-07 14:23:58,1,49.99,in-store
STORE_002,SKU_005,2024-11-07 15:17:39,1,8.75,in-store
STORE_002,SKU_008,2024-11-07 16:23:23,1,9.99,in-store
STORE_004,SKU_008,2024-11-07 17:28:35,1,9.99,online
STORE_004,SKU_008,2024-11-07 11:06:31,1,9.99,in-store
STORE_005,SKU_005,2024-11-07 21:23:08,1,8.75,online
STORE_005,SKU_005,2024-11-07 12:15:14,1,8.75,in-store
STORE_005,SKU_006,2024-11-07 19:30:25,1,15.0,online
STORE_005,SKU_007,2024-11-07 15:04:32,3,32.2,in-store
STORE_005,SKU_007,2024-11-07 09:26:27,3,32.2,in-store
STORE_001,SKU_002,2024-11-08 08:08:54,4,24.5,online
STORE_001,SKU_004,2024-11-08 14:00:35,1,49.99,in-store
STORE_001,SKU_004,2024-11-08 21:18:16,1,49.99,in-store
STORE_001,SKU_004,2024-11-08 18:36:43,1,49.99,online
STORE_001,SKU_005,2024-11-08 11:09:22,2,8.75,online
STORE_001,SKU_005,2024-11-08 19:55:47,2,8.75,online
STORE_001,SKU_005,2024-11-08 16:25:27,2,8.75,in-store
STORE_001,SKU_008,2024-11-08 13:44:49,1,9.99,in-store
STORE_001,SKU_009,2024-11-08 13:43:26,2,115.0,online
STORE_002,SKU_004,2024-11-08 20:46:54,1,49.99,in-store
STORE_002,SKU_004,2024-11-08 10:29:58,1,49.99,online
STORE_004,SKU_007,2024-11-08 14:39:00,3,32.2,in-store
STORE_004,SKU_007,2024-11-08 09:12:25,3,32.2,online
STORE_004,SKU_007,2024-11-08 13:28:35,3,32.2,online
STORE_001,SKU_005,2024-11-09 11:03:49,3,8.75,online
STORE_001,SKU_005,2024-11-09 12:39:54,3,8.75,in-store
STORE_001,SKU_008,2024-11-09 16:06:28,1,9.99,in-store
STORE_001,SKU_008,2024-11-09 21:07:11,1,9.99,in-store
STORE_001,SKU_010,2024-11-09 12:36:46,4,18.5,in-store
STORE_001,SKU_010,2024-11-09 10:39:07,4,18.5,online
STORE_001,SKU_010,2024-11-09 10:05:37,4,18.5,online
STORE_002,SKU_001,2024-11-09 15:20:27,3,12.99,in-store
STORE_002,SKU_001,2024-11-09 18:14:09,3,12.99,in-store
STORE_002,SKU_001,2024-11-09 08:31:07,3,12.99,in-store
STORE_002,SKU_002,2024-11-09 18:46:53,4,24.5,in-store
STORE_002,SKU_002,2024-11-09 11:05:19,4,24.5,online
STORE_002,SKU_005,2024-11-09 12:16:00,2,8.75,online
STORE_002,SKU_006,2024-11-09 21:42:04,4,15.0,in-store
STORE_003,SKU_007,2024-11-09 18:15:54,3,32.2,in-store
STORE_003,SKU_007,2024-11-09 20:07:29,3,32.2,online
STORE_003,SKU_009,2024-11-09 09:16:49,1,115.0,in-store
STORE_003,SKU_009,2024-11-09 16:28:49,1,115.0,online
STORE_003,SKU_010,2024-11-09 19:37:39,4,18.5,online
STORE_004,SKU_001,2024-11-09 15:44:05,3,12.99,online
STORE_004,SKU_001,2024-11-09 19:01:01,3,12.99,online
STORE_004,SKU_001,2024-11-09 21:05:32,3,12.99,online
STORE_004,SKU_005,2024-11-09 09:46:41,2,8.75,online
STORE_004,SKU_005,2024-11-09 11:44:13,2,8.75,in-store
STORE_004,SKU_005,2024-11-09 19:58:39,2,8.75,in-store
STORE_004,SKU_007,2024-11-09 12:14:40,3,32.2,in-store
STORE_004,SKU_007,2024-11-09 13:47:21,3,32.2,in-store
STORE_004,SKU_010,2024-11-09 09:07:16,4,18.5,online
STORE_005,SKU_010,2024-11-09 19:12:37,3,18.5,online
STORE_005,SKU_010,2024-11-09 20:42:46,3,18.5,online
STORE_005,SKU_010,2024-11-09 09:56:50,3,18.5,online
STORE_001,SKU_001,2024-11-10 18:18:54,4,12.99,online
STORE_001,SKU_001,2024-11-10 19:31:48,4,12.99,online
STORE_001,SKU_001,2024-11-10 13:41:36,4,12.99,online
STORE_001,SKU_006,2024-11-10 11:29:24,6,15.0,online
STORE_001,SKU_006,2024-11-10 20:01:41,6,15.0,online
STORE_001,SKU_006,2024-11-10 14:01:29,6,15.0,in-store
STORE_001,SKU_007,2024-11-10 12:50:25,7,32.2,in-store
STORE_001,SKU_007,2024-11-10 11:03:13,7,32.2,online
STORE_001,SKU_007,2024-11-10 20:29:56,7,32.2,in-store
STORE_001,SKU_008,2024-11-10 21:05:42,1,9.99,in-store
STORE_001,SKU_008,2024-11-10 12:23:21,1,9.99,in-store
STORE_001,SKU_009,2024-11-10 08:45:17,4,115.0,online
STORE_001,SKU_009,2024-11-10 10:13:59,4,115.0,online
STORE_001,SKU_009,2024-11-10 19:50:26,4,115.0,in-store
STORE_002,SKU_002,2024-11-10 14:39:26,3,24.5,online
STORE_002,SKU_002,2024-11-10 20:12:07,3,24.5,in-store
STORE_002,SKU_002,2024-11-10 14:19:26,3,24.5,in-store
STORE_002,SKU_004,2024-11-10 08:20:22,1,49.99,online
STORE_002,SKU_005,2024-11-10 10:58:47,2,8.75,in-store
STORE_002,SKU_005,2024-11-10 15:17:34,2,8.75,in-store
STORE_002,SKU_005,2024-11-10 17:14:19,2,8.75,in-store
STORE_002,SKU_007,2024-11-10 12:44:00,4,32.2,in-store
STORE_002,SKU_007,2024-11-10 11:20:35,4,32.2,in-store
STORE_002,SKU_007,2024-11-10 14:19:43,4,32.2,in-store
STORE_003,SKU_005,2024-11-10 12:11:06,2,8.75,online
STORE_003,SKU_008,2024-11-10 10:32:33,1,9.99,in-store
STORE_004,SKU_008,2024-11-10 17:34:28,1,9.99,online
STORE_005,SKU_001,2024-11-10 11:06:46,2,12.99,online
STORE_005,SKU_001,2024-11-10 11:02:55,2,12.99,in-store
STORE_005,SKU_001,2024-11-10 16:59:22,2,12.99,online
STORE_005,SKU_005,2024-11-10 19:36:03,2,8.75,online
STORE_005,SKU_005,2024-11-10 19:47:34,2,8.75,online
STORE_005,SKU_008,2024-11-10 08:40:43,1,9.99,online
STORE_005,SKU_008,2024-11-10 17:28:09,1,9.99,in-store
STORE_005,SKU_010,2024-11-10 17:51:10,4,18.5,in-store
STORE_001,SKU_005,2024-11-11 16:58:41,2,8.75,in-store
STORE_001,SKU_005,2024-11-11 13:49:53,2,8.75,online
STORE_001,SKU_008,2024-11-11 21:59:57,1,9.99,online
STORE_001,SKU_009,2024-11-11 09:54:06,2,115.0,online
STORE_001,SKU_009,2024-11-11 17:28:58,2,115.0,in-store
STORE_004,SKU_005,2024-11-11 16:43:41,1,8.75,in-store
STORE_004,SKU_008,2024-11-11 09:55:59,1,9.99,in-store
STORE_004,SKU_010,2024-11-11 12:02:33,1,18.5,online
STORE_004,SKU_010,2024-11-11 09:30:35,1,,in-store
STORE_004,SKU_010,2024-11-11 18:08:30,1,18.5,online
STORE_005,SKU_005,2024-11-11 12:16:40,1,8.75,in-store
STORE_005,SKU_005,2024-11-11 13:53:48,1,8.75,in-store
STORE_001,SKU_001,2024-11-12 20:06:31,2,12.99,online
STORE_001,SKU_001,2024-11-12 14:36:22,2,12.99,in-store
STORE_001,SKU_004,2024-11-12 16:21:23,1,49.99,online
STORE_001,SKU_009,2024-11-12 15:03:07,2,115.0,online
STORE_001,SKU_009,2024-11-12 14:16:29,2,115.0,online
STORE_001,SKU_009,2024-11-12 19:44:04,2,115.0,online
STORE_001,SKU_010,2024-11-12 14:50:45,3,18.5,in-store
STORE_001,SKU_010,2024-11-12 15:36:57,3,18.5,online
STORE_001,SKU_010,2024-11-12 08:49:55,3,18.5,online
STORE_003,SKU_007,2024-11-12 16:27:16,2,32.2,in-store
STORE_003,SKU_007,2024-11-12 19:46:34,2,32.2,in-store
STORE_003,SKU_008,2024-11-12 15:51:58,1,9.99,online
STORE_003,SKU_008,2024-11-12 12:42:36,1,9.99,online
STORE_003,SKU_008,2024-11-12 21:43:17,1,9.99,online
STORE_004,SKU_001,2024-11-12 14:35:15,1,12.99,in-store
STORE_004,SKU_002,2024-11-12 10:31:33,1,24.5,online
STORE_004,SKU_004,2024-11-12 11:44:54,1,49.99,online
STORE_004,SKU_004,2024-11-12 18:13:37,1,49.99,in-store
STORE_004,SKU_010,2024-11-12 14:45:00,2,18.5,in-store
STORE_004,SKU_010,2024-11-12 15:38:50,2,18.5,in-store
STORE_005,SKU_001,2024-11-12 21:53:10,1,12.99,online
STORE_005,SKU_001,2024-11-12 10:55:08,1,12.99,online
STORE_005,SKU_001,2024-11-12 17:04:26,1,12.99,in-store
STORE_005,SKU_004,2024-11-12 15:16:59,1,49.99,online
STORE_005,SKU_004,2024-11-12 15:07:52,1,49.99,online
STORE_001,SKU_001,2024-11-13 19:01:43,1,12.99,in-store
STORE_001,SKU_001,2024-11-13 20:17:53,1,12.99,in-store
STORE_001,SKU_007,2024-11-13 19:26:14,5,32.2,in-store
STORE_001,SKU_007,2024-11-13 16:10:12,5,32.2,in-store
STORE_001,SKU_007,2024-11-13 14:03:00,5,32.2,online
STORE_001,SKU_008,2024-11-13 17:28:50,1,9.99,in-store
STORE_002,SKU_002,2024-11-13 09:25:01,2,24.5,online
STORE_002,SKU_002,2024-11-13 14:47:57,2,24.5,online
STORE_003,SKU_002,2024-11-13 21:34:40,2,24.5,online
STORE_003,SKU_007,2024-11-13 08:07:24,3,32.2,in-store
STORE_003,SKU_007,2024-11-13 13:20:18,3,32.2,online
STORE_002,SKU_005,2024-11-14 20:23:16,1,8.75,online
STORE_002,SKU_005,2024-11-14 09:53:01,1,8.75,online
STORE_002,SKU_005,2024-11-14 10:49:41,1,8.75,online
STORE_003,SKU_001,2024-11-14 11:57:06,1,12.99,online
STORE_003,SKU_001,2024-11-14 14:56:50,1,12.99,online
STORE_004,SKU_008,2024-11-14 21:16:06,1,9.99,online
STORE_004,SKU_008,2024-11-14 14:13:09,1,9.99,online
STORE_004,SKU_010,2024-11-14 11:54:53,2,18.5,online
STORE_004,SKU_010,2024-11-14 11:41:50,2,18.5,in-store
STORE_005,SKU_006,2024-11-14 21:34:01,1,15.0,in-store
STORE_005,SKU_006,2024-11-14 17:24:39,1,15.0,in-store
STORE_001,SKU_002,2024-11-15 16:49:47,2,24.5,in-store
STORE_001,SKU_002,2024-11-15 10:26:15,2,24.5,in-store
STORE_001,SKU_008,2024-11-15 19:18:10,1,9.99,in-store
STORE_001,SKU_008,2024-11-15 10:21:11,1,9.99,in-store
STORE_001,SKU_010,2024-11-15 20:22:03,3,18.5,online
STORE_002,SKU_003,2024-11-15 11:00:20,4,5.99,in-store
STORE_002,SKU_003,2024-11-15 12:50:06,4,5.99,online
STORE_002,SKU_004,2024-11-15 12:23:25,1,49.99,online
STORE_004,SKU_010,2024-11-15 18:29:52,2,18.5,in-store
STORE_001,SKU_001,2024-11-16 14:04:53,4,12.99,online
STORE_001,SKU_002,2024-11-16 17:57:14,4,24.5,online
STORE_001,SKU_002,2024-11-16 10:07:46,4,24.5,online
STORE_001,SKU_002,2024-11-16 13:19:44,4,24.5,in-store
STORE_001,SKU_003,2024-11-16 19:16:38,7,5.99,online
STORE_001,SKU_004,2024-11-16 19:18:31,1,49.99,in-store
STORE_001,SKU_004,2024-11-16 13:50:43,1,,in-store
STORE_001,SKU_004,2024-11-16 10:57:15,1,49.99,in-store
STORE_001,SKU_005,2024-11-16 08:37:22,2,8.75,in-store
STORE_001,SKU_005,2024-11-16 09:57:01,2,8.75,online
STORE_001,SKU_005,2024-11-16 14:06:34,2,8.75,online
STORE_001,SKU_007,2024-11-16 11:43:29,6,32.2,in-store
STORE_001,SKU_007,2024-11-16 12:56:28,6,,in-store
STORE_001,SKU_007,2024-11-16 14:44:21,6,32.2,online
STORE_001,SKU_010,2024-11-16 21:29:46,5,18.5,online
STORE_001,SKU_010,2024-11-16 16:58:41,5,18.5,in-store
STORE_001,SKU_010,2024-11-16 18:59:53,5,18.5,online
STORE_002,SKU_003,2024-11-16 15:08:46,6,5.99,in-store
STORE_002,SKU_007,2024-11-16 13:55:22,3,32.2,in-store
STORE_002,SKU_007,2024-11-16 16:45:55,3,32.2,online
STORE_003,SKU_001,2024-11-16 13:28:55,3,12.99,in-store
STORE_003,SKU_001,2024-11-16 09:36:16,3,12.99,online
STORE_003,SKU_001,2024-11-16 13:27:24,3,12.99,in-store
STORE_003,SKU_004,2024-11-16 13:45:28,1,49.99,in-store
STORE_003,SKU_005,2024-11-16 21:46:31,2,8.75,in-store
STORE_004,SKU_001,2024-11-16 18:15:59,2,12.99,in-store
STORE_004,SKU_001,2024-11-16 18:20:08,2,12.99,in-store
STORE_004,SKU_001,2024-11-16 12:09:02,2,12.99,in-store
STORE_004,SKU_010,2024-11-16 12:14:28,3,18.5,online
STORE_004,SKU_010,2024-11-16 21:09:50,3,18.5,online
STORE_004,SKU_010,2024-11-16 08:06:59,3,18.5,online
STORE_005,SKU_004,2024-11-16 14:37:26,1,49.99,online
STORE_005,SKU_007,2024-11-16 15:17:48,6,32.2,in-store
STORE_001,SKU_001,2024-11-17 13:28:34,3,12.99,online
STORE_001,SKU_005,2024-11-17 09:57:37,2,8.75,online
STORE_001,SKU_005,2024-11-17 09:53:26,2,8.75,online
STORE_001,SKU_005,2024-11-17 08:46:11,2,8.75,in-store
STORE_001,SKU_007,2024-11-17 14:13:37,7,32.2,online
STORE_002,SKU_002,2024-11-17 14:20:46,3,24.5,online
STORE_002,SKU_004,2024-11-17 21:26:00,1,49.99,in-store
STORE_002,SKU_007,2024-11-17 17:35:16,5,32.2,online
STORE_004,SKU_001,2024-11-17 20:23:57,3,12.99,in-store
STORE_005,SKU_002,2024-11-17 21:01:48,3,24.5,in-store
STORE_005,SKU_002,2024-11-17 08:39:44,3,24.5,online
STORE_005,SKU_008,2024-11-17 18:41:43,1,9.99,in-store
STORE_005,SKU_008,2024-11-17 09:43:37,1,9.99,online
STORE_001,SKU_001,2024-11-18 14:23:15,1,12.99,online
STORE_001,SKU_001,2024-11-18 09:47:33,1,12.99,online
STORE_001,SKU_005,2024-11-18 13:21:18,1,8.75,online
STORE_001,SKU_006,2024-11-18 14:32:36,2,15.0,online
STORE_001,SKU_009,2024-11-18 11:30:35,1,115.0,online
STORE_001,SKU_009,2024-11-18 13:17:09,1,115.0,in-store
STORE_002,SKU_010,2024-11-18 09:35:58,2,18.5,online
STORE_002,SKU_010,2024-11-18 16:54:38,2,18.5,online
STORE_002,SKU_010,2024-11-18 08:23:25,2,18.5,online
STORE_003,SKU_005,2024-11-18 13:57:53,1,8.75,online
STORE_004,SKU_008,2024-11-18 15:45:03,1,9.99,in-store
STORE_004,SKU_008,2024-11-18 13:20:39,1,9.99,online
STORE_004,SKU_008,2024-11-18 13:41:51,1,9.99,online
STORE_005,SKU_001,2024-11-18 20:31:21,1,12.99,online
STORE_005,SKU_001,2024-11-18 13:00:58,1,12.99,in-store
STORE_005,SKU_001,2024-11-18 08:09:34,1,12.99,in-store
STORE_005,SKU_002,2024-11-18 21:11:36,1,24.5,online
STORE_005,SKU_008,2024-11-18 19:02:09,,9.99,in-store
STORE_001,SKU_004,2024-11-19 10:52:50,1,49.99,in-store
STORE_001,SKU_004,2024-11-19 18:43:59,1,49.99,online
STORE_001,SKU_004,2024-11-19 18:04:40,1,49.99,online
STORE_001,SKU_010,2024-11-19 16:49:43,4,18.5,online
STORE_002,SKU_002,2024-11-19 08:07:05,2,24.5,in-store
STORE_002,SKU_007,2024-11-19 15:42:08,2,32.2,online
STORE_002,SKU_007,2024-11-19 19:15:30,2,32.2,in-store
STORE_002,SKU_010,2024-11-19 14:41:42,2,18.5,in-store
STORE_003,SKU_002,2024-11-19 09:39:42,2,24.5,online
STORE_003,SKU_002,2024-11-19 17:58:56,2,24.5,in-store
STORE_003,SKU_008,2024-11-19 11:08:39,1,9.99,online
STORE_004,SKU_010,2024-11-19 18:35:24,2,18.5,online
STORE_004,SKU_010,2024-11-19 08:44:32,2,18.5,in-store
STORE_004,SKU_010,2024-11-19 21:13:19,2,18.5,in-store
STORE_005,SKU_007,2024-11-19 08:06:40,2,32.2,in-store
STORE_005,SKU_010,2024-11-19 13:12:53,2,18.5,in-store
STORE_001,SKU_001,2024-11-20 21:10:22,1,12.99,online
STORE_001,SKU_001,2024-11-20 18:42:35,1,12.99,online
STORE_001,SKU_001,2024-11-20 16:32:11,1,12.99,in-store
STORE_001,SKU_002,2024-11-20 12:24:46,3,24.5,online
STORE_001,SKU_007,2024-11-20 17:54:22,3,32.2,in-store
STORE_003,SKU_002,2024-11-20 20:12:59,2,24.5,in-store
STORE_003,SKU_005,2024-11-20 08:45:22,2,8.75,in-store
STORE_003,SKU_005,2024-11-20 18:18:52,2,8.75,online
STORE_003,SKU_005,2024-11-20 18:52:32,2,8.75,in-store
STORE_003,SKU_010,2024-11-20 14:04:20,2,,online
STORE_003,SKU_010,2024-11-20 12:13:09,2,18.5,online
STORE_004,SKU_007,2024-11-20 14:55:32,3,32.2,in-store
STORE_005,SKU_007,2024-11-20 12:16:50,3,32.2,online
STORE_005,SKU_008,2024-11-20 21:21:32,1,9.99,online
STORE_005,SKU_008,2024-11-20 13:57:16,1,9.99,online
STORE_001,SKU_008,2024-11-21 11:26:09,1,9.99,online
STORE_001,SKU_008,2024-11-21 16:20:38,1,9.99,online
STORE_003,SKU_004,2024-11-21 13:02:50,1,49.99,in-store
STORE_003,SKU_004,2024-11-21 17:41:51,1,49.99,in-store
STORE_003,SKU_007,2024-11-21 15:37:06,2,32.2,online
STORE_005,SKU_003,2024-11-21 08:00:33,3,5.99,online
STORE_005,SKU_003,2024-11-21 15:45:39,3,5.99,in-store
STORE_001,SKU_003,2024-11-22 13:33:49,4,5.99,online
STORE_001,SKU_003,2024-11-22 13:08:39,4,5.99,online
STORE_001,SKU_004,2024-11-22 08:34:53,1,49.99,in-store
STORE_001,SKU_004,2024-11-22 10:35:35,1,49.99,online
STORE_001,SKU_004,2024-11-22 20:32:18,1,49.99,in-store
STORE_001,SKU_008,2024-11-22 18:07:31,1,9.99,online
STORE_001,SKU_008,2024-11-22 10:35:21,1,9.99,online
STORE_001,SKU_008,2024-11-22 20:59:20,1,9.99,online
STORE_001,SKU_010,2024-11-22 17:43:27,3,18.5,in-store
STORE_001,SKU_010,2024-11-22 10:24:17,3,18.5,in-store
STORE_002,SKU_002,2024-11-22 21:52:14,2,24.5,in-store
STORE_002,SKU_002,2024-11-22 21:03:54,2,24.5,in-store
STORE_002,SKU_003,2024-11-22 14:40:43,4,5.99,in-store
STORE_002,SKU_003,2024-11-22 20:19:18,4,5.99,in-store
STORE_002,SKU_003,2024-11-22 18:45:21,4,5.99,in-store
STORE_004,SKU_002,2024-11-22 14:09:13,2,24.5,online
STORE_004,SKU_002,2024-11-22 13:45:40,2,24.5,in-store
STORE_004,SKU_010,2024-11-22 20:12:50,2,18.5,in-store
STORE_004,SKU_010,2024-11-22 17:21:48,2,18.5,in-store
STORE_005,SKU_002,2024-11-22 09:03:28,1,24.5,online
STORE_005,SKU_002,2024-11-22 19:48:30,1,24.5,online
STORE_005,SKU_008,2024-11-22 18:47:25,1,9.99,in-store
STORE_005,SKU_010,2024-11-22 20:17:11,2,18.5,online
STORE_005,SKU_010,2024-11-22 18:51:24,2,18.5,online
STORE_001,SKU_004,2024-11-23 10:16:58,2,49.99,in-store
STORE_001,SKU_004,2024-11-23 17:31:19,2,49.99,in-store
STORE_001,SKU_004,2024-11-23 08:28:07,2,49.99,in-store
STORE_001,SKU_010,2024-11-23 13:26:50,3,18.5,in-store
STORE_002,SKU_002,2024-11-23 12:08:09,2,24.5,in-store
STORE_002,SKU_002,2024-11-23 10:42:20,2,24.5,in-store
STORE_002,SKU_007,2024-11-23 19:19:47,5,32.2,online
STORE_002,SKU_007,2024-11-23 10:06:42,5,32.2,in-store
STORE_002,SKU_007,2024-11-23 12:38:45,5,32.2,in-store
STORE_003,SKU_005,2024-11-23 17:25:53,2,8.75,in-store
STORE_003,SKU_005,2024-11-23 10:36:17,2,8.75,online
STORE_003,SKU_007,2024-11-23 18:12:05,4,32.2,in-store
STORE_004,SKU_003,2024-11-23 16:17:08,6,5.99,in-store
STORE_004,SKU_003,2024-11-23 10:30:34,6,5.99,online
STORE_004,SKU_003,2024-11-23 13:31:26,6,5.99,in-store
STORE_004,SKU_005,2024-11-23 10:31:43,2,8.75,in-store
STORE_004,SKU_008,2024-11-23 12:48:15,1,9.99,online
STORE_004,SKU_008,2024-11-23 20:31:39,1,9.99,in-store
STORE_005,SKU_002,2024-11-23 19:52:40,2,24.5,in-store
STORE_005,SKU_002,2024-11-23 11:42:02,2,24.5,online
STORE_005,SKU_010,2024-11-23 19:15:09,3,18.5,in-store
STORE_001,SKU_001,2024-11-24 10:22:50,2,12.99,in-store
STORE_001,SKU_001,2024-11-24 21:13:56,2,12.99,in-store
STORE_001,SKU_004,2024-11-24 09:58:37,1,49.99,online
STORE_001,SKU_005,2024-11-24 19:44:32,4,8.75,in-store
STORE_001,SKU_005,2024-11-24 16:28:54,4,8.75,in-store
STORE_001,SKU_007,2024-11-24 12:43:12,4,32.2,in-store
STORE_001,SKU_007,2024-11-24 18:31:53,4,32.2,in-store
STORE_001,SKU_007,2024-11-24 14:23:10,4,32.2,in-store
STORE_001,SKU_008,2024-11-24 21:03:16,1,9.99,in-store
STORE_001,SKU_008,2024-11-24 08:16:06,1,9.99,in-store
STORE_001,SKU_008,2024-11-24 17:22:08,1,9.99,online
STORE_002,SKU_001,2024-11-24 12:45:45,2,12.99,in-store
STORE_002,SKU_001,2024-11-24 11:31:08,2,12.99,in-store
STORE_002,SKU_008,2024-11-24 14:43:19,1,9.99,online
STORE_002,SKU_008,2024-11-24 08:21:08,1,9.99,online
STORE_002,SKU_008,2024-11-24 20:22:01,1,9.99,in-store
STORE_003,SKU_002,2024-11-24 11:00:48,4,24.5,in-store
STORE_003,SKU_002,2024-11-24 15:22:51,4,24.5,in-store
STORE_003,SKU_004,2024-11-24 17:29:41,1,49.99,in-store
STORE_003,SKU_004,2024-11-24 09:55:00,1,49.99,online
STORE_003,SKU_004,2024-11-24 15:01:02,1,49.99,in-store
STORE_005,SKU_002,2024-11-24 14:30:02,4,24.5,online
STORE_005,SKU_003,2024-11-24 19:20:33,3,5.99,online
STORE_005,SKU_003,2024-11-24 17:11:02,3,5.99,in-store
STORE_005,SKU_006,2024-11-24 20:10:49,2,15.0,online
STORE_005,SKU_006,2024-11-24 17:17:47,2,15.0,in-store
STORE_005,SKU_010,2024-11-24 14:40:56,4,18.5,in-store
STORE_005,SKU_010,2024-11-24 21:01:21,4,18.5,in-store
STORE_005,SKU_010,2024-11-24 19:08:18,4,18.5,online
STORE_001,SKU_008,2024-11-25 10:51:05,1,9.99,online
STORE_001,SKU_008,2024-11-25 17:44:23,1,9.99,in-store
STORE_001,SKU_008,2024-11-25 18:46:08,1,9.99,in-store
STORE_001,SKU_009,2024-11-25 12:09:10,2,115.0,online
STORE_001,SKU_009,2024-11-25 11:47:12,2,115.0,online
STORE_004,SKU_002,2024-11-25 19:15:43,3,24.5,in-store
STORE_004,SKU_002,2024-11-25 16:32:34,3,24.5,in-store
STORE_004,SKU_002,2024-11-25 16:43:27,3,24.5,in-store
STORE_004,SKU_006,2024-11-25 12:53:22,1,15.0,in-store
STORE_004,SKU_010,2024-11-25 19:46:21,2,18.5,in-store
STORE_001,SKU_002,2024-11-26 21:48:33,3,24.5,online
STORE_001,SKU_004,2024-11-26 21:29:08,1,49.99,in-store
STORE_001,SKU_004,2024-11-26 14:04:52,1,49.99,online
STORE_001,SKU_007,2024-11-26 18:59:57,3,32.2,online
STORE_002,SKU_005,2024-11-26 16:16:36,1,8.75,online
STORE_002,SKU_005,2024-11-26 13:44:23,1,8.75,in-store
STORE_002,SKU_009,2024-11-26 14:23:23,1,115.0,in-store
STORE_002,SKU_009,2024-11-26 17:33:45,1,115.0,online
STORE_002,SKU_009,2024-11-26 14:15:04,1,115.0,online
STORE_003,SKU_008,2024-11-26 15:55:15,1,9.99,in-store
STORE_004,SKU_001,2024-11-26 08:59:03,1,12.99,in-store
STORE_004,SKU_004,2024-11-26 13:22:26,1,49.99,online
STORE_004,SKU_004,2024-11-26 14:42:43,1,49.99,in-store
STORE_005,SKU_002,2024-11-26 19:50:46,2,24.5,in-store
STORE_005,SKU_002,2024-11-26 18:07:07,2,24.5,online
STORE_001,SKU_007,2024-11-27 18:22:23,4,32.2,online
STORE_002,SKU_002,2024-11-27 10:17:51,2,24.5,in-store
STORE_002,SKU_002,2024-11-27 18:16:19,2,24.5,in-store
STORE_002,SKU_008,2024-11-27 13:22:48,1,9.99,in-store
STORE_002,SKU_010,2024-11-27 12:20:46,3,18.5,online
STORE_002,SKU_010,2024-11-27 11:28:51,3,18.5,online
STORE_003,SKU_008,2024-11-27 16:16:04,1,9.99,online
STORE_003,SKU_008,2024-11-27 14:01:41,1,9.99,online
STORE_003,SKU_008,2024-11-27 13:35:22,1,9.99,online
STORE_003,SKU_010,2024-11-27 16:12:18,2,18.5,online
STORE_004,SKU_003,2024-11-27 13:13:25,3,5.99,in-store
STORE_004,SKU_003,2024-11-27 13:18:40,3,5.99,in-store
STORE_004,SKU_003,2024-11-27 13:23:27,3,5.99,in-store
STORE_004,SKU_007,2024-11-27 21:58:15,3,32.2,in-store
STORE_004,SKU_008,2024-11-27 11:49:49,1,9.99,online
STORE_005,SKU_002,2024-11-27 09:40:46,2,24.5,online
STORE_005,SKU_002,2024-11-27 12:42:49,2,24.5,in-store
STORE_001,SKU_005,2024-11-28 12:52:40,2,8.75,online
STORE_001,SKU_005,2024-11-28 09:52:44,2,8.75,in-store
STORE_001,SKU_005,2024-11-28 15:13:47,2,8.75,in-store
STORE_002,SKU_007,2024-11-28 14:17:54,2,32.2,online
STORE_002,SKU_007,2024-11-28 11:04:46,2,32.2,in-store
STORE_002,SKU_007,2024-11-28 18:46:20,2,32.2,in-store
STORE_002,SKU_008,2024-11-28 13:08:18,1,9.99,online
STORE_002,SKU_008,2024-11-28 17:53:24,1,9.99,online
STORE_002,SKU_008,2024-11-28 14:21:07,1,9.99,online
STORE_003,SKU_001,2024-11-28 10:39:59,1,12.99,in-store
STORE_004,SKU_001,2024-11-28 13:16:53,1,12.99,in-store
STORE_004,SKU_001,2024-11-28 18:14:48,1,12.99,online
STORE_004,SKU_001,2024-11-28 10:24:42,1,12.99,online
STORE_004,SKU_002,2024-11-28 11:20:42,2,24.5,in-store
STORE_005,SKU_003,2024-11-28 21:50:18,2,5.99,in-store
STORE_005,SKU_007,2024-11-28 16:00:42,2,32.2,in-store
STORE_001,SKU_001,2024-11-29 14:54:43,1,12.99,in-store
STORE_001,SKU_001,2024-11-29 12:42:33,1,12.99,in-store
STORE_001,SKU_001,2024-11-29 08:55:45,1,12.99,in-store
STORE_001,SKU_002,2024-11-29 08:26:31,3,24.5,in-store
STORE_001,SKU_007,2024-11-29 19:56:52,5,32.2,in-store
STORE_001,SKU_007,2024-11-29 12:34:29,5,32.2,online
STORE_001,SKU_007,2024-11-29 09:20:54,5,32.2,online
STORE_001,SKU_010,2024-11-29 10:55:31,4,18.5,in-store
STORE_002,SKU_001,2024-11-29 21:24:00,1,12.99,in-store
STORE_002,SKU_001,2024-11-29 08:29:15,1,12.99,online
STORE_002,SKU_001,2024-11-29 09:58:09,1,12.99,in-store
STORE_002,SKU_002,2024-11-29 11:19:53,2,24.5,online
STORE_002,SKU_004,2024-11-29 09:13:37,1,49.99,in-store
STORE_002,SKU_004,2024-11-29 15:00:40,1,49.99,online
STORE_002,SKU_004,2024-11-29 13:28:40,1,49.99,in-store
STORE_002,SKU_007,2024-11-29 08:25:18,2,32.2,online
STORE_002,SKU_007,2024-11-29 21:57:24,2,32.2,in-store
STORE_003,SKU_001,2024-11-29 16:33:46,1,12.99,in-store
STORE_003,SKU_001,2024-11-29 16:32:13,1,12.99,online
STORE_003,SKU_001,2024-11-29 15:55:08,1,12.99,online
STORE_003,SKU_002,2024-11-29 11:30:44,1,24.5,online
STORE_003,SKU_002,2024-11-29 16:57:10,1,24.5,in-store
STORE_003,SKU_002,2024-11-29 20:42:30,1,24.5,online
STORE_003,SKU_004,2024-11-29 15:08:31,1,49.99,online
STORE_003,SKU_004,2024-11-29 18:59:02,1,49.99,in-store
STORE_003,SKU_004,2024-11-29 21:59:11,1,49.99,online
STORE_003,SKU_007,2024-11-29 14:16:51,4,32.2,online
STORE_004,SKU_008,2024-11-29 10:43:14,1,9.99,in-store
STORE_004,SKU_008,2024-11-29 14:51:09,1,9.99,online
STORE_005,SKU_001,2024-11-29 12:16:59,1,12.99,online
STORE_005,SKU_001,2024-11-29 11:13:57,1,12.99,online
STORE_005,SKU_001,2024-11-29 10:21:22,1,12.99,in-store
STORE_005,SKU_002,2024-11-29 08:55:17,2,24.5,online
STORE_005,SKU_002,2024-11-29 14:42:54,2,24.5,in-store
STORE_005,SKU_002,2024-11-29 11:43:08,2,24.5,in-store
STORE_005,SKU_004,2024-11-29 18:41:58,1,49.99,in-store
STORE_005,SKU_004,2024-11-29 09:26:22,1,49.99,in-store
STORE_005,SKU_004,2024-11-29 12:54:22,1,49.99,online
STORE_005,SKU_005,2024-11-29 17:44:08,1,8.75,in-store
STORE_005,SKU_008,2024-11-29 17:02:49,1,9.99,in-store
STORE_001,SKU_001,2024-11-30 08:44:21,3,12.99,in-store
STORE_001,SKU_001,2024-11-30 17:36:42,3,12.99,in-store
STORE_001,SKU_002,2024-11-30 10:10:09,,24.5,in-store
STORE_001,SKU_005,2024-11-30 08:24:44,3,8.75,online
STORE_001,SKU_005,2024-11-30 20:59:12,3,8.75,in-store
STORE_001,SKU_007,2024-11-30 16:27:23,4,32.2,in-store
STORE_001,SKU_007,2024-11-30 12:07:17,4,32.2,in-store
STORE_002,SKU_002,2024-11-30 21:15:52,3,24.5,online
STORE_002,SKU_005,2024-11-30 16:05:59,2,8.75,in-store
STORE_002,SKU_005,2024-11-30 19:38:41,2,8.75,online
STORE_002,SKU_006,2024-11-30 12:56:28,3,15.0,online
STORE_002,SKU_006,2024-11-30 16:08:58,3,15.0,in-store
STORE_003,SKU_001,2024-11-30 20:53:28,1,12.99,online
STORE_003,SKU_001,2024-11-30 09:58:50,1,12.99,online
STORE_003,SKU_001,2024-11-30 08:41:26,1,12.99,online
STORE_003,SKU_006,2024-11-30 21:13:56,2,15.0,online
STORE_003,SKU_006,2024-11-30 13:11:41,2,15.0,online
STORE_003,SKU_008,2024-11-30 11:04:34,1,9.99,in-store
STORE_003,SKU_008,2024-11-30 17:04:39,1,9.99,online
STORE_004,SKU_005,2024-11-30 14:53:50,2,8.75,online
STORE_004,SKU_005,2024-11-30 21:16:55,2,8.75,in-store
STORE_001,SKU_002,2024-12-01 20:33:34,6,24.5,online
STORE_001,SKU_002,2024-12-01 20:55:15,6,24.5,online
STORE_001,SKU_003,2024-12-01 19:33:00,6,5.99,in-store
STORE_001,SKU_005,2024-12-01 08:02:06,4,8.75,in-store
STORE_001,SKU_005,2024-12-01 10:22:17,4,8.75,in-store
STORE_001,SKU_005,2024-12-01 12:05:53,4,8.75,online
STORE_001,SKU_008,2024-12-01 11:07:46,1,9.99,online
STORE_001,SKU_008,2024-12-01 14:07:11,1,9.99,online
STORE_001,SKU_009,2024-12-01 11:51:09,3,115.0,online
STORE_001,SKU_009,2024-12-01 11:36:32,3,115.0,online
STORE_001,SKU_010,2024-12-01 12:07:58,5,18.5,online
STORE_001,SKU_010,2024-12-01 08:41:44,5,18.5,in-store
STORE_002,SKU_004,2024-12-01 18:25:42,1,49.99,in-store
STORE_002,SKU_007,2024-12-01 17:51:49,6,32.2,online
STORE_002,SKU_007,2024-12-01 21:29:49,6,32.2,in-store
STORE_002,SKU_007,2024-12-01 13:18:05,6,32.2,online
STORE_002,SKU_008,2024-12-01 20:31:49,1,9.99,online
STORE_003,SKU_002,2024-12-01 13:32:53,3,24.5,in-store
STORE_003,SKU_002,2024-12-01 09:22:19,3,24.5,in-store
STORE_003,SKU_005,2024-12-01 18:47:17,3,8.75,in-store
STORE_003,SKU_005,2024-12-01 18:02:05,3,8.75,in-store
STORE_003,SKU_005,2024-12-01 16:06:52,3,8.75,online
STORE_003,SKU_007,2024-12-01 15:50:28,7,32.2,in-store
STORE_003,SKU_007,2024-12-01 20:10:49,7,32.2,online
STORE_003,SKU_007,2024-12-01 13:31:51,7,32.2,online
STORE_003,SKU_009,2024-12-01 15:34:01,2,115.0,online
STORE_003,SKU_009,2024-12-01 15:31:21,2,115.0,online
STORE_003,SKU_010,2024-12-01 10:44:46,5,18.5,in-store
STORE_003,SKU_010,2024-12-01 10:27:35,5,18.5,in-store
STORE_004,SKU_002,2024-12-01 20:12:27,5,24.5,online
STORE_004,SKU_002,2024-12-01 11:57:35,5,24.5,online
STORE_004,SKU_002,2024-12-01 10:56:58,5,24.5,in-store
STORE_004,SKU_005,2024-12-01 14:59:26,3,8.75,in-store
STORE_004,SKU_005,2024-12-01 18:05:42,3,8.75,in-store
STORE_004,SKU_005,2024-12-01 10:29:06,3,8.75,in-store
STORE_004,SKU_006,2024-12-01 20:50:43,3,15.0,online
STORE_004,SKU_006,2024-12-01 12:11:22,3,15.0,in-store
STORE_004,SKU_006,2024-12-01 08:04:21,3,15.0,online
STORE_004,SKU_007,2024-12-01 17:32:01,7,32.2,online
STORE_004,SKU_007,2024-12-01 21:58:41,7,32.2,in-store
STORE_004,SKU_007,2024-12-01 13:22:29,7,32.2,in-store
STORE_004,SKU_008,2024-12-01 14:40:08,1,9.99,online
STORE_004,SKU_008,2024-12-01 21:15:19,1,9.99,in-store
STORE_004,SKU_008,2024-12-01 15:49:16,1,9.99,in-store
STORE_004,SKU_010,2024-12-01 10:28:53,4,18.5,in-store
STORE_005,SKU_002,2024-12-01 16:05:10,6,24.5,in-store
STORE_005,SKU_004,2024-12-01 10:33:49,1,49.99,online
STORE_005,SKU_004,2024-12-01 09:19:06,1,49.99,in-store
STORE_005,SKU_007,2024-12-01 14:11:39,4,32.2,in-store
STORE_005,SKU_007,2024-12-01 10:04:47,4,32.2,in-store
STORE_005,SKU_007,2024-12-01 17:34:04,4,32.2,in-store
STORE_005,SKU_008,2024-12-01 09:11:14,1,9.99,online
STORE_005,SKU_008,2024-12-01 08:24:09,1,9.99,in-store
STORE_001,SKU_003,2024-12-02 17:02:51,5,5.99,online
STORE_001,SKU_003,2024-12-02 19:10:57,5,5.99,online
STORE_001,SKU_008,2024-12-02 14:57:38,1,9.99,online
STORE_002,SKU_007,2024-12-02 14:44:56,2,32.2,online
STORE_002,SKU_007,2024-12-02 14:35:16,2,32.2,online
STORE_002,SKU_007,2024-12-02 17:15:38,2,32.2,in-store
STORE_002,SKU_009,2024-12-02 12:07:33,2,115.0,online
STORE_003,SKU_005,2024-12-02 12:12:32,2,8.75,online
STORE_003,SKU_005,2024-12-02 12:09:15,2,8.75,in-store
STORE_003,SKU_008,2024-12-02 12:23:01,1,9.99,in-store
STORE_003,SKU_008,2024-12-02 18:35:42,1,9.99,in-store
STORE_003,SKU_008,2024-12-02 11:06:29,1,9.99,in-store
STORE_003,SKU_009,2024-12-02 10:27:51,1,115.0,in-store
STORE_004,SKU_002,2024-12-02 20:46:40,3,24.5,online
STORE_004,SKU_004,2024-12-02 21:57:22,1,49.99,online
STORE_004,SKU_004,2024-12-02 15:26:25,1,49.99,in-store
STORE_004,SKU_004,2024-12-02 15:27:39,1,49.99,in-store
STORE_004,SKU_005,2024-12-02 20:11:47,2,8.75,in-store
STORE_005,SKU_002,2024-12-02 14:08:40,2,24.5,in-store
STORE_005,SKU_002,2024-12-02 08:43:53,2,24.5,online
STORE_005,SKU_002,2024-12-02 10:35:08,2,24.5,online
STORE_001,SKU_002,2024-12-03 19:41:30,4,24.5,online
STORE_001,SKU_002,2024-12-03 18:54:01,4,24.5,online
STORE_001,SKU_002,2024-12-03 19:54:03,4,24.5,online
STORE_001,SKU_010,2024-12-03 21:57:43,5,18.5,online
STORE_002,SKU_005,2024-12-03 12:29:13,2,8.75,online
STORE_002,SKU_005,2024-12-03 09:07:29,2,8.75,online
STORE_002,SKU_005,2024-12-03 10:53:35,2,8.75,online
STORE_002,SKU_008,2024-12-03 16:54:02,1,9.99,online
STORE_002,SKU_008,2024-12-03 09:04:26,1,9.99,online
STORE_002,SKU_008,2024-12-03 11:06:29,1,9.99,in-store
STORE_003,SKU_002,2024-12-03 08:43:25,2,24.5,online
STORE_003,SKU_004,2024-12-03 11:14:14,1,49.99,in-store
STORE_003,SKU_005,2024-12-03 18:48:58,1,8.75,in-store
STORE_003,SKU_005,2024-12-03 16:36:05,1,8.75,in-store
STORE_003,SKU_010,2024-12-03 10:58:56,3,18.5,in-store
STORE_003,SKU_010,2024-12-03 10:21:37,3,18.5,online
STORE_004,SKU_002,2024-12-03 08:30:10,3,24.5,online
STORE_004,SKU_002,2024-12-03 11:22:12,3,24.5,in-store
STORE_004,SKU_005,2024-12-03 09:12:12,1,8.75,in-store
STORE_004,SKU_005,2024-12-03 17:52:26,1,8.75,online
STORE_004,SKU_007,2024-12-03 17:02:50,5,32.2,in-store
STORE_001,SKU_008,2024-12-04 12:32:52,1,9.99,in-store
STORE_002,SKU_003,2024-12-04 11:38:04,5,5.99,in-store
STORE_002,SKU_003,2024-12-04 16:47:17,5,5.99,online
STORE_002,SKU_007,2024-12-04 21:49:11,3,32.2,in-store
STORE_003,SKU_005,2024-12-04 12:13:43,2,8.75,online
STORE_003,SKU_005,2024-12-04 21:00:25,2,8.75,online
STORE_003,SKU_005,2024-12-04 16:55:18,2,8.75,in-store
STORE_004,SKU_002,2024-12-04 14:31:20,3,24.5,in-store
STORE_004,SKU_004,2024-12-04 10:50:18,1,49.99,online
STORE_004,SKU_005,2024-12-04 08:57:12,2,8.75,online
STORE_004,SKU_008,2024-12-04 08:51:19,1,9.99,in-store
STORE_005,SKU_002,2024-12-04 19:01:19,3,24.5,in-store
STORE_005,SKU_007,2024-12-04 10:47:50,3,32.2,online
STORE_001,SKU_003,2024-12-05 15:33:03,6,5.99,in-store
STORE_002,SKU_003,2024-12-05 14:11:03,4,5.99,online
STORE_002,SKU_003,2024-12-05 19:06:11,4,5.99,online
STORE_002,SKU_003,2024-12-05 21:48:30,4,5.99,in-store
STORE_002,SKU_005,2024-12-05 13:45:36,2,8.75,in-store
STORE_002,SKU_005,2024-12-05 21:15:01,2,8.75,in-store
STORE_002,SKU_005,2024-12-05 21:18:32,2,8.75,in-store
STORE_002,SKU_010,2024-12-05 11:28:34,2,18.5,in-store
STORE_003,SKU_001,2024-12-05 18:20:00,1,12.99,in-store
STORE_003,SKU_002,2024-12-05 15:37:27,3,24.5,in-store
STORE_003,SKU_002,2024-12-05 13:30:21,3,24.5,in-store
STORE_003,SKU_002,2024-12-05 18:34:40,3,24.5,in-store
STORE_003,SKU_003,2024-12-05 12:15:26,3,5.99,in-store
STORE_003,SKU_003,2024-12-05 10:39:04,3,5.99,online
STORE_003,SKU_006,2024-12-05 11:51:58,3,15.0,in-store
STORE_004,SKU_007,2024-12-05 19:20:16,3,32.2,online
STORE_004,SKU_007,2024-12-05 19:17:45,3,32.2,online
STORE_005,SKU_001,2024-12-05 20:49:34,2,12.99,in-store
STORE_005,SKU_009,2024-12-05 18:14:47,1,115.0,in-store
STORE_001,SKU_010,2024-12-06 17:37:49,4,18.5,online
STORE_002,SKU_002,2024-12-06 12:54:11,3,24.5,in-store
STORE_002,SKU_002,2024-12-06 21:39:38,3,24.5,online
STORE_002,SKU_005,2024-12-06 16:42:35,2,8.75,in-store
STORE_002,SKU_007,2024-12-06 10:41:59,3,32.2,in-store
STORE_002,SKU_007,2024-12-06 19:08:11,3,32.2,online
STORE_002,SKU_009,2024-12-06 11:18:31,2,115.0,in-store
STORE_002,SKU_010,2024-12-06 18:09:10,4,18.5,in-store
STORE_002,SKU_010,2024-12-06 15:06:52,4,18.5,online
STORE_002,SKU_010,2024-12-06 21:39:00,4,18.5,in-store
STORE_003,SKU_002,2024-12-06 12:03:21,3,24.5,in-store
STORE_004,SKU_006,2024-12-06 10:20:25,3,15.0,online
STORE_004,SKU_006,2024-12-06 11:22:55,3,15.0,in-store
STORE_004,SKU_007,2024-12-06 14:07:57,3,32.2,online
STORE_005,SKU_003,2024-12-06 16:41:25,3,5.99,in-store
STORE_005,SKU_003,2024-12-06 17:40:39,3,,online
STORE_005,SKU_003,2024-12-06 21:41:16,3,5.99,in-store
STORE_005,SKU_004,2024-12-06 17:42:34,1,49.99,online
STORE_005,SKU_008,2024-12-06 16:55:50,1,9.99,in-store
STORE_005,SKU_008,2024-12-06 19:44:24,1,9.99,in-store
STORE_001,SKU_002,2024-12-07 18:05:14,5,24.5,in-store
STORE_001,SKU_002,2024-12-07 17:24:18,5,24.5,in-store
STORE_001,SKU_002,2024-12-07 15:42:13,5,24.5,in-store
STORE_001,SKU_004,2024-12-07 08:25:11,2,49.99,in-store
STORE_001,SKU_004,2024-12-07 13:40:01,2,49.99,in-store
STORE_001,SKU_004,2024-12-07 09:59:39,2,49.99,online
STORE_001,SKU_006,2024-12-07 20:14:10,4,15.0,online
STORE_001,SKU_006,2024-12-07 19:11:23,4,15.0,online
STORE_001,SKU_008,2024-12-07 18:19:43,2,9.99,in-store
STORE_002,SKU_010,2024-12-07 21:11:30,5,18.5,online
STORE_002,SKU_010,2024-12-07 08:49:09,5,18.5,online
STORE_003,SKU_007,2024-12-07 12:21:04,8,32.2,online
STORE_003,SKU_007,2024-12-07 14:04:30,8,32.2,online
STORE_003,SKU_007,2024-12-07 20:40:23,8,32.2,in-store
STORE_005,SKU_004,2024-12-07 19:29:10,1,49.99,online
STORE_005,SKU_004,2024-12-07 13:22:12,1,49.99,online
STORE_005,SKU_004,2024-12-07 09:08:37,1,49.99,online
STORE_001,SKU_001,2024-12-08 10:06:46,3,12.99,online
STORE_001,SKU_002,2024-12-08 09:53:44,4,24.5,online
STORE_001,SKU_002,2024-12-08 11:56:12,4,24.5,in-store
STORE_001,SKU_002,2024-12-08 16:17:34,4,24.5,in-store
STORE_001,SKU_004,2024-12-08 11:11:39,2,49.99,online
STORE_001,SKU_004,2024-12-08 10:24:23,2,49.99,in-store
STORE_001,SKU_004,2024-12-08 17:54:29,2,49.99,in-store
STORE_001,SKU_006,2024-12-08 16:43:34,7,15.0,in-store
STORE_001,SKU_006,2024-12-08 18:51:22,7,15.0,online
STORE_001,SKU_008,2024-12-08 10:25:19,1,9.99,in-store
STORE_001,SKU_008,2024-12-08 11:24:10,1,9.99,online
STORE_001,SKU_009,2024-12-08 16:29:04,3,115.0,in-store
STORE_001,SKU_009,2024-12-08 18:49:11,3,115.0,in-store
STORE_001,SKU_009,2024-12-08 19:47:22,3,115.0,online
STORE_002,SKU_005,2024-12-08 08:56:44,2,8.75,online
STORE_002,SKU_005,2024-12-08 20:18:10,2,8.75,in-store
STORE_002,SKU_005,2024-12-08 19:39:41,2,8.75,in-store
STORE_002,SKU_007,2024-12-08 11:30:09,8,32.2,online
STORE_002,SKU_008,2024-12-08 15:30:46,1,9.99,online
STORE_002,SKU_008,2024-12-08 21:13:11,1,9.99,in-store
STORE_002,SKU_008,2024-12-08 09:39:38,1,9.99,online
STORE_003,SKU_001,2024-12-08 18:38:53,3,12.99,in-store
STORE_003,SKU_003,2024-12-08 10:12:30,7,5.99,in-store
STORE_003,SKU_003,2024-12-08 16:12:19,7,5.99,online
STORE_003,SKU_003,2024-12-08 21:28:19,7,5.99,online
STORE_003,SKU_005,2024-12-08 18:16:34,3,8.75,online
STORE_004,SKU_001,2024-12-08 11:27:44,3,12.99,in-store
STORE_004,SKU_001,2024-12-08 21:42:22,3,12.99,in-store
STORE_004,SKU_007,2024-12-08 20:09:26,5,32.2,online
STORE_004,SKU_007,2024-12-08 10:22:04,5,32.2,in-store
STORE_004,SKU_007,2024-12-08 15:43:25,5,32.2,in-store
STORE_005,SKU_001,2024-12-08 11:54:34,2,12.99,online
STORE_005,SKU_001,2024-12-08 13:04:12,2,12.99,online
STORE_005,SKU_004,2024-12-08 10:31:23,1,49.99,online
STORE_005,SKU_005,2024-12-08 13:23:46,3,8.75,online
STORE_005,SKU_005,2024-12-08 11:55:39,3,8.75,online
STORE_005,SKU_006,2024-12-08 11:53:03,6,15.0,in-store
STORE_005,SKU_006,2024-12-08 14:03:02,6,15.0,in-store
STORE_005,SKU_010,2024-12-08 17:41:05,3,18.5,in-store
STORE_005,SKU_010,2024-12-08 20:41:50,3,18.5,in-store
STORE_005,SKU_010,2024-12-08 13:06:05,3,18.5,online
STORE_001,SKU_003,2024-12-09 16:02:50,5,5.99,in-store
STORE_001,SKU_003,2024-12-09 08:19:26,5,5.99,online
STORE_001,SKU_004,2024-12-09 20:22:25,1,49.99,in-store
STORE_001,SKU_004,2024-12-09 20:10:59,1,49.99,in-store
STORE_001,SKU_006,2024-12-09 18:55:48,4,15.0,online
STORE_001,SKU_006,2024-12-09 18:45:37,4,15.0,in-store
STORE_001,SKU_010,2024-12-09 11:45:47,4,18.5,online
STORE_001,SKU_010,2024-12-09 11:16:07,4,18.5,in-store
STORE_002,SKU_001,2024-12-09 17:54:06,1,12.99,in-store
STORE_002,SKU_002,2024-12-09 10:39:43,2,24.5,in-store
STORE_002,SKU_002,2024-12-09 08:45:04,2,24.5,in-store
STORE_002,SKU_004,2024-12-09 17:48:57,1,49.99,in-store
STORE_002,SKU_004,2024-12-09 08:05:20,1,49.99,in-store
STORE_002,SKU_004,2024-12-09 09:43:47,1,49.99,in-store
STORE_002,SKU_005,2024-12-09 16:52:02,2,8.75,in-store
STORE_002,SKU_005,2024-12-09 15:56:12,2,8.75,in-store
STORE_002,SKU_005,2024-12-09 18:33:00,2,8.75,in-store
STORE_003,SKU_002,2024-12-09 15:30:01,4,24.5,online
STORE_003,SKU_002,2024-12-09 09:35:11,4,24.5,in-store
STORE_004,SKU_004,2024-12-09 13:57:27,1,49.99,in-store
STORE_004,SKU_004,2024-12-09 14:52:48,1,49.99,in-store
STORE_004,SKU_004,2024-12-09 19:30:53,1,49.99,in-store
STORE_004,SKU_008,2024-12-09 08:39:31,1,9.99,in-store
STORE_005,SKU_004,2024-12-09 15:14:59,1,49.99,online
STORE_005,SKU_004,2024-12-09 20:38:06,1,49.99,online
STORE_005,SKU_007,2024-12-09 11:46:01,4,32.2,online
STORE_005,SKU_007,2024-12-09 16:11:21,4,32.2,in-store
STORE_005,SKU_007,2024-12-09 13:06:41,4,32.2,in-store
STORE_001,SKU_002,2024-12-10 19:57:06,3,24.5,in-store
STORE_001,SKU_002,2024-12-10 09:57:21,3,24.5,online
STORE_001,SKU_002,2024-12-10 12:12:11,3,24.5,in-store
STORE_001,SKU_004,2024-12-10 15:36:14,1,49.99,online
STORE_001,SKU_004,2024-12-10 20:13:18,1,49.99,in-store
STORE_001,SKU_005,2024-12-10 13:45:55,2,8.75,online
STORE_001,SKU_009,2024-12-10 09:50:46,2,115.0,in-store
STORE_001,SKU_009,2024-12-10 08:04:06,2,115.0,online
STORE_001,SKU_009,2024-12-10 14:58:13,2,115.0,in-store
STORE_002,SKU_004,2024-12-10 16:43:40,1,49.99,in-store
STORE_002,SKU_004,2024-12-10 19:59:19,1,49.99,online
STORE_002,SKU_004,2024-12-10 18:50:05,1,49.99,in-store
STORE_002,SKU_008,2024-12-10 20:01:37,1,9.99,in-store
STORE_003,SKU_001,2024-12-10 18:46:21,2,12.99,online
STORE_003,SKU_001,2024-12-10 15:26:12,2,12.99,in-store
STORE_003,SKU_001,2024-12-10 21:39:44,2,12.99,in-store
STORE_003,SKU_006,2024-12-10 16:46:28,3,15.0,online
STORE_003,SKU_007,2024-12-10 08:22:04,4,32.2,in-store
STORE_003,SKU_007,2024-12-10 16:16:07,4,32.2,online
STORE_004,SKU_007,2024-12-10 16:20:22,4,32.2,in-store
STORE_004,SKU_010,2024-12-10 14:15:15,2,18.5,in-store
STORE_004,SKU_010,2024-12-10 19:59:45,2,18.5,in-store
STORE_005,SKU_002,2024-12-10 15:46:26,3,24.5,in-store
STORE_005,SKU_002,2024-12-10 10:32:44,3,24.5,online
STORE_005,SKU_002,2024-12-10 15:11:04,3,24.5,online
STORE_005,SKU_008,2024-12-10 10:25:44,1,9.99,in-store
STORE_001,SKU_002,2024-12-11 19:25:56,4,24.5,in-store
STORE_001,SKU_005,2024-12-11 17:27:04,2,8.75,in-store
STORE_001,SKU_005,2024-12-11 08:17:13,2,8.75,online
STORE_001,SKU_005,2024-12-11 11:50:13,2,8.75,online
STORE_001,SKU_006,2024-12-11 13:22:34,3,15.0,in-store
STORE_001,SKU_006,2024-12-11 11:57:44,3,15.0,online
STORE_002,SKU_004,2024-12-11 14:15:30,1,49.99,in-store
STORE_002,SKU_004,2024-12-11 09:03:42,1,49.99,online
STORE_002,SKU_004,2024-12-11 15:01:12,1,49.99,in-store
STORE_003,SKU_001,2024-12-11 11:28:40,1,12.99,online
STORE_003,SKU_001,2024-12-11 16:25:00,1,12.99,in-store
STORE_003,SKU_001,2024-12-11 16:27:32,1,12.99,in-store
STORE_003,SKU_002,2024-12-11 12:17:23,2,24.5,online
STORE_003,SKU_002,2024-12-11 12:19:21,2,24.5,online
STORE_003,SKU_005,2024-12-11 16:30:02,2,8.75,online
STORE_003,SKU_008,2024-12-11 14:25:45,1,9.99,online
STORE_003,SKU_010,2024-12-11 11:13:22,2,18.5,online
STORE_003,SKU_010,2024-12-11 17:41:02,2,18.5,online
STORE_003,SKU_010,2024-12-11 21:32:46,2,18.5,online
STORE_004,SKU_010,2024-12-11 12:25:39,3,18.5,online
STORE_004,SKU_010,2024-12-11 14:11:25,3,18.5,online
STORE_005,SKU_004,2024-12-11 17:56:35,1,49.99,online
STORE_005,SKU_008,2024-12-11 14:29:59,1,9.99,in-store
STORE_005,SKU_008,2024-12-11 10:21:31,1,9.99,in-store
STORE_001,SKU_003,2024-12-12 20:49:37,4,5.99,online
STORE_001,SKU_003,2024-12-12 21:15:42,4,5.99,online
STORE_001,SKU_003,2024-12-12 14:35:54,4,5.99,online
STORE_001,SKU_004,2024-12-12 09:49:13,1,49.99,in-store
STORE_001,SKU_008,2024-12-12 14:21:19,1,9.99,online
STORE_001,SKU_008,2024-12-12 10:50:56,1,9.99,online
STORE_001,SKU_010,2024-12-12 08:35:01,4,18.5,in-store
STORE_001,SKU_010,2024-12-12 14:24:00,4,18.5,online
STORE_002,SKU_004,2024-12-12 08:54:12,1,49.99,online
STORE_002,SKU_004,2024-12-12 20:01:30,1,49.99,online
STORE_002,SKU_004,2024-12-12 20:15:35,1,49.99,in-store
STORE_002,SKU_005,2024-12-12 08:53:13,2,8.75,in-store
STORE_002,SKU_005,2024-12-12 19:27:43,2,8.75,online
STORE_002,SKU_005,2024-12-12 15:57:09,2,8.75,in-store
STORE_003,SKU_008,2024-12-12 13:39:08,1,9.99,in-store
STORE_004,SKU_005,2024-12-12 13:19:03,1,8.75,online
STORE_004,SKU_005,2024-12-12 09:19:56,1,8.75,in-store
STORE_004,SKU_005,2024-12-12 10:18:49,1,8.75,in-store
STORE_005,SKU_003,2024-12-12 15:32:47,4,5.99,online
STORE_005,SKU_003,2024-12-12 18:51:03,4,5.99,online
STORE_005,SKU_003,2024-12-12 17:26:38,4,5.99,in-store
STORE_005,SKU_004,2024-12-12 10:02:27,1,49.99,online
STORE_005,SKU_004,2024-12-12 08:09:11,1,49.99,in-store
STORE_005,SKU_008,2024-12-12 11:44:49,1,9.99,online
STORE_005,SKU_008,2024-12-12 15:31:27,1,9.99,online
STORE_001,SKU_004,2024-12-13 21:52:44,1,49.99,online
STORE_002,SKU_001,2024-12-13 14:47:52,2,12.99,in-store
STORE_002,SKU_001,2024-12-13 17:24:03,2,12.99,in-store
STORE_002,SKU_001,2024-12-13 21:16:23,2,12.99,online
STORE_002,SKU_002,2024-12-13 21:14:58,3,24.5,online
STORE_002,SKU_003,2024-12-13 17:40:03,4,5.99,online
STORE_002,SKU_003,2024-12-13 19:35:11,4,5.99,in-store
STORE_002,SKU_010,2024-12-13 12:54:22,2,18.5,in-store
STORE_003,SKU_003,2024-12-13 21:11:15,3,5.99,in-store
STORE_003,SKU_003,2024-12-13 10:41:55,3,5.99,in-store
STORE_003,SKU_003,2024-12-13 17:10:00,3,5.99,in-store
STORE_003,SKU_008,2024-12-13 18:56:18,1,9.99,in-store
STORE_005,SKU_004,2024-12-13 17:04:49,1,49.99,online
STORE_005,SKU_010,2024-12-13 11:44:12,3,18.5,in-store
STORE_005,SKU_010,2024-12-13 14:33:00,3,18.5,in-store
STORE_005,SKU_010,2024-12-13 08:19:52,3,18.5,online
STORE_001,SKU_002,2024-12-14 14:55:15,8,24.5,online
STORE_001,SKU_002,2024-12-14 18:48:36,8,24.5,online
STORE_001,SKU_004,2024-12-14 12:00:39,2,49.99,online
STORE_001,SKU_004,2024-12-14 08:19:11,2,49.99,online
STORE_001,SKU_006,2024-12-14 16:02:47,5,15.0,online
STORE_001,SKU_006,2024-12-14 16:22:10,5,15.0,online
STORE_001,SKU_007,2024-12-14 17:33:20,9,32.2,online
STORE_001,SKU_007,2024-12-14 11:50:39,9,32.2,in-store
STORE_001,SKU_007,2024-12-14 16:47:11,9,32.2,in-store
STORE_001,SKU_008,2024-12-14 11:07:13,1,9.99,in-store
STORE_001,SKU_008,2024-12-14 08:56:22,1,9.99,online
STORE_001,SKU_008,2024-12-14 14:09:09,1,9.99,in-store
STORE_001,SKU_010,2024-12-14 14:40:48,8,18.5,online
STORE_001,SKU_010,2024-12-14 16:47:53,8,18.5,online
STORE_001,SKU_010,2024-12-14 15:39:40,8,18.5,in-store
STORE_002,SKU_003,2024-12-14 19:59:48,6,5.99,online
STORE_002,SKU_003,2024-12-14 18:10:34,6,5.99,online
STORE_002,SKU_003,2024-12-14 19:00:15,6,5.99,in-store
STORE_002,SKU_005,2024-12-14 08:19:36,2,8.75,online
STORE_002,SKU_005,2024-12-14 10:32:53,2,8.75,online
STORE_003,SKU_004,2024-12-14 19:08:20,1,49.99,in-store
STORE_003,SKU_006,2024-12-14 12:45:14,5,15.0,in-store
STORE_003,SKU_006,2024-12-14 10:11:29,5,15.0,in-store
STORE_003,SKU_006,2024-12-14 18:23:27,5,15.0,in-store
STORE_003,SKU_007,2024-12-14 11:30:14,6,32.2,in-store
STORE_003,SKU_008,2024-12-14 09:19:53,1,9.99,in-store
STORE_003,SKU_008,2024-12-14 14:34:16,1,9.99,in-store
STORE_003,SKU_010,2024-12-14 10:58:19,5,18.5,online
STORE_004,SKU_001,2024-12-14 11:25:37,2,12.99,in-store
STORE_004,SKU_001,2024-12-14 19:05:53,2,12.99,in-store
STORE_004,SKU_002,2024-12-14 08:06:19,4,24.5,in-store
STORE_004,SKU_004,2024-12-14 17:14:43,1,49.99,online
STORE_004,SKU_008,2024-12-14 16:47:43,1,9.99,online
STORE_004,SKU_008,2024-12-14 11:41:29,1,9.99,online
STORE_005,SKU_002,2024-12-14 15:55:33,4,24.5,in-store
STORE_005,SKU_002,2024-12-14 11:45:44,4,24.5,in-store
STORE_005,SKU_002,2024-12-14 14:59:14,4,24.5,online
STORE_005,SKU_005,2024-12-14 12:31:45,2,8.75,online
STORE_005,SKU_010,2024-12-14 18:57:08,4,18.5,in-store
STORE_005,SKU_010,2024-12-14 10:06:48,4,18.5,in-store
STORE_005,SKU_010,2024-12-14 16:40:50,4,18.5,online
STORE_001,SKU_003,2024-12-15 08:31:00,7,5.99,in-store
STORE_001,SKU_003,2024-12-15 16:26:08,7,5.99,online
STORE_001,SKU_003,2024-12-15 17:22:30,7,5.99,online
STORE_001,SKU_007,2024-12-15 17:33:44,11,32.2,in-store
STORE_001,SKU_007,2024-12-15 20:14:07,11,32.2,in-store
STORE_001,SKU_008,2024-12-15 20:23:51,2,9.99,in-store
STORE_001,SKU_008,2024-12-15 19:39:12,2,9.99,online
STORE_001,SKU_008,2024-12-15 18:19:57,2,9.99,online
STORE_002,SKU_005,2024-12-15 18:59:09,3,8.75,in-store
STORE_002,SKU_005,2024-12-15 14:52:01,3,8.75,online
STORE_002,SKU_010,2024-12-15 14:01:43,4,18.5,in-store
STORE_002,SKU_010,2024-12-15 15:19:45,4,18.5,online
STORE_002,SKU_010,2024-12-15 15:23:36,4,18.5,online
STORE_003,SKU_005,2024-12-15 21:39:34,3,8.75,in-store
STORE_003,SKU_005,2024-12-15 18:02:02,3,8.75,online
STORE_003,SKU_005,2024-12-15 13:59:51,3,8.75,online
STORE_003,SKU_008,2024-12-15 09:40:02,1,9.99,online
STORE_003,SKU_008,2024-12-15 16:57:23,1,9.99,online
STORE_004,SKU_001,2024-12-15 09:17:29,2,12.99,online
STORE_004,SKU_001,2024-12-15 08:27:34,2,12.99,in-store
STORE_004,SKU_003,2024-12-15 08:43:40,4,5.99,online
STORE_004,SKU_003,2024-12-15 19:46:08,4,5.99,in-store
STORE_004,SKU_004,2024-12-15 16:44:56,1,49.99,in-store
STORE_004,SKU_004,2024-12-15 13:10:11,1,49.99,online
STORE_004,SKU_006,2024-12-15 14:06:33,4,15.0,in-store
STORE_004,SKU_006,2024-12-15 18:34:34,4,15.0,in-store
STORE_004,SKU_007,2024-12-15 17:35:28,5,32.2,online
STORE_005,SKU_001,2024-12-15 09:25:58,3,12.99,online
STORE_005,SKU_002,2024-12-15 21:28:22,5,24.5,in-store
STORE_005,SKU_002,2024-12-15 09:46:47,5,24.5,in-store
STORE_005,SKU_004,2024-12-15 18:08:46,1,49.99,online
STORE_005,SKU_007,2024-12-15 12:02:10,4,32.2,online
STORE_005,SKU_007,2024-12-15 09:34:12,4,32.2,online
STORE_005,SKU_007,2024-12-15 14:07:57,4,32.2,in-store
STORE_005,SKU_010,2024-12-15 11:34:18,6,18.5,in-store
STORE_005,SKU_010,2024-12-15 17:06:15,6,18.5,online
STORE_001,SKU_004,2024-12-16 16:47:05,1,49.99,online
STORE_001,SKU_005,2024-12-16 13:17:48,2,8.75,online
STORE_001,SKU_010,2024-12-16 10:00:00,5,18.5,online
STORE_002,SKU_001,2024-12-16 10:41:42,1,12.99,online
STORE_002,SKU_001,2024-12-16 20:49:50,1,12.99,online
STORE_002,SKU_006,2024-12-16 12:55:01,3,15.0,in-store
STORE_002,SKU_007,2024-12-16 15:05:00,4,32.2,online
STORE_002,SKU_007,2024-12-16 09:07:02,4,32.2,in-store
STORE_002,SKU_007,2024-12-16 20:57:31,4,32.2,online
STORE_002,SKU_008,2024-12-16 09:26:22,1,9.99,in-store
STORE_002,SKU_008,2024-12-16 21:20:56,1,9.99,online
STORE_003,SKU_002,2024-12-16 10:49:02,3,24.5,online
STORE_003,SKU_002,2024-12-16 12:22:31,3,24.5,in-store
STORE_003,SKU_004,2024-12-16 14:29:11,1,49.99,online
STORE_003,SKU_005,2024-12-16 09:22:30,1,8.75,in-store
STORE_003,SKU_007,2024-12-16 17:25:56,5,32.2,in-store
STORE_003,SKU_007,2024-12-16 12:34:18,5,32.2,online
STORE_003,SKU_007,2024-12-16 21:02:12,5,32.2,online
STORE_003,SKU_008,2024-12-16 12:30:41,1,9.99,online
STORE_003,SKU_008,2024-12-16 11:41:37,1,9.99,online
STORE_004,SKU_007,2024-12-16 13:34:22,3,32.2,in-store
STORE_004,SKU_007,2024-12-16 10:09:07,3,32.2,in-store
STORE_005,SKU_004,2024-12-16 08:55:29,1,49.99,online
STORE_001,SKU_002,2024-12-17 18:05:45,4,24.5,in-store
STORE_001,SKU_003,2024-12-17 10:52:22,5,5.99,online
STORE_001,SKU_003,2024-12-17 09:18:20,5,5.99,online
STORE_001,SKU_003,2024-12-17 11:22:07,5,5.99,online
STORE_001,SKU_006,2024-12-17 19:39:53,3,15.0,online
STORE_001,SKU_006,2024-12-17 12:54:32,3,15.0,in-store
STORE_001,SKU_008,2024-12-17 18:10:09,1,9.99,in-store
STORE_001,SKU_008,2024-12-17 08:43:00,1,9.99,online
STORE_001,SKU_008,2024-12-17 16:58:42,1,9.99,in-store
STORE_002,SKU_001,2024-12-17 09:52:52,2,12.99,online
STORE_002,SKU_001,2024-12-17 18:23:45,2,12.99,online
STORE_002,SKU_003,2024-12-17 18:15:49,3,5.99,online
STORE_003,SKU_002,2024-12-17 16:20:23,2,24.5,in-store
STORE_003,SKU_004,2024-12-17 11:27:23,1,49.99,online
STORE_003,SKU_004,2024-12-17 17:31:40,1,49.99,online
STORE_003,SKU_005,2024-12-17 15:09:51,2,8.75,online
STORE_003,SKU_005,2024-12-17 15:30:32,2,8.75,online
STORE_003,SKU_005,2024-12-17 13:20:08,2,8.75,in-store
STORE_004,SKU_003,2024-12-17 14:33:57,3,5.99,online
STORE_004,SKU_003,2024-12-17 09:47:42,3,5.99,online
STORE_004,SKU_003,2024-12-17 08:59:34,3,5.99,in-store
STORE_004,SKU_005,2024-12-17 16:29:15,2,8.75,online
STORE_004,SKU_005,2024-12-17 15:05:24,2,8.75,in-store
STORE_004,SKU_007,2024-12-17 19:06:13,3,32.2,in-store
STORE_004,SKU_007,2024-12-17 13:36:17,3,32.2,in-store
STORE_004,SKU_008,2024-12-17 20:10:46,1,9.99,in-store
STORE_004,SKU_010,2024-12-17 17:25:56,3,18.5,in-store
STORE_004,SKU_010,2024-12-17 15:20:22,3,18.5,in-store
STORE_005,SKU_002,2024-12-17 11:23:50,3,24.5,online
STORE_005,SKU_002,2024-12-17 09:41:17,3,24.5,in-store
STORE_005,SKU_006,2024-12-17 14:06:08,3,15.0,in-store
STORE_005,SKU_008,2024-12-17 09:07:41,1,9.99,online
STORE_005,SKU_008,2024-12-17 11:18:22,1,9.99,in-store
STORE_005,SKU_008,2024-12-17 17:57:40,1,9.99,online
STORE_001,SKU_002,2024-12-18 13:45:07,3,24.5,online
STORE_001,SKU_002,2024-12-18 21:54:00,3,24.5,online
STORE_001,SKU_002,2024-12-18 18:14:31,3,24.5,in-store
STORE_001,SKU_008,2024-12-18 21:24:42,1,9.99,online
STORE_001,SKU_008,2024-12-18 13:46:49,1,9.99,in-store
STORE_001,SKU_008,2024-12-18 18:49:00,1,9.99,in-store
STORE_002,SKU_002,2024-12-18 08:12:35,3,24.5,in-store
STORE_002,SKU_002,2024-12-18 19:32:51,3,24.5,in-store
STORE_002,SKU_005,2024-12-18 15:41:46,2,8.75,in-store
STORE_002,SKU_010,2024-12-18 15:30:14,3,18.5,online
STORE_002,SKU_010,2024-12-18 18:27:12,3,18.5,online
STORE_002,SKU_010,2024-12-18 20:46:04,3,18.5,online
STORE_003,SKU_005,2024-12-18 20:36:17,2,8.75,online
STORE_003,SKU_010,2024-12-18 09:00:51,2,18.5,online
STORE_003,SKU_010,2024-12-18 10:33:16,2,18.5,in-store
STORE_003,SKU_010,2024-12-18 13:16:48,2,18.5,in-store
STORE_004,SKU_008,2024-12-18 20:45:23,1,9.99,online
STORE_004,SKU_008,2024-12-18 11:04:06,1,9.99,online
STORE_005,SKU_004,2024-12-18 14:22:10,1,49.99,in-store
STORE_005,SKU_005,2024-12-18 15:55:04,1,8.75,in-store
STORE_001,SKU_001,2024-12-19 08:06:34,2,12.99,online
STORE_001,SKU_001,2024-12-19 16:38:46,2,12.99,online
STORE_001,SKU_004,2024-12-19 20:34:16,1,49.99,in-store
STORE_001,SKU_008,2024-12-19 13:22:55,1,9.99,in-store
STORE_001,SKU_010,2024-12-19 18:06:29,3,18.5,in-store
STORE_002,SKU_004,2024-12-19 18:46:26,1,49.99,in-store
STORE_002,SKU_004,2024-12-19 09:38:35,1,49.99,in-store
STORE_002,SKU_004,2024-12-19 18:48:11,1,49.99,online
STORE_002,SKU_006,2024-12-19 10:58:50,3,15.0,online
STORE_002,SKU_006,2024-12-19 13:26:11,3,15.0,online
STORE_002,SKU_007,2024-12-19 10:44:33,4,32.2,online
STORE_002,SKU_007,2024-12-19 08:25:51,4,32.2,in-store
STORE_002,SKU_007,2024-12-19 09:42:07,4,32.2,in-store
STORE_002,SKU_008,2024-12-19 13:11:06,1,9.99,in-store
STORE_002,SKU_010,2024-12-19 18:20:14,3,18.5,online
STORE_002,SKU_010,2024-12-19 10:22:09,3,18.5,in-store
STORE_003,SKU_007,2024-12-19 20:56:25,3,32.2,online
STORE_003,SKU_007,2024-12-19 18:01:43,3,32.2,online
STORE_005,SKU_002,2024-12-19 20:29:55,3,24.5,in-store
STORE_005,SKU_002,2024-12-19 19:55:55,3,24.5,in-store
STORE_005,SKU_002,2024-12-19 15:50:44,3,24.5,online
STORE_005,SKU_005,2024-12-19 21:41:26,2,8.75,in-store
STORE_005,SKU_005,2024-12-19 09:41:11,2,8.75,online
STORE_005,SKU_005,2024-12-19 19:06:23,2,8.75,online
STORE_005,SKU_007,2024-12-19 13:38:41,4,32.2,in-store
STORE_005,SKU_008,2024-12-19 18:37:35,1,9.99,online
STORE_005,SKU_010,2024-12-19 18:50:18,3,18.5,in-store
STORE_001,SKU_002,2024-12-20 20:52:20,3,24.5,online
STORE_001,SKU_004,2024-12-20 12:15:07,1,49.99,in-store
STORE_001,SKU_004,2024-12-20 21:40:16,1,49.99,online
STORE_001,SKU_007,2024-12-20 11:49:54,5,32.2,in-store
STORE_001,SKU_007,2024-12-20 20:29:36,5,32.2,online
STORE_001,SKU_007,2024-12-20 11:59:15,5,32.2,online
STORE_003,SKU_001,2024-12-20 08:27:13,2,12.99,in-store
STORE_003,SKU_001,2024-12-20 12:53:32,2,12.99,in-store
STORE_003,SKU_001,2024-12-20 11:53:58,2,12.99,online
STORE_003,SKU_008,2024-12-20 20:01:12,1,9.99,in-store
STORE_003,SKU_008,2024-12-20 13:19:18,1,9.99,in-store
STORE_004,SKU_009,2024-12-20 20:52:08,2,115.0,online
STORE_004,SKU_009,2024-12-20 13:27:14,2,115.0,in-store
STORE_005,SKU_001,2024-12-20 09:06:32,2,12.99,online
STORE_005,SKU_001,2024-12-20 21:57:57,2,12.99,in-store
STORE_005,SKU_001,2024-12-20 21:32:01,2,12.99,in-store
STORE_005,SKU_002,2024-12-20 11:40:10,3,24.5,in-store
STORE_005,SKU_002,2024-12-20 13:34:59,3,24.5,online
STORE_001,SKU_002,2024-12-21 17:32:46,4,24.5,online
STORE_001,SKU_002,2024-12-21 10:49:17,4,24.5,online
STORE_001,SKU_003,2024-12-21 08:22:50,7,5.99,in-store
STORE_001,SKU_005,2024-12-21 11:29:59,4,8.75,online
STORE_001,SKU_005,2024-12-21 19:01:57,4,8.75,online
STORE_001,SKU_007,2024-12-21 19:54:08,9,32.2,online
STORE_001,SKU_007,2024-12-21 19:25:48,9,32.2,in-store
STORE_001,SKU_008,2024-12-21 10:09:28,2,9.99,in-store
STORE_002,SKU_005,2024-12-21 15:14:00,2,8.75,in-store
STORE_002,SKU_005,2024-12-21 08:36:05,2,8.75,online
STORE_002,SKU_008,2024-12-21 16:25:51,1,9.99,in-store
STORE_002,SKU_008,2024-12-21 18:50:10,1,9.99,in-store
STORE_003,SKU_006,2024-12-21 15:45:18,3,15.0,online
STORE_003,SKU_010,2024-12-21 13:37:13,5,18.5,in-store
STORE_003,SKU_010,2024-12-21 09:50:59,5,18.5,in-store
STORE_003,SKU_010,2024-12-21 13:39:05,5,18.5,in-store
STORE_004,SKU_001,2024-12-21 11:53:00,3,12.99,in-store
STORE_004,SKU_002,2024-12-21 14:27:39,4,24.5,online
STORE_004,SKU_002,2024-12-21 14:51:21,4,24.5,online
STORE_004,SKU_004,2024-12-21 08:11:52,1,49.99,online
STORE_004,SKU_004,2024-12-21 15:14:46,1,49.99,online
STORE_004,SKU_010,2024-12-21 10:02:10,5,18.5,online
STORE_004,SKU_010,2024-12-21 15:08:54,5,18.5,online
STORE_005,SKU_002,2024-12-21 20:51:59,4,24.5,online
STORE_005,SKU_002,2024-12-21 20:32:30,4,24.5,online
STORE_005,SKU_002,2024-12-21 16:31:45,4,24.5,online
STORE_005,SKU_005,2024-12-21 10:34:31,3,8.75,in-store
STORE_005,SKU_005,2024-12-21 10:35:12,3,8.75,online
STORE_001,SKU_001,2024-12-22 16:38:07,3,12.99,in-store
STORE_001,SKU_001,2024-12-22 11:00:51,3,12.99,online
STORE_001,SKU_003,2024-12-22 19:04:47,10,5.99,in-store
STORE_001,SKU_005,2024-12-22 12:46:58,3,8.75,online
STORE_001,SKU_005,2024-12-22 20:41:38,3,8.75,online
STORE_001,SKU_008,2024-12-22 10:40:05,1,9.99,in-store
STORE_002,SKU_004,2024-12-22 15:37:23,2,49.99,in-store
STORE_002,SKU_004,2024-12-22 08:14:37,2,49.99,in-store
STORE_002,SKU_007,2024-12-22 08:51:40,5,32.2,online
STORE_003,SKU_001,2024-12-22 16:51:00,3,12.99,in-store
STORE_003,SKU_001,2024-12-22 20:01:45,3,12.99,in-store
STORE_003,SKU_010,2024-12-22 16:48:21,5,18.5,in-store
STORE_003,SKU_010,2024-12-22 18:57:33,5,18.5,in-store
STORE_003,SKU_010,2024-12-22 09:52:53,5,18.5,online
STORE_004,SKU_002,2024-12-22 08:51:24,4,24.5,online
STORE_004,SKU_005,2024-12-22 21:10:26,3,8.75,in-store
STORE_004,SKU_005,2024-12-22 11:10:23,3,8.75,in-store
STORE_005,SKU_001,2024-12-22 21:34:30,3,12.99,in-store
STORE_005,SKU_001,2024-12-22 21:01:28,3,12.99,online
STORE_005,SKU_001,2024-12-22 11:20:00,3,12.99,online
STORE_005,SKU_003,2024-12-22 18:33:57,6,5.99,in-store
STORE_005,SKU_003,2024-12-22 10:51:42,6,5.99,in-store
STORE_005,SKU_003,2024-12-22 12:03:44,6,5.99,online
STORE_005,SKU_004,2024-12-22 08:01:28,1,49.99,online
STORE_005,SKU_004,2024-12-22 21:22:05,1,49.99,in-store
STORE_005,SKU_004,2024-12-22 12:37:09,1,49.99,online
STORE_005,SKU_006,2024-12-22 09:14:48,5,15.0,online
STORE_005,SKU_006,2024-12-22 09:12:51,5,15.0,in-store
STORE_005,SKU_006,2024-12-22 11:34:46,5,15.0,in-store
STORE_005,SKU_008,2024-12-22 10:16:02,1,9.99,in-store
STORE_005,SKU_010,2024-12-22 18:09:02,6,18.5,in-store
STORE_001,SKU_001,2024-12-23 13:20:00,3,12.99,in-store
STORE_001,SKU_001,2024-12-23 13:16:42,3,12.99,online
STORE_001,SKU_008,2024-12-23 11:58:58,1,9.99,online
STORE_001,SKU_008,2024-12-23 18:35:26,1,9.99,in-store
STORE_001,SKU_008,2024-12-23 20:19:26,1,9.99,in-store
STORE_002,SKU_002,2024-12-23 10:06:52,2,24.5,online
STORE_002,SKU_008,2024-12-23 09:46:38,1,9.99,online
STORE_002,SKU_008,2024-12-23 08:56:47,1,9.99,online
STORE_002,SKU_008,2024-12-23 19:06:34,1,9.99,online
STORE_003,SKU_002,2024-12-23 12:54:19,3,24.5,online
STORE_003,SKU_002,2024-12-23 18:08:03,3,24.5,online
STORE_003,SKU_002,2024-12-23 13:19:48,3,24.5,online
STORE_005,SKU_001,2024-12-23 13:49:20,1,12.99,online
STORE_005,SKU_002,2024-12-23 15:17:37,3,24.5,in-store
STORE_005,SKU_002,2024-12-23 12:37:15,3,24.5,in-store
STORE_005,SKU_002,2024-12-23 08:55:08,3,24.5,online
STORE_005,SKU_004,2024-12-23 21:33:12,1,49.99,online
STORE_005,SKU_004,2024-12-23 11:49:20,1,49.99,online
STORE_005,SKU_004,2024-12-23 16:54:40,1,49.99,in-store
STORE_005,SKU_010,2024-12-23 09:06:09,3,18.5,online
STORE_005,SKU_010,2024-12-23 12:48:45,3,18.5,in-store
STORE_001,SKU_003,2024-12-24 10:01:23,6,5.99,online
STORE_001,SKU_004,2024-12-24 16:37:40,1,49.99,in-store
STORE_001,SKU_004,2024-12-24 18:31:06,1,49.99,in-store
STORE_001,SKU_008,2024-12-24 15:08:44,1,9.99,online
STORE_001,SKU_008,2024-12-24 19:11:18,1,9.99,online
STORE_001,SKU_009,2024-12-24 12:35:26,2,115.0,online
STORE_002,SKU_010,2024-12-24 16:08:38,2,18.5,online
STORE_002,SKU_010,2024-12-24 12:31:45,2,18.5,in-store
STORE_002,SKU_010,2024-12-24 11:14:45,2,18.5,online
STORE_003,SKU_001,2024-12-24 21:24:57,1,12.99,online
STORE_003,SKU_001,2024-12-24 17:35:18,1,12.99,online
STORE_003,SKU_001,2024-12-24 16:40:11,1,12.99,in-store
STORE_003,SKU_005,2024-12-24 13:44:04,2,8.75,in-store
STORE_003,SKU_005,2024-12-24 09:59:53,2,8.75,online
STORE_003,SKU_008,2024-12-24 09:59:01,1,9.99,in-store
STORE_004,SKU_001,2024-12-24 18:39:11,2,12.99,online
STORE_004,SKU_002,2024-12-24 12:38:15,3,24.5,in-store
STORE_004,SKU_002,2024-12-24 21:23:33,3,24.5,in-store
STORE_004,SKU_005,2024-12-24 08:08:47,2,8.75,online
STORE_004,SKU_005,2024-12-24 15:24:04,2,8.75,in-store
STORE_004,SKU_005,2024-12-24 18:31:34,2,8.75,online
STORE_005,SKU_008,2024-12-24 19:22:58,1,9.99,online
STORE_005,SKU_008,2024-12-24 11:36:56,1,9.99,in-store
STORE_005,SKU_008,2024-12-24 11:20:01,1,9.99,in-store
STORE_001,SKU_002,2024-12-25 09:56:18,4,24.5,in-store
STORE_001,SKU_004,2024-12-25 13:40:20,1,49.99,in-store
STORE_001,SKU_004,2024-12-25 11:55:20,1,49.99,online
STORE_001,SKU_004,2024-12-25 15:56:45,1,49.99,online
STORE_001,SKU_008,2024-12-25 10:26:49,1,9.99,in-store
STORE_001,SKU_008,2024-12-25 19:34:50,1,9.99,online
STORE_001,SKU_008,2024-12-25 16:24:17,1,9.99,in-store
STORE_003,SKU_002,2024-12-25 21:59:31,2,24.5,in-store
STORE_004,SKU_005,2024-12-25 10:58:09,1,8.75,online
STORE_004,SKU_009,2024-12-25 15:28:26,2,115.0,in-store
STORE_004,SKU_009,2024-12-25 13:00:35,2,115.0,online
STORE_004,SKU_009,2024-12-25 16:36:11,2,115.0,online
STORE_005,SKU_001,2024-12-25 15:17:46,2,12.99,online
STORE_005,SKU_001,2024-12-25 12:51:24,2,12.99,online
STORE_005,SKU_006,2024-12-25 14:14:58,2,15.0,in-store
STORE_005,SKU_006,2024-12-25 17:09:44,2,15.0,online
STORE_001,SKU_002,2024-12-26 19:47:19,3,24.5,online
STORE_002,SKU_002,2024-12-26 10:01:56,3,24.5,in-store
STORE_002,SKU_002,2024-12-26 20:04:31,3,24.5,online
STORE_002,SKU_002,2024-12-26 10:41:56,3,24.5,in-store
STORE_002,SKU_004,2024-12-26 15:49:52,1,49.99,online
STORE_002,SKU_004,2024-12-26 16:19:58,1,49.99,in-store
STORE_002,SKU_004,2024-12-26 17:55:43,1,49.99,online
STORE_002,SKU_005,2024-12-26 08:45:00,2,8.75,in-store
STORE_002,SKU_005,2024-12-26 12:12:01,2,8.75,in-store
STORE_003,SKU_002,2024-12-26 15:19:28,2,24.5,in-store
STORE_003,SKU_002,2024-12-26 17:25:42,2,24.5,online
STORE_003,SKU_003,2024-12-26 14:56:06,4,5.99,in-store
STORE_003,SKU_003,2024-12-26 12:48:49,4,5.99,in-store
STORE_003,SKU_003,2024-12-26 16:53:04,4,5.99,online
STORE_004,SKU_002,2024-12-26 08:16:35,2,24.5,online
STORE_004,SKU_002,2024-12-26 20:22:43,2,24.5,in-store
STORE_005,SKU_001,2024-12-26 09:07:05,2,12.99,online
STORE_005,SKU_001,2024-12-26 11:18:49,2,12.99,in-store
STORE_005,SKU_007,2024-12-26 20:17:36,5,32.2,in-store
STORE_005,SKU_007,2024-12-26 09:54:07,5,32.2,online
STORE_001,SKU_005,2024-12-27 18:26:33,3,8.75,online
STORE_001,SKU_005,2024-12-27 15:39:43,3,8.75,in-store
STORE_001,SKU_005,2024-12-27 09:44:35,3,8.75,in-store
STORE_001,SKU_007,2024-12-27 16:52:32,6,32.2,in-store
STORE_001,SKU_007,2024-12-27 21:15:32,6,32.2,in-store
STORE_001,SKU_007,2024-12-27 15:22:33,6,32.2,in-store
STORE_002,SKU_001,2024-12-27 14:36:37,1,12.99,in-store
STORE_002,SKU_001,2024-12-27 13:00:54,1,12.99,online
STORE_002,SKU_002,2024-12-27 11:50:59,3,24.5,online
STORE_002,SKU_002,2024-12-27 11:09:07,3,24.5,online
STORE_002,SKU_002,2024-12-27 15:56:03,3,24.5,in-store
STORE_002,SKU_005,2024-12-27 18:03:11,1,8.75,online
STORE_002,SKU_005,2024-12-27 18:11:13,1,8.75,in-store
STORE_002,SKU_005,2024-12-27 14:19:26,1,8.75,in-store
STORE_002,SKU_006,2024-12-27 11:56:59,3,15.0,online
STORE_002,SKU_010,2024-12-27 20:08:37,3,18.5,online
STORE_002,SKU_010,2024-12-27 11:08:18,3,18.5,online
STORE_002,SKU_010,2024-12-27 20:33:25,3,18.5,online
STORE_003,SKU_001,2024-12-27 11:02:10,1,12.99,in-store
STORE_003,SKU_001,2024-12-27 17:46:54,1,12.99,in-store
STORE_003,SKU_005,2024-12-27 11:48:48,1,8.75,online
STORE_003,SKU_007,2024-12-27 09:35:58,5,32.2,online
STORE_003,SKU_007,2024-12-27 18:10:59,5,32.2,online
STORE_003,SKU_008,2024-12-27 13:34:48,1,9.99,online
STORE_003,SKU_009,2024-12-27 13:25:18,1,115.0,in-store
STORE_003,SKU_009,2024-12-27 19:27:21,1,115.0,in-store
STORE_004,SKU_004,2024-12-27 14:14:16,1,49.99,in-store
STORE_004,SKU_004,2024-12-27 15:19:49,1,49.99,online
STORE_004,SKU_010,2024-12-27 15:01:42,3,18.5,online
STORE_005,SKU_005,2024-12-27 12:02:10,1,8.75,online
STORE_005,SKU_005,2024-12-27 18:17:30,1,8.75,in-store
STORE_005,SKU_005,2024-12-27 14:44:33,1,8.75,online
STORE_005,SKU_007,2024-12-27 08:16:24,4,32.2,online
STORE_005,SKU_008,2024-12-27 18:53:04,1,9.99,online
STORE_001,SKU_004,2024-12-28 10:38:49,2,49.99,online
STORE_001,SKU_004,2024-12-28 14:17:52,2,49.99,online
STORE_001,SKU_005,2024-12-28 13:56:50,3,8.75,online
STORE_001,SKU_005,2024-12-28 09:48:05,3,8.75,in-store
STORE_001,SKU_008,2024-12-28 12:23:28,1,9.99,in-store
STORE_001,SKU_008,2024-12-28 18:59:41,1,9.99,in-store
STORE_001,SKU_009,2024-12-28 16:47:17,3,115.0,in-store
STORE_001,SKU_009,2024-12-28 14:21:43,3,115.0,in-store
STORE_001,SKU_010,2024-12-28 15:38:06,7,18.5,in-store
STORE_001,SKU_010,2024-12-28 15:58:23,7,,online
STORE_001,SKU_010,2024-12-28 11:31:44,7,18.5,in-store
STORE_002,SKU_005,2024-12-28 08:10:54,2,8.75,online
STORE_002,SKU_005,2024-12-28 18:24:49,2,8.75,online
STORE_003,SKU_002,2024-12-28 17:17:39,5,24.5,online
STORE_003,SKU_002,2024-12-28 10:20:25,5,24.5,in-store
STORE_003,SKU_005,2024-12-28 12:43:33,4,8.75,in-store
STORE_003,SKU_005,2024-12-28 14:06:53,4,8.75,online
STORE_003,SKU_006,2024-12-28 17:23:31,3,15.0,in-store
STORE_003,SKU_006,2024-12-28 19:58:45,3,15.0,online
STORE_003,SKU_008,2024-12-28 19:57:56,1,9.99,online
STORE_003,SKU_010,2024-12-28 15:37:02,5,18.5,online
STORE_003,SKU_010,2024-12-28 12:14:53,5,18.5,online
STORE_003,SKU_010,2024-12-28 14:20:02,5,18.5,online
STORE_004,SKU_001,2024-12-28 10:26:42,3,12.99,in-store
STORE_004,SKU_002,2024-12-28 20:09:31,5,24.5,online
STORE_004,SKU_002,2024-12-28 15:44:54,5,24.5,online
STORE_004,SKU_004,2024-12-28 18:34:03,,49.99,online
STORE_004,SKU_004,2024-12-28 15:53:31,1,49.99,online
STORE_004,SKU_004,2024-12-28 16:33:56,1,49.99,online
STORE_004,SKU_006,2024-12-28 15:01:00,3,15.0,online
STORE_005,SKU_005,2024-12-28 09:13:29,4,8.75,in-store
STORE_005,SKU_005,2024-12-28 18:58:21,4,8.75,online
STORE_005,SKU_005,2024-12-28 13:39:52,4,8.75,online
STORE_005,SKU_007,2024-12-28 17:06:39,8,32.2,online
STORE_005,SKU_007,2024-12-28 14:59:02,8,32.2,in-store
STORE_005,SKU_008,2024-12-28 10:56:52,1,9.99,in-store
STORE_001,SKU_004,2024-12-29 20:47:59,1,49.99,online
STORE_001,SKU_004,2024-12-29 12:13:06,1,49.99,in-store
STORE_001,SKU_004,2024-12-29 17:55:11,1,49.99,in-store
STORE_001,SKU_009,2024-12-29 09:04:05,4,115.0,in-store
STORE_001,SKU_009,2024-12-29 13:47:50,4,115.0,online
STORE_001,SKU_009,2024-12-29 13:16:24,4,115.0,online
STORE_001,SKU_010,2024-12-29 18:04:07,5,18.5,online
STORE_001,SKU_010,2024-12-29 18:07:51,5,18.5,in-store
STORE_002,SKU_002,2024-12-29 21:48:10,5,24.5,online
STORE_002,SKU_005,2024-12-29 12:10:32,3,8.75,online
STORE_002,SKU_005,2024-12-29 11:41:15,3,8.75,in-store
STORE_002,SKU_006,2024-12-29 13:13:36,5,15.0,online
STORE_002,SKU_006,2024-12-29 09:24:25,5,15.0,online
STORE_002,SKU_010,2024-12-29 11:56:44,4,18.5,in-store
STORE_003,SKU_001,2024-12-29 13:52:22,3,12.99,online
STORE_003,SKU_001,2024-12-29 17:04:31,3,12.99,online
STORE_003,SKU_002,2024-12-29 10:52:16,4,24.5,online
STORE_003,SKU_006,2024-12-29 15:12:14,3,15.0,online
STORE_003,SKU_008,2024-12-29 15:31:45,1,9.99,online
STORE_003,SKU_008,2024-12-29 13:29:59,1,9.99,in-store
STORE_003,SKU_008,2024-12-29 11:49:17,1,9.99,online
STORE_003,SKU_010,2024-12-29 16:02:33,5,18.5,online
STORE_004,SKU_001,2024-12-29 21:05:33,3,,in-store
STORE_004,SKU_001,2024-12-29 13:52:41,3,12.99,online
STORE_004,SKU_001,2024-12-29 13:47:30,3,12.99,online
STORE_004,SKU_002,2024-12-29 19:04:03,5,24.5,online
STORE_004,SKU_002,2024-12-29 09:45:38,5,24.5,online
STORE_004,SKU_008,2024-12-29 14:51:14,1,9.99,online
STORE_004,SKU_008,2024-12-29 08:54:56,1,9.99,in-store
STORE_004,SKU_008,2024-12-29 18:15:02,1,9.99,in-store
STORE_005,SKU_005,2024-12-29 15:12:49,2,8.75,online
STORE_005,SKU_005,2024-12-29 21:49:53,2,8.75,in-store
STORE_005,SKU_005,2024-12-29 21:37:07,2,8.75,online
STORE_005,SKU_007,2024-12-29 14:50:13,5,32.2,online
STORE_005,SKU_007,2024-12-29 17:48:04,5,32.2,in-store
STORE_005,SKU_008,2024-12-29 14:33:47,1,9.99,online
STORE_005,SKU_008,2024-12-29 09:10:06,1,9.99,in-store
STORE_005,SKU_010,2024-12-29 10:36:53,5,18.5,online
STORE_001,SKU_002,2024-12-30 13:51:08,5,24.5,online
STORE_001,SKU_007,2024-12-30 15:07:03,4,32.2,in-store
STORE_001,SKU_008,2024-12-30 10:00:59,1,9.99,online
STORE_001,SKU_010,2024-12-30 08:08:40,4,18.5,in-store
STORE_002,SKU_004,2024-12-30 08:09:17,1,49.99,online
STORE_002,SKU_007,2024-12-30 18:21:36,3,32.2,online
STORE_002,SKU_007,2024-12-30 10:54:23,3,32.2,online
STORE_002,SKU_007,2024-12-30 18:46:09,3,32.2,online
STORE_002,SKU_008,2024-12-30 09:54:02,1,9.99,in-store
STORE_002,SKU_008,2024-12-30 15:27:16,1,9.99,in-store
STORE_003,SKU_001,2024-12-30 11:49:04,2,12.99,in-store
STORE_003,SKU_001,2024-12-30 21:43:05,2,12.99,in-store
STORE_003,SKU_010,2024-12-30 18:39:12,2,18.5,online
STORE_003,SKU_010,2024-12-30 17:21:11,2,18.5,in-store
STORE_003,SKU_010,2024-12-30 21:41:07,2,18.5,online
STORE_004,SKU_002,2024-12-30 08:40:49,3,24.5,online
STORE_004,SKU_002,2024-12-30 19:19:39,3,24.5,in-store
STORE_004,SKU_004,2024-12-30 14:30:58,1,49.99,online
STORE_004,SKU_004,2024-12-30 21:05:08,1,49.99,in-store
STORE_004,SKU_008,2024-12-30 08:03:18,1,9.99,in-store
STORE_005,SKU_002,2024-12-30 19:15:02,3,24.5,online
STORE_005,SKU_002,2024-12-30 12:35:41,3,24.5,in-store
STORE_005,SKU_002,2024-12-30 08:39:26,3,24.5,online
STORE_005,SKU_008,2024-12-30 13:21:51,1,9.99,online
STORE_005,SKU_008,2024-12-30 13:28:28,1,9.99,online
STORE_001,SKU_001,2024-12-31 11:59:25,1,12.99,in-store
STORE_001,SKU_002,2024-12-31 20:15:19,5,24.5,online
STORE_001,SKU_003,2024-12-31 19:57:05,7,5.99,in-store
STORE_001,SKU_005,2024-12-31 20:29:50,2,8.75,online
STORE_001,SKU_005,2024-12-31 20:21:20,2,8.75,online
STORE_001,SKU_005,2024-12-31 10:43:33,2,8.75,online
STORE_001,SKU_007,2024-12-31 12:29:34,4,32.2,in-store
STORE_001,SKU_010,2024-12-31 16:58:17,4,18.5,online
STORE_001,SKU_010,2024-12-31 16:12:26,4,18.5,online
STORE_001,SKU_010,2024-12-31 19:04:01,4,18.5,online
STORE_002,SKU_010,2024-12-31 21:25:50,3,18.5,in-store
STORE_002,SKU_010,2024-12-31 20:15:18,3,18.5,in-store
STORE_002,SKU_010,2024-12-31 15:23:58,3,18.5,in-store
STORE_003,SKU_002,2024-12-31 12:07:42,3,24.5,online
STORE_003,SKU_002,2024-12-31 20:17:39,3,24.5,online
STORE_003,SKU_002,2024-12-31 08:34:49,3,24.5,in-store
STORE_003,SKU_005,2024-12-31 18:31:20,1,8.75,in-store
STORE_003,SKU_005,2024-12-31 20:54:49,1,8.75,in-store
STORE_004,SKU_005,2024-12-31 17:48:13,2,8.75,in-store
STORE_004,SKU_005,2024-12-31 19:57:57,2,8.75,online
STORE_004,SKU_005,2024-12-31 15:55:24,2,8.75,online
STORE_004,SKU_008,2024-12-31 20:07:34,1,9.99,online
STORE_005,SKU_001,2024-12-31 12:56:46,1,12.99,in-store
STORE_005,SKU_004,2024-12-31 20:21:15,1,49.99,online
STORE_005,SKU_004,2024-12-31 08:46:00,1,49.99,in-store
STORE_005,SKU_007,2024-12-31 14:44:15,3,32.2,online
STORE_005,SKU_007,2024-12-31 15:54:43,3,32.2,in-store
STORE_005,SKU_007,2024-12-31 21:00:08,3,32.2,in-store
STORE_005,SKU_009,2024-12-31 12:06:34,1,115.0,in-store
STORE_005,SKU_009,2024-12-31 16:58:49,1,115.0,online
STORE_005,SKU_009,2024-12-31 16:35:37,1,115.0,in-store
STORE_001,SKU_005,2025-01-01 20:17:08,2,8.75,in-store
STORE_001,SKU_005,2025-01-01 08:48:35,2,8.75,in-store
STORE_001,SKU_005,2025-01-01 13:41:56,2,8.75,in-store
STORE_002,SKU_002,2025-01-01 16:00:45,1,24.5,online
STORE_002,SKU_002,2025-01-01 18:27:44,1,24.5,online
STORE_002,SKU_010,2025-01-01 11:58:32,1,18.5,in-store
STORE_003,SKU_008,2025-01-01 11:24:08,1,9.99,online
STORE_003,SKU_008,2025-01-01 19:07:41,1,9.99,online
STORE_004,SKU_001,2025-01-01 19:14:05,1,12.99,in-store
STORE_004,SKU_002,2025-01-01 17:58:55,1,24.5,online
STORE_004,SKU_002,2025-01-01 20:10:16,1,24.5,online
STORE_005,SKU_010,2025-01-01 18:45:39,1,18.5,online
STORE_001,SKU_002,2025-01-02 14:36:40,2,24.5,in-store
STORE_001,SKU_002,2025-01-02 12:54:21,2,24.5,online
STORE_001,SKU_002,2025-01-02 21:41:16,2,24.5,online
STORE_001,SKU_005,2025-01-02 14:50:31,1,8.75,in-store
STORE_001,SKU_005,2025-01-02 08:15:24,1,8.75,online
STORE_001,SKU_005,2025-01-02 11:31:36,1,8.75,online
STORE_002,SKU_008,2025-01-02 16:34:41,1,9.99,online
STORE_003,SKU_002,2025-01-02 08:10:14,1,24.5,in-store
STORE_003,SKU_006,2025-01-02 17:10:36,2,15.0,online
STORE_003,SKU_006,2025-01-02 10:48:34,2,15.0,online
STORE_003,SKU_008,2025-01-02 17:58:30,1,9.99,online
STORE_004,SKU_008,2025-01-02 18:13:33,1,9.99,online
STORE_004,SKU_008,2025-01-02 08:29:16,1,9.99,in-store
STORE_004,SKU_010,2025-01-02 15:45:15,2,18.5,in-store
STORE_005,SKU_007,2025-01-02 09:09:49,2,32.2,in-store
STORE_005,SKU_007,2025-01-02 14:30:46,2,32.2,online
STORE_001,SKU_001,2025-01-03 11:16:07,1,12.99,in-store
STORE_001,SKU_001,2025-01-03 17:07:34,1,12.99,in-store
STORE_001,SKU_001,2025-01-03 20:53:20,1,12.99,online
STORE_001,SKU_010,2025-01-03 21:50:33,2,18.5,in-store
STORE_003,SKU_002,2025-01-03 17:41:54,2,24.5,in-store
STORE_003,SKU_002,2025-01-03 20:07:06,2,24.5,in-store
STORE_003,SKU_004,2025-01-03 16:12:41,1,49.99,in-store
STORE_001,SKU_001,2025-01-04 10:37:39,1,12.99,online
STORE_001,SKU_001,2025-01-04 09:27:05,1,12.99,online
STORE_001,SKU_001,2025-01-04 09:35:34,1,12.99,in-store
STORE_001,SKU_002,2025-01-04 13:58:38,3,24.5,in-store
STORE_001,SKU_005,2025-01-04 15:28:55,2,8.75,online
STORE_001,SKU_005,2025-01-04 15:40:41,2,8.75,in-store
STORE_001,SKU_006,2025-01-04 15:01:21,3,15.0,online
STORE_001,SKU_006,2025-01-04 18:26:18,3,15.0,in-store
STORE_001,SKU_006,2025-01-04 09:32:41,3,15.0,online
STORE_002,SKU_004,2025-01-04 18:33:35,1,49.99,online
STORE_002,SKU_004,2025-01-04 13:51:39,1,49.99,in-store
STORE_002,SKU_004,2025-01-04 15:55:46,1,49.99,in-store
STORE_002,SKU_009,2025-01-04 16:31:34,1,115.0,in-store
STORE_002,SKU_009,2025-01-04 18:26:49,1,115.0,in-store
STORE_002,SKU_009,2025-01-04 15:07:49,1,115.0,online
STORE_004,SKU_001,2025-01-04 21:59:39,1,12.99,in-store
STORE_004,SKU_001,2025-01-04 18:18:32,1,12.99,in-store
STORE_004,SKU_001,2025-01-04 13:54:46,1,12.99,in-store
STORE_004,SKU_004,2025-01-04 13:27:03,1,49.99,in-store
STORE_004,SKU_005,2025-01-04 19:39:43,1,8.75,in-store
STORE_004,SKU_005,2025-01-04 13:39:39,1,8.75,in-store
STORE_004,SKU_008,2025-01-04 12:53:11,1,9.99,in-store
STORE_004,SKU_008,2025-01-04 13:53:38,1,9.99,in-store
STORE_005,SKU_001,2025-01-04 16:21:53,1,12.99,online
STORE_005,SKU_001,2025-01-04 18:08:06,1,12.99,online
STORE_005,SKU_008,2025-01-04 20:21:44,1,9.99,online
STORE_005,SKU_008,2025-01-04 10:00:51,1,9.99,in-store
STORE_005,SKU_008,2025-01-04 17:18:38,1,9.99,online
STORE_001,SKU_005,2025-01-05 09:56:20,2,8.75,online
STORE_001,SKU_005,2025-01-05 09:19:26,2,8.75,in-store
STORE_001,SKU_005,2025-01-05 20:59:11,2,8.75,in-store
STORE_001,SKU_007,2025-01-05 15:53:23,5,32.2,in-store
STORE_002,SKU_002,2025-01-05 18:19:51,2,24.5,in-store
STORE_002,SKU_010,2025-01-05 12:51:35,3,18.5,in-store
STORE_003,SKU_004,2025-01-05 19:36:43,1,49.99,online
STORE_003,SKU_004,2025-01-05 09:28:29,1,49.99,online
STORE_003,SKU_008,2025-01-05 19:08:24,1,9.99,in-store
STORE_003,SKU_008,2025-01-05 17:19:42,1,9.99,online
STORE_003,SKU_008,2025-01-05 17:10:51,1,9.99,in-store
STORE_003,SKU_009,2025-01-05 14:31:13,1,115.0,online
STORE_003,SKU_009,2025-01-05 20:34:18,1,115.0,in-store
STORE_003,SKU_009,2025-01-05 09:05:29,1,115.0,online
STORE_004,SKU_002,2025-01-05 10:31:47,3,24.5,in-store
STORE_004,SKU_002,2025-01-05 20:26:22,3,24.5,online
STORE_004,SKU_002,2025-01-05 10:29:51,3,24.5,online
STORE_004,SKU_010,2025-01-05 09:38:27,2,18.5,online
STORE_004,SKU_010,2025-01-05 20:12:44,2,18.5,online
STORE_004,SKU_010,2025-01-05 16:51:44,2,18.5,online
STORE_005,SKU_002,2025-01-05 13:13:29,2,24.5,in-store
STORE_005,SKU_002,2025-01-05 11:50:49,2,24.5,in-store
STORE_005,SKU_005,2025-01-05 20:11:05,2,8.75,in-store
STORE_005,SKU_005,2025-01-05 10:03:05,2,8.75,online
STORE_005,SKU_005,2025-01-05 13:30:47,2,8.75,online
STORE_004,SKU_002,2025-01-06 20:19:57,2,24.5,in-store
STORE_004,SKU_002,2025-01-06 21:20:38,2,24.5,online
STORE_004,SKU_002,2025-01-06 11:49:45,2,24.5,online
STORE_005,SKU_001,2025-01-06 13:04:40,1,12.99,in-store
STORE_005,SKU_001,2025-01-06 13:23:11,1,12.99,in-store
STORE_001,SKU_004,2025-01-07 16:30:24,1,49.99,online
STORE_001,SKU_004,2025-01-07 20:07:01,1,49.99,in-store
STORE_001,SKU_008,2025-01-07 08:07:05,1,9.99,in-store
STORE_001,SKU_008,2025-01-07 19:50:16,1,9.99,online
STORE_001,SKU_008,2025-01-07 13:14:22,1,9.99,in-store
STORE_001,SKU_009,2025-01-07 16:53:37,2,115.0,in-store
STORE_001,SKU_009,2025-01-07 11:37:44,2,115.0,in-store
STORE_002,SKU_007,2025-01-07 12:51:42,1,32.2,online
STORE_002,SKU_007,2025-01-07 15:39:25,1,32.2,online
STORE_002,SKU_007,2025-01-07 12:19:06,1,32.2,online
STORE_003,SKU_004,2025-01-07 08:46:53,1,49.99,in-store
STORE_003,SKU_004,2025-01-07 13:30:46,1,49.99,in-store
STORE_003,SKU_006,2025-01-07 16:44:19,1,15.0,in-store
STORE_003,SKU_006,2025-01-07 08:22:26,1,15.0,online
STORE_003,SKU_006,2025-01-07 12:13:11,1,15.0,online
STORE_004,SKU_008,2025-01-07 17:32:00,1,9.99,in-store
STORE_004,SKU_008,2025-01-07 13:38:24,1,9.99,in-store
STORE_005,SKU_003,2025-01-07 21:42:02,2,5.99,online
STORE_005,SKU_003,2025-01-07 11:55:09,2,5.99,in-store
STORE_001,SKU_001,2025-01-08 11:28:59,1,12.99,online
STORE_001,SKU_001,2025-01-08 11:42:32,1,12.99,in-store
STORE_001,SKU_001,2025-01-08 20:08:57,1,12.99,in-store
STORE_001,SKU_006,2025-01-08 12:04:47,2,15.0,online
STORE_001,SKU_006,2025-01-08 16:11:12,2,15.0,online
STORE_001,SKU_006,2025-01-08 16:06:31,2,15.0,online
STORE_001,SKU_008,2025-01-08 17:25:14,1,9.99,online
STORE_002,SKU_007,2025-01-08 15:44:41,2,32.2,online
STORE_002,SKU_008,2025-01-08 18:24:06,1,9.99,in-store
STORE_003,SKU_001,2025-01-08 18:03:59,1,12.99,online
STORE_003,SKU_005,2025-01-08 16:43:09,1,8.75,online
STORE_004,SKU_002,2025-01-08 18:07:26,2,24.5,in-store
STORE_004,SKU_003,2025-01-08 10:47:08,2,5.99,in-store
STORE_004,SKU_003,2025-01-08 21:05:03,2,5.99,in-store
STORE_005,SKU_005,2025-01-08 20:32:19,1,8.75,in-store
STORE_005,SKU_005,2025-01-08 21:51:02,1,8.75,online
STORE_005,SKU_005,2025-01-08 10:27:28,1,8.75,online
STORE_005,SKU_008,2025-01-08 10:29:57,1,9.99,online
STORE_005,SKU_008,2025-01-08 10:00:42,1,9.99,online
STORE_001,SKU_002,2025-01-09 14:08:20,2,24.5,in-store
STORE_002,SKU_005,2025-01-09 17:38:03,1,8.75,online
STORE_002,SKU_005,2025-01-09 19:47:57,1,8.75,in-store
STORE_002,SKU_005,2025-01-09 19:16:09,1,8.75,in-store
STORE_002,SKU_010,2025-01-09 09:07:27,1,18.5,in-store
STORE_003,SKU_003,2025-01-09 12:05:50,2,5.99,online
STORE_003,SKU_007,2025-01-09 21:06:17,2,32.2,in-store
STORE_003,SKU_007,2025-01-09 16:37:31,2,32.2,in-store
STORE_003,SKU_007,2025-01-09 08:37:02,2,32.2,in-store
STORE_004,SKU_002,2025-01-09 10:28:41,2,24.5,online
STORE_001,SKU_010,2025-01-10 21:34:29,2,18.5,in-store
STORE_001,SKU_010,2025-01-10 20:38:22,2,18.5,in-store
STORE_001,SKU_010,2025-01-10 13:00:51,2,18.5,online
STORE_002,SKU_001,2025-01-10 19:05:29,1,12.99,online
STORE_002,SKU_001,2025-01-10 17:29:39,1,12.99,online
STORE_002,SKU_001,2025-01-10 08:51:01,1,12.99,online
STORE_002,SKU_002,2025-01-10 10:03:08,1,24.5,online
STORE_002,SKU_002,2025-01-10 12:10:05,1,24.5,in-store
STORE_002,SKU_002,2025-01-10 17:19:44,1,24.5,online
STORE_002,SKU_007,2025-01-10 08:08:50,2,32.2,in-store
STORE_002,SKU_007,2025-01-10 18:30:28,2,32.2,in-store
STORE_003,SKU_001,2025-01-10 10:33:45,1,12.99,in-store
STORE_003,SKU_008,2025-01-10 20:51:30,1,9.99,online
STORE_003,SKU_008,2025-01-10 09:44:11,,9.99,online
STORE_004,SKU_004,2025-01-10 11:51:44,1,49.99,in-store
STORE_004,SKU_004,2025-01-10 09:17:42,1,49.99,online
STORE_005,SKU_005,2025-01-10 20:25:14,1,8.75,in-store
STORE_005,SKU_005,2025-01-10 09:36:35,1,8.75,online
STORE_005,SKU_005,2025-01-10 19:20:56,1,8.75,online
STORE_005,SKU_010,2025-01-10 16:21:44,1,18.5,in-store
STORE_005,SKU_010,2025-01-10 20:45:25,1,18.5,online
STORE_001,SKU_001,2025-01-11 18:32:30,2,12.99,online
STORE_001,SKU_001,2025-01-11 20:17:53,2,12.99,online
STORE_001,SKU_010,2025-01-11 13:00:55,2,18.5,online
STORE_001,SKU_010,2025-01-11 09:36:12,2,18.5,online
STORE_002,SKU_008,2025-01-11 16:53:15,1,9.99,online
STORE_002,SKU_008,2025-01-11 16:17:57,1,9.99,in-store
STORE_003,SKU_007,2025-01-11 13:55:25,4,32.2,in-store
STORE_003,SKU_007,2025-01-11 20:52:21,4,32.2,in-store
STORE_003,SKU_007,2025-01-11 17:06:56,4,32.2,in-store
STORE_003,SKU_010,2025-01-11 12:16:15,3,18.5,in-store
STORE_004,SKU_005,2025-01-11 15:23:35,1,8.75,online
STORE_004,SKU_005,2025-01-11 20:35:21,1,8.75,online
STORE_004,SKU_005,2025-01-11 09:46:41,1,8.75,in-store
STORE_004,SKU_007,2025-01-11 17:46:03,4,32.2,online
STORE_004,SKU_007,2025-01-11 19:14:36,4,32.2,in-store
STORE_001,SKU_001,2025-01-12 19:52:18,2,12.99,online
STORE_001,SKU_001,2025-01-12 14:54:43,2,12.99,online
STORE_001,SKU_001,2025-01-12 13:11:27,2,12.99,online
STORE_001,SKU_002,2025-01-12 12:16:23,4,24.5,online
STORE_001,SKU_002,2025-01-12 10:57:33,4,24.5,in-store
STORE_001,SKU_002,2025-01-12 10:01:07,4,24.5,online
STORE_001,SKU_004,2025-01-12 14:55:16,1,49.99,online
STORE_001,SKU_004,2025-01-12 20:16:09,1,49.99,online
STORE_001,SKU_004,2025-01-12 17:50:18,1,49.99,in-store
STORE_001,SKU_009,2025-01-12 15:26:26,3,115.0,in-store
STORE_001,SKU_009,2025-01-12 18:59:46,3,115.0,online
STORE_001,SKU_009,2025-01-12 15:13:31,3,115.0,in-store
STORE_001,SKU_010,2025-01-12 09:34:42,3,18.5,online
STORE_001,SKU_010,2025-01-12 14:09:06,3,18.5,online
STORE_003,SKU_002,2025-01-12 19:03:56,3,24.5,online
STORE_003,SKU_002,2025-01-12 08:27:52,3,24.5,online
STORE_003,SKU_007,2025-01-12 18:33:42,5,32.2,in-store
STORE_003,SKU_007,2025-01-12 09:49:16,5,32.2,online
STORE_003,SKU_007,2025-01-12 21:58:59,5,32.2,in-store
STORE_004,SKU_003,2025-01-12 19:01:19,4,5.99,online
STORE_004,SKU_009,2025-01-12 13:47:23,1,115.0,online
STORE_004,SKU_010,2025-01-12 12:01:19,3,18.5,online
STORE_005,SKU_002,2025-01-12 09:50:14,2,24.5,in-store
STORE_005,SKU_002,2025-01-12 15:21:55,2,24.5,in-store
STORE_005,SKU_002,2025-01-12 17:02:49,2,24.5,in-store
STORE_005,SKU_005,2025-01-12 13:54:04,2,8.75,in-store
STORE_005,SKU_005,2025-01-12 12:47:37,2,8.75,in-store
STORE_005,SKU_005,2025-01-12 20:57:10,2,8.75,online
STORE_005,SKU_007,2025-01-12 20:20:48,3,32.2,online
STORE_005,SKU_007,2025-01-12 12:03:51,3,32.2,online
STORE_005,SKU_007,2025-01-12 12:35:40,3,32.2,online
STORE_005,SKU_008,2025-01-12 15:38:07,1,9.99,in-store
STORE_005,SKU_008,2025-01-12 18:19:19,1,9.99,in-store
STORE_005,SKU_008,2025-01-12 09:21:38,1,9.99,online
STORE_005,SKU_010,2025-01-12 12:47:46,2,18.5,online
STORE_001,SKU_008,2025-01-13 09:33:06,1,9.99,online
STORE_001,SKU_008,2025-01-13 13:49:22,1,9.99,in-store
STORE_002,SKU_008,2025-01-13 14:13:37,1,9.99,in-store
STORE_002,SKU_008,2025-01-13 19:37:38,1,9.99,online
STORE_002,SKU_010,2025-01-13 10:07:31,1,18.5,online
STORE_002,SKU_010,2025-01-13 12:06:08,1,18.5,online
STORE_003,SKU_003,2025-01-13 18:23:13,2,5.99,in-store
STORE_003,SKU_003,2025-01-13 10:54:42,2,5.99,online
STORE_003,SKU_007,2025-01-13 09:04:38,2,32.2,online
STORE_003,SKU_007,2025-01-13 15:23:20,2,32.2,online
STORE_001,SKU_004,2025-01-14 19:37:40,1,49.99,in-store
STORE_001,SKU_004,2025-01-14 17:49:46,1,49.99,in-store
STORE_001,SKU_004,2025-01-14 18:04:31,1,49.99,online
STORE_001,SKU_007,2025-01-14 13:07:55,3,32.2,online
STORE_002,SKU_010,2025-01-14 14:44:25,1,18.5,in-store
STORE_002,SKU_010,2025-01-14 14:21:36,1,18.5,in-store
STORE_003,SKU_002,2025-01-14 12:59:09,2,24.5,online
STORE_003,SKU_004,2025-01-14 10:07:23,1,49.99,online
STORE_003,SKU_004,2025-01-14 19:12:47,1,49.99,in-store
STORE_003,SKU_004,2025-01-14 13:16:19,1,49.99,online
STORE_004,SKU_003,2025-01-14 17:18:15,2,5.99,in-store
STORE_004,SKU_003,2025-01-14 11:29:23,2,5.99,in-store
STORE_004,SKU_003,2025-01-14 20:13:49,2,5.99,online
STORE_004,SKU_004,2025-01-14 19:35:30,1,49.99,online
STORE_004,SKU_004,2025-01-14 18:09:55,1,49.99,in-store
STORE_004,SKU_004,2025-01-14 15:07:50,1,49.99,online
STORE_004,SKU_008,2025-01-14 09:21:49,1,9.99,online
STORE_004,SKU_008,2025-01-14 13:48:27,1,9.99,online
STORE_004,SKU_008,2025-01-14 12:35:50,1,9.99,online
STORE_005,SKU_009,2025-01-14 14:20:41,1,115.0,online
STORE_005,SKU_009,2025-01-14 15:29:43,1,115.0,in-store
STORE_005,SKU_009,2025-01-14 17:10:39,1,115.0,in-store
STORE_001,SKU_001,2025-01-15 17:21:49,1,12.99,in-store
STORE_001,SKU_001,2025-01-15 15:27:17,1,12.99,online
STORE_001,SKU_008,2025-01-15 21:18:09,1,9.99,in-store
STORE_002,SKU_005,2025-01-15 17:50:15,1,8.75,in-store
STORE_002,SKU_008,2025-01-15 18:52:58,1,9.99,in-store
STORE_003,SKU_004,2025-01-15 20:14:59,1,49.99,online
STORE_003,SKU_004,2025-01-15 10:14:20,1,49.99,in-store
STORE_003,SKU_004,2025-01-15 15:34:29,1,49.99,in-store
STORE_005,SKU_004,2025-01-15 19:30:56,1,49.99,online
STORE_005,SKU_004,2025-01-15 14:23:13,1,49.99,in-store
STORE_005,SKU_004,2025-01-15 09:35:08,1,49.99,online
STORE_005,SKU_005,2025-01-15 19:06:55,1,8.75,in-store
STORE_005,SKU_005,2025-01-15 16:40:24,1,8.75,in-store
STORE_001,SKU_002,2025-01-16 10:44:46,1,24.5,online
STORE_001,SKU_008,2025-01-16 14:27:09,1,9.99,online
STORE_001,SKU_008,2025-01-16 10:01:30,1,9.99,in-store
STORE_002,SKU_006,2025-01-16 20:41:36,1,15.0,in-store
STORE_002,SKU_006,2025-01-16 20:09:50,1,15.0,in-store
STORE_002,SKU_006,2025-01-16 20:10:09,1,15.0,online
STORE_003,SKU_004,2025-01-16 15:08:58,1,49.99,online
STORE_003,SKU_004,2025-01-16 12:39:38,1,49.99,online
STORE_004,SKU_002,2025-01-16 17:34:00,2,24.5,in-store
STORE_004,SKU_002,2025-01-16 12:18:50,2,24.5,in-store
STORE_004,SKU_008,2025-01-16 21:04:42,1,9.99,online
STORE_005,SKU_002,2025-01-16 12:13:54,1,24.5,online
STORE_005,SKU_002,2025-01-16 16:36:04,1,24.5,in-store
STORE_001,SKU_010,2025-01-17 09:44:53,2,18.5,online
STORE_001,SKU_010,2025-01-17 21:45:51,2,18.5,in-store
STORE_001,SKU_010,2025-01-17 19:17:40,2,18.5,in-store
STORE_002,SKU_005,2025-01-17 15:40:18,1,8.75,in-store
STORE_002,SKU_005,2025-01-17 16:17:58,1,8.75,in-store
STORE_002,SKU_005,2025-01-17 08:10:42,1,8.75,in-store
STORE_003,SKU_009,2025-01-17 08:23:35,1,115.0,online
STORE_003,SKU_009,2025-01-17 21:45:12,1,115.0,online
STORE_004,SKU_001,2025-01-17 16:38:31,1,12.99,in-store
STORE_004,SKU_001,2025-01-17 12:00:58,1,12.99,in-store
STORE_004,SKU_001,2025-01-17 18:49:09,1,12.99,online
STORE_004,SKU_008,2025-01-17 18:21:10,1,9.99,in-store
STORE_004,SKU_008,2025-01-17 10:03:45,1,9.99,online
STORE_005,SKU_001,2025-01-17 12:51:38,1,,in-store
STORE_005,SKU_001,2025-01-17 15:51:21,1,12.99,online
STORE_005,SKU_001,2025-01-17 21:01:47,1,12.99,online
STORE_001,SKU_002,2025-01-18 09:36:30,4,24.5,in-store
STORE_001,SKU_002,2025-01-18 11:26:14,4,24.5,online
STORE_001,SKU_002,2025-01-18 16:33:22,4,24.5,in-store
STORE_001,SKU_003,2025-01-18 13:24:20,6,5.99,online
STORE_001,SKU_003,2025-01-18 17:35:48,6,5.99,in-store
STORE_001,SKU_004,2025-01-18 15:15:01,1,49.99,online
STORE_001,SKU_004,2025-01-18 11:08:10,1,49.99,in-store
STORE_001,SKU_004,2025-01-18 16:31:00,1,49.99,in-store
STORE_001,SKU_005,2025-01-18 16:27:22,1,8.75,in-store
STORE_002,SKU_010,2025-01-18 13:01:30,3,18.5,online
STORE_002,SKU_010,2025-01-18 12:19:40,3,18.5,online
STORE_003,SKU_005,2025-01-18 08:51:35,1,8.75,online
STORE_003,SKU_005,2025-01-18 20:23:37,1,8.75,in-store
STORE_003,SKU_010,2025-01-18 20:25:49,2,18.5,in-store
STORE_003,SKU_010,2025-01-18 15:15:47,2,18.5,online
STORE_004,SKU_006,2025-01-18 11:44:29,3,15.0,online
STORE_004,SKU_006,2025-01-18 19:52:01,3,15.0,in-store
STORE_005,SKU_001,2025-01-18 17:34:22,2,12.99,online
STORE_005,SKU_001,2025-01-18 16:58:06,2,12.99,in-store
STORE_005,SKU_003,2025-01-18 16:06:25,2,5.99,in-store
STORE_005,SKU_009,2025-01-18 21:15:14,2,115.0,in-store
STORE_005,SKU_009,2025-01-18 11:37:31,2,115.0,online
STORE_005,SKU_009,2025-01-18 08:28:38,2,115.0,in-store
STORE_001,SKU_002,2025-01-19 17:34:19,3,24.5,in-store
STORE_001,SKU_002,2025-01-19 10:39:08,3,24.5,online
STORE_001,SKU_005,2025-01-19 18:24:10,2,8.75,in-store
STORE_001,SKU_005,2025-01-19 14:30:56,2,8.75,online
STORE_001,SKU_005,2025-01-19 14:23:47,2,8.75,online
STORE_002,SKU_002,2025-01-19 10:35:36,2,24.5,in-store
STORE_003,SKU_001,2025-01-19 17:08:14,1,12.99,in-store
STORE_003,SKU_001,2025-01-19 20:02:19,1,12.99,in-store
STORE_003,SKU_001,2025-01-19 15:44:49,1,12.99,in-store
STORE_003,SKU_003,2025-01-19 14:15:28,3,5.99,in-store
STORE_003,SKU_005,2025-01-19 13:02:59,2,8.75,online
STORE_003,SKU_005,2025-01-19 17:20:01,2,8.75,online
STORE_004,SKU_002,2025-01-19 20:51:18,3,24.5,in-store
STORE_004,SKU_002,2025-01-19 10:59:50,3,24.5,online
STORE_004,SKU_002,2025-01-19 20:01:35,3,24.5,online
STORE_004,SKU_006,2025-01-19 12:24:31,3,15.0,in-store
STORE_004,SKU_006,2025-01-19 17:56:35,3,15.0,in-store
STORE_004,SKU_006,2025-01-19 21:57:45,3,15.0,in-store
STORE_004,SKU_008,2025-01-19 10:14:40,1,9.99,in-store
STORE_004,SKU_008,2025-01-19 17:55:51,1,9.99,online
STORE_005,SKU_008,2025-01-19 08:01:44,1,9.99,online
STORE_005,SKU_008,2025-01-19 08:56:57,1,9.99,online
STORE_005,SKU_010,2025-01-19 14:31:14,2,18.5,online
STORE_005,SKU_010,2025-01-19 21:43:43,2,18.5,online
STORE_001,SKU_003,2025-01-20 14:10:54,4,5.99,in-store
STORE_001,SKU_003,2025-01-20 14:21:53,4,5.99,online
STORE_001,SKU_003,2025-01-20 21:30:24,4,5.99,in-store
STORE_002,SKU_005,2025-01-20 09:53:59,1,8.75,in-store
STORE_002,SKU_005,2025-01-20 10:57:07,1,8.75,in-store
STORE_004,SKU_005,2025-01-20 20:50:36,1,8.75,online
STORE_004,SKU_005,2025-01-20 19:12:21,1,,in-store
STORE_004,SKU_005,2025-01-20 18:57:54,1,8.75,in-store
STORE_005,SKU_002,2025-01-20 15:40:06,2,24.5,in-store
STORE_005,SKU_002,2025-01-20 20:13:40,2,24.5,online
STORE_001,SKU_001,2025-01-21 17:28:34,2,12.99,in-store
STORE_001,SKU_001,2025-01-21 20:36:48,2,12.99,in-store
STORE_001,SKU_001,2025-01-21 15:48:11,2,12.99,online
STORE_001,SKU_008,2025-01-21 20:55:09,1,9.99,online
STORE_001,SKU_008,2025-01-21 18:51:17,1,9.99,in-store
STORE_002,SKU_001,2025-01-21 20:14:55,1,12.99,in-store
STORE_002,SKU_001,2025-01-21 21:13:43,1,12.99,in-store
STORE_002,SKU_001,2025-01-21 15:55:46,1,12.99,online
STORE_003,SKU_008,2025-01-21 20:03:16,1,9.99,in-store
STORE_003,SKU_008,2025-01-21 09:40:58,1,9.99,in-store
STORE_004,SKU_006,2025-01-21 11:21:15,1,15.0,online
STORE_004,SKU_006,2025-01-21 09:52:03,1,15.0,online
STORE_004,SKU_006,2025-01-21 18:35:39,1,15.0,in-store
STORE_004,SKU_010,2025-01-21 14:59:50,2,18.5,online
STORE_004,SKU_010,2025-01-21 16:30:11,2,18.5,online
STORE_004,SKU_010,2025-01-21 09:17:57,2,18.5,in-store
STORE_005,SKU_002,2025-01-21 11:50:26,1,24.5,in-store
STORE_005,SKU_005,2025-01-21 12:57:37,1,8.75,online
STORE_002,SKU_005,2025-01-22 12:28:50,1,8.75,in-store
STORE_002,SKU_006,2025-01-22 11:49:10,2,15.0,online
STORE_002,SKU_008,2025-01-22 10:56:19,1,9.99,online
STORE_002,SKU_010,2025-01-22 16:16:04,2,18.5,online
STORE_003,SKU_004,2025-01-22 17:50:03,1,49.99,online
STORE_003,SKU_004,2025-01-22 18:13:22,1,49.99,in-store
STORE_003,SKU_004,2025-01-22 08:51:57,1,49.99,online
STORE_004,SKU_010,2025-01-22 18:19:51,1,18.5,online
STORE_004,SKU_010,2025-01-22 11:17:24,1,18.5,online
STORE_005,SKU_001,2025-01-22 16:50:10,1,12.99,in-store
STORE_005,SKU_001,2025-01-22 19:08:07,1,12.99,online
STORE_005,SKU_001,2025-01-22 15:05:10,1,12.99,online
STORE_005,SKU_002,2025-01-22 18:03:03,1,24.5,in-store
STORE_005,SKU_002,2025-01-22 13:37:19,1,24.5,online
STORE_005,SKU_002,2025-01-22 12:46:46,1,24.5,online
STORE_005,SKU_007,2025-01-22 16:29:30,2,32.2,in-store
STORE_005,SKU_007,2025-01-22 16:42:03,2,32.2,in-store
STORE_005,SKU_008,2025-01-22 09:31:50,1,9.99,in-store
STORE_005,SKU_008,2025-01-22 15:58:12,1,9.99,in-store
STORE_001,SKU_002,2025-01-23 15:01:37,2,24.5,in-store
STORE_001,SKU_002,2025-01-23 18:40:38,2,24.5,online
STORE_001,SKU_005,2025-01-23 17:26:45,1,8.75,in-store
STORE_001,SKU_005,2025-01-23 21:57:25,1,8.75,in-store
STORE_002,SKU_007,2025-01-23 08:05:40,2,32.2,online
STORE_002,SKU_007,2025-01-23 19:07:37,2,32.2,in-store
STORE_003,SKU_010,2025-01-23 14:06:00,2,18.5,online
STORE_003,SKU_010,2025-01-23 11:16:39,2,18.5,online
STORE_003,SKU_010,2025-01-23 17:06:14,2,18.5,online
STORE_005,SKU_002,2025-01-23 15:15:09,1,24.5,in-store
STORE_001,SKU_001,2025-01-24 19:12:04,2,12.99,in-store
STORE_001,SKU_002,2025-01-24 16:07:26,2,24.5,online
STORE_001,SKU_007,2025-01-24 12:32:25,3,32.2,in-store
STORE_002,SKU_004,2025-01-24 18:12:06,1,49.99,online
STORE_002,SKU_004,2025-01-24 12:53:10,1,49.99,in-store
STORE_002,SKU_007,2025-01-24 16:01:56,2,32.2,in-store
STORE_002,SKU_008,2025-01-24 13:18:08,1,9.99,online
STORE_002,SKU_008,2025-01-24 18:27:53,1,9.99,online
STORE_002,SKU_008,2025-01-24 20:58:18,1,9.99,online
STORE_003,SKU_005,2025-01-24 19:20:02,1,8.75,in-store
STORE_004,SKU_005,2025-01-24 09:34:35,1,8.75,in-store
STORE_005,SKU_002,2025-01-24 20:43:07,1,24.5,in-store
STORE_005,SKU_002,2025-01-24 14:09:00,1,24.5,online
STORE_001,SKU_001,2025-01-25 19:51:33,3,12.99,in-store
STORE_001,SKU_001,2025-01-25 08:00:00,3,12.99,in-store
STORE_001,SKU_001,2025-01-25 13:02:48,3,12.99,online
STORE_002,SKU_002,2025-01-25 15:37:20,2,24.5,online
STORE_002,SKU_002,2025-01-25 15:17:14,2,24.5,in-store
STORE_002,SKU_003,2025-01-25 14:00:33,2,5.99,online
STORE_002,SKU_003,2025-01-25 09:16:46,,5.99,in-store
STORE_002,SKU_003,2025-01-25 14:53:02,2,5.99,in-store
STORE_002,SKU_010,2025-01-25 11:59:17,2,18.5,in-store
STORE_002,SKU_010,2025-01-25 08:57:39,2,18.5,online
STORE_003,SKU_006,2025-01-25 20:16:38,2,15.0,in-store
STORE_003,SKU_006,2025-01-25 21:33:07,2,15.0,in-store
STORE_003,SKU_010,2025-01-25 11:08:37,3,18.5,online
STORE_003,SKU_010,2025-01-25 12:28:53,3,18.5,online
STORE_004,SKU_005,2025-01-25 18:48:52,1,8.75,in-store
STORE_005,SKU_001,2025-01-25 17:04:30,1,12.99,online
STORE_005,SKU_002,2025-01-25 11:33:41,3,24.5,online
STORE_005,SKU_002,2025-01-25 19:20:47,3,24.5,online
STORE_005,SKU_002,2025-01-25 19:16:21,3,24.5,online
STORE_005,SKU_005,2025-01-25 10:34:55,2,8.75,in-store
STORE_005,SKU_005,2025-01-25 17:54:42,2,8.75,in-store
STORE_005,SKU_006,2025-01-25 15:26:33,3,15.0,online
STORE_005,SKU_006,2025-01-25 21:25:49,3,15.0,online
STORE_005,SKU_006,2025-01-25 17:07:01,3,15.0,in-store
STORE_005,SKU_010,2025-01-25 09:44:44,3,18.5,online
STORE_005,SKU_010,2025-01-25 13:28:18,3,18.5,in-store
STORE_005,SKU_010,2025-01-25 08:04:50,3,18.5,online
STORE_001,SKU_001,2025-01-26 13:19:03,3,12.99,online
STORE_001,SKU_001,2025-01-26 21:04:53,3,12.99,online
STORE_001,SKU_001,2025-01-26 13:07:28,3,12.99,online
STORE_001,SKU_004,2025-01-26 11:24:53,1,49.99,online
STORE_001,SKU_004,2025-01-26 13:44:33,1,49.99,online
STORE_001,SKU_004,2025-01-26 18:35:13,1,49.99,online
STORE_001,SKU_007,2025-01-26 20:05:01,4,32.2,in-store
STORE_002,SKU_002,2025-01-26 15:16:39,3,,online
STORE_002,SKU_008,2025-01-26 19:59:47,1,9.99,in-store
STORE_002,SKU_010,2025-01-26 16:30:54,3,18.5,in-store
STORE_003,SKU_001,2025-01-26 20:07:48,2,12.99,online
STORE_003,SKU_001,2025-01-26 14:45:34,2,12.99,online
STORE_003,SKU_001,2025-01-26 09:28:54,2,12.99,online
STORE_003,SKU_005,2025-01-26 11:59:56,1,8.75,online
STORE_003,SKU_005,2025-01-26 20:33:57,1,8.75,online
STORE_003,SKU_008,2025-01-26 09:06:31,1,9.99,online
STORE_003,SKU_008,2025-01-26 13:53:16,1,9.99,online
STORE_003,SKU_008,2025-01-26 17:40:52,1,9.99,online
STORE_003,SKU_009,2025-01-26 13:22:41,2,115.0,in-store
STORE_003,SKU_009,2025-01-26 21:03:42,2,115.0,in-store
STORE_004,SKU_002,2025-01-26 13:20:06,3,24.5,in-store
STORE_004,SKU_002,2025-01-26 21:20:59,3,24.5,in-store
STORE_004,SKU_002,2025-01-26 11:59:42,3,24.5,online
STORE_004,SKU_008,2025-01-26 10:58:08,1,9.99,in-store
STORE_005,SKU_002,2025-01-26 13:33:04,3,24.5,in-store
STORE_005,SKU_002,2025-01-26 20:59:33,3,24.5,in-store
STORE_005,SKU_007,2025-01-26 14:39:36,3,32.2,in-store
STORE_005,SKU_007,2025-01-26 21:02:52,3,32.2,in-store
STORE_001,SKU_002,2025-01-27 12:19:46,2,24.5,in-store
STORE_001,SKU_005,2025-01-27 13:25:36,1,8.75,online
STORE_001,SKU_005,2025-01-27 20:00:57,1,8.75,online
STORE_001,SKU_010,2025-01-27 14:43:57,2,18.5,online
STORE_001,SKU_010,2025-01-27 21:37:13,2,18.5,online
STORE_001,SKU_010,2025-01-27 20:33:04,2,18.5,in-store
STORE_003,SKU_002,2025-01-27 17:56:00,2,24.5,in-store
STORE_003,SKU_002,2025-01-27 12:16:42,2,24.5,online
STORE_003,SKU_002,2025-01-27 09:58:28,2,24.5,online
STORE_003,SKU_008,2025-01-27 16:50:18,1,9.99,online
STORE_003,SKU_008,2025-01-27 19:48:21,1,9.99,online
STORE_004,SKU_002,2025-01-27 19:53:13,2,24.5,online
STORE_004,SKU_002,2025-01-27 21:23:12,2,24.5,online
STORE_004,SKU_002,2025-01-27 14:00:46,2,24.5,online
STORE_004,SKU_010,2025-01-27 13:39:51,1,18.5,in-store
STORE_005,SKU_010,2025-01-27 18:06:36,2,18.5,online
STORE_005,SKU_010,2025-01-27 20:31:24,2,18.5,in-store
STORE_005,SKU_010,2025-01-27 12:56:49,2,18.5,in-store
STORE_001,SKU_005,2025-01-28 16:12:12,2,8.75,in-store
STORE_001,SKU_006,2025-01-28 18:54:11,3,15.0,in-store
STORE_003,SKU_010,2025-01-28 18:23:13,1,18.5,in-store
STORE_004,SKU_001,2025-01-28 12:32:51,1,12.99,online
STORE_004,SKU_008,2025-01-28 15:07:37,1,9.99,in-store
STORE_005,SKU_002,2025-01-28 12:54:13,2,24.5,in-store
STORE_005,SKU_002,2025-01-28 14:18:05,2,24.5,in-store
STORE_005,SKU_002,2025-01-28 18:09:15,2,24.5,online
STORE_005,SKU_008,2025-01-28 16:02:32,1,9.99,online
STORE_001,SKU_003,2025-01-29 12:18:44,3,5.99,in-store
STORE_001,SKU_003,2025-01-29 08:49:37,3,5.99,online
STORE_001,SKU_005,2025-01-29 21:23:56,1,8.75,in-store
STORE_001,SKU_005,2025-01-29 13:21:03,1,8.75,in-store
STORE_002,SKU_002,2025-01-29 10:34:08,2,24.5,in-store
STORE_002,SKU_002,2025-01-29 10:12:20,2,24.5,in-store
STORE_002,SKU_002,2025-01-29 11:50:14,2,24.5,in-store
STORE_003,SKU_004,2025-01-29 08:09:38,1,49.99,in-store
STORE_003,SKU_010,2025-01-29 18:26:23,2,18.5,online
STORE_003,SKU_010,2025-01-29 09:46:27,2,18.5,in-store
STORE_004,SKU_001,2025-01-29 21:49:44,1,12.99,online
STORE_004,SKU_001,2025-01-29 20:06:16,1,12.99,online
STORE_004,SKU_001,2025-01-29 15:13:29,1,12.99,in-store
STORE_005,SKU_010,2025-01-29 18:17:43,1,18.5,online
STORE_005,SKU_010,2025-01-29 10:08:29,1,18.5,online
STORE_001,SKU_005,2025-01-30 21:44:57,2,8.75,in-store
STORE_001,SKU_005,2025-01-30 18:18:29,2,8.75,in-store
STORE_003,SKU_007,2025-01-30 11:37:39,3,32.2,online
STORE_003,SKU_008,2025-01-30 15:30:03,1,9.99,in-store
STORE_003,SKU_008,2025-01-30 19:51:42,1,9.99,in-store
STORE_004,SKU_009,2025-01-30 13:22:59,1,115.0,online
STORE_005,SKU_001,2025-01-30 16:59:58,1,12.99,online
STORE_005,SKU_001,2025-01-30 15:40:59,1,,in-store
STORE_005,SKU_001,2025-01-30 19:04:05,1,12.99,online
STORE_005,SKU_004,2025-01-30 17:51:57,1,49.99,in-store
STORE_001,SKU_008,2025-01-31 08:53:56,1,9.99,in-store
STORE_001,SKU_008,2025-01-31 08:17:29,1,9.99,in-store
STORE_002,SKU_002,2025-01-31 19:55:11,1,24.5,online
STORE_002,SKU_002,2025-01-31 13:51:34,1,24.5,in-store
STORE_002,SKU_002,2025-01-31 15:10:24,1,24.5,in-store
STORE_002,SKU_003,2025-01-31 12:42:02,2,5.99,online
STORE_002,SKU_003,2025-01-31 13:35:02,2,5.99,online
STORE_002,SKU_003,2025-01-31 13:14:13,2,5.99,in-store
STORE_002,SKU_007,2025-01-31 13:59:32,2,32.2,in-store
STORE_002,SKU_007,2025-01-31 13:00:27,2,32.2,in-store
STORE_002,SKU_007,2025-01-31 20:43:11,2,32.2,online
STORE_002,SKU_009,2025-01-31 20:37:38,1,115.0,online
STORE_003,SKU_001,2025-01-31 18:15:20,1,12.99,online
STORE_003,SKU_001,2025-01-31 16:04:24,1,12.99,online
STORE_004,SKU_002,2025-01-31 17:58:05,2,24.5,in-store
STORE_004,SKU_003,2025-01-31 09:07:50,2,5.99,online
STORE_005,SKU_002,2025-01-31 19:16:53,1,24.5,online
STORE_005,SKU_007,2025-01-31 17:34:54,3,32.2,in-store
STORE_005,SKU_007,2025-01-31 12:59:23,3,32.2,in-store
STORE_005,SKU_007,2025-01-31 14:51:44,3,32.2,online
STORE_001,SKU_007,2025-02-01 18:14:57,6,32.2,in-store
STORE_001,SKU_010,2025-02-01 10:15:21,5,18.5,online
STORE_001,SKU_010,2025-02-01 09:34:46,5,18.5,in-store
STORE_001,SKU_010,2025-02-01 20:54:33,5,18.5,online
STORE_002,SKU_002,2025-02-01 08:54:43,2,24.5,online
STORE_002,SKU_008,2025-02-01 09:40:53,1,9.99,online
STORE_002,SKU_008,2025-02-01 16:28:12,1,9.99,online
STORE_003,SKU_006,2025-02-01 18:26:20,2,15.0,in-store
STORE_003,SKU_006,2025-02-01 08:08:16,2,15.0,online
STORE_003,SKU_006,2025-02-01 18:10:50,2,15.0,in-store
STORE_003,SKU_008,2025-02-01 18:11:26,1,9.99,online
STORE_003,SKU_009,2025-02-01 14:23:17,3,115.0,online
STORE_003,SKU_009,2025-02-01 21:32:35,3,115.0,online
STORE_004,SKU_002,2025-02-01 08:57:52,3,24.5,online
STORE_004,SKU_002,2025-02-01 08:31:10,3,24.5,in-store
STORE_004,SKU_004,2025-02-01 11:20:10,1,49.99,online
STORE_004,SKU_005,2025-02-01 20:05:34,2,8.75,in-store
STORE_004,SKU_005,2025-02-01 10:19:42,2,8.75,online
STORE_005,SKU_004,2025-02-01 09:54:20,1,49.99,in-store
STORE_005,SKU_004,2025-02-01 20:42:39,1,49.99,online
STORE_005,SKU_005,2025-02-01 17:38:10,3,8.75,online
STORE_005,SKU_005,2025-02-01 11:45:15,3,8.75,online
STORE_005,SKU_007,2025-02-01 17:45:05,5,32.2,online
STORE_005,SKU_010,2025-02-01 15:18:21,3,18.5,in-store
STORE_005,SKU_010,2025-02-01 19:19:48,3,18.5,in-store
STORE_001,SKU_001,2025-02-02 17:29:12,4,12.99,online
STORE_001,SKU_001,2025-02-02 15:50:05,4,12.99,in-store
STORE_001,SKU_004,2025-02-02 13:03:23,1,49.99,in-store
STORE_001,SKU_004,2025-02-02 18:03:32,1,49.99,online
STORE_001,SKU_004,2025-02-02 09:26:22,1,49.99,online
STORE_001,SKU_005,2025-02-02 08:09:50,2,8.75,in-store
STORE_001,SKU_005,2025-02-02 13:51:56,2,8.75,online
STORE_001,SKU_007,2025-02-02 10:37:21,5,32.2,online
STORE_001,SKU_007,2025-02-02 17:51:38,5,32.2,in-store
STORE_001,SKU_008,2025-02-02 17:10:13,1,9.99,in-store
STORE_001,SKU_008,2025-02-02 21:12:45,1,9.99,online
STORE_001,SKU_008,2025-02-02 12:12:05,1,9.99,online
STORE_002,SKU_004,2025-02-02 12:06:51,1,49.99,in-store
STORE_002,SKU_004,2025-02-02 16:10:15,1,49.99,in-store
STORE_002,SKU_010,2025-02-02 13:31:59,4,18.5,in-store
STORE_003,SKU_005,2025-02-02 08:07:42,2,8.75,online
STORE_003,SKU_005,2025-02-02 19:44:11,2,8.75,online
STORE_003,SKU_006,2025-02-02 13:03:57,2,15.0,in-store
STORE_003,SKU_010,2025-02-02 09:28:24,4,18.5,online
STORE_004,SKU_001,2025-02-02 16:50:01,1,12.99,in-store
STORE_004,SKU_002,2025-02-02 11:59:05,3,24.5,in-store
STORE_004,SKU_002,2025-02-02 14:15:35,3,24.5,online
STORE_004,SKU_010,2025-02-02 13:35:43,2,18.5,online
STORE_004,SKU_010,2025-02-02 14:37:35,2,18.5,online
STORE_004,SKU_010,2025-02-02 21:32:23,2,18.5,online
STORE_005,SKU_004,2025-02-02 08:07:01,1,49.99,online
STORE_005,SKU_005,2025-02-02 12:41:33,2,8.75,in-store
STORE_005,SKU_005,2025-02-02 20:51:35,2,8.75,in-store
STORE_005,SKU_005,2025-02-02 19:17:12,2,8.75,in-store
STORE_005,SKU_006,2025-02-02 15:06:54,4,15.0,in-store
STORE_001,SKU_002,2025-02-03 08:20:02,3,24.5,online
STORE_001,SKU_007,2025-02-03 21:55:43,4,32.2,online
STORE_002,SKU_005,2025-02-03 09:35:05,1,8.75,online
STORE_002,SKU_005,2025-02-03 09:04:50,1,8.75,online
STORE_002,SKU_007,2025-02-03 16:30:40,2,32.2,online
STORE_002,SKU_007,2025-02-03 21:13:20,2,32.2,online
STORE_003,SKU_002,2025-02-03 19:52:39,2,24.5,in-store
STORE_004,SKU_005,2025-02-03 10:37:30,1,8.75,online
STORE_004,SKU_005,2025-02-03 18:04:09,1,8.75,online
STORE_005,SKU_008,2025-02-03 20:03:08,1,9.99,in-store
STORE_005,SKU_008,2025-02-03 21:01:50,1,9.99,online
STORE_005,SKU_008,2025-02-03 18:54:42,1,9.99,online
STORE_005,SKU_009,2025-02-03 11:31:57,1,115.0,online
STORE_005,SKU_009,2025-02-03 20:21:01,1,115.0,online
STORE_005,SKU_009,2025-02-03 19:50:55,1,115.0,online
STORE_002,SKU_002,2025-02-04 11:59:51,1,24.5,online
STORE_002,SKU_002,2025-02-04 08:24:23,1,24.5,in-store
STORE_002,SKU_002,2025-02-04 13:10:14,1,24.5,online
STORE_002,SKU_003,2025-02-04 17:36:40,3,5.99,in-store
STORE_002,SKU_003,2025-02-04 17:16:57,3,5.99,in-store
STORE_002,SKU_003,2025-02-04 09:24:13,3,5.99,in-store
STORE_003,SKU_004,2025-02-04 15:19:26,1,49.99,online
STORE_003,SKU_004,2025-02-04 17:17:04,1,49.99,in-store
STORE_003,SKU_005,2025-02-04 20:50:29,1,8.75,in-store
STORE_003,SKU_007,2025-02-04 12:44:06,3,32.2,in-store
STORE_003,SKU_007,2025-02-04 14:25:08,3,32.2,online
STORE_003,SKU_010,2025-02-04 19:30:27,,18.5,online
STORE_004,SKU_005,2025-02-04 08:57:31,1,8.75,in-store
STORE_005,SKU_004,2025-02-04 08:24:14,1,49.99,in-store
STORE_005,SKU_004,2025-02-04 16:08:07,1,49.99,in-store
STORE_005,SKU_004,2025-02-04 17:11:11,1,49.99,online
STORE_001,SKU_003,2025-02-05 21:41:20,3,5.99,online
STORE_001,SKU_008,2025-02-05 21:36:39,1,9.99,in-store
STORE_001,SKU_010,2025-02-05 10:18:55,3,18.5,in-store
STORE_002,SKU_001,2025-02-05 08:10:42,1,12.99,online
STORE_002,SKU_001,2025-02-05 18:29:05,1,12.99,in-store
STORE_002,SKU_004,2025-02-05 19:21:48,1,49.99,in-store
STORE_002,SKU_008,2025-02-05 10:53:09,1,9.99,in-store
STORE_002,SKU_008,2025-02-05 09:19:41,1,9.99,in-store
STORE_002,SKU_010,2025-02-05 09:58:53,2,18.5,online
STORE_002,SKU_010,2025-02-05 09:11:28,2,18.5,in-store
STORE_003,SKU_002,2025-02-05 21:52:41,2,24.5,in-store
STORE_003,SKU_002,2025-02-05 08:44:18,2,24.5,in-store
STORE_003,SKU_004,2025-02-05 15:46:36,1,49.99,in-store
STORE_004,SKU_010,2025-02-05 10:58:35,2,18.5,in-store
STORE_001,SKU_005,2025-02-06 10:52:52,2,8.75,in-store
STORE_001,SKU_005,2025-02-06 19:23:59,2,8.75,in-store
STORE_001,SKU_005,2025-02-06 18:44:51,2,8.75,in-store
STORE_002,SKU_002,2025-02-06 08:19:41,1,24.5,in-store
STORE_003,SKU_005,2025-02-06 13:02:42,1,8.75,in-store
STORE_004,SKU_001,2025-02-06 21:25:47,1,12.99,in-store
STORE_004,SKU_001,2025-02-06 18:17:13,1,12.99,online
STORE_004,SKU_001,2025-02-06 18:45:13,1,12.99,online
STORE_004,SKU_010,2025-02-06 10:28:27,2,18.5,online
STORE_004,SKU_010,2025-02-06 18:58:12,2,18.5,in-store
STORE_004,SKU_010,2025-02-06 14:13:28,2,18.5,in-store
STORE_001,SKU_005,2025-02-07 08:51:00,1,8.75,online
STORE_001,SKU_005,2025-02-07 21:42:25,1,8.75,online
STORE_001,SKU_006,2025-02-07 19:21:24,2,15.0,online
STORE_002,SKU_008,2025-02-07 10:35:14,1,9.99,in-store
STORE_002,SKU_008,2025-02-07 11:43:09,1,9.99,online
STORE_004,SKU_002,2025-02-07 13:13:55,2,24.5,online
STORE_004,SKU_008,2025-02-07 18:41:23,1,9.99,online
STORE_004,SKU_008,2025-02-07 13:31:11,1,9.99,online
STORE_004,SKU_009,2025-02-07 10:57:45,1,115.0,in-store
STORE_004,SKU_009,2025-02-07 21:34:32,1,115.0,in-store
STORE_004,SKU_009,2025-02-07 14:59:03,1,115.0,in-store
STORE_005,SKU_002,2025-02-07 21:28:20,2,24.5,online
STORE_005,SKU_002,2025-02-07 16:35:03,2,24.5,in-store
STORE_001,SKU_002,2025-02-08 18:24:15,6,24.5,in-store
STORE_001,SKU_004,2025-02-08 10:40:48,1,49.99,online
STORE_001,SKU_005,2025-02-08 11:58:43,2,8.75,in-store
STORE_001,SKU_005,2025-02-08 21:45:00,2,8.75,in-store
STORE_001,SKU_005,2025-02-08 16:17:35,2,8.75,online
STORE_002,SKU_001,2025-02-08 15:12:15,2,12.99,in-store
STORE_002,SKU_004,2025-02-08 17:06:12,1,49.99,in-store
STORE_002,SKU_004,2025-02-08 12:30:48,1,49.99,online
STORE_002,SKU_004,2025-02-08 10:39:13,1,49.99,in-store
STORE_002,SKU_005,2025-02-08 20:06:21,2,8.75,in-store
STORE_002,SKU_005,2025-02-08 09:03:32,2,8.75,online
STORE_002,SKU_005,2025-02-08 16:53:29,2,8.75,in-store
STORE_002,SKU_010,2025-02-08 20:19:39,2,18.5,online
STORE_002,SKU_010,2025-02-08 18:15:31,2,18.5,in-store
STORE_003,SKU_003,2025-02-08 08:33:51,4,5.99,online
STORE_003,SKU_003,2025-02-08 20:01:11,4,5.99,in-store
STORE_003,SKU_003,2025-02-08 13:33:52,4,5.99,in-store
STORE_003,SKU_004,2025-02-08 16:08:54,1,49.99,online
STORE_003,SKU_010,2025-02-08 08:49:20,3,18.5,in-store
STORE_003,SKU_010,2025-02-08 16:43:23,3,18.5,online
STORE_004,SKU_002,2025-02-08 09:57:40,3,24.5,in-store
STORE_004,SKU_002,2025-02-08 20:52:59,3,24.5,online
STORE_004,SKU_002,2025-02-08 09:51:41,3,24.5,in-store
STORE_004,SKU_005,2025-02-08 08:24:27,2,8.75,online
STORE_005,SKU_002,2025-02-08 16:51:12,3,24.5,in-store
STORE_005,SKU_002,2025-02-08 08:21:43,3,24.5,online
STORE_005,SKU_002,2025-02-08 17:42:33,3,24.5,in-store
STORE_005,SKU_005,2025-02-08 18:14:19,2,8.75,in-store
STORE_005,SKU_005,2025-02-08 16:25:34,2,8.75,online
STORE_005,SKU_005,2025-02-08 09:22:49,2,8.75,in-store
STORE_001,SKU_008,2025-02-09 21:07:23,1,9.99,online
STORE_001,SKU_008,2025-02-09 15:29:19,1,9.99,in-store
STORE_001,SKU_008,2025-02-09 13:57:17,1,9.99,online
STORE_001,SKU_009,2025-02-09 16:56:00,3,115.0,online
STORE_002,SKU_004,2025-02-09 17:13:10,1,49.99,in-store
STORE_002,SKU_008,2025-02-09 21:25:25,1,9.99,online
STORE_002,SKU_008,2025-02-09 12:43:55,1,9.99,in-store
STORE_003,SKU_004,2025-02-09 11:55:42,1,49.99,in-store
STORE_003,SKU_004,2025-02-09 21:34:51,1,49.99,in-store
STORE_004,SKU_007,2025-02-09 09:44:59,4,32.2,in-store
STORE_004,SKU_007,2025-02-09 10:13:53,4,32.2,online
STORE_004,SKU_010,2025-02-09 13:08:45,3,18.5,in-store
STORE_004,SKU_010,2025-02-09 21:48:10,3,18.5,online
STORE_001,SKU_007,2025-02-10 08:03:15,4,32.2,online
STORE_001,SKU_007,2025-02-10 16:22:56,4,32.2,in-store
STORE_001,SKU_010,2025-02-10 10:29:58,2,18.5,online
STORE_001,SKU_010,2025-02-10 12:28:53,2,18.5,online
STORE_003,SKU_002,2025-02-10 11:29:30,1,24.5,in-store
STORE_003,SKU_002,2025-02-10 20:50:34,1,24.5,in-store
STORE_003,SKU_002,2025-02-10 17:23:43,1,24.5,in-store
STORE_003,SKU_009,2025-02-10 14:26:31,1,115.0,online
STORE_004,SKU_002,2025-02-10 16:26:19,2,24.5,online
STORE_004,SKU_002,2025-02-10 17:49:03,,24.5,online
STORE_004,SKU_008,2025-02-10 16:38:38,1,9.99,online
STORE_004,SKU_008,2025-02-10 19:56:09,1,9.99,in-store
STORE_005,SKU_005,2025-02-10 14:19:31,1,8.75,in-store
STORE_005,SKU_008,2025-02-10 19:53:34,1,9.99,in-store
STORE_005,SKU_008,2025-02-10 17:35:43,1,9.99,in-store
STORE_005,SKU_010,2025-02-10 20:28:07,3,18.5,in-store
STORE_001,SKU_001,2025-02-11 20:36:40,2,12.99,in-store
STORE_001,SKU_001,2025-02-11 09:24:09,2,12.99,online
STORE_001,SKU_001,2025-02-11 09:25:20,2,12.99,in-store
STORE_001,SKU_004,2025-02-11 10:58:42,1,49.99,in-store
STORE_001,SKU_004,2025-02-11 17:31:01,1,49.99,in-store
STORE_001,SKU_004,2025-02-11 14:30:20,1,49.99,online
STORE_001,SKU_005,2025-02-11 12:28:18,1,8.75,online
STORE_001,SKU_008,2025-02-11 19:26:49,1,9.99,online
STORE_001,SKU_008,2025-02-11 09:19:09,1,9.99,online
STORE_002,SKU_009,2025-02-11 10:08:04,1,115.0,in-store
STORE_002,SKU_009,2025-02-11 16:35:32,1,115.0,online
STORE_003,SKU_001,2025-02-11 09:00:44,1,12.99,in-store
STORE_003,SKU_001,2025-02-11 19:29:21,1,12.99,online
STORE_003,SKU_001,2025-02-11 14:27:47,1,12.99,online
STORE_004,SKU_001,2025-02-11 21:10:19,1,12.99,online
STORE_004,SKU_001,2025-02-11 19:09:06,1,12.99,online
STORE_004,SKU_002,2025-02-11 17:44:26,2,24.5,online
STORE_004,SKU_002,2025-02-11 17:05:49,2,24.5,online
STORE_004,SKU_002,2025-02-11 09:34:41,2,24.5,in-store
STORE_005,SKU_004,2025-02-11 16:23:30,1,49.99,online
STORE_005,SKU_004,2025-02-11 19:18:25,1,49.99,in-store
STORE_005,SKU_004,2025-02-11 16:11:26,1,49.99,in-store
STORE_005,SKU_005,2025-02-11 15:22:51,1,8.75,in-store
STORE_005,SKU_005,2025-02-11 08:26:15,1,8.75,in-store
STORE_005,SKU_006,2025-02-11 21:45:57,2,15.0,online
STORE_002,SKU_006,2025-02-12 15:10:20,2,15.0,online
STORE_002,SKU_006,2025-02-12 21:24:30,2,15.0,in-store
STORE_002,SKU_006,2025-02-12 10:00:52,2,15.0,in-store
STORE_003,SKU_001,2025-02-12 17:20:29,2,12.99,online
STORE_003,SKU_002,2025-02-12 12:40:03,2,24.5,in-store
STORE_003,SKU_002,2025-02-12 11:37:48,2,24.5,in-store
STORE_004,SKU_004,2025-02-12 12:39:29,1,49.99,online
STORE_004,SKU_004,2025-02-12 12:34:09,1,49.99,online
STORE_005,SKU_005,2025-02-12 11:51:18,1,8.75,in-store
STORE_001,SKU_001,2025-02-13 12:21:17,2,12.99,online
STORE_001,SKU_001,2025-02-13 08:40:26,2,12.99,in-store
STORE_001,SKU_001,2025-02-13 10:47:04,2,12.99,in-store
STORE_001,SKU_005,2025-02-13 12:21:40,2,8.75,in-store
STORE_001,SKU_007,2025-02-13 11:16:28,3,32.2,in-store
STORE_001,SKU_007,2025-02-13 18:01:52,3,32.2,online
STORE_001,SKU_007,2025-02-13 12:56:28,3,32.2,online
STORE_001,SKU_010,2025-02-13 20:52:59,2,18.5,online
STORE_002,SKU_002,2025-02-13 18:04:48,1,24.5,online
STORE_002,SKU_002,2025-02-13 16:53:12,1,24.5,in-store
STORE_002,SKU_002,2025-02-13 09:40:19,1,24.5,in-store
STORE_002,SKU_004,2025-02-13 12:01:13,1,49.99,online
STORE_002,SKU_004,2025-02-13 19:12:08,1,49.99,in-store
STORE_002,SKU_008,2025-02-13 09:00:02,1,9.99,online
STORE_002,SKU_008,2025-02-13 09:55:23,1,9.99,in-store
STORE_003,SKU_001,2025-02-13 21:33:31,1,12.99,in-store
STORE_003,SKU_001,2025-02-13 13:02:48,1,12.99,online
STORE_005,SKU_002,2025-02-13 11:27:14,2,24.5,online
STORE_005,SKU_005,2025-02-13 19:23:08,1,8.75,online
STORE_001,SKU_005,2025-02-14 16:34:36,2,8.75,online
STORE_001,SKU_005,2025-02-14 16:10:35,2,8.75,in-store
STORE_002,SKU_009,2025-02-14 15:38:52,1,115.0,in-store
STORE_002,SKU_009,2025-02-14 18:29:42,1,115.0,in-store
STORE_002,SKU_009,2025-02-14 15:23:48,1,115.0,in-store
STORE_003,SKU_002,2025-02-14 15:04:07,2,24.5,online
STORE_004,SKU_001,2025-02-14 19:39:17,1,12.99,online
STORE_004,SKU_001,2025-02-14 11:46:11,1,12.99,online
STORE_004,SKU_001,2025-02-14 13:37:42,1,12.99,in-store
STORE_004,SKU_002,2025-02-14 18:48:59,1,24.5,online
STORE_004,SKU_007,2025-02-14 14:05:19,3,32.2,online
STORE_004,SKU_007,2025-02-14 15:32:06,3,32.2,in-store
STORE_004,SKU_007,2025-02-14 18:49:29,3,32.2,online
STORE_001,SKU_001,2025-02-15 21:10:31,4,12.99,in-store
STORE_001,SKU_002,2025-02-15 08:55:24,3,24.5,online
STORE_001,SKU_002,2025-02-15 08:57:49,3,24.5,online
STORE_001,SKU_004,2025-02-15 10:20:39,1,49.99,online
STORE_001,SKU_004,2025-02-15 21:11:46,1,49.99,online
STORE_002,SKU_007,2025-02-15 20:06:36,5,32.2,online
STORE_003,SKU_001,2025-02-15 13:24:37,2,12.99,online
STORE_003,SKU_007,2025-02-15 12:37:43,4,32.2,online
STORE_003,SKU_009,2025-02-15 17:25:54,3,115.0,in-store
STORE_003,SKU_009,2025-02-15 17:28:10,3,115.0,online
STORE_003,SKU_010,2025-02-15 21:50:12,4,18.5,online
STORE_004,SKU_001,2025-02-15 20:51:37,3,12.99,online
STORE_004,SKU_001,2025-02-15 13:18:43,3,12.99,in-store
STORE_004,SKU_002,2025-02-15 17:02:20,3,24.5,in-store
STORE_004,SKU_003,2025-02-15 10:42:27,5,5.99,in-store
STORE_004,SKU_003,2025-02-15 13:08:44,5,5.99,in-store
STORE_004,SKU_003,2025-02-15 17:43:17,5,5.99,online
STORE_005,SKU_004,2025-02-15 21:18:57,1,49.99,online
STORE_005,SKU_004,2025-02-15 13:02:13,1,49.99,online
STORE_005,SKU_004,2025-02-15 15:36:24,1,49.99,online
STORE_005,SKU_005,2025-02-15 19:11:28,2,8.75,in-store
STORE_005,SKU_005,2025-02-15 20:49:13,2,8.75,in-store
STORE_005,SKU_005,2025-02-15 17:56:35,2,8.75,in-store
STORE_005,SKU_010,2025-02-15 08:04:34,3,18.5,online
STORE_001,SKU_002,2025-02-16 14:02:44,5,24.5,in-store
STORE_001,SKU_002,2025-02-16 14:35:14,5,24.5,online
STORE_001,SKU_004,2025-02-16 17:12:27,1,49.99,online
STORE_001,SKU_004,2025-02-16 11:25:52,1,49.99,in-store
STORE_001,SKU_004,2025-02-16 15:05:59,1,49.99,in-store
STORE_001,SKU_005,2025-02-16 09:36:31,3,8.75,online
STORE_001,SKU_010,2025-02-16 18:53:46,3,18.5,in-store
STORE_002,SKU_002,2025-02-16 09:29:14,2,24.5,in-store
STORE_002,SKU_002,2025-02-16 16:19:20,2,24.5,in-store
STORE_002,SKU_006,2025-02-16 08:34:56,3,15.0,in-store
STORE_002,SKU_006,2025-02-16 20:16:55,3,15.0,in-store
STORE_003,SKU_001,2025-02-16 09:05:46,2,12.99,in-store
STORE_003,SKU_001,2025-02-16 18:44:23,2,12.99,online
STORE_003,SKU_008,2025-02-16 11:18:29,1,9.99,online
STORE_003,SKU_008,2025-02-16 16:13:17,1,9.99,in-store
STORE_005,SKU_002,2025-02-16 08:11:39,4,24.5,online
STORE_005,SKU_002,2025-02-16 18:29:56,4,24.5,online
STORE_005,SKU_002,2025-02-16 10:46:01,4,24.5,online
STORE_005,SKU_006,2025-02-16 19:10:04,4,15.0,online
STORE_005,SKU_009,2025-02-16 11:29:14,2,115.0,in-store
STORE_005,SKU_009,2025-02-16 20:28:36,2,115.0,online
STORE_001,SKU_003,2025-02-17 12:56:45,3,5.99,online
STORE_001,SKU_003,2025-02-17 15:33:22,3,5.99,in-store
STORE_001,SKU_003,2025-02-17 17:13:46,3,5.99,in-store
STORE_001,SKU_005,2025-02-17 21:01:14,2,8.75,online
STORE_002,SKU_001,2025-02-17 13:11:01,1,12.99,in-store
STORE_002,SKU_007,2025-02-17 13:39:54,3,32.2,online
STORE_002,SKU_007,2025-02-17 11:09:18,3,32.2,in-store
STORE_002,SKU_007,2025-02-17 09:33:21,3,32.2,online
STORE_002,SKU_008,2025-02-17 19:41:32,1,9.99,online
STORE_002,SKU_008,2025-02-17 19:59:11,1,9.99,in-store
STORE_002,SKU_008,2025-02-17 19:02:25,1,9.99,in-store
STORE_003,SKU_008,2025-02-17 08:42:52,1,9.99,online
STORE_005,SKU_006,2025-02-17 21:00:28,2,15.0,in-store
STORE_005,SKU_006,2025-02-17 15:46:20,2,15.0,online
STORE_005,SKU_008,2025-02-17 14:17:41,1,9.99,online
STORE_005,SKU_008,2025-02-17 12:57:10,1,9.99,online
STORE_005,SKU_008,2025-02-17 17:57:22,1,9.99,online
STORE_005,SKU_010,2025-02-17 10:29:17,2,18.5,in-store
STORE_001,SKU_005,2025-02-18 17:49:09,2,8.75,online
STORE_001,SKU_005,2025-02-18 21:15:44,2,8.75,in-store
STORE_001,SKU_007,2025-02-18 10:27:42,3,32.2,in-store
STORE_001,SKU_008,2025-02-18 15:13:28,1,9.99,online
STORE_002,SKU_003,2025-02-18 15:13:53,2,5.99,in-store
STORE_002,SKU_003,2025-02-18 18:57:41,2,5.99,in-store
STORE_002,SKU_003,2025-02-18 12:47:42,2,5.99,online
STORE_002,SKU_004,2025-02-18 11:01:40,1,49.99,online
STORE_002,SKU_004,2025-02-18 19:40:08,1,49.99,online
STORE_002,SKU_004,2025-02-18 10:33:54,1,49.99,in-store
STORE_003,SKU_008,2025-02-18 15:11:56,1,9.99,online
STORE_004,SKU_005,2025-02-18 14:43:59,1,8.75,in-store
STORE_004,SKU_005,2025-02-18 11:11:24,1,8.75,online
STORE_001,SKU_005,2025-02-19 09:11:04,2,8.75,in-store
STORE_001,SKU_005,2025-02-19 17:16:07,2,8.75,in-store
STORE_001,SKU_005,2025-02-19 15:47:01,2,8.75,online
STORE_001,SKU_007,2025-02-19 14:37:16,4,,in-store
STORE_001,SKU_007,2025-02-19 17:47:16,4,32.2,online
STORE_002,SKU_004,2025-02-19 08:45:18,1,49.99,in-store
STORE_002,SKU_006,2025-02-19 08:10:57,2,15.0,online
STORE_002,SKU_006,2025-02-19 09:15:30,2,15.0,in-store
STORE_003,SKU_007,2025-02-19 19:21:21,2,32.2,in-store
STORE_003,SKU_007,2025-02-19 19:36:37,2,32.2,in-store
STORE_004,SKU_002,2025-02-19 11:33:26,2,24.5,in-store
STORE_004,SKU_002,2025-02-19 19:12:58,2,24.5,online
STORE_004,SKU_003,2025-02-19 10:03:49,2,5.99,in-store
STORE_004,SKU_003,2025-02-19 19:22:00,2,5.99,online
STORE_004,SKU_003,2025-02-19 18:07:41,2,5.99,in-store
STORE_004,SKU_006,2025-02-19 09:18:30,2,15.0,in-store
STORE_005,SKU_005,2025-02-19 19:05:29,1,8.75,in-store
STORE_005,SKU_005,2025-02-19 11:07:28,1,8.75,online
STORE_001,SKU_006,2025-02-20 12:00:09,4,15.0,in-store
STORE_001,SKU_006,2025-02-20 16:18:59,4,15.0,in-store
STORE_001,SKU_010,2025-02-20 16:38:34,2,18.5,in-store
STORE_001,SKU_010,2025-02-20 19:20:01,2,18.5,in-store
STORE_001,SKU_010,2025-02-20 13:27:17,2,18.5,online
STORE_002,SKU_008,2025-02-20 15:34:59,1,9.99,online
STORE_002,SKU_008,2025-02-20 20:13:25,1,9.99,in-store
STORE_003,SKU_005,2025-02-20 16:33:53,1,8.75,online
STORE_003,SKU_008,2025-02-20 10:51:40,1,9.99,in-store
STORE_003,SKU_008,2025-02-20 11:20:20,1,9.99,online
STORE_003,SKU_008,2025-02-20 08:42:22,1,9.99,online
STORE_005,SKU_005,2025-02-20 11:54:20,1,8.75,online
STORE_005,SKU_005,2025-02-20 19:01:35,1,8.75,online
STORE_005,SKU_008,2025-02-20 20:11:14,1,9.99,online
STORE_005,SKU_008,2025-02-20 12:24:44,1,9.99,in-store
STORE_005,SKU_008,2025-02-20 16:27:54,1,9.99,in-store
STORE_005,SKU_010,2025-02-20 20:01:37,2,18.5,in-store
STORE_001,SKU_004,2025-02-21 10:43:58,1,49.99,online
STORE_001,SKU_004,2025-02-21 20:23:39,1,49.99,online
STORE_002,SKU_001,2025-02-21 10:38:01,1,12.99,online
STORE_002,SKU_008,2025-02-21 17:53:38,1,9.99,in-store
STORE_002,SKU_008,2025-02-21 19:20:35,1,9.99,in-store
STORE_002,SKU_010,2025-02-21 10:01:13,2,18.5,in-store
STORE_002,SKU_010,2025-02-21 12:59:24,2,18.5,online
STORE_005,SKU_001,2025-02-21 18:59:23,1,12.99,online
STORE_005,SKU_004,2025-02-21 09:34:50,1,49.99,in-store
STORE_005,SKU_004,2025-02-21 13:59:39,1,49.99,in-store
STORE_005,SKU_008,2025-02-21 21:37:00,1,9.99,online
STORE_001,SKU_004,2025-02-22 10:51:53,1,49.99,in-store
STORE_001,SKU_004,2025-02-22 10:57:37,1,49.99,in-store
STORE_001,SKU_004,2025-02-22 09:32:13,1,49.99,in-store
STORE_001,SKU_008,2025-02-22 10:10:35,2,9.99,in-store
STORE_001,SKU_008,2025-02-22 21:11:22,2,9.99,in-store
STORE_001,SKU_008,2025-02-22 12:14:02,2,9.99,in-store
STORE_002,SKU_001,2025-02-22 11:30:49,2,12.99,online
STORE_002,SKU_001,2025-02-22 08:46:47,2,12.99,in-store
STORE_002,SKU_001,2025-02-22 15:07:51,2,12.99,online
STORE_002,SKU_008,2025-02-22 21:22:01,1,9.99,in-store
STORE_003,SKU_005,2025-02-22 11:15:17,2,8.75,in-store
STORE_003,SKU_005,2025-02-22 15:16:44,2,8.75,in-store
STORE_003,SKU_009,2025-02-22 08:45:54,3,115.0,in-store
STORE_004,SKU_001,2025-02-22 11:15:33,2,12.99,in-store
STORE_004,SKU_001,2025-02-22 09:45:04,2,12.99,in-store
STORE_004,SKU_001,2025-02-22 09:28:09,2,12.99,in-store
STORE_004,SKU_005,2025-02-22 11:04:17,2,8.75,in-store
STORE_004,SKU_005,2025-02-22 08:15:13,2,8.75,online
STORE_004,SKU_005,2025-02-22 09:42:50,2,8.75,online
STORE_004,SKU_006,2025-02-22 17:04:36,3,15.0,in-store
STORE_004,SKU_009,2025-02-22 15:40:20,2,115.0,online
STORE_004,SKU_009,2025-02-22 20:40:33,2,115.0,online
STORE_004,SKU_009,2025-02-22 09:17:18,2,115.0,in-store
STORE_005,SKU_001,2025-02-22 17:44:22,3,12.99,in-store
STORE_005,SKU_004,2025-02-22 09:52:10,1,49.99,in-store
STORE_005,SKU_004,2025-02-22 11:10:45,1,49.99,in-store
STORE_005,SKU_004,2025-02-22 17:12:46,1,49.99,in-store
STORE_005,SKU_008,2025-02-22 13:01:53,1,9.99,in-store
STORE_005,SKU_008,2025-02-22 16:51:26,1,9.99,online
STORE_005,SKU_010,2025-02-22 16:51:25,4,18.5,in-store
STORE_001,SKU_003,2025-02-23 21:34:54,5,5.99,online
STORE_001,SKU_003,2025-02-23 14:31:29,5,5.99,online
STORE_001,SKU_004,2025-02-23 21:57:17,2,49.99,online
STORE_001,SKU_005,2025-02-23 14:39:42,3,8.75,online
STORE_001,SKU_005,2025-02-23 08:54:11,3,8.75,in-store
STORE_001,SKU_008,2025-02-23 16:30:04,2,9.99,in-store
STORE_002,SKU_001,2025-02-23 14:36:31,3,12.99,in-store
STORE_002,SKU_002,2025-02-23 21:08:36,3,24.5,online
STORE_002,SKU_007,2025-02-23 20:03:37,4,32.2,in-store
STORE_002,SKU_007,2025-02-23 14:09:34,4,32.2,in-store
STORE_002,SKU_007,2025-02-23 12:05:33,4,32.2,online
STORE_002,SKU_010,2025-02-23 17:24:32,3,18.5,in-store
STORE_002,SKU_010,2025-02-23 19:30:11,3,18.5,online
STORE_003,SKU_008,2025-02-23 18:08:02,1,9.99,online
STORE_004,SKU_004,2025-02-23 15:31:36,1,49.99,in-store
STORE_004,SKU_004,2025-02-23 13:40:09,1,49.99,online
STORE_004,SKU_004,2025-02-23 15:11:30,1,49.99,online
STORE_004,SKU_005,2025-02-23 10:29:40,2,8.75,in-store
STORE_004,SKU_005,2025-02-23 10:42:34,2,8.75,in-store
STORE_004,SKU_007,2025-02-23 14:22:11,6,32.2,online
STORE_004,SKU_010,2025-02-23 20:37:19,3,18.5,in-store
STORE_004,SKU_010,2025-02-23 17:04:28,3,18.5,online
STORE_004,SKU_010,2025-02-23 08:28:18,3,18.5,in-store
STORE_005,SKU_002,2025-02-23 11:29:35,4,24.5,online
STORE_005,SKU_002,2025-02-23 10:15:45,4,24.5,in-store
STORE_005,SKU_005,2025-02-23 18:37:42,2,8.75,in-store
STORE_005,SKU_005,2025-02-23 16:18:49,2,8.75,online
STORE_005,SKU_009,2025-02-23 14:46:46,2,115.0,online
STORE_005,SKU_009,2025-02-23 16:14:16,2,115.0,online
STORE_001,SKU_004,2025-02-24 20:53:52,1,49.99,in-store
STORE_001,SKU_004,2025-02-24 12:27:41,1,49.99,online
STORE_001,SKU_004,2025-02-24 20:21:16,1,49.99,in-store
STORE_001,SKU_005,2025-02-24 17:45:35,2,8.75,online
STORE_001,SKU_005,2025-02-24 15:27:40,2,8.75,in-store
STORE_001,SKU_005,2025-02-24 16:29:41,2,8.75,online
STORE_001,SKU_007,2025-02-24 12:10:48,3,32.2,online
STORE_002,SKU_002,2025-02-24 17:31:20,3,24.5,in-store
STORE_002,SKU_008,2025-02-24 13:24:34,1,9.99,in-store
STORE_002,SKU_008,2025-02-24 18:18:16,1,9.99,online
STORE_003,SKU_010,2025-02-24 09:19:51,1,18.5,online
STORE_003,SKU_010,2025-02-24 13:30:41,1,18.5,online
STORE_003,SKU_010,2025-02-24 21:04:58,1,18.5,online
STORE_004,SKU_008,2025-02-24 14:29:20,1,9.99,in-store
STORE_004,SKU_008,2025-02-24 17:08:39,1,9.99,online
STORE_004,SKU_008,2025-02-24 09:21:45,1,9.99,in-store
STORE_004,SKU_009,2025-02-24 19:45:23,1,115.0,online
STORE_004,SKU_009,2025-02-24 10:28:58,1,115.0,online
STORE_004,SKU_009,2025-02-24 20:06:03,1,115.0,online
STORE_005,SKU_002,2025-02-24 16:08:11,2,24.5,in-store
STORE_005,SKU_002,2025-02-24 10:17:09,2,24.5,online
STORE_005,SKU_002,2025-02-24 10:01:50,2,24.5,in-store
STORE_001,SKU_001,2025-02-25 08:56:54,2,12.99,in-store
STORE_001,SKU_001,2025-02-25 10:13:48,2,12.99,in-store
STORE_001,SKU_001,2025-02-25 21:04:50,2,12.99,online
STORE_001,SKU_005,2025-02-25 11:20:24,1,8.75,in-store
STORE_001,SKU_005,2025-02-25 16:33:32,1,8.75,online
STORE_001,SKU_005,2025-02-25 20:42:58,1,8.75,in-store
STORE_002,SKU_008,2025-02-25 20:06:56,1,9.99,in-store
STORE_003,SKU_001,2025-02-25 17:52:47,1,12.99,online
STORE_003,SKU_001,2025-02-25 15:12:09,1,12.99,in-store
STORE_003,SKU_001,2025-02-25 19:30:12,1,12.99,in-store
STORE_004,SKU_008,2025-02-25 13:20:06,1,9.99,in-store
STORE_004,SKU_008,2025-02-25 08:49:30,1,9.99,in-store
STORE_004,SKU_008,2025-02-25 15:04:21,1,9.99,online
STORE_004,SKU_009,2025-02-25 11:35:09,1,115.0,in-store
STORE_004,SKU_009,2025-02-25 11:10:39,1,115.0,in-store
STORE_004,SKU_009,2025-02-25 15:33:21,1,115.0,in-store
STORE_005,SKU_004,2025-02-25 19:34:54,1,49.99,online
STORE_005,SKU_004,2025-02-25 13:16:09,1,49.99,online
STORE_005,SKU_004,2025-02-25 15:05:50,1,49.99,online
STORE_001,SKU_006,2025-02-26 20:24:21,3,15.0,in-store
STORE_001,SKU_008,2025-02-26 09:51:40,1,9.99,online
STORE_001,SKU_008,2025-02-26 16:14:07,1,9.99,online
STORE_001,SKU_008,2025-02-26 08:49:56,1,9.99,in-store
STORE_001,SKU_010,2025-02-26 21:35:28,2,18.5,online
STORE_001,SKU_010,2025-02-26 09:28:51,2,18.5,online
STORE_001,SKU_010,2025-02-26 10:06:11,2,18.5,online
STORE_003,SKU_002,2025-02-26 21:50:48,3,24.5,online
STORE_004,SKU_002,2025-02-26 20:26:30,1,24.5,in-store
STORE_004,SKU_007,2025-02-26 13:10:18,2,32.2,online
STORE_004,SKU_007,2025-02-26 12:48:57,2,32.2,online
STORE_005,SKU_002,2025-02-26 17:22:18,2,24.5,in-store
STORE_005,SKU_008,2025-02-26 11:49:20,1,9.99,in-store
STORE_005,SKU_008,2025-02-26 14:14:52,1,9.99,online
STORE_005,SKU_008,2025-02-26 08:07:18,1,9.99,in-store
STORE_001,SKU_001,2025-02-27 12:58:51,2,12.99,in-store
STORE_001,SKU_001,2025-02-27 15:23:07,2,12.99,in-store
STORE_001,SKU_008,2025-02-27 09:07:21,1,9.99,online
STORE_001,SKU_008,2025-02-27 10:17:51,1,9.99,in-store
STORE_002,SKU_005,2025-02-27 11:45:57,1,8.75,online
STORE_002,SKU_005,2025-02-27 10:37:32,1,8.75,online
STORE_003,SKU_001,2025-02-27 16:01:07,1,12.99,online
STORE_003,SKU_001,2025-02-27 12:08:56,1,12.99,in-store
STORE_003,SKU_001,2025-02-27 13:21:39,1,12.99,in-store
STORE_003,SKU_002,2025-02-27 17:52:53,2,24.5,in-store
STORE_003,SKU_002,2025-02-27 15:02:21,2,24.5,online
STORE_004,SKU_005,2025-02-27 17:36:47,2,8.75,online
STORE_004,SKU_005,2025-02-27 13:53:57,2,8.75,in-store
STORE_004,SKU_005,2025-02-27 15:56:25,2,8.75,in-store
STORE_005,SKU_008,2025-02-27 15:01:13,1,9.99,in-store
STORE_005,SKU_010,2025-02-27 12:33:59,2,18.5,in-store
STORE_005,SKU_010,2025-02-27 11:00:01,2,18.5,in-store
STORE_005,SKU_010,2025-02-27 18:14:09,2,18.5,online
STORE_001,SKU_006,2025-02-28 19:10:54,2,15.0,online
STORE_001,SKU_007,2025-02-28 19:33:19,5,32.2,online
STORE_001,SKU_007,2025-02-28 13:54:01,5,32.2,online
STORE_001,SKU_010,2025-02-28 17:23:48,3,18.5,in-store
STORE_001,SKU_010,2025-02-28 14:47:39,3,18.5,in-store
STORE_001,SKU_010,2025-02-28 17:18:30,3,18.5,online
STORE_002,SKU_001,2025-02-28 16:08:12,1,12.99,in-store
STORE_002,SKU_008,2025-02-28 17:36:08,1,9.99,in-store
STORE_002,SKU_009,2025-02-28 08:37:29,1,115.0,in-store
STORE_002,SKU_009,2025-02-28 14:45:43,1,115.0,online
STORE_002,SKU_010,2025-02-28 17:05:42,2,18.5,in-store
STORE_002,SKU_010,2025-02-28 11:36:22,2,18.5,in-store
STORE_002,SKU_010,2025-02-28 08:37:19,2,18.5,in-store
STORE_003,SKU_002,2025-02-28 10:43:44,1,24.5,online
STORE_004,SKU_002,2025-02-28 16:12:11,2,24.5,in-store
STORE_004,SKU_002,2025-02-28 17:42:37,2,24.5,in-store
STORE_004,SKU_002,2025-02-28 08:01:59,2,24.5,in-store
STORE_004,SKU_007,2025-02-28 10:44:07,3,32.2,in-store
STORE_004,SKU_007,2025-02-28 08:34:14,3,32.2,in-store
STORE_004,SKU_010,2025-02-28 09:17:57,1,18.5,in-store
STORE_004,SKU_010,2025-02-28 19:18:15,1,18.5,in-store
STORE_004,SKU_010,2025-02-28 09:20:19,1,18.5,in-store
STORE_001,SKU_002,2025-03-01 17:52:44,5,24.5,in-store
STORE_001,SKU_002,2025-03-01 18:17:32,5,,online
STORE_001,SKU_003,2025-03-01 12:56:29,6,5.99,in-store
STORE_001,SKU_006,2025-03-01 16:07:19,3,15.0,online
STORE_001,SKU_007,2025-03-01 15:53:20,7,32.2,online
STORE_001,SKU_008,2025-03-01 17:46:51,2,9.99,in-store
STORE_001,SKU_010,2025-03-01 16:59:21,5,18.5,in-store
STORE_001,SKU_010,2025-03-01 09:33:51,5,18.5,in-store
STORE_001,SKU_010,2025-03-01 18:56:52,5,18.5,in-store
STORE_002,SKU_002,2025-03-01 16:21:49,3,24.5,in-store
STORE_002,SKU_005,2025-03-01 20:48:30,2,8.75,in-store
STORE_003,SKU_001,2025-03-01 21:58:56,2,12.99,online
STORE_003,SKU_002,2025-03-01 17:57:07,3,24.5,online
STORE_003,SKU_002,2025-03-01 19:35:20,3,24.5,in-store
STORE_003,SKU_005,2025-03-01 14:43:33,,8.75,in-store
STORE_003,SKU_008,2025-03-01 15:47:46,1,9.99,online
STORE_003,SKU_008,2025-03-01 12:42:21,1,9.99,in-store
STORE_003,SKU_008,2025-03-01 10:45:35,1,9.99,online
STORE_004,SKU_002,2025-03-01 16:41:16,3,24.5,online
STORE_004,SKU_009,2025-03-01 19:56:10,2,115.0,online
STORE_004,SKU_010,2025-03-01 19:51:44,4,18.5,in-store
STORE_005,SKU_002,2025-03-01 19:48:46,4,24.5,online
STORE_005,SKU_002,2025-03-01 13:58:59,4,24.5,online
STORE_005,SKU_003,2025-03-01 18:04:30,4,5.99,online
STORE_005,SKU_004,2025-03-01 20:44:03,1,49.99,online
STORE_001,SKU_004,2025-03-02 12:37:52,1,49.99,in-store
STORE_001,SKU_004,2025-03-02 21:41:56,1,49.99,in-store
STORE_001,SKU_006,2025-03-02 17:09:28,3,15.0,in-store
STORE_001,SKU_006,2025-03-02 18:38:01,3,15.0,in-store
STORE_002,SKU_002,2025-03-02 21:06:27,3,24.5,online
STORE_002,SKU_002,2025-03-02 14:53:23,3,24.5,online
STORE_002,SKU_004,2025-03-02 13:07:17,1,49.99,in-store
STORE_002,SKU_004,2025-03-02 09:31:14,1,49.99,in-store
STORE_002,SKU_005,2025-03-02 09:05:11,2,8.75,online
STORE_002,SKU_005,2025-03-02 11:11:10,2,8.75,in-store
STORE_002,SKU_005,2025-03-02 18:28:14,2,8.75,in-store
STORE_002,SKU_008,2025-03-02 18:21:26,1,9.99,in-store
STORE_002,SKU_008,2025-03-02 17:45:42,1,9.99,online
STORE_002,SKU_008,2025-03-02 11:22:53,1,9.99,in-store
STORE_004,SKU_002,2025-03-02 09:13:36,4,24.5,online
STORE_004,SKU_002,2025-03-02 18:38:34,4,24.5,in-store
STORE_004,SKU_002,2025-03-02 21:32:30,4,24.5,in-store
STORE_004,SKU_003,2025-03-02 15:11:11,4,5.99,in-store
STORE_004,SKU_003,2025-03-02 19:49:22,4,5.99,in-store
STORE_005,SKU_002,2025-03-02 09:42:00,4,24.5,online
STORE_005,SKU_004,2025-03-02 11:12:08,1,49.99,online
STORE_005,SKU_004,2025-03-02 08:03:15,1,49.99,online
STORE_005,SKU_005,2025-03-02 14:17:24,2,8.75,online
STORE_005,SKU_005,2025-03-02 10:34:03,2,8.75,in-store
STORE_005,SKU_005,2025-03-02 09:11:11,2,8.75,in-store
STORE_005,SKU_009,2025-03-02 19:23:47,1,115.0,in-store
STORE_005,SKU_009,2025-03-02 21:15:08,1,115.0,in-store
STORE_005,SKU_010,2025-03-02 15:20:35,3,18.5,online
STORE_005,SKU_010,2025-03-02 15:02:12,3,18.5,in-store
STORE_001,SKU_005,2025-03-03 08:05:26,2,8.75,online
STORE_001,SKU_005,2025-03-03 13:10:29,2,8.75,in-store
STORE_001,SKU_006,2025-03-03 16:44:59,3,15.0,online
STORE_001,SKU_006,2025-03-03 20:24:24,3,15.0,in-store
STORE_001,SKU_006,2025-03-03 10:43:33,3,15.0,in-store
STORE_002,SKU_003,2025-03-03 16:48:09,3,5.99,in-store
STORE_002,SKU_003,2025-03-03 10:13:17,3,5.99,in-store
STORE_002,SKU_005,2025-03-03 19:46:46,1,8.75,online
STORE_002,SKU_005,2025-03-03 09:46:06,1,8.75,online
STORE_002,SKU_005,2025-03-03 17:58:13,1,8.75,in-store
STORE_002,SKU_007,2025-03-03 19:49:57,2,32.2,online
STORE_005,SKU_008,2025-03-03 11:45:38,1,9.99,online
STORE_005,SKU_008,2025-03-03 08:51:20,1,9.99,online
STORE_005,SKU_008,2025-03-03 10:48:32,1,,in-store
STORE_001,SKU_002,2025-03-04 21:51:14,2,24.5,in-store
STORE_001,SKU_002,2025-03-04 20:23:26,2,24.5,in-store
STORE_001,SKU_005,2025-03-04 14:43:06,2,8.75,in-store
STORE_001,SKU_005,2025-03-04 13:05:08,2,8.75,online
STORE_001,SKU_005,2025-03-04 15:10:45,2,8.75,in-store
STORE_002,SKU_008,2025-03-04 14:53:58,1,9.99,online
STORE_002,SKU_008,2025-03-04 16:41:43,1,9.99,online
STORE_002,SKU_008,2025-03-04 14:07:49,1,9.99,online
STORE_005,SKU_004,2025-03-04 17:57:41,1,49.99,online
STORE_005,SKU_004,2025-03-04 19:09:36,1,49.99,online
STORE_005,SKU_004,2025-03-04 15:35:01,1,49.99,online
STORE_005,SKU_008,2025-03-04 14:10:09,1,9.99,in-store
STORE_005,SKU_008,2025-03-04 10:58:02,1,9.99,online
STORE_001,SKU_005,2025-03-05 11:41:22,2,8.75,online
STORE_001,SKU_005,2025-03-05 12:07:52,2,8.75,online
STORE_002,SKU_002,2025-03-05 18:53:28,2,24.5,in-store
STORE_002,SKU_007,2025-03-05 19:38:34,2,32.2,online
STORE_002,SKU_007,2025-03-05 17:09:53,2,32.2,in-store
STORE_002,SKU_007,2025-03-05 16:17:31,2,32.2,online
STORE_002,SKU_008,2025-03-05 15:41:06,1,9.99,online
STORE_002,SKU_008,2025-03-05 17:19:49,1,9.99,in-store
STORE_002,SKU_010,2025-03-05 10:53:32,2,18.5,in-store
STORE_002,SKU_010,2025-03-05 17:13:22,2,18.5,in-store
STORE_003,SKU_002,2025-03-05 17:47:43,1,24.5,online
STORE_003,SKU_002,2025-03-05 16:26:24,1,24.5,in-store
STORE_005,SKU_001,2025-03-05 19:57:23,1,12.99,in-store
STORE_005,SKU_001,2025-03-05 10:44:44,1,12.99,in-store
STORE_005,SKU_001,2025-03-05 12:42:23,1,12.99,online
STORE_005,SKU_002,2025-03-05 09:23:51,2,24.5,online
STORE_005,SKU_002,2025-03-05 16:21:33,2,24.5,in-store
STORE_005,SKU_002,2025-03-05 09:34:28,2,24.5,online
STORE_005,SKU_004,2025-03-05 12:13:33,1,49.99,in-store
STORE_005,SKU_004,2025-03-05 11:56:28,1,49.99,online
STORE_005,SKU_005,2025-03-05 17:25:49,1,8.75,in-store
STORE_005,SKU_005,2025-03-05 21:35:55,1,8.75,in-store
STORE_005,SKU_005,2025-03-05 21:23:01,1,8.75,online
STORE_005,SKU_007,2025-03-05 20:33:32,2,32.2,in-store
STORE_001,SKU_002,2025-03-06 13:48:35,2,24.5,online
STORE_001,SKU_002,2025-03-06 09:52:04,2,24.5,in-store
STORE_001,SKU_003,2025-03-06 11:23:09,4,5.99,online
STORE_001,SKU_003,2025-03-06 12:30:50,4,5.99,online
STORE_001,SKU_003,2025-03-06 15:31:08,4,5.99,in-store
STORE_001,SKU_006,2025-03-06 20:15:17,2,15.0,in-store
STORE_001,SKU_006,2025-03-06 08:41:42,2,15.0,online
STORE_001,SKU_010,2025-03-06 11:49:53,4,18.5,online
STORE_001,SKU_010,2025-03-06 14:45:45,4,18.5,in-store
STORE_002,SKU_008,2025-03-06 12:00:02,1,9.99,in-store
STORE_002,SKU_008,2025-03-06 13:58:54,1,9.99,in-store
STORE_003,SKU_010,2025-03-06 14:08:03,2,18.5,online
STORE_003,SKU_010,2025-03-06 08:20:45,2,18.5,online
STORE_004,SKU_010,2025-03-06 18:00:19,2,18.5,online
STORE_004,SKU_010,2025-03-06 14:49:30,2,18.5,in-store
STORE_005,SKU_002,2025-03-06 16:29:59,2,24.5,online
STORE_005,SKU_002,2025-03-06 21:33:47,2,24.5,in-store
STORE_005,SKU_002,2025-03-06 11:02:28,2,24.5,in-store
STORE_001,SKU_006,2025-03-07 21:08:00,2,,online
STORE_002,SKU_001,2025-03-07 11:27:03,1,12.99,in-store
STORE_002,SKU_002,2025-03-07 14:25:50,1,24.5,online
STORE_002,SKU_002,2025-03-07 20:55:09,1,24.5,in-store
STORE_002,SKU_002,2025-03-07 21:29:16,,24.5,online
STORE_003,SKU_008,2025-03-07 08:03:17,1,9.99,online
STORE_005,SKU_002,2025-03-07 11:06:25,2,24.5,online
STORE_005,SKU_002,2025-03-07 12:01:58,2,24.5,in-store
STORE_005,SKU_004,2025-03-07 17:01:06,1,49.99,in-store
STORE_005,SKU_007,2025-03-07 15:02:02,3,32.2,in-store
STORE_001,SKU_001,2025-03-08 15:20:08,4,12.99,online
STORE_001,SKU_001,2025-03-08 19:38:25,4,12.99,in-store
STORE_001,SKU_005,2025-03-08 21:15:03,3,8.75,in-store
STORE_001,SKU_005,2025-03-08 14:21:00,3,8.75,in-store
STORE_001,SKU_007,2025-03-08 18:28:39,6,32.2,online
STORE_001,SKU_007,2025-03-08 21:37:00,6,32.2,online
STORE_002,SKU_002,2025-03-08 16:41:56,4,24.5,online
STORE_002,SKU_002,2025-03-08 17:13:42,4,24.5,online
STORE_003,SKU_002,2025-03-08 21:40:10,2,24.5,online
STORE_003,SKU_002,2025-03-08 14:25:47,2,24.5,in-store
STORE_003,SKU_002,2025-03-08 14:12:27,2,24.5,online
STORE_003,SKU_004,2025-03-08 14:51:27,1,49.99,online
STORE_003,SKU_004,2025-03-08 14:11:33,1,49.99,in-store
STORE_003,SKU_004,2025-03-08 08:09:41,1,49.99,online
STORE_003,SKU_005,2025-03-08 08:58:35,2,8.75,online
STORE_003,SKU_006,2025-03-08 14:13:05,4,15.0,in-store
STORE_004,SKU_001,2025-03-08 14:36:55,1,12.99,in-store
STORE_004,SKU_001,2025-03-08 20:47:35,1,12.99,online
STORE_004,SKU_002,2025-03-08 13:36:44,3,24.5,in-store
STORE_004,SKU_002,2025-03-08 13:12:25,3,24.5,online
STORE_004,SKU_002,2025-03-08 20:29:38,3,24.5,online
STORE_004,SKU_004,2025-03-08 17:54:08,1,49.99,in-store
STORE_004,SKU_005,2025-03-08 10:37:53,2,8.75,online
STORE_004,SKU_007,2025-03-08 10:43:39,5,32.2,online
STORE_004,SKU_007,2025-03-08 10:35:08,5,32.2,online
STORE_004,SKU_008,2025-03-08 21:40:50,1,9.99,online
STORE_004,SKU_008,2025-03-08 12:37:17,1,9.99,online
STORE_004,SKU_008,2025-03-08 18:40:48,1,9.99,online
STORE_005,SKU_007,2025-03-08 17:24:37,6,32.2,online
STORE_001,SKU_001,2025-03-09 09:28:10,2,12.99,in-store
STORE_001,SKU_001,2025-03-09 11:27:19,2,12.99,in-store
STORE_001,SKU_001,2025-03-09 09:09:46,2,12.99,online
STORE_001,SKU_002,2025-03-09 20:13:36,6,24.5,in-store
STORE_001,SKU_004,2025-03-09 12:17:35,1,49.99,online
STORE_001,SKU_004,2025-03-09 09:34:48,1,49.99,in-store
STORE_001,SKU_004,2025-03-09 11:04:31,1,49.99,in-store
STORE_001,SKU_005,2025-03-09 18:35:10,2,8.75,in-store
STORE_001,SKU_005,2025-03-09 16:36:46,2,8.75,in-store
STORE_001,SKU_005,2025-03-09 18:52:17,2,8.75,online
STORE_001,SKU_006,2025-03-09 15:21:49,5,15.0,in-store
STORE_001,SKU_006,2025-03-09 08:41:47,5,15.0,in-store
STORE_001,SKU_009,2025-03-09 13:41:47,4,115.0,in-store
STORE_002,SKU_008,2025-03-09 19:59:30,1,9.99,online
STORE_002,SKU_008,2025-03-09 19:45:28,1,9.99,online
STORE_003,SKU_004,2025-03-09 20:14:03,1,49.99,online
STORE_003,SKU_004,2025-03-09 14:34:06,1,49.99,online
STORE_003,SKU_008,2025-03-09 19:05:40,1,9.99,in-store
STORE_003,SKU_008,2025-03-09 12:14:25,1,9.99,in-store
STORE_004,SKU_004,2025-03-09 10:06:05,1,49.99,online
STORE_004,SKU_004,2025-03-09 09:32:56,1,49.99,online
STORE_004,SKU_005,2025-03-09 09:26:16,1,8.75,in-store
STORE_004,SKU_005,2025-03-09 13:57:39,1,8.75,online
STORE_004,SKU_005,2025-03-09 16:08:25,1,8.75,online
STORE_004,SKU_009,2025-03-09 11:23:46,3,115.0,in-store
STORE_004,SKU_010,2025-03-09 21:45:21,4,18.5,in-store
STORE_004,SKU_010,2025-03-09 19:35:30,4,18.5,in-store
STORE_005,SKU_003,2025-03-09 11:01:36,6,5.99,in-store
STORE_005,SKU_004,2025-03-09 17:52:55,1,49.99,in-store
STORE_005,SKU_004,2025-03-09 10:24:03,1,49.99,in-store
STORE_005,SKU_004,2025-03-09 10:43:43,1,49.99,in-store
STORE_005,SKU_005,2025-03-09 11:34:12,3,8.75,online
STORE_005,SKU_005,2025-03-09 10:45:06,3,8.75,online
STORE_001,SKU_005,2025-03-10 20:16:06,2,8.75,in-store
STORE_001,SKU_005,2025-03-10 08:39:49,2,8.75,in-store
STORE_001,SKU_007,2025-03-10 21:13:28,4,32.2,in-store
STORE_002,SKU_001,2025-03-10 14:27:16,1,12.99,online
STORE_002,SKU_008,2025-03-10 08:51:04,1,9.99,in-store
STORE_002,SKU_008,2025-03-10 19:36:09,1,9.99,online
STORE_002,SKU_008,2025-03-10 20:06:41,1,9.99,online
STORE_003,SKU_002,2025-03-10 20:35:51,2,24.5,online
STORE_003,SKU_002,2025-03-10 18:20:16,2,24.5,in-store
STORE_004,SKU_001,2025-03-10 10:41:04,1,12.99,in-store
STORE_004,SKU_007,2025-03-10 21:42:51,3,32.2,online
STORE_005,SKU_002,2025-03-10 21:04:22,2,24.5,online
STORE_005,SKU_002,2025-03-10 16:43:27,2,24.5,in-store
STORE_001,SKU_004,2025-03-11 16:04:05,1,49.99,online
STORE_001,SKU_004,2025-03-11 17:08:42,1,49.99,online
STORE_001,SKU_004,2025-03-11 21:03:59,1,49.99,in-store
STORE_001,SKU_008,2025-03-11 16:55:59,1,9.99,in-store
STORE_001,SKU_008,2025-03-11 13:38:50,1,9.99,in-store
STORE_001,SKU_008,2025-03-11 20:54:08,1,9.99,online
STORE_001,SKU_010,2025-03-11 09:52:22,3,18.5,in-store
STORE_001,SKU_010,2025-03-11 15:44:22,3,18.5,in-store
STORE_003,SKU_002,2025-03-11 21:46:46,1,24.5,in-store
STORE_003,SKU_002,2025-03-11 15:43:32,1,24.5,online
STORE_003,SKU_002,2025-03-11 21:16:38,1,24.5,online
STORE_004,SKU_001,2025-03-11 11:50:59,1,12.99,in-store
STORE_004,SKU_002,2025-03-11 19:15:51,2,24.5,in-store
STORE_004,SKU_002,2025-03-11 11:45:51,2,24.5,online
STORE_004,SKU_002,2025-03-11 15:30:49,2,24.5,online
STORE_004,SKU_003,2025-03-11 15:24:41,2,5.99,in-store
STORE_005,SKU_005,2025-03-11 10:44:50,1,8.75,in-store
STORE_005,SKU_005,2025-03-11 13:45:00,1,8.75,in-store
STORE_005,SKU_005,2025-03-11 16:15:20,1,8.75,in-store
STORE_005,SKU_008,2025-03-11 15:05:20,1,9.99,online
STORE_001,SKU_005,2025-03-12 15:54:24,2,8.75,in-store
STORE_001,SKU_008,2025-03-12 20:05:58,1,9.99,online
STORE_002,SKU_002,2025-03-12 19:40:03,2,24.5,online
STORE_002,SKU_002,2025-03-12 19:50:13,2,24.5,in-store
STORE_002,SKU_002,2025-03-12 09:34:10,2,24.5,online
STORE_002,SKU_008,2025-03-12 08:43:24,1,9.99,online
STORE_002,SKU_008,2025-03-12 09:07:42,1,9.99,in-store
STORE_002,SKU_008,2025-03-12 09:54:10,1,9.99,online
STORE_003,SKU_002,2025-03-12 12:25:14,2,24.5,in-store
STORE_003,SKU_002,2025-03-12 08:40:57,2,24.5,online
STORE_004,SKU_005,2025-03-12 19:56:05,1,8.75,in-store
STORE_004,SKU_005,2025-03-12 11:51:03,1,8.75,online
STORE_004,SKU_008,2025-03-12 15:47:05,1,9.99,in-store
STORE_005,SKU_008,2025-03-12 17:10:15,1,9.99,in-store
STORE_005,SKU_008,2025-03-12 14:59:46,1,9.99,online
STORE_005,SKU_008,2025-03-12 18:39:12,1,9.99,in-store
STORE_001,SKU_001,2025-03-13 21:57:16,1,12.99,online
STORE_001,SKU_001,2025-03-13 13:43:03,1,12.99,in-store
STORE_001,SKU_007,2025-03-13 15:58:32,3,32.2,online
STORE_001,SKU_007,2025-03-13 11:12:14,3,32.2,online
STORE_001,SKU_007,2025-03-13 20:48:29,3,32.2,in-store
STORE_001,SKU_010,2025-03-13 09:07:36,3,18.5,in-store
STORE_001,SKU_010,2025-03-13 08:01:26,3,18.5,in-store
STORE_001,SKU_010,2025-03-13 14:32:56,3,18.5,online
STORE_002,SKU_006,2025-03-13 18:01:30,1,15.0,online
STORE_002,SKU_006,2025-03-13 19:33:46,1,15.0,online
STORE_002,SKU_006,2025-03-13 16:53:09,1,15.0,in-store
STORE_002,SKU_010,2025-03-13 16:48:17,2,18.5,online
STORE_002,SKU_010,2025-03-13 20:12:37,2,18.5,in-store
STORE_002,SKU_010,2025-03-13 08:49:15,2,18.5,online
STORE_003,SKU_001,2025-03-13 12:23:47,2,12.99,online
STORE_003,SKU_001,2025-03-13 12:12:48,2,12.99,online
STORE_004,SKU_008,2025-03-13 14:29:50,1,9.99,in-store
STORE_004,SKU_008,2025-03-13 18:04:55,1,9.99,in-store
STORE_004,SKU_008,2025-03-13 20:07:12,1,9.99,online
STORE_005,SKU_001,2025-03-13 21:46:34,1,12.99,in-store
STORE_005,SKU_001,2025-03-13 18:13:31,1,12.99,online
STORE_005,SKU_001,2025-03-13 11:08:41,1,12.99,online
STORE_005,SKU_003,2025-03-13 10:42:26,2,5.99,online
STORE_005,SKU_003,2025-03-13 20:20:30,2,5.99,online
STORE_005,SKU_003,2025-03-13 18:35:13,2,5.99,online
STORE_005,SKU_010,2025-03-13 19:54:15,2,18.5,in-store
STORE_005,SKU_010,2025-03-13 13:13:56,2,18.5,in-store
STORE_005,SKU_010,2025-03-13 15:46:36,2,18.5,online
STORE_001,SKU_002,2025-03-14 15:24:38,2,24.5,online
STORE_001,SKU_002,2025-03-14 14:45:11,2,24.5,online
STORE_003,SKU_002,2025-03-14 19:58:36,2,24.5,in-store
STORE_003,SKU_002,2025-03-14 16:35:29,2,24.5,in-store
STORE_003,SKU_006,2025-03-14 16:27:45,1,15.0,in-store
STORE_003,SKU_007,2025-03-14 18:12:26,3,32.2,online
STORE_004,SKU_004,2025-03-14 15:10:54,1,49.99,online
STORE_004,SKU_008,2025-03-14 17:02:40,1,9.99,in-store
STORE_004,SKU_008,2025-03-14 12:05:54,1,9.99,online
STORE_005,SKU_003,2025-03-14 08:19:24,2,5.99,in-store
STORE_005,SKU_003,2025-03-14 12:00:33,2,5.99,in-store
STORE_001,SKU_002,2025-03-15 19:23:32,6,24.5,online
STORE_001,SKU_004,2025-03-15 13:04:38,1,49.99,in-store
STORE_001,SKU_005,2025-03-15 09:39:12,2,,online
STORE_001,SKU_005,2025-03-15 10:36:57,2,8.75,in-store
STORE_001,SKU_005,2025-03-15 15:18:59,2,8.75,online
STORE_002,SKU_005,2025-03-15 12:13:37,2,8.75,online
STORE_002,SKU_005,2025-03-15 13:15:18,2,8.75,online
STORE_002,SKU_005,2025-03-15 19:41:23,2,8.75,in-store
STORE_002,SKU_009,2025-03-15 13:56:47,2,115.0,online
STORE_002,SKU_009,2025-03-15 13:35:43,2,115.0,in-store
STORE_003,SKU_001,2025-03-15 16:57:14,2,12.99,online
STORE_003,SKU_001,2025-03-15 17:47:38,2,12.99,in-store
STORE_003,SKU_003,2025-03-15 20:24:18,4,5.99,online
STORE_003,SKU_003,2025-03-15 12:48:18,4,5.99,online
STORE_003,SKU_003,2025-03-15 08:39:48,4,5.99,in-store
STORE_003,SKU_005,2025-03-15 20:44:56,2,8.75,in-store
STORE_004,SKU_008,2025-03-15 10:48:15,1,9.99,in-store
STORE_004,SKU_008,2025-03-15 16:35:46,1,9.99,online
STORE_004,SKU_008,2025-03-15 15:53:14,1,9.99,online
STORE_004,SKU_009,2025-03-15 13:03:53,1,115.0,online
STORE_004,SKU_009,2025-03-15 19:55:08,1,115.0,in-store
STORE_005,SKU_005,2025-03-15 10:18:56,2,8.75,in-store
STORE_005,SKU_005,2025-03-15 17:24:45,2,8.75,online
STORE_005,SKU_005,2025-03-15 16:30:20,2,8.75,online
STORE_005,SKU_007,2025-03-15 13:35:17,5,32.2,in-store
STORE_001,SKU_002,2025-03-16 11:38:40,3,24.5,in-store
STORE_001,SKU_008,2025-03-16 09:42:48,1,9.99,in-store
STORE_001,SKU_008,2025-03-16 20:30:46,1,9.99,online
STORE_002,SKU_007,2025-03-16 15:49:36,5,32.2,in-store
STORE_002,SKU_008,2025-03-16 17:39:54,1,9.99,online
STORE_002,SKU_008,2025-03-16 16:51:21,1,9.99,in-store
STORE_002,SKU_010,2025-03-16 17:42:31,4,18.5,online
STORE_002,SKU_010,2025-03-16 18:22:34,4,18.5,online
STORE_003,SKU_004,2025-03-16 19:21:23,1,49.99,online
STORE_003,SKU_005,2025-03-16 14:04:06,2,8.75,online
STORE_003,SKU_005,2025-03-16 08:43:10,2,8.75,online
STORE_004,SKU_009,2025-03-16 16:14:35,2,115.0,online
STORE_004,SKU_010,2025-03-16 13:14:07,4,18.5,in-store
STORE_004,SKU_010,2025-03-16 20:12:23,4,18.5,in-store
STORE_005,SKU_002,2025-03-16 15:19:37,4,24.5,online
STORE_005,SKU_005,2025-03-16 09:05:35,2,8.75,in-store
STORE_005,SKU_005,2025-03-16 17:28:16,2,8.75,in-store
STORE_005,SKU_008,2025-03-16 21:36:39,1,9.99,online
STORE_005,SKU_008,2025-03-16 20:41:34,1,9.99,online
STORE_001,SKU_003,2025-03-17 13:40:31,4,5.99,in-store
STORE_001,SKU_003,2025-03-17 12:08:54,4,5.99,in-store
STORE_001,SKU_008,2025-03-17 14:12:10,1,9.99,online
STORE_001,SKU_008,2025-03-17 10:03:52,1,9.99,online
STORE_001,SKU_008,2025-03-17 11:45:28,1,9.99,in-store
STORE_001,SKU_010,2025-03-17 17:47:24,3,18.5,in-store
STORE_001,SKU_010,2025-03-17 16:25:51,3,18.5,in-store
STORE_003,SKU_005,2025-03-17 12:22:45,1,8.75,online
STORE_003,SKU_005,2025-03-17 14:42:01,1,8.75,in-store
STORE_003,SKU_009,2025-03-17 10:26:55,1,115.0,online
STORE_004,SKU_005,2025-03-17 17:23:45,1,8.75,online
STORE_004,SKU_005,2025-03-17 13:28:39,1,8.75,online
STORE_004,SKU_007,2025-03-17 13:57:42,3,32.2,in-store
STORE_004,SKU_007,2025-03-17 08:03:06,3,32.2,in-store
STORE_005,SKU_001,2025-03-17 15:45:53,1,12.99,in-store
STORE_005,SKU_001,2025-03-17 17:37:53,1,12.99,in-store
STORE_005,SKU_005,2025-03-17 16:17:09,1,8.75,in-store
STORE_001,SKU_002,2025-03-18 13:36:39,2,24.5,in-store
STORE_001,SKU_002,2025-03-18 10:59:26,2,24.5,in-store
STORE_002,SKU_008,2025-03-18 16:19:06,1,9.99,in-store
STORE_003,SKU_005,2025-03-18 13:01:04,1,8.75,in-store
STORE_003,SKU_005,2025-03-18 18:51:20,1,8.75,in-store
STORE_003,SKU_005,2025-03-18 18:20:18,1,8.75,in-store
STORE_004,SKU_001,2025-03-18 12:27:00,1,12.99,in-store
STORE_004,SKU_005,2025-03-18 16:15:38,1,8.75,online
STORE_004,SKU_005,2025-03-18 16:41:53,1,8.75,online
STORE_005,SKU_008,2025-03-18 13:52:30,1,9.99,online
STORE_005,SKU_008,2025-03-18 09:06:30,1,9.99,in-store
STORE_005,SKU_009,2025-03-18 21:09:40,1,115.0,in-store
STORE_005,SKU_009,2025-03-18 10:27:59,1,115.0,in-store
STORE_001,SKU_008,2025-03-19 09:10:55,1,9.99,in-store
STORE_001,SKU_008,2025-03-19 09:14:41,1,9.99,online
STORE_002,SKU_002,2025-03-19 11:29:56,2,24.5,online
STORE_002,SKU_008,2025-03-19 11:23:02,1,9.99,in-store
STORE_003,SKU_002,2025-03-19 12:13:42,3,24.5,in-store
STORE_003,SKU_002,2025-03-19 14:18:17,3,24.5,in-store
STORE_003,SKU_005,2025-03-19 08:46:28,2,8.75,in-store
STORE_003,SKU_005,2025-03-19 20:25:46,2,8.75,online
STORE_003,SKU_005,2025-03-19 17:49:34,2,8.75,online
STORE_003,SKU_010,2025-03-19 12:44:35,1,18.5,in-store
STORE_003,SKU_010,2025-03-19 15:13:20,1,18.5,online
STORE_003,SKU_010,2025-03-19 09:27:46,1,18.5,online
STORE_004,SKU_002,2025-03-19 12:36:51,2,24.5,online
STORE_004,SKU_002,2025-03-19 09:39:12,2,24.5,in-store
STORE_004,SKU_008,2025-03-19 10:44:07,1,9.99,online
STORE_005,SKU_006,2025-03-19 12:13:20,2,15.0,in-store
STORE_005,SKU_006,2025-03-19 19:24:05,2,15.0,in-store
STORE_005,SKU_006,2025-03-19 18:47:35,2,15.0,online
STORE_005,SKU_007,2025-03-19 13:08:55,4,32.2,online
STORE_005,SKU_007,2025-03-19 20:28:17,4,32.2,in-store
STORE_005,SKU_007,2025-03-19 20:36:20,4,32.2,in-store
STORE_001,SKU_002,2025-03-20 15:59:15,3,24.5,online
STORE_001,SKU_002,2025-03-20 20:06:40,3,24.5,online
STORE_001,SKU_002,2025-03-20 20:23:44,3,24.5,in-store
STORE_001,SKU_008,2025-03-20 19:33:02,1,9.99,in-store
STORE_001,SKU_008,2025-03-20 15:21:40,1,9.99,in-store
STORE_002,SKU_003,2025-03-20 13:00:10,2,5.99,online
STORE_002,SKU_003,2025-03-20 11:06:10,2,5.99,online
STORE_002,SKU_003,2025-03-20 13:49:53,2,5.99,in-store
STORE_003,SKU_008,2025-03-20 08:58:29,1,9.99,in-store
STORE_003,SKU_008,2025-03-20 11:46:56,1,9.99,in-store
STORE_004,SKU_001,2025-03-20 18:15:58,1,12.99,in-store
STORE_004,SKU_001,2025-03-20 16:17:24,1,12.99,in-store
STORE_004,SKU_001,2025-03-20 17:02:44,1,12.99,online
STORE_004,SKU_007,2025-03-20 18:43:32,3,32.2,online
STORE_005,SKU_003,2025-03-20 19:59:17,2,5.99,in-store
STORE_005,SKU_007,2025-03-20 19:11:22,3,32.2,online
STORE_005,SKU_007,2025-03-20 13:33:08,3,32.2,in-store
STORE_005,SKU_007,2025-03-20 12:11:16,3,32.2,online
STORE_005,SKU_008,2025-03-20 14:59:52,1,9.99,online
STORE_005,SKU_008,2025-03-20 15:37:06,1,9.99,in-store
STORE_005,SKU_008,2025-03-20 15:08:57,1,9.99,in-store
STORE_005,SKU_010,2025-03-20 17:19:24,2,18.5,online
STORE_005,SKU_010,2025-03-20 15:05:48,2,18.5,online
STORE_005,SKU_010,2025-03-20 18:28:37,2,18.5,online
STORE_001,SKU_005,2025-03-21 11:53:19,2,8.75,online
STORE_001,SKU_005,2025-03-21 19:27:04,2,8.75,in-store
STORE_001,SKU_005,2025-03-21 21:01:04,2,8.75,online
STORE_001,SKU_008,2025-03-21 10:06:20,1,9.99,in-store
STORE_002,SKU_007,2025-03-21 21:16:09,3,32.2,online
STORE_002,SKU_007,2025-03-21 14:14:00,3,32.2,online
STORE_002,SKU_007,2025-03-21 08:57:02,3,32.2,online
STORE_002,SKU_009,2025-03-21 17:48:58,1,115.0,in-store
STORE_002,SKU_009,2025-03-21 20:44:10,1,115.0,online
STORE_002,SKU_009,2025-03-21 09:15:38,1,115.0,online
STORE_003,SKU_002,2025-03-21 19:59:16,2,24.5,in-store
STORE_003,SKU_002,2025-03-21 14:00:34,2,24.5,online
STORE_003,SKU_002,2025-03-21 12:07:24,2,24.5,in-store
STORE_003,SKU_005,2025-03-21 18:55:08,1,8.75,online
STORE_003,SKU_005,2025-03-21 21:41:35,1,8.75,online
STORE_003,SKU_010,2025-03-21 20:21:26,2,18.5,in-store
STORE_003,SKU_010,2025-03-21 17:00:41,2,18.5,in-store
STORE_003,SKU_010,2025-03-21 11:03:30,2,18.5,online
STORE_004,SKU_005,2025-03-21 08:24:53,1,8.75,online
STORE_004,SKU_005,2025-03-21 10:40:27,1,8.75,in-store
STORE_004,SKU_007,2025-03-21 21:54:14,3,32.2,in-store
STORE_004,SKU_007,2025-03-21 10:51:51,3,32.2,in-store
STORE_004,SKU_007,2025-03-21 21:29:31,3,32.2,online
STORE_004,SKU_008,2025-03-21 10:38:58,1,9.99,online
STORE_004,SKU_008,2025-03-21 19:06:14,1,9.99,online
STORE_004,SKU_008,2025-03-21 20:54:19,1,9.99,online
STORE_001,SKU_002,2025-03-22 08:22:46,5,24.5,online
STORE_001,SKU_002,2025-03-22 11:30:41,5,24.5,in-store
STORE_001,SKU_004,2025-03-22 08:40:39,1,49.99,in-store
STORE_001,SKU_004,2025-03-22 10:07:44,1,49.99,online
STORE_001,SKU_005,2025-03-22 18:21:40,2,8.75,in-store
STORE_001,SKU_005,2025-03-22 13:48:22,2,8.75,online
STORE_001,SKU_007,2025-03-22 12:36:53,7,32.2,online
STORE_001,SKU_007,2025-03-22 09:53:36,7,32.2,in-store
STORE_001,SKU_007,2025-03-22 10:33:41,7,32.2,online
STORE_001,SKU_008,2025-03-22 20:32:31,1,9.99,online
STORE_001,SKU_008,2025-03-22 18:29:30,1,9.99,online
STORE_002,SKU_006,2025-03-22 12:32:09,3,15.0,online
STORE_002,SKU_006,2025-03-22 15:35:00,3,15.0,online
STORE_003,SKU_002,2025-03-22 17:46:27,4,24.5,online
STORE_003,SKU_006,2025-03-22 21:20:37,4,15.0,in-store
STORE_003,SKU_006,2025-03-22 11:02:25,4,15.0,online
STORE_003,SKU_006,2025-03-22 18:13:37,4,15.0,online
STORE_004,SKU_004,2025-03-22 08:42:37,1,49.99,online
STORE_005,SKU_002,2025-03-22 14:01:36,3,24.5,online
STORE_005,SKU_002,2025-03-22 20:40:20,3,24.5,online
STORE_005,SKU_002,2025-03-22 15:18:04,3,24.5,in-store
STORE_005,SKU_007,2025-03-22 16:35:26,3,32.2,online
STORE_005,SKU_008,2025-03-22 17:25:00,1,9.99,online
STORE_001,SKU_002,2025-03-23 14:41:13,6,24.5,in-store
STORE_001,SKU_002,2025-03-23 10:24:13,6,24.5,in-store
STORE_001,SKU_002,2025-03-23 12:43:56,6,24.5,in-store
STORE_001,SKU_003,2025-03-23 10:26:42,7,5.99,online
STORE_001,SKU_004,2025-03-23 12:28:27,1,49.99,in-store
STORE_001,SKU_004,2025-03-23 14:50:37,1,49.99,online
STORE_001,SKU_004,2025-03-23 15:13:29,1,49.99,online
STORE_001,SKU_007,2025-03-23 09:05:48,7,32.2,in-store
STORE_001,SKU_007,2025-03-23 14:04:44,7,32.2,online
STORE_001,SKU_008,2025-03-23 08:40:16,1,9.99,in-store
STORE_002,SKU_001,2025-03-23 19:32:06,2,12.99,in-store
STORE_002,SKU_002,2025-03-23 14:41:57,3,24.5,online
STORE_002,SKU_006,2025-03-23 08:01:38,3,15.0,in-store
STORE_003,SKU_004,2025-03-23 12:33:20,1,49.99,online
STORE_003,SKU_004,2025-03-23 17:07:32,1,49.99,in-store
STORE_003,SKU_005,2025-03-23 14:46:06,2,8.75,online
STORE_003,SKU_005,2025-03-23 08:07:36,2,8.75,online
STORE_003,SKU_007,2025-03-23 16:17:48,6,32.2,online
STORE_003,SKU_007,2025-03-23 14:58:57,6,32.2,online
STORE_003,SKU_007,2025-03-23 18:42:37,6,32.2,online
STORE_003,SKU_008,2025-03-23 18:34:19,1,9.99,online
STORE_003,SKU_008,2025-03-23 13:11:08,1,9.99,online
STORE_004,SKU_002,2025-03-23 10:26:40,3,24.5,online
STORE_004,SKU_002,2025-03-23 15:09:13,3,24.5,in-store
STORE_004,SKU_002,2025-03-23 17:32:25,3,24.5,online
STORE_004,SKU_007,2025-03-23 12:02:41,5,32.2,online
STORE_004,SKU_007,2025-03-23 17:50:12,5,32.2,in-store
STORE_004,SKU_007,2025-03-23 19:24:37,5,32.2,online
STORE_005,SKU_002,2025-03-23 18:30:33,2,24.5,online
STORE_005,SKU_002,2025-03-23 12:11:36,2,24.5,in-store
STORE_005,SKU_002,2025-03-23 16:38:25,2,24.5,in-store
STORE_005,SKU_003,2025-03-23 16:52:05,6,5.99,in-store
STORE_005,SKU_003,2025-03-23 09:03:05,6,5.99,online
STORE_005,SKU_003,2025-03-23 15:13:14,6,5.99,in-store
STORE_005,SKU_004,2025-03-23 08:36:54,1,49.99,online
STORE_005,SKU_004,2025-03-23 17:57:57,1,49.99,online
STORE_005,SKU_004,2025-03-23 09:06:54,1,49.99,in-store
STORE_005,SKU_005,2025-03-23 15:27:12,2,8.75,online
STORE_005,SKU_007,2025-03-23 17:07:47,3,32.2,in-store
STORE_005,SKU_007,2025-03-23 16:50:31,3,32.2,online
STORE_001,SKU_002,2025-03-24 10:27:45,3,24.5,online
STORE_001,SKU_002,2025-03-24 08:03:17,3,24.5,in-store
STORE_002,SKU_002,2025-03-24 15:29:31,1,24.5,online
STORE_002,SKU_002,2025-03-24 09:09:25,1,24.5,in-store
STORE_002,SKU_002,2025-03-24 19:39:06,1,24.5,in-store
STORE_002,SKU_004,2025-03-24 14:09:13,1,49.99,online
STORE_003,SKU_005,2025-03-24 21:25:49,1,8.75,in-store
STORE_003,SKU_005,2025-03-24 21:30:16,1,8.75,in-store
STORE_004,SKU_008,2025-03-24 13:32:15,1,9.99,online
STORE_004,SKU_008,2025-03-24 20:39:58,1,9.99,online
STORE_004,SKU_008,2025-03-24 19:46:53,1,9.99,online
STORE_005,SKU_004,2025-03-24 16:24:04,1,49.99,in-store
STORE_005,SKU_004,2025-03-24 10:33:31,1,49.99,in-store
STORE_005,SKU_005,2025-03-24 09:07:52,1,8.75,online
STORE_005,SKU_005,2025-03-24 20:23:14,1,8.75,in-store
STORE_005,SKU_005,2025-03-24 08:35:21,1,8.75,online
STORE_005,SKU_009,2025-03-24 12:40:12,1,115.0,in-store
STORE_005,SKU_009,2025-03-24 10:16:12,1,115.0,in-store
STORE_001,SKU_001,2025-03-25 18:55:37,2,12.99,in-store
STORE_001,SKU_001,2025-03-25 11:33:43,2,12.99,online
STORE_001,SKU_002,2025-03-25 17:21:50,2,24.5,in-store
STORE_001,SKU_002,2025-03-25 16:02:02,2,24.5,online
STORE_001,SKU_004,2025-03-25 16:48:04,,49.99,online
STORE_001,SKU_004,2025-03-25 12:11:06,1,49.99,in-store
STORE_003,SKU_009,2025-03-25 21:35:21,1,115.0,online
STORE_004,SKU_002,2025-03-25 11:22:43,1,24.5,online
STORE_004,SKU_002,2025-03-25 18:11:09,1,24.5,online
STORE_004,SKU_002,2025-03-25 08:55:01,1,24.5,online
STORE_004,SKU_005,2025-03-25 17:00:52,1,8.75,in-store
STORE_004,SKU_005,2025-03-25 21:44:04,1,8.75,online
STORE_004,SKU_005,2025-03-25 10:45:34,1,8.75,online
STORE_005,SKU_003,2025-03-25 09:44:35,3,5.99,online
STORE_005,SKU_003,2025-03-25 17:20:39,3,5.99,in-store
STORE_005,SKU_003,2025-03-25 15:55:56,3,5.99,online
STORE_005,SKU_004,2025-03-25 14:38:42,1,49.99,in-store
STORE_005,SKU_004,2025-03-25 10:59:08,1,49.99,online
STORE_001,SKU_007,2025-03-26 13:40:18,4,32.2,online
STORE_001,SKU_007,2025-03-26 17:50:47,4,32.2,in-store
STORE_001,SKU_008,2025-03-26 15:10:36,1,9.99,online
STORE_001,SKU_010,2025-03-26 18:48:41,3,18.5,in-store
STORE_001,SKU_010,2025-03-26 10:23:32,3,18.5,in-store
STORE_001,SKU_010,2025-03-26 18:22:40,3,18.5,online
STORE_002,SKU_010,2025-03-26 09:42:50,2,18.5,online
STORE_002,SKU_010,2025-03-26 21:56:15,2,18.5,online
STORE_003,SKU_008,2025-03-26 08:05:42,1,9.99,online
STORE_003,SKU_008,2025-03-26 09:05:02,1,9.99,in-store
STORE_005,SKU_001,2025-03-26 14:22:37,1,12.99,in-store
STORE_005,SKU_001,2025-03-26 09:48:47,1,12.99,in-store
STORE_005,SKU_006,2025-03-26 21:27:40,2,15.0,online
STORE_005,SKU_006,2025-03-26 14:21:25,2,15.0,online
STORE_005,SKU_006,2025-03-26 13:38:57,2,15.0,online
STORE_001,SKU_010,2025-03-27 17:47:41,4,18.5,online
STORE_001,SKU_010,2025-03-27 09:32:26,4,18.5,in-store
STORE_002,SKU_008,2025-03-27 13:22:48,1,9.99,online
STORE_002,SKU_008,2025-03-27 18:39:16,1,9.99,online
STORE_002,SKU_009,2025-03-27 21:54:26,1,115.0,online
STORE_003,SKU_004,2025-03-27 13:22:58,1,49.99,online
STORE_003,SKU_004,2025-03-27 11:51:48,1,49.99,in-store
STORE_003,SKU_004,2025-03-27 13:43:03,1,49.99,in-store
STORE_001,SKU_001,2025-03-28 17:40:17,2,12.99,in-store
STORE_001,SKU_001,2025-03-28 12:25:13,2,12.99,in-store
STORE_001,SKU_005,2025-03-28 18:41:20,1,8.75,in-store
STORE_001,SKU_005,2025-03-28 21:56:38,1,8.75,in-store
STORE_001,SKU_007,2025-03-28 15:00:00,5,32.2,in-store
STORE_002,SKU_001,2025-03-28 13:43:22,1,12.99,online
STORE_002,SKU_001,2025-03-28 20:22:37,1,12.99,in-store
STORE_002,SKU_001,2025-03-28 11:41:33,1,12.99,in-store
STORE_004,SKU_005,2025-03-28 19:32:44,1,8.75,online
STORE_004,SKU_005,2025-03-28 18:38:23,1,8.75,in-store
STORE_005,SKU_003,2025-03-28 14:13:04,3,5.99,online
STORE_005,SKU_003,2025-03-28 08:36:02,3,5.99,in-store
STORE_005,SKU_003,2025-03-28 21:55:07,3,5.99,online
STORE_001,SKU_001,2025-03-29 10:12:11,2,12.99,online
STORE_001,SKU_001,2025-03-29 12:08:27,2,12.99,in-store
STORE_001,SKU_001,2025-03-29 13:33:21,2,12.99,online
STORE_001,SKU_004,2025-03-29 09:05:44,1,49.99,online
STORE_001,SKU_007,2025-03-29 11:46:18,4,32.2,in-store
STORE_001,SKU_007,2025-03-29 14:57:32,4,32.2,online
STORE_002,SKU_004,2025-03-29 18:52:19,1,49.99,online
STORE_002,SKU_004,2025-03-29 11:57:10,1,49.99,in-store
STORE_003,SKU_001,2025-03-29 21:53:41,1,12.99,in-store
STORE_003,SKU_007,2025-03-29 15:58:29,5,32.2,online
STORE_003,SKU_007,2025-03-29 19:34:18,5,32.2,online
STORE_003,SKU_007,2025-03-29 19:41:25,5,32.2,online
STORE_004,SKU_005,2025-03-29 21:55:53,3,8.75,online
STORE_004,SKU_006,2025-03-29 15:31:45,4,15.0,in-store
STORE_004,SKU_007,2025-03-29 15:03:06,4,32.2,online
STORE_004,SKU_007,2025-03-29 11:52:29,4,32.2,online
STORE_004,SKU_007,2025-03-29 20:31:46,4,32.2,in-store
STORE_005,SKU_002,2025-03-29 12:29:53,3,24.5,in-store
STORE_005,SKU_002,2025-03-29 12:42:54,3,24.5,online
STORE_005,SKU_002,2025-03-29 17:27:10,3,24.5,online
STORE_005,SKU_003,2025-03-29 20:37:02,3,5.99,in-store
STORE_005,SKU_003,2025-03-29 15:29:54,3,5.99,in-store
STORE_005,SKU_005,2025-03-29 08:15:45,3,8.75,online
STORE_001,SKU_002,2025-03-30 12:51:59,5,24.5,in-store
STORE_001,SKU_004,2025-03-30 09:32:34,1,49.99,online
STORE_001,SKU_004,2025-03-30 21:52:57,1,49.99,in-store
STORE_002,SKU_007,2025-03-30 16:29:08,5,32.2,in-store
STORE_002,SKU_008,2025-03-30 20:02:52,1,9.99,in-store
STORE_002,SKU_008,2025-03-30 13:41:21,1,9.99,online
STORE_002,SKU_009,2025-03-30 08:00:26,2,115.0,in-store
STORE_002,SKU_009,2025-03-30 18:35:44,2,115.0,online
STORE_002,SKU_010,2025-03-30 08:26:04,4,18.5,online
STORE_002,SKU_010,2025-03-30 11:41:37,4,18.5,in-store
STORE_002,SKU_010,2025-03-30 20:20:46,4,18.5,online
STORE_003,SKU_006,2025-03-30 12:24:38,4,15.0,in-store
STORE_003,SKU_006,2025-03-30 13:22:33,4,15.0,online
STORE_003,SKU_007,2025-03-30 08:33:54,4,32.2,in-store
STORE_003,SKU_008,2025-03-30 20:39:52,1,9.99,online
STORE_003,SKU_008,2025-03-30 21:31:25,1,9.99,in-store
STORE_005,SKU_002,2025-03-30 17:40:52,3,24.5,online
STORE_005,SKU_002,2025-03-30 19:30:04,3,24.5,online
STORE_005,SKU_002,2025-03-30 15:53:39,3,24.5,in-store
STORE_005,SKU_007,2025-03-30 09:53:29,3,32.2,in-store
STORE_005,SKU_007,2025-03-30 20:30:18,3,32.2,online
STORE_005,SKU_007,2025-03-30 11:30:03,3,32.2,online
STORE_001,SKU_004,2025-03-31 18:37:59,1,49.99,online
STORE_001,SKU_005,2025-03-31 13:50:45,1,8.75,in-store
STORE_001,SKU_007,2025-03-31 09:21:33,3,32.2,in-store
STORE_001,SKU_007,2025-03-31 11:19:58,3,32.2,in-store
STORE_001,SKU_008,2025-03-31 14:17:04,1,9.99,online
STORE_001,SKU_008,2025-03-31 15:52:42,1,9.99,in-store
STORE_001,SKU_008,2025-03-31 20:47:59,1,9.99,online
STORE_003,SKU_008,2025-03-31 14:20:45,1,9.99,online
STORE_003,SKU_008,2025-03-31 15:50:35,1,9.99,in-store
STORE_003,SKU_010,2025-03-31 20:47:35,2,18.5,in-store
STORE_003,SKU_010,2025-03-31 18:23:06,2,18.5,online
STORE_004,SKU_006,2025-03-31 20:59:55,2,15.0,online
STORE_005,SKU_007,2025-03-31 10:09:26,3,32.2,in-store
STORE_005,SKU_007,2025-03-31 17:48:44,3,32.2,online
STORE_005,SKU_007,2025-03-31 11:41:25,3,32.2,in-store
STORE_005,SKU_010,2025-03-31 09:33:34,2,18.5,in-store
STORE_001,SKU_002,2025-04-01 14:24:40,3,24.5,online
STORE_001,SKU_008,2025-04-01 10:50:27,1,9.99,in-store
STORE_002,SKU_001,2025-04-01 18:55:20,1,12.99,in-store
STORE_002,SKU_001,2025-04-01 16:30:32,1,12.99,in-store
STORE_002,SKU_004,2025-04-01 11:52:10,1,49.99,online
STORE_002,SKU_004,2025-04-01 08:04:09,1,49.99,in-store
STORE_002,SKU_005,2025-04-01 20:15:35,1,8.75,online
STORE_002,SKU_005,2025-04-01 15:17:58,1,8.75,online
STORE_002,SKU_005,2025-04-01 12:20:37,1,8.75,in-store
STORE_003,SKU_005,2025-04-01 08:50:05,1,8.75,online
STORE_003,SKU_005,2025-04-01 18:02:46,1,8.75,in-store
STORE_003,SKU_010,2025-04-01 08:03:53,2,18.5,online
STORE_003,SKU_010,2025-04-01 20:30:04,2,18.5,online
STORE_003,SKU_010,2025-04-01 16:52:21,2,18.5,in-store
STORE_005,SKU_008,2025-04-01 19:34:06,1,9.99,in-store
STORE_005,SKU_008,2025-04-01 14:45:25,1,9.99,in-store
STORE_005,SKU_008,2025-04-01 19:45:48,1,9.99,in-store
STORE_001,SKU_007,2025-04-02 16:27:13,3,32.2,in-store
STORE_001,SKU_007,2025-04-02 19:22:14,3,32.2,online
STORE_001,SKU_009,2025-04-02 16:04:58,2,115.0,online
STORE_002,SKU_009,2025-04-02 20:45:35,1,115.0,in-store
STORE_002,SKU_010,2025-04-02 15:04:06,1,18.5,in-store
STORE_002,SKU_010,2025-04-02 08:09:06,1,18.5,online
STORE_003,SKU_002,2025-04-02 19:05:57,2,24.5,in-store
STORE_003,SKU_002,2025-04-02 14:54:23,2,24.5,in-store
STORE_003,SKU_004,2025-04-02 17:30:48,1,49.99,in-store
STORE_003,SKU_006,2025-04-02 20:52:32,3,15.0,online
STORE_004,SKU_001,2025-04-02 13:59:31,2,12.99,online
STORE_004,SKU_001,2025-04-02 20:00:45,2,12.99,in-store
STORE_004,SKU_001,2025-04-02 08:53:04,2,12.99,online
STORE_004,SKU_002,2025-04-02 11:34:19,2,24.5,online
STORE_004,SKU_002,2025-04-02 18:21:19,2,24.5,online
STORE_004,SKU_002,2025-04-02 10:28:36,2,24.5,in-store
STORE_004,SKU_003,2025-04-02 21:17:22,3,5.99,online
STORE_004,SKU_003,2025-04-02 19:18:44,3,5.99,in-store
STORE_004,SKU_005,2025-04-02 20:17:51,1,8.75,in-store
STORE_004,SKU_007,2025-04-02 14:31:08,3,32.2,online
STORE_005,SKU_008,2025-04-02 11:59:15,1,9.99,online
STORE_005,SKU_008,2025-04-02 11:13:04,1,9.99,in-store
STORE_002,SKU_004,2025-04-03 19:36:56,1,49.99,in-store
STORE_002,SKU_004,2025-04-03 20:51:05,1,49.99,in-store
STORE_004,SKU_001,2025-04-03 17:06:00,1,12.99,in-store
STORE_004,SKU_001,2025-04-03 15:18:54,1,12.99,in-store
STORE_004,SKU_002,2025-04-03 11:17:04,2,24.5,in-store
STORE_004,SKU_002,2025-04-03 12:25:53,2,24.5,in-store
STORE_005,SKU_007,2025-04-03 15:15:16,3,32.2,online
STORE_005,SKU_007,2025-04-03 14:16:09,3,32.2,online
STORE_005,SKU_007,2025-04-03 16:53:10,3,32.2,in-store
STORE_005,SKU_008,2025-04-03 21:50:13,1,9.99,in-store
STORE_005,SKU_008,2025-04-03 15:17:29,1,9.99,in-store
STORE_005,SKU_008,2025-04-03 14:34:53,1,9.99,online
STORE_001,SKU_001,2025-04-04 11:17:46,1,12.99,in-store
STORE_001,SKU_001,2025-04-04 17:14:47,1,12.99,in-store
STORE_001,SKU_001,2025-04-04 11:20:24,1,12.99,in-store
STORE_001,SKU_005,2025-04-04 11:52:18,2,8.75,online
STORE_001,SKU_005,2025-04-04 08:22:39,2,8.75,online
STORE_001,SKU_006,2025-04-04 12:51:59,2,15.0,in-store
STORE_001,SKU_006,2025-04-04 18:13:07,2,15.0,in-store
STORE_001,SKU_006,2025-04-04 10:26:20,2,,online
STORE_001,SKU_008,2025-04-04 13:12:57,1,9.99,in-store
STORE_001,SKU_008,2025-04-04 20:08:34,1,9.99,in-store
STORE_002,SKU_005,2025-04-04 18:56:09,2,8.75,in-store
STORE_002,SKU_005,2025-04-04 18:13:56,2,8.75,online
STORE_002,SKU_008,2025-04-04 08:20:14,1,9.99,online
STORE_002,SKU_008,2025-04-04 14:56:41,1,9.99,online
STORE_002,SKU_008,2025-04-04 18:45:02,1,9.99,online
STORE_003,SKU_006,2025-04-04 10:58:25,1,15.0,in-store
STORE_003,SKU_006,2025-04-04 20:58:08,1,15.0,online
STORE_003,SKU_006,2025-04-04 20:06:02,1,15.0,online
STORE_003,SKU_007,2025-04-04 11:18:29,2,32.2,online
STORE_003,SKU_007,2025-04-04 20:13:55,2,32.2,in-store
STORE_003,SKU_007,2025-04-04 18:01:01,2,32.2,online
STORE_003,SKU_008,2025-04-04 12:24:44,1,9.99,in-store
STORE_003,SKU_008,2025-04-04 17:54:07,1,9.99,online
STORE_003,SKU_010,2025-04-04 10:12:16,2,18.5,online
STORE_003,SKU_010,2025-04-04 16:48:18,2,18.5,online
STORE_003,SKU_010,2025-04-04 20:01:49,2,18.5,in-store
STORE_004,SKU_005,2025-04-04 13:19:53,1,8.75,online
STORE_004,SKU_005,2025-04-04 20:53:17,1,8.75,online
STORE_004,SKU_008,2025-04-04 16:21:38,1,9.99,in-store
STORE_005,SKU_001,2025-04-04 18:07:40,1,12.99,online
STORE_001,SKU_002,2025-04-05 13:41:10,4,24.5,online
STORE_001,SKU_002,2025-04-05 11:06:56,4,24.5,online
STORE_001,SKU_002,2025-04-05 16:15:07,4,24.5,in-store
STORE_001,SKU_006,2025-04-05 11:16:06,5,15.0,online
STORE_001,SKU_008,2025-04-05 19:08:09,1,9.99,online
STORE_001,SKU_008,2025-04-05 18:07:02,1,9.99,in-store
STORE_002,SKU_002,2025-04-05 15:12:57,3,24.5,online
STORE_002,SKU_005,2025-04-05 15:00:27,2,8.75,online
STORE_002,SKU_008,2025-04-05 11:18:34,1,9.99,online
STORE_002,SKU_008,2025-04-05 08:31:10,1,9.99,in-store
STORE_002,SKU_008,2025-04-05 10:36:50,1,9.99,in-store
STORE_002,SKU_009,2025-04-05 19:33:14,2,115.0,in-store
STORE_003,SKU_001,2025-04-05 19:00:05,3,12.99,online
STORE_003,SKU_001,2025-04-05 12:08:52,3,12.99,online
STORE_003,SKU_001,2025-04-05 17:27:40,3,12.99,in-store
STORE_003,SKU_004,2025-04-05 13:43:48,1,49.99,online
STORE_003,SKU_004,2025-04-05 16:47:59,1,49.99,in-store
STORE_003,SKU_004,2025-04-05 18:15:02,1,49.99,online
STORE_003,SKU_008,2025-04-05 21:07:47,1,9.99,in-store
STORE_003,SKU_008,2025-04-05 14:25:14,1,9.99,online
STORE_004,SKU_001,2025-04-05 12:59:02,2,12.99,in-store
STORE_004,SKU_003,2025-04-05 11:22:28,5,5.99,online
STORE_004,SKU_003,2025-04-05 17:27:43,5,5.99,online
STORE_004,SKU_003,2025-04-05 20:57:36,5,5.99,online
STORE_004,SKU_005,2025-04-05 10:55:59,2,8.75,in-store
STORE_004,SKU_005,2025-04-05 13:22:29,2,8.75,online
STORE_004,SKU_006,2025-04-05 14:41:45,3,15.0,online
STORE_004,SKU_006,2025-04-05 12:43:07,3,15.0,online
STORE_004,SKU_008,2025-04-05 21:54:38,1,9.99,in-store
STORE_004,SKU_008,2025-04-05 12:06:37,1,9.99,online
STORE_005,SKU_005,2025-04-05 15:52:17,2,8.75,online
STORE_001,SKU_001,2025-04-06 13:57:36,3,12.99,in-store
STORE_001,SKU_006,2025-04-06 10:06:25,4,15.0,in-store
STORE_001,SKU_007,2025-04-06 14:25:34,5,32.2,online
STORE_001,SKU_009,2025-04-06 17:32:32,3,115.0,in-store
STORE_001,SKU_009,2025-04-06 10:24:43,3,115.0,in-store
STORE_001,SKU_009,2025-04-06 08:41:25,3,115.0,online
STORE_002,SKU_007,2025-04-06 13:37:01,6,32.2,in-store
STORE_002,SKU_007,2025-04-06 13:34:24,6,32.2,in-store
STORE_002,SKU_007,2025-04-06 13:31:04,6,32.2,in-store
STORE_002,SKU_008,2025-04-06 11:10:37,1,9.99,online
STORE_002,SKU_008,2025-04-06 20:44:28,1,9.99,online
STORE_003,SKU_005,2025-04-06 09:00:05,1,8.75,in-store
STORE_003,SKU_005,2025-04-06 17:12:04,1,8.75,online
STORE_003,SKU_005,2025-04-06 11:20:23,1,8.75,in-store
STORE_003,SKU_007,2025-04-06 20:29:17,4,32.2,in-store
STORE_003,SKU_007,2025-04-06 14:52:36,4,32.2,in-store
STORE_003,SKU_007,2025-04-06 19:10:58,4,32.2,online
STORE_003,SKU_009,2025-04-06 20:26:29,2,115.0,online
STORE_003,SKU_009,2025-04-06 14:20:23,2,115.0,online
STORE_003,SKU_009,2025-04-06 10:38:23,2,115.0,online
STORE_003,SKU_010,2025-04-06 20:49:00,3,18.5,online
STORE_003,SKU_010,2025-04-06 09:03:26,3,18.5,in-store
STORE_004,SKU_010,2025-04-06 16:25:18,3,18.5,in-store
STORE_005,SKU_004,2025-04-06 16:40:10,1,49.99,online
STORE_005,SKU_007,2025-04-06 21:19:12,4,32.2,in-store
STORE_005,SKU_007,2025-04-06 10:28:29,4,32.2,in-store
STORE_005,SKU_008,2025-04-06 11:15:39,1,9.99,in-store
STORE_005,SKU_008,2025-04-06 19:38:04,1,9.99,online
STORE_001,SKU_001,2025-04-07 08:11:55,1,12.99,online
STORE_001,SKU_001,2025-04-07 08:30:37,1,12.99,online
STORE_001,SKU_005,2025-04-07 15:57:54,2,8.75,in-store
STORE_001,SKU_005,2025-04-07 17:53:12,2,8.75,in-store
STORE_001,SKU_010,2025-04-07 11:41:42,4,18.5,in-store
STORE_001,SKU_010,2025-04-07 17:24:44,4,18.5,in-store
STORE_001,SKU_010,2025-04-07 14:55:15,,18.5,in-store
STORE_002,SKU_005,2025-04-07 18:37:04,2,8.75,in-store
STORE_002,SKU_005,2025-04-07 20:49:13,2,8.75,in-store
STORE_003,SKU_005,2025-04-07 15:58:56,1,8.75,in-store
STORE_003,SKU_005,2025-04-07 10:26:46,1,8.75,in-store
STORE_003,SKU_005,2025-04-07 19:38:55,1,8.75,in-store
STORE_003,SKU_008,2025-04-07 11:26:24,1,9.99,online
STORE_003,SKU_008,2025-04-07 18:18:33,1,9.99,in-store
STORE_003,SKU_008,2025-04-07 11:56:01,1,9.99,online
STORE_004,SKU_008,2025-04-07 11:36:25,1,9.99,online
STORE_004,SKU_008,2025-04-07 10:02:56,1,9.99,in-store
STORE_004,SKU_008,2025-04-07 20:55:20,1,9.99,online
STORE_005,SKU_010,2025-04-07 20:56:43,3,18.5,in-store
STORE_001,SKU_002,2025-04-08 13:41:33,2,24.5,online
STORE_001,SKU_002,2025-04-08 11:51:55,2,24.5,in-store
STORE_001,SKU_002,2025-04-08 20:00:29,2,24.5,online
STORE_001,SKU_003,2025-04-08 08:03:41,3,5.99,online
STORE_001,SKU_003,2025-04-08 10:26:28,3,5.99,in-store
STORE_001,SKU_003,2025-04-08 09:34:38,3,5.99,in-store
STORE_001,SKU_007,2025-04-08 21:32:27,3,32.2,online
STORE_001,SKU_007,2025-04-08 19:26:28,3,32.2,online
STORE_001,SKU_007,2025-04-08 09:02:53,3,32.2,in-store
STORE_001,SKU_010,2025-04-08 15:04:11,2,18.5,in-store
STORE_001,SKU_010,2025-04-08 11:12:27,2,18.5,online
STORE_002,SKU_005,2025-04-08 17:01:17,1,8.75,in-store
STORE_003,SKU_002,2025-04-08 20:17:10,2,24.5,online
STORE_003,SKU_005,2025-04-08 12:16:20,1,8.75,online
STORE_003,SKU_005,2025-04-08 16:01:58,1,8.75,online
STORE_003,SKU_009,2025-04-08 16:27:53,1,115.0,in-store
STORE_004,SKU_001,2025-04-08 19:11:06,1,12.99,in-store
STORE_004,SKU_001,2025-04-08 17:29:11,1,12.99,online
STORE_004,SKU_001,2025-04-08 11:37:43,1,12.99,online
STORE_004,SKU_007,2025-04-08 11:06:04,3,32.2,online
STORE_004,SKU_007,2025-04-08 11:38:54,3,32.2,in-store
STORE_004,SKU_008,2025-04-08 16:36:10,1,9.99,online
STORE_004,SKU_008,2025-04-08 19:21:55,1,9.99,online
STORE_004,SKU_010,2025-04-08 16:50:29,2,18.5,online
STORE_004,SKU_010,2025-04-08 18:21:55,2,18.5,online
STORE_004,SKU_010,2025-04-08 10:13:31,2,18.5,online
STORE_005,SKU_007,2025-04-08 16:57:42,3,32.2,in-store
STORE_005,SKU_007,2025-04-08 19:19:47,3,32.2,online
STORE_005,SKU_007,2025-04-08 16:56:43,3,32.2,online
STORE_005,SKU_009,2025-04-08 15:08:15,1,115.0,in-store
STORE_005,SKU_009,2025-04-08 16:11:15,1,115.0,in-store
STORE_005,SKU_009,2025-04-08 15:33:45,1,115.0,in-store
STORE_001,SKU_002,2025-04-09 10:46:59,2,24.5,online
STORE_001,SKU_002,2025-04-09 11:01:29,2,24.5,online
STORE_001,SKU_002,2025-04-09 21:18:17,2,24.5,online
STORE_001,SKU_003,2025-04-09 19:29:31,4,5.99,in-store
STORE_001,SKU_003,2025-04-09 13:39:03,4,5.99,in-store
STORE_001,SKU_009,2025-04-09 19:56:17,2,115.0,online
STORE_001,SKU_010,2025-04-09 13:07:16,2,18.5,in-store
STORE_001,SKU_010,2025-04-09 12:39:43,2,18.5,in-store
STORE_001,SKU_010,2025-04-09 11:52:24,2,18.5,in-store
STORE_001,SKU_001,2025-04-10 14:00:40,1,12.99,in-store
STORE_001,SKU_008,2025-04-10 19:38:34,1,9.99,in-store
STORE_002,SKU_002,2025-04-10 13:37:21,1,24.5,online
STORE_003,SKU_004,2025-04-10 11:33:36,1,49.99,in-store
STORE_003,SKU_004,2025-04-10 11:48:10,1,49.99,online
STORE_005,SKU_004,2025-04-10 17:13:02,1,49.99,online
STORE_001,SKU_004,2025-04-11 10:44:31,1,49.99,online
STORE_001,SKU_005,2025-04-11 19:16:19,1,8.75,in-store
STORE_004,SKU_005,2025-04-11 10:48:06,1,8.75,in-store
STORE_004,SKU_005,2025-04-11 12:46:30,1,8.75,in-store
STORE_004,SKU_006,2025-04-11 21:27:27,2,15.0,in-store
STORE_004,SKU_006,2025-04-11 11:41:41,2,15.0,online
STORE_004,SKU_006,2025-04-11 21:22:38,2,15.0,in-store
STORE_004,SKU_008,2025-04-11 18:26:28,1,9.99,online
STORE_004,SKU_008,2025-04-11 11:02:14,1,9.99,online
STORE_005,SKU_002,2025-04-11 08:06:45,2,24.5,online
STORE_005,SKU_002,2025-04-11 17:32:38,2,24.5,in-store
STORE_005,SKU_002,2025-04-11 18:18:32,2,24.5,in-store
STORE_001,SKU_005,2025-04-12 13:08:26,3,8.75,online
STORE_001,SKU_005,2025-04-12 10:42:44,3,,online
STORE_001,SKU_008,2025-04-12 15:24:14,1,9.99,in-store
STORE_001,SKU_010,2025-04-12 15:59:56,4,18.5,online
STORE_002,SKU_010,2025-04-12 20:41:06,2,18.5,online
STORE_002,SKU_010,2025-04-12 17:33:23,2,18.5,online
STORE_002,SKU_010,2025-04-12 15:44:53,2,18.5,in-store
STORE_003,SKU_001,2025-04-12 13:15:40,2,12.99,in-store
STORE_003,SKU_001,2025-04-12 10:24:02,2,12.99,online
STORE_003,SKU_001,2025-04-12 11:04:29,2,12.99,in-store
STORE_003,SKU_004,2025-04-12 16:44:22,1,49.99,online
STORE_003,SKU_004,2025-04-12 17:57:12,1,49.99,in-store
STORE_003,SKU_005,2025-04-12 17:33:36,2,8.75,in-store
STORE_003,SKU_005,2025-04-12 10:26:30,2,8.75,online
STORE_003,SKU_007,2025-04-12 11:43:23,5,32.2,in-store
STORE_003,SKU_007,2025-04-12 14:54:33,5,32.2,online
STORE_004,SKU_005,2025-04-12 13:46:33,2,8.75,online
STORE_004,SKU_008,2025-04-12 19:14:55,1,9.99,in-store
STORE_004,SKU_008,2025-04-12 15:26:05,1,9.99,online
STORE_004,SKU_008,2025-04-12 18:20:22,1,9.99,online
STORE_004,SKU_009,2025-04-12 17:36:12,2,115.0,in-store
STORE_004,SKU_009,2025-04-12 17:17:24,2,115.0,online
STORE_004,SKU_009,2025-04-12 15:16:28,2,115.0,in-store
STORE_005,SKU_002,2025-04-12 09:51:47,4,24.5,online
STORE_005,SKU_002,2025-04-12 10:34:59,4,24.5,online
STORE_005,SKU_002,2025-04-12 08:40:16,4,24.5,online
STORE_005,SKU_005,2025-04-12 08:53:57,2,8.75,in-store
STORE_001,SKU_002,2025-04-13 09:04:49,4,24.5,online
STORE_001,SKU_002,2025-04-13 14:37:18,4,24.5,in-store
STORE_001,SKU_002,2025-04-13 17:28:30,4,24.5,online
STORE_001,SKU_005,2025-04-13 13:46:03,4,8.75,online
STORE_001,SKU_005,2025-04-13 08:18:01,4,8.75,online
STORE_001,SKU_008,2025-04-13 11:40:02,2,9.99,online
STORE_002,SKU_001,2025-04-13 11:58:41,2,12.99,in-store
STORE_002,SKU_002,2025-04-13 10:04:20,3,24.5,online
STORE_002,SKU_002,2025-04-13 20:08:34,3,24.5,in-store
STORE_002,SKU_002,2025-04-13 17:33:03,3,24.5,online
STORE_004,SKU_002,2025-04-13 19:46:53,4,24.5,in-store
STORE_004,SKU_005,2025-04-13 14:50:28,1,8.75,online
STORE_004,SKU_006,2025-04-13 16:00:52,4,15.0,online
STORE_004,SKU_008,2025-04-13 13:08:52,1,9.99,online
STORE_004,SKU_008,2025-04-13 18:03:09,1,9.99,online
STORE_005,SKU_008,2025-04-13 18:40:28,1,9.99,online
STORE_005,SKU_008,2025-04-13 21:27:06,1,9.99,in-store
STORE_005,SKU_010,2025-04-13 18:12:17,4,18.5,in-store
STORE_005,SKU_010,2025-04-13 12:36:44,4,18.5,in-store
STORE_005,SKU_010,2025-04-13 15:07:52,4,18.5,online
STORE_001,SKU_007,2025-04-14 15:30:06,3,32.2,online
STORE_001,SKU_007,2025-04-14 13:23:35,3,32.2,online
STORE_001,SKU_007,2025-04-14 19:50:37,3,32.2,in-store
STORE_001,SKU_010,2025-04-14 09:16:01,3,18.5,in-store
STORE_001,SKU_010,2025-04-14 12:39:04,3,18.5,online
STORE_001,SKU_010,2025-04-14 14:29:08,3,18.5,in-store
STORE_002,SKU_005,2025-04-14 13:40:43,1,8.75,in-store
STORE_002,SKU_005,2025-04-14 08:12:07,1,8.75,online
STORE_002,SKU_008,2025-04-14 15:31:28,1,9.99,online
STORE_002,SKU_008,2025-04-14 09:38:17,1,9.99,in-store
STORE_002,SKU_008,2025-04-14 10:51:12,1,9.99,online
STORE_002,SKU_010,2025-04-14 09:37:40,3,18.5,in-store
STORE_002,SKU_010,2025-04-14 11:48:34,3,18.5,in-store
STORE_002,SKU_010,2025-04-14 19:56:02,3,18.5,in-store
STORE_005,SKU_001,2025-04-14 16:51:09,1,12.99,in-store
STORE_005,SKU_001,2025-04-14 09:53:34,1,12.99,in-store
STORE_005,SKU_002,2025-04-14 17:38:54,2,24.5,online
STORE_005,SKU_005,2025-04-14 11:49:51,1,8.75,in-store
STORE_005,SKU_005,2025-04-14 11:54:01,1,8.75,in-store
STORE_005,SKU_005,2025-04-14 20:10:17,1,8.75,in-store
STORE_005,SKU_007,2025-04-14 19:01:05,3,32.2,in-store
STORE_005,SKU_007,2025-04-14 15:56:31,3,32.2,online
STORE_001,SKU_002,2025-04-15 19:08:27,4,24.5,online
STORE_002,SKU_007,2025-04-15 08:12:56,3,32.2,in-store
STORE_004,SKU_001,2025-04-15 18:25:39,1,12.99,online
STORE_004,SKU_001,2025-04-15 13:07:01,1,12.99,online
STORE_004,SKU_005,2025-04-15 18:57:45,1,8.75,online
STORE_004,SKU_005,2025-04-15 08:51:58,1,8.75,in-store
STORE_004,SKU_005,2025-04-15 12:09:50,1,8.75,in-store
STORE_004,SKU_007,2025-04-15 17:30:25,2,32.2,online
STORE_004,SKU_007,2025-04-15 19:14:06,2,32.2,in-store
STORE_001,SKU_001,2025-04-16 08:42:31,2,12.99,online
STORE_001,SKU_001,2025-04-16 19:01:39,2,12.99,in-store
STORE_001,SKU_001,2025-04-16 14:57:02,2,12.99,online
STORE_001,SKU_003,2025-04-16 19:17:29,3,5.99,online
STORE_001,SKU_004,2025-04-16 13:39:13,1,49.99,online
STORE_001,SKU_004,2025-04-16 15:40:15,1,49.99,online
STORE_001,SKU_004,2025-04-16 13:06:15,1,49.99,in-store
STORE_001,SKU_008,2025-04-16 09:23:48,1,9.99,in-store
STORE_001,SKU_008,2025-04-16 20:11:09,1,9.99,in-store
STORE_001,SKU_008,2025-04-16 10:56:32,1,9.99,in-store
STORE_001,SKU_009,2025-04-16 10:11:10,2,115.0,in-store
STORE_001,SKU_009,2025-04-16 21:02:28,2,115.0,online
STORE_002,SKU_004,2025-04-16 17:56:53,1,49.99,in-store
STORE_002,SKU_004,2025-04-16 12:02:25,1,49.99,online
STORE_002,SKU_005,2025-04-16 08:13:13,1,8.75,in-store
STORE_002,SKU_005,2025-04-16 14:18:16,1,8.75,in-store
STORE_003,SKU_004,2025-04-16 10:13:17,1,49.99,in-store
STORE_003,SKU_004,2025-04-16 19:10:14,1,49.99,online
STORE_003,SKU_004,2025-04-16 14:57:35,1,49.99,in-store
STORE_003,SKU_010,2025-04-16 18:39:44,2,18.5,online
STORE_003,SKU_010,2025-04-16 11:25:30,2,18.5,in-store
STORE_003,SKU_010,2025-04-16 16:49:39,2,18.5,online
STORE_004,SKU_005,2025-04-16 21:23:50,1,8.75,in-store
STORE_004,SKU_005,2025-04-16 19:55:31,1,8.75,in-store
STORE_004,SKU_006,2025-04-16 15:12:51,2,15.0,online
STORE_001,SKU_002,2025-04-17 18:31:51,3,24.5,online
STORE_001,SKU_002,2025-04-17 13:29:17,3,24.5,online
STORE_001,SKU_002,2025-04-17 15:56:44,3,24.5,in-store
STORE_001,SKU_004,2025-04-17 14:48:53,1,49.99,online
STORE_001,SKU_004,2025-04-17 09:09:08,1,49.99,in-store
STORE_002,SKU_004,2025-04-17 11:04:03,1,49.99,online
STORE_002,SKU_004,2025-04-17 09:30:27,1,49.99,in-store
STORE_002,SKU_004,2025-04-17 19:05:57,1,49.99,in-store
STORE_002,SKU_006,2025-04-17 09:50:56,2,15.0,online
STORE_002,SKU_006,2025-04-17 15:02:32,2,15.0,in-store
STORE_003,SKU_002,2025-04-17 18:28:24,2,24.5,online
STORE_003,SKU_004,2025-04-17 17:23:52,1,49.99,online
STORE_003,SKU_004,2025-04-17 17:03:52,1,49.99,in-store
STORE_003,SKU_004,2025-04-17 14:37:02,,49.99,in-store
STORE_003,SKU_005,2025-04-17 13:21:45,1,8.75,in-store
STORE_003,SKU_005,2025-04-17 10:16:51,1,8.75,in-store
STORE_003,SKU_005,2025-04-17 09:46:46,1,8.75,in-store
STORE_003,SKU_008,2025-04-17 16:53:35,1,9.99,in-store
STORE_003,SKU_008,2025-04-17 21:35:46,1,9.99,in-store
STORE_004,SKU_002,2025-04-17 19:45:03,2,24.5,online
STORE_004,SKU_002,2025-04-17 19:49:54,2,24.5,in-store
STORE_004,SKU_002,2025-04-17 19:38:41,2,24.5,online
STORE_004,SKU_004,2025-04-17 21:20:18,1,49.99,online
STORE_004,SKU_004,2025-04-17 15:26:42,1,49.99,in-store
STORE_004,SKU_009,2025-04-17 10:45:11,2,115.0,online
STORE_002,SKU_001,2025-04-18 16:24:32,1,12.99,in-store
STORE_002,SKU_002,2025-04-18 20:30:01,2,24.5,in-store
STORE_002,SKU_002,2025-04-18 12:14:08,2,24.5,in-store
STORE_002,SKU_002,2025-04-18 08:23:13,2,24.5,online
STORE_002,SKU_007,2025-04-18 15:08:43,2,32.2,online
STORE_002,SKU_007,2025-04-18 09:29:06,2,32.2,online
STORE_002,SKU_007,2025-04-18 14:05:50,2,32.2,online
STORE_002,SKU_008,2025-04-18 19:21:05,1,9.99,online
STORE_002,SKU_008,2025-04-18 18:57:14,1,9.99,online
STORE_002,SKU_008,2025-04-18 08:00:33,1,9.99,in-store
STORE_002,SKU_010,2025-04-18 17:37:17,1,18.5,in-store
STORE_003,SKU_001,2025-04-18 12:59:32,1,12.99,in-store
STORE_003,SKU_001,2025-04-18 11:17:58,,12.99,in-store
STORE_003,SKU_001,2025-04-18 16:04:37,1,12.99,online
STORE_004,SKU_008,2025-04-18 11:21:36,1,,in-store
STORE_004,SKU_008,2025-04-18 16:37:20,1,9.99,online
STORE_004,SKU_008,2025-04-18 16:22:09,1,9.99,in-store
STORE_005,SKU_005,2025-04-18 10:23:09,1,8.75,online
STORE_005,SKU_008,2025-04-18 08:00:05,1,9.99,online
STORE_005,SKU_008,2025-04-18 16:18:42,1,9.99,online
STORE_005,SKU_010,2025-04-18 08:32:46,1,18.5,in-store
STORE_005,SKU_010,2025-04-18 09:08:13,1,18.5,in-store
STORE_001,SKU_001,2025-04-19 20:53:33,3,12.99,online
STORE_001,SKU_001,2025-04-19 17:38:16,3,12.99,online
STORE_001,SKU_001,2025-04-19 15:40:07,3,12.99,in-store
STORE_001,SKU_002,2025-04-19 18:15:04,4,24.5,online
STORE_001,SKU_002,2025-04-19 19:25:53,4,24.5,in-store
STORE_001,SKU_002,2025-04-19 13:28:01,4,24.5,in-store
STORE_001,SKU_003,2025-04-19 15:45:21,7,5.99,in-store
STORE_001,SKU_003,2025-04-19 11:29:26,7,5.99,online
STORE_001,SKU_003,2025-04-19 13:41:20,7,5.99,in-store
STORE_001,SKU_005,2025-04-19 14:52:03,2,8.75,online
STORE_001,SKU_005,2025-04-19 18:38:10,2,8.75,online
STORE_001,SKU_005,2025-04-19 16:24:22,2,8.75,in-store
STORE_002,SKU_005,2025-04-19 13:12:31,2,8.75,online
STORE_002,SKU_005,2025-04-19 21:53:34,2,8.75,online
STORE_003,SKU_004,2025-04-19 11:55:40,1,49.99,online
STORE_003,SKU_007,2025-04-19 09:03:07,3,32.2,online
STORE_003,SKU_008,2025-04-19 14:06:26,1,9.99,in-store
STORE_003,SKU_008,2025-04-19 10:10:58,1,9.99,in-store
STORE_003,SKU_008,2025-04-19 15:15:36,1,9.99,in-store
STORE_004,SKU_002,2025-04-19 08:19:01,3,24.5,online
STORE_004,SKU_010,2025-04-19 10:34:23,2,18.5,in-store
STORE_004,SKU_010,2025-04-19 17:45:29,2,18.5,online
STORE_004,SKU_010,2025-04-19 16:03:41,2,18.5,online
STORE_005,SKU_001,2025-04-19 13:02:24,1,12.99,in-store
STORE_005,SKU_001,2025-04-19 12:28:22,1,12.99,online
STORE_005,SKU_002,2025-04-19 13:11:41,3,24.5,in-store
STORE_005,SKU_004,2025-04-19 10:10:41,1,,online
STORE_005,SKU_004,2025-04-19 17:45:55,1,49.99,online
STORE_005,SKU_004,2025-04-19 12:10:48,1,49.99,online
STORE_001,SKU_005,2025-04-20 21:27:39,3,8.75,online
STORE_001,SKU_005,2025-04-20 12:55:36,3,8.75,in-store
STORE_001,SKU_005,2025-04-20 15:07:24,3,8.75,online
STORE_001,SKU_007,2025-04-20 13:44:02,5,32.2,in-store
STORE_001,SKU_007,2025-04-20 10:07:57,5,32.2,online
STORE_001,SKU_007,2025-04-20 14:33:19,5,32.2,in-store
STORE_001,SKU_008,2025-04-20 10:20:36,1,9.99,in-store
STORE_001,SKU_008,2025-04-20 15:39:55,1,9.99,in-store
STORE_001,SKU_008,2025-04-20 20:00:15,1,9.99,in-store
STORE_002,SKU_004,2025-04-20 13:47:44,1,49.99,online
STORE_002,SKU_008,2025-04-20 17:58:23,1,9.99,online
STORE_003,SKU_008,2025-04-20 09:20:06,1,9.99,online
STORE_003,SKU_008,2025-04-20 20:31:22,1,9.99,in-store
STORE_003,SKU_008,2025-04-20 21:48:58,1,9.99,in-store
STORE_004,SKU_002,2025-04-20 21:54:15,2,24.5,online
STORE_004,SKU_002,2025-04-20 21:06:05,2,24.5,in-store
STORE_004,SKU_002,2025-04-20 09:14:23,2,24.5,in-store
STORE_004,SKU_003,2025-04-20 18:05:50,4,5.99,in-store
STORE_004,SKU_005,2025-04-20 11:07:32,2,8.75,in-store
STORE_004,SKU_005,2025-04-20 09:32:37,2,8.75,online
STORE_004,SKU_005,2025-04-20 20:30:55,2,8.75,online
STORE_004,SKU_010,2025-04-20 10:57:28,4,18.5,online
STORE_005,SKU_008,2025-04-20 13:41:27,1,9.99,in-store
STORE_005,SKU_008,2025-04-20 15:47:40,1,9.99,in-store
STORE_005,SKU_010,2025-04-20 11:23:39,3,18.5,online
STORE_002,SKU_004,2025-04-21 16:44:03,1,49.99,in-store
STORE_002,SKU_004,2025-04-21 19:47:17,1,49.99,in-store
STORE_002,SKU_005,2025-04-21 08:54:44,1,8.75,online
STORE_002,SKU_005,2025-04-21 08:30:30,1,8.75,online
STORE_002,SKU_005,2025-04-21 11:35:01,1,8.75,in-store
STORE_002,SKU_010,2025-04-21 17:36:06,2,18.5,in-store
STORE_003,SKU_005,2025-04-21 12:54:30,2,8.75,online
STORE_004,SKU_002,2025-04-21 17:54:52,2,24.5,online
STORE_004,SKU_008,2025-04-21 08:05:13,1,9.99,in-store
STORE_005,SKU_002,2025-04-21 13:07:49,2,24.5,online
STORE_005,SKU_002,2025-04-21 15:21:39,2,24.5,in-store
STORE_005,SKU_002,2025-04-21 08:58:40,2,24.5,in-store
STORE_005,SKU_005,2025-04-21 21:25:14,1,8.75,online
STORE_005,SKU_005,2025-04-21 12:35:37,1,8.75,online
STORE_005,SKU_005,2025-04-21 21:49:51,1,8.75,online
STORE_005,SKU_009,2025-04-21 17:21:50,2,115.0,in-store
STORE_001,SKU_002,2025-04-22 11:32:28,2,24.5,online
STORE_001,SKU_002,2025-04-22 10:19:06,2,24.5,in-store
STORE_001,SKU_003,2025-04-22 18:57:54,4,5.99,in-store
STORE_001,SKU_003,2025-04-22 20:44:28,4,5.99,online
STORE_001,SKU_005,2025-04-22 08:21:26,2,8.75,in-store
STORE_001,SKU_005,2025-04-22 19:47:30,2,8.75,online
STORE_001,SKU_007,2025-04-22 14:47:23,3,32.2,in-store
STORE_002,SKU_005,2025-04-22 13:10:11,1,8.75,in-store
STORE_002,SKU_005,2025-04-22 11:23:34,1,8.75,in-store
STORE_002,SKU_005,2025-04-22 16:35:00,1,8.75,online
STORE_004,SKU_007,2025-04-22 15:14:07,2,32.2,in-store
STORE_004,SKU_007,2025-04-22 10:09:23,2,32.2,in-store
STORE_004,SKU_007,2025-04-22 12:27:34,2,32.2,online
STORE_005,SKU_005,2025-04-22 13:58:51,1,8.75,in-store
STORE_005,SKU_005,2025-04-22 09:54:56,1,8.75,in-store
STORE_005,SKU_010,2025-04-22 13:17:52,2,18.5,in-store
STORE_001,SKU_002,2025-04-23 14:02:32,2,24.5,online
STORE_001,SKU_002,2025-04-23 10:09:20,2,24.5,in-store
STORE_001,SKU_002,2025-04-23 11:28:10,2,24.5,in-store
STORE_003,SKU_005,2025-04-23 19:07:46,1,8.75,online
STORE_003,SKU_005,2025-04-23 21:19:28,1,8.75,in-store
STORE_003,SKU_005,2025-04-23 09:08:03,1,8.75,in-store
STORE_004,SKU_002,2025-04-23 12:17:53,1,24.5,in-store
STORE_004,SKU_005,2025-04-23 13:07:47,2,8.75,online
STORE_004,SKU_005,2025-04-23 18:16:38,2,8.75,in-store
STORE_005,SKU_007,2025-04-23 19:24:40,3,32.2,in-store
STORE_005,SKU_007,2025-04-23 21:15:39,3,32.2,in-store
STORE_005,SKU_007,2025-04-23 17:29:46,3,32.2,in-store
STORE_005,SKU_008,2025-04-23 20:37:27,1,9.99,online
STORE_001,SKU_003,2025-04-24 21:01:43,4,5.99,in-store
STORE_001,SKU_003,2025-04-24 14:11:19,4,5.99,online
STORE_001,SKU_003,2025-04-24 13:18:53,4,5.99,online
STORE_001,SKU_005,2025-04-24 11:09:03,2,8.75,online
STORE_001,SKU_005,2025-04-24 17:00:27,2,8.75,in-store
STORE_001,SKU_005,2025-04-24 19:00:13,2,8.75,online
STORE_002,SKU_005,2025-04-24 20:28:37,1,8.75,online
STORE_002,SKU_005,2025-04-24 21:43:50,1,8.75,online
STORE_002,SKU_006,2025-04-24 13:10:25,2,15.0,in-store
STORE_002,SKU_006,2025-04-24 15:26:35,2,15.0,online
STORE_002,SKU_006,2025-04-24 09:41:19,2,15.0,in-store
STORE_003,SKU_001,2025-04-24 10:00:25,1,12.99,in-store
STORE_003,SKU_001,2025-04-24 10:42:58,1,12.99,in-store
STORE_003,SKU_001,2025-04-24 17:35:43,1,12.99,in-store
STORE_004,SKU_002,2025-04-24 08:42:10,2,24.5,online
STORE_005,SKU_001,2025-04-24 10:34:19,1,12.99,in-store
STORE_005,SKU_001,2025-04-24 21:32:24,,,online
STORE_005,SKU_006,2025-04-24 15:24:14,1,15.0,in-store
STORE_005,SKU_006,2025-04-24 15:38:22,1,15.0,in-store
STORE_001,SKU_006,2025-04-25 14:37:46,3,15.0,online
STORE_001,SKU_006,2025-04-25 18:41:13,3,15.0,in-store
STORE_001,SKU_006,2025-04-25 21:16:25,3,15.0,online
STORE_001,SKU_010,2025-04-25 17:39:29,2,18.5,in-store
STORE_002,SKU_004,2025-04-25 14:38:30,1,49.99,in-store
STORE_002,SKU_004,2025-04-25 09:22:18,1,49.99,in-store
STORE_002,SKU_004,2025-04-25 21:18:16,1,49.99,online
STORE_003,SKU_002,2025-04-25 21:59:55,3,24.5,online
STORE_003,SKU_006,2025-04-25 15:05:57,1,15.0,in-store
STORE_003,SKU_010,2025-04-25 15:55:46,2,18.5,online
STORE_004,SKU_002,2025-04-25 18:02:07,2,24.5,in-store
STORE_004,SKU_009,2025-04-25 12:53:37,1,115.0,in-store
STORE_004,SKU_009,2025-04-25 14:45:58,1,115.0,online
STORE_004,SKU_009,2025-04-25 15:34:59,1,115.0,in-store
STORE_005,SKU_002,2025-04-25 08:49:02,2,24.5,online
STORE_005,SKU_002,2025-04-25 21:48:09,2,24.5,online
STORE_005,SKU_002,2025-04-25 15:32:17,2,24.5,in-store
STORE_005,SKU_008,2025-04-25 15:58:06,1,9.99,online
STORE_001,SKU_002,2025-04-26 13:34:29,5,24.5,online
STORE_001,SKU_002,2025-04-26 21:36:58,5,24.5,online
STORE_001,SKU_010,2025-04-26 16:31:32,5,18.5,online
STORE_002,SKU_002,2025-04-26 19:15:37,4,24.5,online
STORE_002,SKU_002,2025-04-26 21:16:00,4,24.5,in-store
STORE_002,SKU_002,2025-04-26 08:56:25,4,24.5,in-store
STORE_002,SKU_003,2025-04-26 19:54:42,4,5.99,in-store
STORE_002,SKU_003,2025-04-26 12:00:57,4,5.99,in-store
STORE_002,SKU_003,2025-04-26 10:51:04,4,5.99,in-store
STORE_002,SKU_004,2025-04-26 11:47:32,1,49.99,in-store
STORE_003,SKU_002,2025-04-26 20:43:40,3,24.5,online
STORE_003,SKU_002,2025-04-26 16:21:21,3,24.5,in-store
STORE_003,SKU_004,2025-04-26 10:36:18,1,49.99,in-store
STORE_003,SKU_004,2025-04-26 15:08:30,1,49.99,in-store
STORE_003,SKU_004,2025-04-26 20:06:16,1,49.99,online
STORE_003,SKU_005,2025-04-26 12:15:44,2,8.75,in-store
STORE_003,SKU_005,2025-04-26 19:30:24,2,8.75,online
STORE_003,SKU_005,2025-04-26 13:02:27,2,,online
STORE_003,SKU_007,2025-04-26 09:17:19,6,32.2,online
STORE_003,SKU_008,2025-04-26 20:50:27,1,9.99,in-store
STORE_003,SKU_008,2025-04-26 21:27:57,1,9.99,in-store
STORE_003,SKU_008,2025-04-26 12:13:00,1,9.99,in-store
STORE_004,SKU_002,2025-04-26 10:36:35,4,24.5,in-store
STORE_004,SKU_004,2025-04-26 13:39:42,1,49.99,in-store
STORE_004,SKU_004,2025-04-26 17:35:00,1,49.99,online
STORE_004,SKU_005,2025-04-26 20:02:15,3,8.75,online
STORE_004,SKU_008,2025-04-26 10:22:20,1,9.99,in-store
STORE_004,SKU_008,2025-04-26 18:21:15,1,9.99,online
STORE_004,SKU_008,2025-04-26 08:26:55,1,9.99,in-store
STORE_004,SKU_010,2025-04-26 14:08:31,3,18.5,in-store
STORE_005,SKU_001,2025-04-26 21:57:46,2,12.99,online
STORE_005,SKU_001,2025-04-26 18:36:33,2,12.99,in-store
STORE_005,SKU_001,2025-04-26 21:03:45,2,12.99,in-store
STORE_005,SKU_002,2025-04-26 17:18:06,4,24.5,in-store
STORE_005,SKU_002,2025-04-26 12:23:16,4,24.5,in-store
STORE_005,SKU_005,2025-04-26 21:16:05,2,8.75,online
STORE_005,SKU_006,2025-04-26 11:39:25,4,15.0,in-store
STORE_001,SKU_010,2025-04-27 09:04:23,3,18.5,in-store
STORE_002,SKU_005,2025-04-27 11:12:06,3,8.75,in-store
STORE_002,SKU_005,2025-04-27 08:52:43,3,8.75,online
STORE_003,SKU_004,2025-04-27 13:05:30,1,49.99,online
STORE_003,SKU_004,2025-04-27 16:09:05,1,49.99,online
STORE_003,SKU_004,2025-04-27 21:12:54,1,49.99,online
STORE_003,SKU_008,2025-04-27 15:41:32,1,9.99,in-store
STORE_003,SKU_008,2025-04-27 16:39:06,1,9.99,online
STORE_003,SKU_008,2025-04-27 11:25:07,1,9.99,in-store
STORE_004,SKU_002,2025-04-27 16:24:49,3,24.5,online
STORE_004,SKU_002,2025-04-27 12:17:56,3,24.5,in-store
STORE_004,SKU_005,2025-04-27 11:20:03,2,8.75,online
STORE_004,SKU_005,2025-04-27 17:08:03,2,8.75,in-store
STORE_004,SKU_008,2025-04-27 16:54:20,1,9.99,online
STORE_004,SKU_008,2025-04-27 10:33:16,1,9.99,in-store
STORE_005,SKU_008,2025-04-27 19:13:22,1,9.99,in-store
STORE_005,SKU_010,2025-04-27 18:41:19,4,18.5,in-store
STORE_005,SKU_010,2025-04-27 20:47:54,4,18.5,in-store
STORE_001,SKU_004,2025-04-28 21:51:16,1,49.99,in-store
STORE_001,SKU_004,2025-04-28 11:50:43,1,49.99,in-store
STORE_001,SKU_004,2025-04-28 11:24:42,1,49.99,online
STORE_001,SKU_005,2025-04-28 17:20:23,2,8.75,online
STORE_001,SKU_005,2025-04-28 16:21:26,2,8.75,online
STORE_001,SKU_005,2025-04-28 10:02:37,2,8.75,online
STORE_003,SKU_004,2025-04-28 11:07:51,1,49.99,in-store
STORE_003,SKU_004,2025-04-28 08:49:09,1,49.99,online
STORE_003,SKU_004,2025-04-28 20:12:21,1,49.99,online
STORE_003,SKU_008,2025-04-28 16:59:35,1,9.99,in-store
STORE_003,SKU_008,2025-04-28 12:10:38,1,9.99,in-store
STORE_003,SKU_008,2025-04-28 16:20:24,1,9.99,in-store
STORE_004,SKU_001,2025-04-28 20:12:37,1,12.99,online
STORE_004,SKU_004,2025-04-28 14:15:40,1,49.99,in-store
STORE_005,SKU_001,2025-04-28 18:49:20,1,12.99,in-store
STORE_005,SKU_001,2025-04-28 09:51:20,1,12.99,in-store
STORE_001,SKU_004,2025-04-29 08:05:54,1,49.99,online
STORE_001,SKU_004,2025-04-29 16:37:50,1,49.99,online
STORE_001,SKU_010,2025-04-29 14:25:55,2,18.5,in-store
STORE_002,SKU_004,2025-04-29 12:53:00,1,49.99,online
STORE_002,SKU_004,2025-04-29 16:16:21,1,49.99,in-store
STORE_002,SKU_004,2025-04-29 17:16:08,1,49.99,in-store
STORE_002,SKU_007,2025-04-29 14:10:32,2,32.2,online
STORE_002,SKU_007,2025-04-29 19:59:03,2,32.2,in-store
STORE_002,SKU_007,2025-04-29 19:30:18,2,32.2,in-store
STORE_003,SKU_002,2025-04-29 11:46:22,3,24.5,in-store
STORE_003,SKU_002,2025-04-29 12:43:37,3,24.5,online
STORE_003,SKU_002,2025-04-29 15:17:48,3,24.5,online
STORE_003,SKU_004,2025-04-29 13:21:13,1,49.99,online
STORE_003,SKU_007,2025-04-29 21:16:13,3,32.2,online
STORE_003,SKU_007,2025-04-29 21:48:52,3,32.2,online
STORE_003,SKU_007,2025-04-29 08:53:57,3,32.2,online
STORE_003,SKU_009,2025-04-29 13:01:25,1,115.0,in-store
STORE_003,SKU_009,2025-04-29 13:22:57,1,115.0,online
STORE_004,SKU_005,2025-04-29 16:53:06,1,8.75,online
STORE_004,SKU_005,2025-04-29 15:03:04,1,8.75,in-store
STORE_004,SKU_008,2025-04-29 09:19:49,1,9.99,in-store
STORE_004,SKU_008,2025-04-29 16:33:47,1,,online
STORE_004,SKU_008,2025-04-29 17:20:07,1,9.99,online
STORE_001,SKU_008,2025-04-30 20:28:10,1,9.99,in-store
STORE_002,SKU_005,2025-04-30 08:43:13,1,8.75,in-store
STORE_002,SKU_005,2025-04-30 18:48:45,1,8.75,online
STORE_004,SKU_001,2025-04-30 15:05:42,1,12.99,online
STORE_004,SKU_002,2025-04-30 12:16:45,2,24.5,online
STORE_004,SKU_002,2025-04-30 14:55:35,2,24.5,online
STORE_004,SKU_002,2025-04-30 08:55:00,2,24.5,online
STORE_004,SKU_005,2025-04-30 18:19:45,1,8.75,in-store
STORE_004,SKU_005,2025-04-30 09:34:33,1,8.75,online
STORE_004,SKU_007,2025-04-30 21:03:28,3,32.2,online
STORE_004,SKU_007,2025-04-30 17:05:20,3,32.2,online
STORE_004,SKU_007,2025-04-30 15:21:19,3,32.2,online
STORE_004,SKU_008,2025-04-30 08:36:11,1,9.99,online
STORE_004,SKU_008,2025-04-30 17:07:52,1,9.99,in-store
STORE_004,SKU_008,2025-04-30 13:57:40,1,9.99,in-store
STORE_004,SKU_010,2025-04-30 17:09:50,2,18.5,online
STORE_004,SKU_010,2025-04-30 13:29:06,2,18.5,in-store
STORE_005,SKU_002,2025-04-30 10:13:05,1,24.5,online
STORE_005,SKU_002,2025-04-30 18:37:07,1,24.5,in-store
STORE_005,SKU_002,2025-04-30 21:14:00,1,24.5,online
STORE_005,SKU_007,2025-04-30 12:47:13,4,32.2,online
STORE_005,SKU_007,2025-04-30 08:29:03,4,32.2,online
STORE_005,SKU_009,2025-04-30 14:20:02,1,115.0,online
STORE_005,SKU_009,2025-04-30 15:34:56,1,115.0,in-store
STORE_001,SKU_001,2025-05-01 11:46:57,2,12.99,online
STORE_001,SKU_001,2025-05-01 08:37:56,2,12.99,online
STORE_001,SKU_008,2025-05-01 18:57:27,1,9.99,online
STORE_003,SKU_002,2025-05-01 17:20:06,1,24.5,in-store
STORE_003,SKU_002,2025-05-01 09:54:50,1,24.5,in-store
STORE_003,SKU_002,2025-05-01 11:28:10,1,24.5,in-store
STORE_004,SKU_002,2025-05-01 08:51:57,2,24.5,in-store
STORE_005,SKU_001,2025-05-01 12:00:52,1,12.99,online
STORE_005,SKU_002,2025-05-01 09:14:47,2,24.5,online
STORE_005,SKU_002,2025-05-01 18:31:40,2,24.5,online
STORE_005,SKU_002,2025-05-01 21:20:15,2,24.5,online
STORE_005,SKU_004,2025-05-01 17:17:47,1,49.99,in-store
STORE_005,SKU_004,2025-05-01 08:19:01,1,49.99,in-store
STORE_005,SKU_004,2025-05-01 13:31:26,1,49.99,online
STORE_001,SKU_001,2025-05-02 19:36:51,2,12.99,online
STORE_001,SKU_001,2025-05-02 15:47:34,2,12.99,in-store
STORE_001,SKU_001,2025-05-02 20:54:55,2,,online
STORE_001,SKU_005,2025-05-02 20:16:46,1,8.75,online
STORE_001,SKU_008,2025-05-02 19:00:41,1,9.99,in-store
STORE_001,SKU_008,2025-05-02 15:42:17,1,9.99,online
STORE_003,SKU_005,2025-05-02 21:52:50,1,8.75,in-store
STORE_003,SKU_009,2025-05-02 12:36:30,1,115.0,in-store
STORE_003,SKU_009,2025-05-02 11:15:00,1,115.0,online
STORE_004,SKU_001,2025-05-02 12:01:55,1,12.99,online
STORE_004,SKU_001,2025-05-02 11:43:41,1,12.99,online
STORE_004,SKU_007,2025-05-02 12:28:30,2,32.2,in-store
STORE_004,SKU_007,2025-05-02 15:41:31,2,32.2,online
STORE_005,SKU_009,2025-05-02 19:14:21,1,115.0,in-store
STORE_005,SKU_009,2025-05-02 13:53:39,1,115.0,in-store
STORE_005,SKU_009,2025-05-02 18:38:07,1,115.0,in-store
STORE_005,SKU_010,2025-05-02 17:54:53,2,18.5,online
STORE_005,SKU_010,2025-05-02 12:05:07,2,18.5,online
STORE_005,SKU_010,2025-05-02 21:18:15,2,18.5,online
STORE_001,SKU_002,2025-05-03 11:27:12,3,24.5,in-store
STORE_001,SKU_002,2025-05-03 21:20:14,3,24.5,online
STORE_001,SKU_002,2025-05-03 11:13:34,3,24.5,online
STORE_001,SKU_005,2025-05-03 20:07:41,4,8.75,online
STORE_001,SKU_005,2025-05-03 15:57:21,4,8.75,in-store
STORE_001,SKU_010,2025-05-03 10:25:58,3,18.5,online
STORE_001,SKU_010,2025-05-03 18:05:04,3,18.5,online
STORE_003,SKU_002,2025-05-03 14:29:29,3,24.5,in-store
STORE_003,SKU_008,2025-05-03 08:38:16,1,9.99,online
STORE_004,SKU_001,2025-05-03 15:29:05,2,12.99,in-store
STORE_004,SKU_001,2025-05-03 12:12:51,2,12.99,online
STORE_004,SKU_001,2025-05-03 09:23:19,2,12.99,in-store
STORE_004,SKU_007,2025-05-03 08:31:12,5,32.2,online
STORE_004,SKU_007,2025-05-03 19:38:40,5,32.2,online
STORE_005,SKU_002,2025-05-03 08:19:51,4,24.5,in-store
STORE_005,SKU_002,2025-05-03 08:08:54,4,24.5,online
STORE_005,SKU_005,2025-05-03 16:12:48,3,8.75,online
STORE_005,SKU_005,2025-05-03 11:54:08,3,8.75,online
STORE_005,SKU_008,2025-05-03 14:26:29,1,9.99,in-store
STORE_005,SKU_008,2025-05-03 15:10:50,1,9.99,in-store
STORE_001,SKU_005,2025-05-04 19:30:45,2,8.75,in-store
STORE_001,SKU_007,2025-05-04 14:08:13,5,32.2,in-store
STORE_001,SKU_008,2025-05-04 16:53:58,2,9.99,online
STORE_001,SKU_008,2025-05-04 10:35:03,2,9.99,in-store
STORE_001,SKU_008,2025-05-04 08:35:28,2,9.99,online
STORE_002,SKU_004,2025-05-04 13:26:31,1,49.99,in-store
STORE_002,SKU_007,2025-05-04 18:10:47,4,32.2,in-store
STORE_003,SKU_001,2025-05-04 16:12:59,3,12.99,online
STORE_003,SKU_001,2025-05-04 20:02:32,3,12.99,online
STORE_003,SKU_002,2025-05-04 15:49:28,4,24.5,in-store
STORE_003,SKU_002,2025-05-04 16:08:05,4,24.5,online
STORE_003,SKU_002,2025-05-04 14:33:26,4,24.5,online
STORE_003,SKU_003,2025-05-04 11:26:42,4,5.99,online
STORE_003,SKU_003,2025-05-04 09:07:30,4,5.99,online
STORE_003,SKU_004,2025-05-04 15:38:22,1,,in-store
STORE_003,SKU_004,2025-05-04 17:15:48,1,49.99,in-store
STORE_003,SKU_004,2025-05-04 09:32:47,1,49.99,online
STORE_003,SKU_005,2025-05-04 12:09:12,2,8.75,online
STORE_003,SKU_005,2025-05-04 15:56:54,2,8.75,online
STORE_004,SKU_005,2025-05-04 10:57:39,2,8.75,in-store
STORE_004,SKU_005,2025-05-04 15:13:51,2,8.75,online
STORE_004,SKU_005,2025-05-04 17:21:52,2,8.75,in-store
STORE_005,SKU_006,2025-05-04 08:32:41,3,15.0,in-store
STORE_005,SKU_007,2025-05-04 19:46:53,4,32.2,online
STORE_005,SKU_007,2025-05-04 19:23:18,4,32.2,in-store
STORE_005,SKU_007,2025-05-04 13:31:56,4,32.2,online
STORE_005,SKU_009,2025-05-04 13:33:46,1,115.0,online
STORE_005,SKU_009,2025-05-04 21:20:31,1,115.0,online
STORE_001,SKU_003,2025-05-05 09:16:02,3,5.99,in-store
STORE_001,SKU_003,2025-05-05 15:00:12,3,5.99,online
STORE_001,SKU_003,2025-05-05 10:27:17,3,5.99,in-store
STORE_001,SKU_006,2025-05-05 15:28:45,3,15.0,in-store
STORE_001,SKU_006,2025-05-05 08:56:05,3,15.0,online
STORE_002,SKU_004,2025-05-05 19:18:10,1,49.99,in-store
STORE_002,SKU_004,2025-05-05 21:13:35,1,49.99,online
STORE_002,SKU_004,2025-05-05 11:45:19,1,49.99,in-store
STORE_002,SKU_006,2025-05-05 19:30:36,2,15.0,in-store
STORE_002,SKU_006,2025-05-05 21:40:12,2,15.0,in-store
STORE_002,SKU_008,2025-05-05 17:24:35,1,9.99,in-store
STORE_003,SKU_001,2025-05-05 10:58:17,2,,in-store
STORE_003,SKU_001,2025-05-05 10:26:18,2,12.99,online
STORE_003,SKU_008,2025-05-05 12:34:03,1,9.99,in-store
STORE_003,SKU_008,2025-05-05 19:02:52,1,9.99,in-store
STORE_003,SKU_010,2025-05-05 20:55:44,2,18.5,online
STORE_003,SKU_010,2025-05-05 15:47:08,2,18.5,online
STORE_004,SKU_001,2025-05-05 17:55:32,1,12.99,online
STORE_004,SKU_002,2025-05-05 12:03:15,2,24.5,in-store
STORE_004,SKU_002,2025-05-05 14:56:24,2,24.5,in-store
STORE_004,SKU_002,2025-05-05 09:34:23,2,24.5,online
STORE_004,SKU_003,2025-05-05 11:30:26,3,5.99,online
STORE_004,SKU_005,2025-05-05 08:02:12,1,8.75,in-store
STORE_004,SKU_005,2025-05-05 12:22:52,1,8.75,online
STORE_004,SKU_010,2025-05-05 10:16:18,1,18.5,online
STORE_005,SKU_003,2025-05-05 20:05:15,2,5.99,in-store
STORE_005,SKU_004,2025-05-05 17:22:05,1,49.99,in-store
STORE_005,SKU_004,2025-05-05 21:31:59,1,49.99,in-store
STORE_005,SKU_005,2025-05-05 18:12:17,1,8.75,in-store
STORE_005,SKU_008,2025-05-05 15:06:05,1,9.99,in-store
STORE_005,SKU_008,2025-05-05 14:59:08,1,9.99,in-store
STORE_005,SKU_009,2025-05-05 08:25:20,1,115.0,online
STORE_005,SKU_009,2025-05-05 09:32:13,1,115.0,online
STORE_001,SKU_008,2025-05-06 11:53:09,1,9.99,in-store
STORE_001,SKU_008,2025-05-06 15:45:07,1,9.99,online
STORE_003,SKU_002,2025-05-06 13:09:48,2,24.5,online
STORE_003,SKU_002,2025-05-06 21:53:36,2,24.5,online
STORE_003,SKU_002,2025-05-06 15:29:00,2,24.5,online
STORE_003,SKU_010,2025-05-06 18:10:13,3,18.5,in-store
STORE_003,SKU_010,2025-05-06 17:52:32,3,18.5,online
STORE_005,SKU_002,2025-05-06 17:41:52,2,24.5,in-store
STORE_005,SKU_002,2025-05-06 09:33:35,2,24.5,in-store
STORE_005,SKU_002,2025-05-06 15:34:32,2,24.5,in-store
STORE_005,SKU_003,2025-05-06 18:18:59,2,5.99,in-store
STORE_001,SKU_005,2025-05-07 12:35:23,1,8.75,online
STORE_001,SKU_005,2025-05-07 13:14:16,1,8.75,online
STORE_001,SKU_008,2025-05-07 12:25:37,1,9.99,in-store
STORE_001,SKU_008,2025-05-07 17:56:32,1,9.99,in-store
STORE_002,SKU_001,2025-05-07 21:27:30,1,12.99,online
STORE_002,SKU_001,2025-05-07 12:03:59,1,12.99,online
STORE_002,SKU_001,2025-05-07 20:18:05,1,12.99,online
STORE_002,SKU_006,2025-05-07 12:06:42,2,15.0,online
STORE_003,SKU_006,2025-05-07 18:06:00,1,15.0,online
STORE_004,SKU_005,2025-05-07 10:42:42,1,8.75,in-store
STORE_004,SKU_005,2025-05-07 14:14:07,1,8.75,online
STORE_005,SKU_008,2025-05-07 15:29:51,1,9.99,in-store
STORE_005,SKU_008,2025-05-07 10:25:53,1,9.99,in-store
STORE_005,SKU_010,2025-05-07 14:27:36,1,18.5,online
STORE_002,SKU_005,2025-05-08 10:32:16,1,8.75,in-store
STORE_002,SKU_005,2025-05-08 13:43:31,1,8.75,in-store
STORE_003,SKU_008,2025-05-08 21:06:15,1,9.99,in-store
STORE_003,SKU_008,2025-05-08 19:06:12,1,9.99,online
STORE_003,SKU_008,2025-05-08 11:54:07,1,9.99,online
STORE_003,SKU_010,2025-05-08 16:45:05,1,18.5,in-store
STORE_003,SKU_010,2025-05-08 18:35:54,1,18.5,in-store
STORE_003,SKU_010,2025-05-08 18:14:54,1,18.5,in-store
STORE_004,SKU_001,2025-05-08 17:36:02,1,12.99,online
STORE_004,SKU_001,2025-05-08 14:46:55,1,12.99,online
STORE_004,SKU_001,2025-05-08 21:07:54,1,12.99,in-store
STORE_004,SKU_002,2025-05-08 16:32:14,1,24.5,online
STORE_004,SKU_009,2025-05-08 09:39:05,1,115.0,in-store
STORE_005,SKU_002,2025-05-08 20:51:14,1,24.5,in-store
STORE_005,SKU_002,2025-05-08 11:24:45,1,24.5,online
STORE_005,SKU_004,2025-05-08 21:50:10,1,49.99,in-store
STORE_005,SKU_004,2025-05-08 13:59:24,1,49.99,online
STORE_005,SKU_004,2025-05-08 11:53:22,1,49.99,online
STORE_005,SKU_005,2025-05-08 18:32:04,1,8.75,online
STORE_001,SKU_003,2025-05-09 17:50:43,5,5.99,online
STORE_001,SKU_004,2025-05-09 14:25:37,1,49.99,in-store
STORE_001,SKU_004,2025-05-09 11:15:25,1,49.99,online
STORE_001,SKU_008,2025-05-09 20:13:25,1,9.99,online
STORE_001,SKU_008,2025-05-09 14:17:02,1,9.99,in-store
STORE_001,SKU_008,2025-05-09 21:49:39,1,9.99,in-store
STORE_003,SKU_005,2025-05-09 11:23:16,1,8.75,in-store
STORE_003,SKU_005,2025-05-09 13:40:27,1,8.75,online
STORE_003,SKU_005,2025-05-09 10:45:59,1,8.75,in-store
STORE_004,SKU_002,2025-05-09 16:21:30,2,24.5,in-store
STORE_004,SKU_004,2025-05-09 13:13:32,1,49.99,in-store
STORE_005,SKU_002,2025-05-09 20:55:34,2,24.5,in-store
STORE_005,SKU_002,2025-05-09 13:51:02,2,24.5,in-store
STORE_005,SKU_002,2025-05-09 20:02:34,2,24.5,online
STORE_005,SKU_005,2025-05-09 08:58:35,1,8.75,online
STORE_005,SKU_005,2025-05-09 12:56:33,1,8.75,in-store
STORE_005,SKU_005,2025-05-09 09:26:05,1,8.75,in-store
STORE_001,SKU_005,2025-05-10 21:46:38,3,8.75,online
STORE_001,SKU_005,2025-05-10 13:18:41,3,8.75,in-store
STORE_001,SKU_007,2025-05-10 20:50:44,5,32.2,online
STORE_001,SKU_007,2025-05-10 12:38:30,5,32.2,online
STORE_001,SKU_007,2025-05-10 08:36:50,5,32.2,in-store
STORE_002,SKU_005,2025-05-10 18:15:22,3,8.75,online
STORE_002,SKU_005,2025-05-10 19:44:20,3,8.75,online
STORE_002,SKU_009,2025-05-10 17:04:04,2,115.0,online
STORE_003,SKU_002,2025-05-10 18:52:27,3,24.5,online
STORE_003,SKU_002,2025-05-10 14:45:56,3,24.5,online
STORE_003,SKU_002,2025-05-10 19:56:07,3,24.5,in-store
STORE_003,SKU_004,2025-05-10 11:13:09,1,49.99,online
STORE_003,SKU_004,2025-05-10 09:26:56,1,49.99,online
STORE_003,SKU_006,2025-05-10 14:04:11,4,15.0,online
STORE_001,SKU_002,2025-05-11 20:27:08,5,24.5,online
STORE_001,SKU_002,2025-05-11 15:01:08,5,24.5,online
STORE_001,SKU_002,2025-05-11 13:59:21,5,24.5,in-store
STORE_001,SKU_003,2025-05-11 18:41:08,8,5.99,online
STORE_001,SKU_003,2025-05-11 09:14:06,8,5.99,online
STORE_001,SKU_005,2025-05-11 08:49:55,3,8.75,online
STORE_001,SKU_005,2025-05-11 19:49:15,3,8.75,in-store
STORE_001,SKU_008,2025-05-11 17:12:20,1,9.99,online
STORE_001,SKU_008,2025-05-11 20:26:16,1,9.99,in-store
STORE_001,SKU_008,2025-05-11 14:27:08,1,9.99,online
STORE_001,SKU_009,2025-05-11 09:27:21,2,115.0,in-store
STORE_001,SKU_009,2025-05-11 19:09:26,2,115.0,in-store
STORE_001,SKU_009,2025-05-11 16:26:26,2,115.0,in-store
STORE_002,SKU_002,2025-05-11 09:03:58,3,24.5,in-store
STORE_002,SKU_002,2025-05-11 21:26:37,3,24.5,online
STORE_002,SKU_002,2025-05-11 21:53:49,3,24.5,online
STORE_002,SKU_008,2025-05-11 12:13:23,1,9.99,online
STORE_002,SKU_010,2025-05-11 18:21:04,3,18.5,in-store
STORE_002,SKU_010,2025-05-11 09:33:07,3,18.5,in-store
STORE_002,SKU_010,2025-05-11 18:08:51,3,18.5,in-store
STORE_003,SKU_001,2025-05-11 15:57:36,2,12.99,online
STORE_003,SKU_002,2025-05-11 17:12:40,3,24.5,online
STORE_003,SKU_007,2025-05-11 21:38:56,6,32.2,in-store
STORE_003,SKU_007,2025-05-11 21:51:00,6,32.2,in-store
STORE_003,SKU_007,2025-05-11 15:44:58,6,32.2,in-store
STORE_004,SKU_001,2025-05-11 17:47:09,2,12.99,online
STORE_004,SKU_001,2025-05-11 18:39:21,2,12.99,online
STORE_005,SKU_002,2025-05-11 19:12:53,4,24.5,online
STORE_005,SKU_002,2025-05-11 11:43:39,4,24.5,in-store
STORE_005,SKU_004,2025-05-11 17:09:10,1,49.99,in-store
STORE_005,SKU_004,2025-05-11 12:20:31,1,49.99,online
STORE_005,SKU_005,2025-05-11 16:34:40,2,8.75,in-store
STORE_005,SKU_005,2025-05-11 09:30:45,2,8.75,online
STORE_005,SKU_005,2025-05-11 16:00:46,2,8.75,in-store
STORE_002,SKU_005,2025-05-12 18:03:24,1,8.75,online
STORE_002,SKU_005,2025-05-12 13:34:33,1,8.75,in-store
STORE_002,SKU_005,2025-05-12 20:17:20,1,8.75,in-store
STORE_002,SKU_008,2025-05-12 15:44:44,1,9.99,in-store
STORE_003,SKU_005,2025-05-12 20:17:29,1,8.75,online
STORE_003,SKU_005,2025-05-12 10:18:44,1,8.75,online
STORE_003,SKU_005,2025-05-12 10:22:53,1,8.75,online
STORE_003,SKU_009,2025-05-12 16:21:56,1,115.0,in-store
STORE_003,SKU_010,2025-05-12 20:42:35,2,18.5,online
STORE_003,SKU_010,2025-05-12 11:58:13,2,18.5,in-store
STORE_004,SKU_008,2025-05-12 11:16:55,1,9.99,online
STORE_005,SKU_005,2025-05-12 19:47:56,1,8.75,in-store
STORE_005,SKU_010,2025-05-12 09:07:55,2,18.5,online
STORE_001,SKU_001,2025-05-13 17:24:42,2,12.99,in-store
STORE_001,SKU_001,2025-05-13 12:13:27,2,12.99,in-store
STORE_001,SKU_001,2025-05-13 12:09:40,2,12.99,in-store
STORE_001,SKU_002,2025-05-13 12:41:09,3,24.5,in-store
STORE_001,SKU_002,2025-05-13 13:36:33,3,24.5,in-store
STORE_001,SKU_002,2025-05-13 09:52:12,3,24.5,in-store
STORE_001,SKU_010,2025-05-13 08:29:47,4,18.5,online
STORE_002,SKU_004,2025-05-13 12:19:42,1,49.99,in-store
STORE_002,SKU_004,2025-05-13 19:24:31,1,49.99,online
STORE_002,SKU_004,2025-05-13 15:03:36,1,49.99,in-store
STORE_002,SKU_005,2025-05-13 13:11:14,1,8.75,online
STORE_002,SKU_005,2025-05-13 12:49:16,1,8.75,online
STORE_004,SKU_002,2025-05-13 21:52:22,2,24.5,online
STORE_004,SKU_002,2025-05-13 08:01:50,2,24.5,online
STORE_004,SKU_005,2025-05-13 17:34:19,1,8.75,in-store
STORE_004,SKU_008,2025-05-13 14:13:15,1,9.99,online
STORE_005,SKU_002,2025-05-13 09:56:20,2,24.5,in-store
STORE_005,SKU_002,2025-05-13 12:45:26,2,24.5,in-store
STORE_005,SKU_008,2025-05-13 18:30:49,1,9.99,in-store
STORE_005,SKU_010,2025-05-13 16:26:20,2,18.5,online
STORE_005,SKU_010,2025-05-13 19:32:46,2,18.5,in-store
STORE_005,SKU_010,2025-05-13 19:18:29,2,18.5,online
STORE_001,SKU_002,2025-05-14 14:25:11,2,24.5,online
STORE_001,SKU_002,2025-05-14 09:13:40,2,24.5,in-store
STORE_001,SKU_002,2025-05-14 08:34:58,2,24.5,in-store
STORE_001,SKU_008,2025-05-14 20:05:58,1,9.99,in-store
STORE_001,SKU_008,2025-05-14 16:49:21,1,9.99,online
STORE_002,SKU_008,2025-05-14 12:38:20,1,9.99,in-store
STORE_002,SKU_008,2025-05-14 13:03:48,1,9.99,in-store
STORE_003,SKU_005,2025-05-14 20:29:55,1,8.75,in-store
STORE_004,SKU_006,2025-05-14 15:26:11,2,15.0,in-store
STORE_004,SKU_006,2025-05-14 16:40:04,2,15.0,in-store
STORE_004,SKU_007,2025-05-14 12:06:02,3,32.2,in-store
STORE_004,SKU_007,2025-05-14 09:43:48,3,32.2,online
STORE_004,SKU_010,2025-05-14 12:09:28,1,18.5,online
STORE_005,SKU_001,2025-05-14 20:30:47,1,12.99,in-store
STORE_005,SKU_001,2025-05-14 13:45:04,1,12.99,online
STORE_005,SKU_001,2025-05-14 20:06:56,1,12.99,online
STORE_005,SKU_009,2025-05-14 11:41:12,1,115.0,in-store
STORE_005,SKU_009,2025-05-14 08:12:20,1,115.0,in-store
STORE_005,SKU_009,2025-05-14 14:39:46,1,115.0,online
STORE_001,SKU_005,2025-05-15 11:21:10,1,8.75,in-store
STORE_001,SKU_007,2025-05-15 11:58:57,5,32.2,in-store
STORE_001,SKU_009,2025-05-15 13:27:26,2,115.0,online
STORE_001,SKU_010,2025-05-15 14:36:56,2,18.5,online
STORE_001,SKU_010,2025-05-15 10:46:43,2,18.5,online
STORE_002,SKU_002,2025-05-15 19:08:02,2,24.5,in-store
STORE_002,SKU_002,2025-05-15 13:37:35,2,24.5,online
STORE_002,SKU_004,2025-05-15 09:19:28,1,49.99,online
STORE_002,SKU_004,2025-05-15 17:47:36,1,49.99,online
STORE_003,SKU_002,2025-05-15 21:17:31,2,24.5,in-store
STORE_003,SKU_002,2025-05-15 17:11:40,2,24.5,in-store
STORE_003,SKU_002,2025-05-15 13:50:37,2,24.5,online
STORE_005,SKU_004,2025-05-15 15:41:25,1,49.99,in-store
STORE_005,SKU_004,2025-05-15 17:34:35,1,49.99,in-store
STORE_005,SKU_004,2025-05-15 10:36:46,1,49.99,online
STORE_005,SKU_008,2025-05-15 09:16:17,1,9.99,in-store
STORE_001,SKU_002,2025-05-16 15:01:49,3,24.5,online
STORE_001,SKU_004,2025-05-16 18:45:53,1,49.99,in-store
STORE_001,SKU_004,2025-05-16 21:39:08,1,49.99,online
STORE_001,SKU_005,2025-05-16 20:56:22,2,8.75,online
STORE_001,SKU_008,2025-05-16 15:13:56,1,9.99,online
STORE_001,SKU_008,2025-05-16 08:54:38,1,9.99,online
STORE_002,SKU_001,2025-05-16 13:12:32,1,12.99,online
STORE_002,SKU_001,2025-05-16 09:14:29,1,12.99,online
STORE_002,SKU_001,2025-05-16 18:27:32,1,12.99,in-store
STORE_002,SKU_009,2025-05-16 08:33:23,1,115.0,in-store
STORE_002,SKU_009,2025-05-16 14:56:05,1,115.0,in-store
STORE_002,SKU_009,2025-05-16 18:15:00,1,115.0,online
STORE_003,SKU_008,2025-05-16 12:29:06,1,9.99,in-store
STORE_003,SKU_008,2025-05-16 19:07:14,1,9.99,online
STORE_004,SKU_002,2025-05-16 12:55:46,2,24.5,in-store
STORE_004,SKU_002,2025-05-16 14:00:57,,24.5,in-store
STORE_004,SKU_004,2025-05-16 16:13:30,1,49.99,in-store
STORE_004,SKU_004,2025-05-16 13:10:43,1,49.99,online
STORE_004,SKU_004,2025-05-16 11:33:35,1,,online
STORE_004,SKU_007,2025-05-16 21:05:07,2,32.2,online
STORE_004,SKU_007,2025-05-16 13:31:20,2,32.2,in-store
STORE_005,SKU_005,2025-05-16 19:39:10,2,8.75,online
STORE_005,SKU_005,2025-05-16 08:54:59,2,8.75,online
STORE_005,SKU_005,2025-05-16 21:07:51,2,8.75,in-store
STORE_005,SKU_008,2025-05-16 11:44:56,1,9.99,in-store
STORE_005,SKU_008,2025-05-16 19:58:32,1,9.99,in-store
STORE_005,SKU_008,2025-05-16 13:25:24,1,9.99,online
STORE_005,SKU_010,2025-05-16 19:35:54,2,18.5,online
STORE_005,SKU_010,2025-05-16 16:59:39,2,18.5,online
STORE_005,SKU_010,2025-05-16 12:45:32,2,18.5,online
STORE_001,SKU_001,2025-05-17 20:46:07,4,12.99,in-store
STORE_001,SKU_001,2025-05-17 08:19:45,4,12.99,online
STORE_001,SKU_001,2025-05-17 21:52:09,4,12.99,online
STORE_001,SKU_002,2025-05-17 11:57:05,4,24.5,in-store
STORE_001,SKU_002,2025-05-17 18:54:08,4,24.5,online
STORE_001,SKU_002,2025-05-17 14:49:01,4,24.5,in-store
STORE_001,SKU_005,2025-05-17 12:47:53,4,8.75,in-store
STORE_001,SKU_005,2025-05-17 12:17:20,4,8.75,in-store
STORE_001,SKU_005,2025-05-17 09:58:19,4,8.75,in-store
STORE_001,SKU_009,2025-05-17 09:57:39,4,115.0,in-store
STORE_001,SKU_009,2025-05-17 08:25:30,4,115.0,in-store
STORE_001,SKU_009,2025-05-17 16:27:13,4,115.0,online
STORE_002,SKU_002,2025-05-17 13:02:15,2,24.5,in-store
STORE_002,SKU_005,2025-05-17 20:04:13,3,8.75,in-store
STORE_002,SKU_005,2025-05-17 09:23:15,3,8.75,in-store
STORE_002,SKU_005,2025-05-17 11:07:35,3,8.75,in-store
STORE_004,SKU_001,2025-05-17 10:56:37,3,12.99,online
STORE_004,SKU_001,2025-05-17 14:53:02,3,12.99,in-store
STORE_004,SKU_007,2025-05-17 09:43:55,4,32.2,online
STORE_004,SKU_010,2025-05-17 14:43:30,3,18.5,in-store
STORE_004,SKU_010,2025-05-17 13:19:05,3,18.5,in-store
STORE_005,SKU_004,2025-05-17 10:40:51,1,49.99,online
STORE_005,SKU_004,2025-05-17 08:46:39,1,49.99,online
STORE_005,SKU_004,2025-05-17 12:25:18,1,49.99,in-store
STORE_005,SKU_006,2025-05-17 19:05:30,3,15.0,online
STORE_005,SKU_006,2025-05-17 16:55:00,3,15.0,in-store
STORE_001,SKU_008,2025-05-18 20:32:27,2,9.99,in-store
STORE_001,SKU_008,2025-05-18 10:58:11,2,9.99,online
STORE_003,SKU_002,2025-05-18 20:20:52,3,24.5,online
STORE_003,SKU_002,2025-05-18 12:31:12,3,24.5,online
STORE_003,SKU_002,2025-05-18 12:30:30,3,24.5,online
STORE_003,SKU_008,2025-05-18 14:45:31,1,9.99,online
STORE_003,SKU_009,2025-05-18 13:51:23,1,115.0,in-store
STORE_003,SKU_009,2025-05-18 16:48:48,1,115.0,online
STORE_004,SKU_002,2025-05-18 17:25:40,4,24.5,online
STORE_004,SKU_002,2025-05-18 18:54:33,4,24.5,online
STORE_004,SKU_008,2025-05-18 11:03:16,1,9.99,in-store
STORE_004,SKU_008,2025-05-18 18:44:52,1,9.99,online
STORE_005,SKU_005,2025-05-18 16:27:48,2,8.75,online
STORE_005,SKU_007,2025-05-18 14:01:55,4,32.2,in-store
STORE_005,SKU_007,2025-05-18 17:07:50,4,32.2,online
STORE_005,SKU_007,2025-05-18 09:22:39,4,32.2,online
STORE_001,SKU_006,2025-05-19 20:50:47,2,15.0,in-store
STORE_001,SKU_007,2025-05-19 08:24:08,4,32.2,online
STORE_001,SKU_007,2025-05-19 15:47:08,4,32.2,online
STORE_002,SKU_010,2025-05-19 19:23:07,3,18.5,online
STORE_002,SKU_010,2025-05-19 19:08:51,3,18.5,in-store
STORE_003,SKU_003,2025-05-19 08:38:00,2,5.99,in-store
STORE_003,SKU_003,2025-05-19 13:02:21,2,5.99,in-store
STORE_003,SKU_007,2025-05-19 11:11:09,2,32.2,in-store
STORE_003,SKU_007,2025-05-19 17:17:10,2,32.2,in-store
STORE_004,SKU_004,2025-05-19 21:37:32,1,49.99,online
STORE_004,SKU_010,2025-05-19 13:52:34,2,18.5,online
STORE_005,SKU_001,2025-05-19 10:09:13,1,12.99,online
STORE_005,SKU_002,2025-05-19 19:23:59,2,24.5,in-store
STORE_005,SKU_002,2025-05-19 20:38:05,2,24.5,in-store
STORE_005,SKU_004,2025-05-19 10:43:01,1,49.99,online
STORE_005,SKU_004,2025-05-19 12:23:26,1,49.99,in-store
STORE_005,SKU_008,2025-05-19 20:47:00,1,9.99,in-store
STORE_005,SKU_008,2025-05-19 13:07:07,1,9.99,in-store
STORE_005,SKU_008,2025-05-19 09:12:48,1,9.99,online
STORE_001,SKU_008,2025-05-20 17:37:32,1,9.99,in-store
STORE_001,SKU_009,2025-05-20 16:15:03,2,115.0,online
STORE_003,SKU_002,2025-05-20 12:19:21,2,24.5,online
STORE_003,SKU_002,2025-05-20 14:18:12,2,24.5,in-store
STORE_003,SKU_002,2025-05-20 19:49:50,2,24.5,in-store
STORE_003,SKU_009,2025-05-20 14:23:52,1,115.0,online
STORE_003,SKU_009,2025-05-20 19:45:20,1,115.0,in-store
STORE_004,SKU_001,2025-05-20 20:11:15,1,12.99,online
STORE_004,SKU_008,2025-05-20 17:20:54,1,9.99,online
STORE_005,SKU_002,2025-05-20 19:13:56,2,24.5,in-store
STORE_005,SKU_002,2025-05-20 14:55:02,2,24.5,online
STORE_005,SKU_004,2025-05-20 21:08:55,1,49.99,in-store
STORE_005,SKU_004,2025-05-20 08:57:09,1,49.99,online
STORE_005,SKU_005,2025-05-20 19:24:36,1,8.75,online
STORE_005,SKU_009,2025-05-20 18:10:03,1,115.0,online
STORE_005,SKU_009,2025-05-20 18:44:28,1,115.0,in-store
STORE_001,SKU_003,2025-05-21 19:02:04,5,5.99,in-store
STORE_001,SKU_004,2025-05-21 16:30:11,1,49.99,online
STORE_001,SKU_004,2025-05-21 14:02:26,1,49.99,online
STORE_001,SKU_004,2025-05-21 21:51:45,1,49.99,in-store
STORE_001,SKU_005,2025-05-21 15:05:53,2,8.75,in-store
STORE_001,SKU_008,2025-05-21 14:27:34,1,9.99,in-store
STORE_001,SKU_008,2025-05-21 20:58:22,1,9.99,online
STORE_001,SKU_008,2025-05-21 18:02:26,1,9.99,online
STORE_002,SKU_005,2025-05-21 08:27:35,1,8.75,in-store
STORE_002,SKU_007,2025-05-21 21:31:38,3,32.2,in-store
STORE_002,SKU_007,2025-05-21 17:49:52,3,32.2,in-store
STORE_005,SKU_001,2025-05-21 12:30:48,1,12.99,online
STORE_005,SKU_001,2025-05-21 08:49:15,1,12.99,in-store
STORE_005,SKU_001,2025-05-21 13:43:29,1,12.99,online
STORE_001,SKU_003,2025-05-22 21:00:35,4,5.99,in-store
STORE_001,SKU_003,2025-05-22 12:25:50,4,5.99,in-store
STORE_001,SKU_010,2025-05-22 10:03:35,3,18.5,in-store
STORE_002,SKU_009,2025-05-22 13:19:07,1,115.0,in-store
STORE_003,SKU_001,2025-05-22 17:17:43,1,12.99,online
STORE_003,SKU_001,2025-05-22 08:05:06,1,12.99,in-store
STORE_003,SKU_002,2025-05-22 21:25:28,1,24.5,online
STORE_003,SKU_002,2025-05-22 15:45:38,1,24.5,in-store
STORE_003,SKU_002,2025-05-22 17:37:19,1,24.5,in-store
STORE_003,SKU_010,2025-05-22 18:26:28,2,18.5,in-store
STORE_003,SKU_010,2025-05-22 14:03:34,2,18.5,in-store
STORE_003,SKU_010,2025-05-22 18:26:36,2,18.5,in-store
STORE_005,SKU_004,2025-05-22 08:11:27,1,49.99,online
STORE_005,SKU_004,2025-05-22 17:16:31,1,49.99,in-store
STORE_005,SKU_004,2025-05-22 14:52:49,1,49.99,in-store
STORE_005,SKU_008,2025-05-22 21:09:03,1,9.99,online
STORE_005,SKU_008,2025-05-22 13:34:55,1,9.99,in-store
STORE_001,SKU_001,2025-05-23 12:33:06,1,12.99,in-store
STORE_001,SKU_001,2025-05-23 12:25:13,1,12.99,online
STORE_001,SKU_005,2025-05-23 13:23:57,2,8.75,online
STORE_001,SKU_007,2025-05-23 17:41:29,5,32.2,in-store
STORE_002,SKU_010,2025-05-23 19:12:41,2,18.5,in-store
STORE_002,SKU_010,2025-05-23 18:12:53,2,18.5,in-store
STORE_002,SKU_010,2025-05-23 14:24:08,2,18.5,online
STORE_003,SKU_008,2025-05-23 11:57:42,1,9.99,online
STORE_003,SKU_008,2025-05-23 14:03:39,1,9.99,in-store
STORE_004,SKU_002,2025-05-23 18:41:52,2,24.5,online
STORE_004,SKU_002,2025-05-23 13:54:07,2,24.5,online
STORE_004,SKU_002,2025-05-23 20:47:28,2,,online
STORE_004,SKU_004,2025-05-23 15:48:29,1,49.99,in-store
STORE_004,SKU_009,2025-05-23 19:12:49,2,115.0,online
STORE_004,SKU_009,2025-05-23 17:42:53,2,115.0,online
STORE_005,SKU_002,2025-05-23 17:47:33,2,24.5,in-store
STORE_005,SKU_002,2025-05-23 10:37:51,2,24.5,in-store
STORE_005,SKU_002,2025-05-23 11:36:54,2,24.5,online
STORE_005,SKU_005,2025-05-23 20:30:26,1,8.75,in-store
STORE_005,SKU_005,2025-05-23 16:00:34,1,8.75,in-store
STORE_005,SKU_005,2025-05-23 09:54:53,1,8.75,in-store
STORE_001,SKU_001,2025-05-24 14:00:00,2,12.99,online
STORE_001,SKU_001,2025-05-24 08:56:56,2,12.99,in-store
STORE_001,SKU_001,2025-05-24 16:29:10,2,12.99,online
STORE_001,SKU_004,2025-05-24 18:50:38,1,49.99,online
STORE_001,SKU_004,2025-05-24 09:58:19,1,49.99,online
STORE_001,SKU_004,2025-05-24 10:44:00,1,49.99,in-store
STORE_001,SKU_005,2025-05-24 11:24:55,2,8.75,in-store
STORE_001,SKU_010,2025-05-24 20:34:45,4,18.5,online
STORE_002,SKU_002,2025-05-24 14:22:01,4,24.5,online
STORE_002,SKU_002,2025-05-24 13:03:26,4,24.5,in-store
STORE_002,SKU_008,2025-05-24 09:02:40,1,9.99,online
STORE_002,SKU_008,2025-05-24 19:07:53,1,9.99,online
STORE_003,SKU_010,2025-05-24 19:18:22,4,18.5,online
STORE_003,SKU_010,2025-05-24 11:00:35,4,18.5,online
STORE_004,SKU_003,2025-05-24 17:15:45,5,5.99,online
STORE_004,SKU_003,2025-05-24 16:36:18,5,5.99,in-store
STORE_005,SKU_002,2025-05-24 14:25:30,3,24.5,online
STORE_005,SKU_002,2025-05-24 18:44:40,3,24.5,online
STORE_005,SKU_005,2025-05-24 12:33:29,1,8.75,in-store
STORE_005,SKU_006,2025-05-24 20:15:06,3,15.0,in-store
STORE_005,SKU_006,2025-05-24 14:31:11,3,15.0,online
STORE_005,SKU_007,2025-05-24 18:35:36,4,32.2,in-store
STORE_005,SKU_008,2025-05-24 19:28:59,1,9.99,online
STORE_005,SKU_008,2025-05-24 19:34:45,1,9.99,in-store
STORE_005,SKU_010,2025-05-24 19:57:41,4,18.5,online
STORE_005,SKU_010,2025-05-24 20:30:08,4,18.5,in-store
STORE_001,SKU_002,2025-05-25 16:42:06,4,24.5,in-store
STORE_001,SKU_002,2025-05-25 14:00:51,4,24.5,online
STORE_001,SKU_002,2025-05-25 17:51:46,4,24.5,in-store
STORE_001,SKU_004,2025-05-25 14:05:36,2,49.99,in-store
STORE_001,SKU_004,2025-05-25 12:47:43,,49.99,in-store
STORE_001,SKU_004,2025-05-25 10:18:45,2,49.99,in-store
STORE_002,SKU_005,2025-05-25 12:23:11,2,8.75,in-store
STORE_002,SKU_005,2025-05-25 19:22:37,2,8.75,online
STORE_002,SKU_009,2025-05-25 16:52:34,3,115.0,online
STORE_002,SKU_009,2025-05-25 18:08:00,3,115.0,in-store
STORE_002,SKU_009,2025-05-25 15:27:01,3,115.0,online
STORE_003,SKU_008,2025-05-25 19:03:27,1,9.99,in-store
STORE_003,SKU_008,2025-05-25 20:45:40,1,9.99,in-store
STORE_003,SKU_008,2025-05-25 12:22:24,1,9.99,in-store
STORE_004,SKU_003,2025-05-25 16:07:45,6,5.99,in-store
STORE_004,SKU_005,2025-05-25 15:25:16,2,8.75,in-store
STORE_004,SKU_005,2025-05-25 17:24:28,2,8.75,online
STORE_004,SKU_005,2025-05-25 11:18:36,2,8.75,online
STORE_004,SKU_009,2025-05-25 17:40:15,3,115.0,online
STORE_005,SKU_002,2025-05-25 08:31:38,3,24.5,in-store
STORE_002,SKU_001,2025-05-26 11:37:51,1,12.99,online
STORE_002,SKU_001,2025-05-26 12:22:38,1,12.99,online
STORE_003,SKU_006,2025-05-26 11:55:14,2,15.0,in-store
STORE_003,SKU_006,2025-05-26 09:04:51,2,15.0,in-store
STORE_005,SKU_001,2025-05-26 10:27:04,1,12.99,online
STORE_005,SKU_009,2025-05-26 12:07:03,1,115.0,online
STORE_005,SKU_009,2025-05-26 20:18:22,1,115.0,online
STORE_001,SKU_003,2025-05-27 16:28:47,3,5.99,in-store
STORE_001,SKU_003,2025-05-27 21:18:05,3,5.99,in-store
STORE_001,SKU_005,2025-05-27 18:56:11,2,8.75,online
STORE_001,SKU_005,2025-05-27 17:05:37,2,8.75,online
STORE_001,SKU_007,2025-05-27 14:58:14,5,32.2,in-store
STORE_001,SKU_007,2025-05-27 09:30:43,5,32.2,online
STORE_001,SKU_008,2025-05-27 13:34:27,1,9.99,in-store
STORE_001,SKU_008,2025-05-27 12:48:11,1,9.99,in-store
STORE_001,SKU_008,2025-05-27 14:26:02,1,9.99,online
STORE_002,SKU_004,2025-05-27 10:31:28,1,49.99,in-store
STORE_002,SKU_006,2025-05-27 10:57:49,2,15.0,in-store
STORE_002,SKU_006,2025-05-27 08:34:34,2,15.0,in-store
STORE_003,SKU_001,2025-05-27 13:41:58,1,12.99,in-store
STORE_003,SKU_001,2025-05-27 13:01:11,1,12.99,in-store
STORE_004,SKU_002,2025-05-27 21:17:05,2,24.5,in-store
STORE_004,SKU_002,2025-05-27 19:04:56,2,24.5,online
STORE_004,SKU_002,2025-05-27 12:11:48,2,24.5,online
STORE_004,SKU_007,2025-05-27 08:48:48,3,32.2,online
STORE_004,SKU_007,2025-05-27 08:42:17,3,32.2,in-store
STORE_004,SKU_007,2025-05-27 20:14:27,3,32.2,in-store
STORE_005,SKU_007,2025-05-27 11:40:31,3,32.2,in-store
STORE_001,SKU_004,2025-05-28 11:40:51,1,49.99,in-store
STORE_001,SKU_004,2025-05-28 15:48:50,1,49.99,in-store
STORE_001,SKU_004,2025-05-28 19:31:14,1,49.99,in-store
STORE_001,SKU_006,2025-05-28 10:49:49,4,15.0,online
STORE_001,SKU_010,2025-05-28 21:36:21,3,18.5,in-store
STORE_001,SKU_010,2025-05-28 21:11:58,3,18.5,online
STORE_002,SKU_009,2025-05-28 11:32:33,2,115.0,in-store
STORE_002,SKU_009,2025-05-28 16:47:28,2,115.0,online
STORE_003,SKU_008,2025-05-28 12:50:31,1,9.99,online
STORE_003,SKU_008,2025-05-28 18:53:47,1,9.99,in-store
STORE_004,SKU_008,2025-05-28 11:28:56,1,9.99,online
STORE_004,SKU_010,2025-05-28 14:24:27,2,18.5,online
STORE_004,SKU_010,2025-05-28 20:26:34,2,18.5,online
STORE_004,SKU_010,2025-05-28 16:30:24,2,18.5,in-store
STORE_005,SKU_002,2025-05-28 15:43:58,2,24.5,in-store
STORE_005,SKU_004,2025-05-28 15:30:49,1,49.99,online
STORE_005,SKU_004,2025-05-28 14:24:36,1,49.99,in-store
STORE_005,SKU_004,2025-05-28 18:06:44,1,49.99,online
STORE_005,SKU_009,2025-05-28 14:45:34,1,115.0,in-store
STORE_005,SKU_010,2025-05-28 10:53:18,1,18.5,in-store
STORE_005,SKU_010,2025-05-28 18:00:50,1,18.5,online
STORE_001,SKU_004,2025-05-29 17:30:19,1,49.99,in-store
STORE_001,SKU_004,2025-05-29 17:57:43,1,49.99,online
STORE_001,SKU_008,2025-05-29 21:30:42,1,9.99,online
STORE_002,SKU_004,2025-05-29 12:08:34,1,49.99,online
STORE_002,SKU_004,2025-05-29 20:17:15,1,49.99,in-store
STORE_002,SKU_004,2025-05-29 20:17:44,1,49.99,in-store
STORE_002,SKU_008,2025-05-29 15:50:10,1,9.99,online
STORE_002,SKU_008,2025-05-29 21:12:04,1,9.99,online
STORE_002,SKU_008,2025-05-29 15:56:55,1,9.99,online
STORE_002,SKU_010,2025-05-29 18:33:11,2,18.5,in-store
STORE_002,SKU_010,2025-05-29 12:00:30,2,18.5,online
STORE_003,SKU_002,2025-05-29 10:08:48,2,24.5,in-store
STORE_003,SKU_002,2025-05-29 18:14:59,2,24.5,in-store
STORE_003,SKU_010,2025-05-29 12:32:43,2,18.5,in-store
STORE_003,SKU_010,2025-05-29 14:20:25,2,18.5,in-store
STORE_004,SKU_008,2025-05-29 21:42:31,1,9.99,in-store
STORE_005,SKU_001,2025-05-29 13:57:54,1,12.99,in-store
STORE_005,SKU_001,2025-05-29 17:05:51,1,12.99,in-store
STORE_005,SKU_001,2025-05-29 21:49:00,1,12.99,in-store
STORE_005,SKU_008,2025-05-29 09:30:12,1,9.99,in-store
STORE_001,SKU_001,2025-05-30 19:19:39,2,12.99,in-store
STORE_001,SKU_001,2025-05-30 15:13:27,2,12.99,in-store
STORE_001,SKU_001,2025-05-30 16:31:02,2,12.99,online
STORE_001,SKU_010,2025-05-30 17:06:30,4,18.5,in-store
STORE_002,SKU_004,2025-05-30 10:34:50,1,49.99,in-store
STORE_002,SKU_010,2025-05-30 20:20:02,2,18.5,online
STORE_002,SKU_010,2025-05-30 19:18:03,2,18.5,in-store
STORE_003,SKU_010,2025-05-30 18:12:44,2,18.5,online
STORE_003,SKU_010,2025-05-30 19:37:11,2,18.5,online
STORE_003,SKU_010,2025-05-30 20:56:15,2,18.5,in-store
STORE_004,SKU_001,2025-05-30 08:38:49,1,12.99,in-store
STORE_004,SKU_001,2025-05-30 09:32:18,1,12.99,online
STORE_004,SKU_001,2025-05-30 14:10:47,1,12.99,in-store
STORE_004,SKU_008,2025-05-30 08:37:47,1,9.99,in-store
STORE_005,SKU_008,2025-05-30 13:52:17,1,9.99,in-store
STORE_005,SKU_008,2025-05-30 19:07:01,1,9.99,in-store
STORE_001,SKU_001,2025-05-31 10:30:36,2,12.99,in-store
STORE_001,SKU_001,2025-05-31 20:13:00,2,12.99,in-store
STORE_001,SKU_001,2025-05-31 08:18:07,2,12.99,in-store
STORE_001,SKU_002,2025-05-31 11:57:15,4,24.5,in-store
STORE_001,SKU_002,2025-05-31 19:20:05,4,24.5,online
STORE_001,SKU_005,2025-05-31 15:59:36,3,8.75,online
STORE_001,SKU_005,2025-05-31 09:49:06,3,8.75,in-store
STORE_001,SKU_009,2025-05-31 15:39:37,2,115.0,in-store
STORE_001,SKU_009,2025-05-31 11:04:50,2,115.0,online
STORE_002,SKU_004,2025-05-31 08:08:44,1,49.99,in-store
STORE_002,SKU_004,2025-05-31 15:20:52,1,49.99,online
STORE_002,SKU_008,2025-05-31 14:10:43,1,9.99,online
STORE_002,SKU_008,2025-05-31 12:43:06,1,9.99,in-store
STORE_002,SKU_008,2025-05-31 16:20:53,1,9.99,in-store
STORE_003,SKU_005,2025-05-31 09:25:26,2,8.75,in-store
STORE_005,SKU_008,2025-05-31 19:42:48,1,9.99,in-store
STORE_001,SKU_001,2025-06-01 19:36:18,3,12.99,online
STORE_001,SKU_004,2025-06-01 10:44:14,1,49.99,in-store
STORE_001,SKU_006,2025-06-01 10:17:11,4,15.0,in-store
STORE_001,SKU_006,2025-06-01 16:53:35,4,15.0,in-store
STORE_001,SKU_006,2025-06-01 08:49:09,4,15.0,in-store
STORE_001,SKU_008,2025-06-01 20:15:34,1,9.99,in-store
STORE_001,SKU_008,2025-06-01 18:26:05,1,9.99,online
STORE_001,SKU_008,2025-06-01 18:32:02,1,9.99,online
STORE_001,SKU_009,2025-06-01 13:57:03,3,115.0,in-store
STORE_003,SKU_003,2025-06-01 14:04:16,4,5.99,in-store
STORE_003,SKU_003,2025-06-01 18:08:25,4,5.99,online
STORE_003,SKU_003,2025-06-01 20:52:01,4,5.99,online
STORE_004,SKU_004,2025-06-01 17:07:14,1,49.99,in-store
STORE_004,SKU_004,2025-06-01 21:54:45,1,49.99,online
STORE_004,SKU_007,2025-06-01 15:36:48,3,32.2,online
STORE_005,SKU_008,2025-06-01 20:43:59,1,9.99,in-store
STORE_001,SKU_002,2025-06-02 21:38:18,3,24.5,in-store
STORE_001,SKU_006,2025-06-02 09:02:48,3,15.0,online
STORE_001,SKU_007,2025-06-02 14:30:09,3,32.2,in-store
STORE_001,SKU_007,2025-06-02 20:44:26,3,32.2,in-store
STORE_001,SKU_007,2025-06-02 17:52:45,3,32.2,online
STORE_002,SKU_002,2025-06-02 17:40:52,2,24.5,online
STORE_002,SKU_002,2025-06-02 17:08:46,2,24.5,in-store
STORE_003,SKU_008,2025-06-02 08:18:20,1,9.99,in-store
STORE_003,SKU_008,2025-06-02 18:25:36,1,9.99,online
STORE_004,SKU_002,2025-06-02 13:00:09,1,24.5,online
STORE_004,SKU_002,2025-06-02 09:52:30,,24.5,in-store
STORE_004,SKU_002,2025-06-02 18:15:47,1,24.5,online
STORE_004,SKU_003,2025-06-02 10:25:45,2,5.99,online
STORE_004,SKU_007,2025-06-02 13:33:10,3,32.2,in-store
STORE_001,SKU_010,2025-06-03 18:55:28,3,18.5,online
STORE_001,SKU_010,2025-06-03 17:45:17,3,18.5,online
STORE_001,SKU_010,2025-06-03 12:26:14,3,18.5,in-store
STORE_002,SKU_003,2025-06-03 17:26:06,3,5.99,online
STORE_002,SKU_003,2025-06-03 21:40:11,3,5.99,online
STORE_002,SKU_003,2025-06-03 20:39:01,3,5.99,in-store
STORE_002,SKU_008,2025-06-03 12:41:13,1,9.99,online
STORE_002,SKU_008,2025-06-03 20:31:20,1,9.99,in-store
STORE_002,SKU_008,2025-06-03 13:50:18,1,9.99,online
STORE_003,SKU_010,2025-06-03 10:22:14,1,18.5,online
STORE_003,SKU_010,2025-06-03 08:16:06,1,18.5,in-store
STORE_004,SKU_004,2025-06-03 18:45:23,1,49.99,online
STORE_004,SKU_004,2025-06-03 09:07:31,1,49.99,in-store
STORE_004,SKU_004,2025-06-03 14:58:50,1,49.99,in-store
STORE_005,SKU_005,2025-06-03 16:31:59,1,8.75,in-store
STORE_001,SKU_001,2025-06-04 13:21:17,1,12.99,in-store
STORE_001,SKU_001,2025-06-04 21:38:00,1,12.99,in-store
STORE_001,SKU_005,2025-06-04 11:00:48,1,8.75,in-store
STORE_001,SKU_008,2025-06-04 13:16:00,1,9.99,in-store
STORE_001,SKU_008,2025-06-04 09:51:04,1,9.99,online
STORE_002,SKU_001,2025-06-04 13:48:11,1,12.99,in-store
STORE_002,SKU_001,2025-06-04 19:16:49,1,12.99,online
STORE_002,SKU_001,2025-06-04 15:02:01,1,12.99,in-store
STORE_002,SKU_005,2025-06-04 21:32:29,1,8.75,in-store
STORE_002,SKU_005,2025-06-04 17:59:19,1,8.75,online
STORE_002,SKU_005,2025-06-04 15:54:04,1,8.75,in-store
STORE_003,SKU_002,2025-06-04 11:57:48,2,24.5,online
STORE_003,SKU_002,2025-06-04 19:59:26,2,24.5,in-store
STORE_004,SKU_003,2025-06-04 12:57:12,3,5.99,in-store
STORE_004,SKU_003,2025-06-04 17:50:01,3,5.99,in-store
STORE_004,SKU_007,2025-06-04 14:31:09,3,32.2,online
STORE_004,SKU_007,2025-06-04 11:19:38,3,32.2,online
STORE_004,SKU_007,2025-06-04 18:08:30,3,32.2,in-store
STORE_005,SKU_008,2025-06-04 18:46:18,1,9.99,in-store
STORE_005,SKU_008,2025-06-04 16:18:09,1,9.99,online
STORE_002,SKU_002,2025-06-05 08:42:10,1,24.5,online
STORE_002,SKU_007,2025-06-05 16:30:50,4,32.2,online
STORE_003,SKU_002,2025-06-05 08:21:54,2,24.5,in-store
STORE_003,SKU_002,2025-06-05 08:37:51,2,24.5,in-store
STORE_003,SKU_002,2025-06-05 10:22:18,2,24.5,in-store
STORE_003,SKU_005,2025-06-05 19:38:41,1,8.75,in-store
STORE_003,SKU_005,2025-06-05 19:42:48,1,8.75,online
STORE_003,SKU_010,2025-06-05 14:11:38,2,18.5,online
STORE_003,SKU_010,2025-06-05 17:12:09,2,18.5,online
STORE_004,SKU_002,2025-06-05 12:39:24,2,24.5,in-store
STORE_004,SKU_010,2025-06-05 08:33:08,1,18.5,online
STORE_004,SKU_010,2025-06-05 20:31:59,1,18.5,in-store
STORE_001,SKU_003,2025-06-06 21:30:20,4,5.99,in-store
STORE_001,SKU_003,2025-06-06 21:33:12,4,5.99,online
STORE_001,SKU_004,2025-06-06 12:44:40,1,49.99,online
STORE_002,SKU_008,2025-06-06 17:18:18,1,9.99,online
STORE_002,SKU_008,2025-06-06 08:48:35,1,9.99,online
STORE_003,SKU_002,2025-06-06 21:10:28,2,24.5,online
STORE_003,SKU_002,2025-06-06 10:07:30,2,24.5,online
STORE_003,SKU_004,2025-06-06 20:41:07,1,49.99,in-store
STORE_003,SKU_004,2025-06-06 10:45:31,1,49.99,in-store
STORE_003,SKU_010,2025-06-06 14:41:04,2,18.5,online
STORE_003,SKU_010,2025-06-06 10:41:37,2,18.5,in-store
STORE_004,SKU_004,2025-06-06 11:46:55,1,49.99,online
STORE_004,SKU_008,2025-06-06 14:58:11,1,9.99,online
STORE_004,SKU_008,2025-06-06 12:32:21,1,9.99,online
STORE_004,SKU_008,2025-06-06 17:23:23,1,9.99,in-store
STORE_005,SKU_005,2025-06-06 10:30:40,1,8.75,in-store
STORE_005,SKU_005,2025-06-06 16:40:12,1,8.75,online
STORE_005,SKU_005,2025-06-06 21:59:40,1,8.75,online
STORE_005,SKU_008,2025-06-06 18:17:46,1,9.99,online
STORE_001,SKU_002,2025-06-07 12:45:41,4,24.5,online
STORE_001,SKU_002,2025-06-07 11:59:11,4,24.5,online
STORE_001,SKU_002,2025-06-07 15:48:59,4,24.5,online
STORE_001,SKU_008,2025-06-07 19:27:29,1,9.99,in-store
STORE_001,SKU_009,2025-06-07 12:37:43,4,115.0,online
STORE_001,SKU_009,2025-06-07 09:49:21,4,115.0,online
STORE_001,SKU_010,2025-06-07 15:37:46,4,18.5,in-store
STORE_001,SKU_010,2025-06-07 18:24:58,4,18.5,in-store
STORE_001,SKU_010,2025-06-07 17:26:42,4,18.5,online
STORE_002,SKU_002,2025-06-07 12:24:13,4,24.5,in-store
STORE_002,SKU_005,2025-06-07 10:37:55,3,8.75,online
STORE_002,SKU_008,2025-06-07 15:38:47,1,9.99,in-store
STORE_002,SKU_008,2025-06-07 15:01:05,1,9.99,online
STORE_002,SKU_008,2025-06-07 09:17:11,1,9.99,in-store
STORE_003,SKU_001,2025-06-07 20:54:36,2,12.99,online
STORE_003,SKU_001,2025-06-07 11:53:52,2,12.99,online
STORE_003,SKU_008,2025-06-07 08:07:23,1,9.99,in-store
STORE_003,SKU_008,2025-06-07 13:03:29,1,9.99,online
STORE_004,SKU_002,2025-06-07 12:34:55,3,24.5,online
STORE_004,SKU_007,2025-06-07 15:21:37,4,32.2,in-store
STORE_004,SKU_007,2025-06-07 13:45:13,4,32.2,in-store
STORE_004,SKU_009,2025-06-07 15:02:39,3,115.0,in-store
STORE_004,SKU_009,2025-06-07 12:10:01,3,115.0,in-store
STORE_005,SKU_004,2025-06-07 20:31:23,1,,in-store
STORE_005,SKU_004,2025-06-07 21:26:58,1,49.99,in-store
STORE_005,SKU_004,2025-06-07 20:42:13,1,49.99,in-store
STORE_005,SKU_008,2025-06-07 10:09:34,1,9.99,online
STORE_001,SKU_006,2025-06-08 21:54:04,3,15.0,in-store
STORE_001,SKU_006,2025-06-08 11:27:48,3,15.0,online
STORE_001,SKU_006,2025-06-08 19:20:29,3,15.0,online
STORE_002,SKU_002,2025-06-08 15:32:04,3,24.5,online
STORE_002,SKU_002,2025-06-08 18:09:09,3,24.5,online
STORE_002,SKU_003,2025-06-08 11:57:33,4,5.99,in-store
STORE_002,SKU_003,2025-06-08 19:11:11,4,5.99,online
STORE_002,SKU_005,2025-06-08 08:01:36,2,8.75,online
STORE_002,SKU_005,2025-06-08 09:37:19,2,8.75,online
STORE_002,SKU_005,2025-06-08 19:36:17,2,8.75,in-store
STORE_002,SKU_008,2025-06-08 10:39:16,1,9.99,in-store
STORE_002,SKU_008,2025-06-08 18:59:08,1,9.99,in-store
STORE_002,SKU_008,2025-06-08 17:22:43,1,9.99,in-store
STORE_003,SKU_005,2025-06-08 17:19:52,2,8.75,online
STORE_004,SKU_002,2025-06-08 16:45:19,3,24.5,online
STORE_004,SKU_003,2025-06-08 19:32:41,5,5.99,online
STORE_004,SKU_003,2025-06-08 09:15:10,5,5.99,in-store
STORE_004,SKU_003,2025-06-08 11:50:33,5,5.99,in-store
STORE_004,SKU_004,2025-06-08 15:23:12,1,49.99,in-store
STORE_004,SKU_008,2025-06-08 14:50:32,1,9.99,in-store
STORE_005,SKU_001,2025-06-08 18:04:11,2,12.99,in-store
STORE_005,SKU_001,2025-06-08 12:57:57,2,12.99,online
STORE_005,SKU_001,2025-06-08 18:41:28,2,12.99,online
STORE_005,SKU_002,2025-06-08 15:51:07,3,24.5,in-store
STORE_005,SKU_004,2025-06-08 13:57:43,1,49.99,online
STORE_005,SKU_004,2025-06-08 14:57:24,1,49.99,online
STORE_005,SKU_004,2025-06-08 08:26:26,1,49.99,in-store
STORE_001,SKU_008,2025-06-09 13:38:58,1,9.99,online
STORE_001,SKU_008,2025-06-09 18:19:48,1,9.99,online
STORE_002,SKU_007,2025-06-09 19:27:03,3,32.2,in-store
STORE_002,SKU_007,2025-06-09 18:30:24,3,32.2,online
STORE_002,SKU_008,2025-06-09 18:46:55,1,9.99,in-store
STORE_002,SKU_010,2025-06-09 14:41:01,2,18.5,in-store
STORE_002,SKU_010,2025-06-09 11:33:19,2,18.5,in-store
STORE_002,SKU_010,2025-06-09 17:12:17,2,18.5,online
STORE_003,SKU_001,2025-06-09 21:33:30,1,12.99,in-store
STORE_005,SKU_002,2025-06-09 13:08:51,2,24.5,in-store
STORE_005,SKU_002,2025-06-09 21:34:12,2,24.5,in-store
STORE_005,SKU_002,2025-06-09 12:57:24,2,24.5,in-store
STORE_005,SKU_007,2025-06-09 12:48:56,2,32.2,online
STORE_005,SKU_008,2025-06-09 11:38:11,1,9.99,online
STORE_005,SKU_008,2025-06-09 17:49:02,1,9.99,online
STORE_005,SKU_008,2025-06-09 10:46:31,1,9.99,in-store
STORE_001,SKU_002,2025-06-10 13:10:40,3,24.5,online
STORE_001,SKU_005,2025-06-10 15:26:19,1,8.75,online
STORE_001,SKU_008,2025-06-10 12:56:24,1,9.99,online
STORE_001,SKU_009,2025-06-10 21:19:37,2,115.0,in-store
STORE_001,SKU_009,2025-06-10 19:47:42,2,115.0,in-store
STORE_002,SKU_007,2025-06-10 19:09:31,3,32.2,in-store
STORE_002,SKU_007,2025-06-10 14:14:29,3,32.2,online
STORE_004,SKU_003,2025-06-10 21:30:36,4,5.99,online
STORE_004,SKU_003,2025-06-10 08:50:16,4,5.99,online
STORE_004,SKU_005,2025-06-10 16:20:05,1,8.75,in-store
STORE_004,SKU_005,2025-06-10 17:02:26,1,8.75,online
STORE_004,SKU_005,2025-06-10 10:02:37,1,8.75,online
STORE_001,SKU_002,2025-06-11 16:16:39,3,24.5,in-store
STORE_002,SKU_002,2025-06-11 20:54:43,3,24.5,in-store
STORE_002,SKU_002,2025-06-11 21:55:35,3,24.5,in-store
STORE_002,SKU_002,2025-06-11 20:50:21,3,24.5,online
STORE_003,SKU_003,2025-06-11 08:37:23,2,,in-store
STORE_003,SKU_003,2025-06-11 19:10:05,2,5.99,online
STORE_003,SKU_009,2025-06-11 20:19:03,1,115.0,online
STORE_005,SKU_004,2025-06-11 14:17:45,1,49.99,online
STORE_005,SKU_004,2025-06-11 16:05:12,1,49.99,in-store
STORE_005,SKU_004,2025-06-11 12:14:49,1,49.99,in-store
STORE_005,SKU_005,2025-06-11 12:35:00,1,8.75,in-store
STORE_001,SKU_002,2025-06-12 17:19:02,3,24.5,online
STORE_001,SKU_002,2025-06-12 12:16:09,3,24.5,in-store
STORE_001,SKU_004,2025-06-12 20:00:04,1,49.99,online
STORE_001,SKU_004,2025-06-12 20:05:16,1,49.99,online
STORE_001,SKU_004,2025-06-12 15:11:47,1,49.99,in-store
STORE_001,SKU_010,2025-06-12 17:52:51,3,18.5,in-store
STORE_002,SKU_005,2025-06-12 20:00:33,1,8.75,online
STORE_004,SKU_002,2025-06-12 21:55:50,2,24.5,online
STORE_004,SKU_002,2025-06-12 08:19:12,2,24.5,online
STORE_004,SKU_005,2025-06-12 10:42:32,1,8.75,online
STORE_004,SKU_005,2025-06-12 10:07:47,1,8.75,online
STORE_004,SKU_005,2025-06-12 20:35:06,1,8.75,online
STORE_005,SKU_003,2025-06-12 13:20:22,4,5.99,online
STORE_005,SKU_009,2025-06-12 10:21:10,2,115.0,online
STORE_001,SKU_005,2025-06-13 21:49:57,2,8.75,online
STORE_001,SKU_005,2025-06-13 12:31:50,2,8.75,in-store
STORE_001,SKU_005,2025-06-13 18:06:58,2,8.75,online
STORE_003,SKU_007,2025-06-13 14:20:14,3,32.2,online
STORE_003,SKU_007,2025-06-13 21:08:02,3,32.2,online
STORE_003,SKU_007,2025-06-13 12:05:18,3,32.2,online
STORE_003,SKU_010,2025-06-13 10:32:49,2,18.5,online
STORE_005,SKU_001,2025-06-13 19:29:35,1,12.99,in-store
STORE_005,SKU_001,2025-06-13 08:31:20,1,12.99,online
STORE_005,SKU_002,2025-06-13 20:44:01,2,24.5,online
STORE_005,SKU_004,2025-06-13 20:03:33,1,49.99,online
STORE_005,SKU_004,2025-06-13 10:43:44,1,49.99,online
STORE_001,SKU_004,2025-06-14 19:12:27,1,49.99,online
STORE_001,SKU_005,2025-06-14 14:55:59,3,8.75,in-store
STORE_001,SKU_005,2025-06-14 08:39:20,3,8.75,in-store
STORE_001,SKU_008,2025-06-14 20:37:01,1,9.99,online
STORE_001,SKU_008,2025-06-14 16:22:39,1,9.99,online
STORE_001,SKU_010,2025-06-14 19:41:08,6,18.5,in-store
STORE_001,SKU_010,2025-06-14 16:48:50,6,18.5,in-store
STORE_001,SKU_010,2025-06-14 12:28:30,6,18.5,in-store
STORE_002,SKU_002,2025-06-14 08:09:44,4,24.5,online
STORE_002,SKU_002,2025-06-14 13:20:16,4,24.5,online
STORE_002,SKU_002,2025-06-14 20:13:44,4,24.5,in-store
STORE_002,SKU_003,2025-06-14 16:55:01,5,5.99,in-store
STORE_002,SKU_003,2025-06-14 17:42:02,5,5.99,online
STORE_002,SKU_005,2025-06-14 20:20:44,3,8.75,in-store
STORE_003,SKU_001,2025-06-14 10:50:46,2,12.99,online
STORE_003,SKU_001,2025-06-14 21:15:46,2,12.99,in-store
STORE_003,SKU_001,2025-06-14 12:30:09,2,12.99,online
STORE_003,SKU_009,2025-06-14 14:23:36,2,115.0,online
STORE_003,SKU_009,2025-06-14 12:40:22,2,115.0,in-store
STORE_003,SKU_009,2025-06-14 18:59:44,2,115.0,online
STORE_004,SKU_001,2025-06-14 14:33:17,1,12.99,online
STORE_004,SKU_001,2025-06-14 14:49:34,1,12.99,in-store
STORE_004,SKU_005,2025-06-14 14:20:42,2,8.75,online
STORE_004,SKU_005,2025-06-14 20:31:45,2,8.75,online
STORE_004,SKU_005,2025-06-14 16:04:53,,8.75,online
STORE_004,SKU_009,2025-06-14 21:13:26,2,115.0,online
STORE_005,SKU_002,2025-06-14 12:28:00,4,24.5,online
STORE_005,SKU_002,2025-06-14 15:16:25,4,24.5,in-store
STORE_005,SKU_002,2025-06-14 21:34:26,4,24.5,online
STORE_005,SKU_005,2025-06-14 16:09:55,3,,online
STORE_001,SKU_002,2025-06-15 08:03:45,5,24.5,online
STORE_001,SKU_002,2025-06-15 19:35:43,5,24.5,online
STORE_002,SKU_002,2025-06-15 13:56:47,4,24.5,in-store
STORE_002,SKU_002,2025-06-15 14:02:10,4,24.5,online
STORE_002,SKU_002,2025-06-15 14:03:14,4,24.5,online
STORE_002,SKU_010,2025-06-15 20:18:56,4,18.5,online
STORE_002,SKU_010,2025-06-15 15:04:06,4,18.5,online
STORE_003,SKU_002,2025-06-15 09:02:20,4,24.5,online
STORE_003,SKU_002,2025-06-15 19:34:11,4,24.5,online
STORE_003,SKU_009,2025-06-15 09:03:06,2,115.0,in-store
STORE_003,SKU_009,2025-06-15 12:37:39,2,115.0,in-store
STORE_003,SKU_010,2025-06-15 18:03:16,4,18.5,online
STORE_004,SKU_001,2025-06-15 11:48:20,2,12.99,in-store
STORE_001,SKU_002,2025-06-16 16:16:18,2,24.5,in-store
STORE_001,SKU_002,2025-06-16 15:22:17,2,24.5,online
STORE_001,SKU_002,2025-06-16 19:44:35,2,24.5,online
STORE_001,SKU_005,2025-06-16 11:02:07,2,8.75,online
STORE_001,SKU_007,2025-06-16 15:10:55,4,32.2,online
STORE_002,SKU_008,2025-06-16 17:52:24,1,9.99,online
STORE_003,SKU_010,2025-06-16 12:52:47,2,18.5,online
STORE_003,SKU_010,2025-06-16 19:32:31,2,18.5,in-store
STORE_004,SKU_010,2025-06-16 12:15:14,2,18.5,in-store
STORE_005,SKU_002,2025-06-16 12:32:14,2,24.5,in-store
STORE_005,SKU_002,2025-06-16 17:27:25,2,24.5,in-store
STORE_005,SKU_002,2025-06-16 17:08:14,2,24.5,online
STORE_005,SKU_008,2025-06-16 21:11:38,1,9.99,online
STORE_005,SKU_010,2025-06-16 19:05:10,3,18.5,online
STORE_005,SKU_010,2025-06-16 21:57:57,3,18.5,online
STORE_005,SKU_010,2025-06-16 21:07:28,3,18.5,in-store
STORE_001,SKU_002,2025-06-17 21:48:48,3,24.5,online
STORE_001,SKU_002,2025-06-17 15:09:37,3,24.5,online
STORE_001,SKU_002,2025-06-17 17:25:00,3,24.5,online
STORE_001,SKU_005,2025-06-17 09:55:38,2,8.75,online
STORE_001,SKU_006,2025-06-17 20:33:09,3,15.0,online
STORE_001,SKU_007,2025-06-17 21:40:59,4,32.2,in-store
STORE_002,SKU_002,2025-06-17 14:09:38,2,24.5,online
STORE_002,SKU_002,2025-06-17 17:55:07,2,24.5,in-store
STORE_003,SKU_009,2025-06-17 08:50:30,1,115.0,in-store
STORE_005,SKU_008,2025-06-17 16:51:47,1,9.99,in-store
STORE_001,SKU_002,2025-06-18 17:09:52,2,24.5,online
STORE_002,SKU_001,2025-06-18 09:36:30,1,12.99,in-store
STORE_002,SKU_002,2025-06-18 09:42:26,2,24.5,online
STORE_002,SKU_002,2025-06-18 12:56:27,2,24.5,online
STORE_002,SKU_008,2025-06-18 16:05:14,1,9.99,in-store
STORE_002,SKU_010,2025-06-18 12:53:37,2,18.5,in-store
STORE_002,SKU_010,2025-06-18 12:27:52,2,18.5,in-store
STORE_002,SKU_010,2025-06-18 21:54:23,2,18.5,online
STORE_003,SKU_001,2025-06-18 11:49:33,2,12.99,in-store
STORE_003,SKU_001,2025-06-18 13:07:45,2,12.99,online
STORE_003,SKU_001,2025-06-18 08:05:58,2,12.99,online
STORE_003,SKU_005,2025-06-18 08:25:45,2,8.75,online
STORE_003,SKU_005,2025-06-18 16:18:39,2,8.75,online
STORE_003,SKU_005,2025-06-18 16:25:26,2,8.75,in-store
STORE_003,SKU_009,2025-06-18 14:15:09,1,115.0,online
STORE_003,SKU_009,2025-06-18 11:10:38,1,115.0,in-store
STORE_004,SKU_002,2025-06-18 13:49:20,1,24.5,in-store
STORE_004,SKU_005,2025-06-18 19:02:48,1,8.75,in-store
STORE_004,SKU_005,2025-06-18 16:57:15,1,8.75,online
STORE_004,SKU_006,2025-06-18 20:42:06,1,15.0,online
STORE_004,SKU_006,2025-06-18 16:13:08,1,15.0,online
STORE_004,SKU_006,2025-06-18 09:16:07,1,15.0,online
STORE_005,SKU_002,2025-06-18 10:45:59,2,24.5,in-store
STORE_005,SKU_002,2025-06-18 18:39:21,2,24.5,in-store
STORE_005,SKU_002,2025-06-18 19:46:49,2,24.5,online
STORE_005,SKU_010,2025-06-18 09:35:37,2,18.5,in-store
STORE_005,SKU_010,2025-06-18 11:19:37,2,18.5,online
STORE_005,SKU_010,2025-06-18 09:28:00,2,18.5,online
STORE_001,SKU_005,2025-06-19 21:44:31,1,8.75,online
STORE_001,SKU_005,2025-06-19 15:03:23,1,8.75,in-store
STORE_001,SKU_005,2025-06-19 14:44:02,1,8.75,in-store
STORE_001,SKU_008,2025-06-19 20:49:42,1,9.99,in-store
STORE_001,SKU_008,2025-06-19 16:28:29,1,9.99,in-store
STORE_001,SKU_008,2025-06-19 19:55:14,1,9.99,in-store
STORE_003,SKU_002,2025-06-19 12:00:43,2,24.5,online
STORE_003,SKU_002,2025-06-19 18:43:26,2,24.5,in-store
STORE_003,SKU_003,2025-06-19 15:17:25,2,5.99,in-store
STORE_003,SKU_003,2025-06-19 10:25:07,2,5.99,in-store
STORE_003,SKU_007,2025-06-19 14:50:53,3,32.2,online
STORE_004,SKU_004,2025-06-19 16:08:31,1,49.99,online
STORE_004,SKU_004,2025-06-19 15:03:59,1,49.99,in-store
STORE_004,SKU_006,2025-06-19 16:48:42,2,15.0,in-store
STORE_004,SKU_006,2025-06-19 11:37:01,2,15.0,in-store
STORE_004,SKU_006,2025-06-19 15:35:55,2,15.0,in-store
STORE_004,SKU_010,2025-06-19 08:57:41,1,18.5,online
STORE_004,SKU_010,2025-06-19 16:04:47,1,18.5,online
STORE_004,SKU_010,2025-06-19 14:53:29,1,18.5,online
STORE_005,SKU_001,2025-06-19 17:56:27,2,12.99,in-store
STORE_005,SKU_001,2025-06-19 21:26:47,2,12.99,online
STORE_005,SKU_001,2025-06-19 15:38:44,2,12.99,in-store
STORE_005,SKU_010,2025-06-19 11:57:59,1,18.5,in-store
STORE_001,SKU_002,2025-06-20 08:24:18,3,24.5,in-store
STORE_001,SKU_002,2025-06-20 12:05:24,3,24.5,in-store
STORE_001,SKU_002,2025-06-20 17:09:38,3,24.5,online
STORE_001,SKU_004,2025-06-20 15:38:10,1,49.99,online
STORE_001,SKU_004,2025-06-20 20:52:44,1,,in-store
STORE_002,SKU_004,2025-06-20 19:11:15,1,49.99,in-store
STORE_002,SKU_008,2025-06-20 16:03:59,1,9.99,in-store
STORE_002,SKU_009,2025-06-20 21:20:29,1,115.0,online
STORE_002,SKU_009,2025-06-20 12:50:11,1,115.0,online
STORE_002,SKU_009,2025-06-20 12:31:43,1,115.0,in-store
STORE_003,SKU_002,2025-06-20 16:18:40,1,24.5,in-store
STORE_003,SKU_002,2025-06-20 20:00:03,1,24.5,in-store
STORE_004,SKU_007,2025-06-20 11:52:21,3,32.2,in-store
STORE_005,SKU_008,2025-06-20 17:51:46,1,9.99,online
STORE_005,SKU_008,2025-06-20 20:41:14,1,9.99,online
STORE_005,SKU_008,2025-06-20 19:37:40,1,9.99,online
STORE_001,SKU_004,2025-06-21 13:52:17,1,49.99,in-store
STORE_001,SKU_005,2025-06-21 14:10:01,3,8.75,in-store
STORE_001,SKU_007,2025-06-21 16:40:37,7,32.2,online
STORE_001,SKU_007,2025-06-21 10:40:03,7,32.2,online
STORE_001,SKU_008,2025-06-21 11:03:48,1,9.99,online
STORE_001,SKU_008,2025-06-21 11:18:45,1,9.99,online
STORE_002,SKU_001,2025-06-21 18:41:47,2,12.99,in-store
STORE_002,SKU_004,2025-06-21 08:08:55,1,49.99,online
STORE_002,SKU_005,2025-06-21 13:59:20,2,8.75,in-store
STORE_002,SKU_005,2025-06-21 20:29:28,2,8.75,in-store
STORE_002,SKU_005,2025-06-21 17:26:09,2,8.75,in-store
STORE_002,SKU_010,2025-06-21 10:25:55,2,18.5,online
STORE_002,SKU_010,2025-06-21 11:35:06,2,18.5,online
STORE_003,SKU_005,2025-06-21 14:01:50,3,8.75,online
STORE_003,SKU_005,2025-06-21 14:14:33,3,8.75,online
STORE_003,SKU_008,2025-06-21 18:55:22,1,9.99,online
STORE_003,SKU_008,2025-06-21 17:12:50,1,9.99,online
STORE_003,SKU_008,2025-06-21 18:30:22,1,9.99,online
STORE_003,SKU_010,2025-06-21 08:15:10,3,18.5,in-store
STORE_003,SKU_010,2025-06-21 10:15:50,3,18.5,online
STORE_004,SKU_001,2025-06-21 19:06:24,1,12.99,online
STORE_005,SKU_008,2025-06-21 21:41:40,1,9.99,in-store
STORE_001,SKU_007,2025-06-22 10:04:54,7,32.2,in-store
STORE_001,SKU_007,2025-06-22 11:16:26,7,32.2,online
STORE_002,SKU_002,2025-06-22 14:47:24,4,24.5,online
STORE_002,SKU_002,2025-06-22 10:36:38,4,24.5,online
STORE_002,SKU_004,2025-06-22 15:48:57,1,49.99,in-store
STORE_002,SKU_007,2025-06-22 10:09:54,5,32.2,online
STORE_002,SKU_008,2025-06-22 10:45:52,1,9.99,in-store
STORE_002,SKU_008,2025-06-22 10:32:11,1,9.99,online
STORE_002,SKU_008,2025-06-22 18:29:44,1,9.99,in-store
STORE_002,SKU_010,2025-06-22 17:51:40,3,18.5,in-store
STORE_002,SKU_010,2025-06-22 20:01:32,3,18.5,online
STORE_003,SKU_003,2025-06-22 20:36:05,3,5.99,online
STORE_003,SKU_004,2025-06-22 09:45:27,1,49.99,in-store
STORE_003,SKU_004,2025-06-22 21:01:40,1,49.99,online
STORE_003,SKU_004,2025-06-22 15:11:10,1,49.99,in-store
STORE_003,SKU_010,2025-06-22 19:46:39,4,18.5,online
STORE_003,SKU_010,2025-06-22 18:33:08,4,18.5,online
STORE_004,SKU_002,2025-06-22 18:51:19,3,24.5,online
STORE_004,SKU_002,2025-06-22 11:31:38,3,24.5,in-store
STORE_004,SKU_002,2025-06-22 08:38:21,3,24.5,in-store
STORE_004,SKU_004,2025-06-22 19:33:38,1,49.99,in-store
STORE_004,SKU_005,2025-06-22 19:21:21,2,8.75,online
STORE_004,SKU_005,2025-06-22 19:19:04,2,8.75,online
STORE_004,SKU_005,2025-06-22 19:57:35,2,8.75,in-store
STORE_004,SKU_008,2025-06-22 16:48:54,1,9.99,in-store
STORE_004,SKU_008,2025-06-22 13:37:11,1,9.99,online
STORE_005,SKU_010,2025-06-22 18:03:49,4,18.5,online
STORE_002,SKU_005,2025-06-23 12:00:30,2,8.75,online
STORE_002,SKU_009,2025-06-23 16:03:36,1,115.0,online
STORE_002,SKU_010,2025-06-23 16:36:27,2,18.5,in-store
STORE_003,SKU_010,2025-06-23 13:09:49,2,18.5,online
STORE_003,SKU_010,2025-06-23 17:24:05,2,18.5,in-store
STORE_003,SKU_010,2025-06-23 10:24:25,2,18.5,in-store
STORE_004,SKU_004,2025-06-23 09:38:39,1,49.99,in-store
STORE_005,SKU_004,2025-06-23 20:21:15,1,49.99,in-store
STORE_005,SKU_004,2025-06-23 15:36:35,1,49.99,online
STORE_005,SKU_004,2025-06-23 09:34:27,1,49.99,in-store
STORE_001,SKU_007,2025-06-24 19:43:10,4,32.2,in-store
STORE_001,SKU_007,2025-06-24 19:21:24,4,32.2,in-store
STORE_001,SKU_007,2025-06-24 20:43:24,4,32.2,in-store
STORE_001,SKU_010,2025-06-24 18:17:59,3,18.5,in-store
STORE_002,SKU_005,2025-06-24 20:21:13,1,8.75,online
STORE_002,SKU_005,2025-06-24 12:02:22,1,8.75,in-store
STORE_003,SKU_005,2025-06-24 14:36:33,1,8.75,in-store
STORE_003,SKU_005,2025-06-24 09:28:49,1,8.75,online
STORE_003,SKU_005,2025-06-24 14:50:29,1,8.75,online
STORE_004,SKU_005,2025-06-24 11:02:03,1,8.75,online
STORE_005,SKU_007,2025-06-24 17:50:57,2,32.2,online
STORE_005,SKU_007,2025-06-24 14:49:41,2,32.2,online
STORE_005,SKU_010,2025-06-24 12:36:35,2,18.5,online
STORE_001,SKU_001,2025-06-25 15:29:56,2,12.99,in-store
STORE_001,SKU_001,2025-06-25 08:39:30,2,12.99,online
STORE_001,SKU_001,2025-06-25 12:43:51,2,12.99,in-store
STORE_001,SKU_005,2025-06-25 16:30:58,1,8.75,online
STORE_002,SKU_005,2025-06-25 10:38:18,1,8.75,in-store
STORE_002,SKU_005,2025-06-25 13:47:43,1,8.75,online
STORE_002,SKU_005,2025-06-25 19:04:26,1,8.75,online
STORE_002,SKU_007,2025-06-25 15:46:59,3,32.2,online
STORE_002,SKU_007,2025-06-25 11:53:28,3,32.2,in-store
STORE_002,SKU_008,2025-06-25 12:18:38,1,9.99,in-store
STORE_004,SKU_004,2025-06-25 19:56:36,1,49.99,in-store
STORE_004,SKU_004,2025-06-25 09:49:55,1,49.99,online
STORE_004,SKU_006,2025-06-25 11:15:17,2,15.0,online
STORE_004,SKU_007,2025-06-25 13:38:52,2,32.2,online
STORE_004,SKU_007,2025-06-25 15:30:26,2,32.2,online
STORE_004,SKU_007,2025-06-25 10:38:22,2,32.2,online
STORE_004,SKU_008,2025-06-25 10:26:45,1,9.99,in-store
STORE_004,SKU_008,2025-06-25 08:51:07,1,9.99,in-store
STORE_005,SKU_008,2025-06-25 12:05:38,1,9.99,in-store
STORE_005,SKU_008,2025-06-25 18:48:29,1,9.99,online
STORE_001,SKU_007,2025-06-26 10:25:06,5,32.2,in-store
STORE_001,SKU_007,2025-06-26 13:49:16,5,32.2,in-store
STORE_001,SKU_007,2025-06-26 12:43:04,5,32.2,online
STORE_002,SKU_002,2025-06-26 18:13:40,2,24.5,in-store
STORE_002,SKU_002,2025-06-26 19:42:27,2,24.5,online
STORE_002,SKU_002,2025-06-26 20:11:56,2,24.5,in-store
STORE_002,SKU_005,2025-06-26 11:23:30,1,8.75,online
STORE_002,SKU_005,2025-06-26 13:23:16,1,8.75,in-store
STORE_002,SKU_007,2025-06-26 20:55:26,3,32.2,in-store
STORE_002,SKU_008,2025-06-26 20:33:34,1,9.99,in-store
STORE_002,SKU_008,2025-06-26 16:05:14,1,9.99,online
STORE_004,SKU_001,2025-06-26 14:32:37,1,12.99,online
STORE_004,SKU_001,2025-06-26 18:18:47,1,12.99,in-store
STORE_004,SKU_002,2025-06-26 17:07:28,2,24.5,online
STORE_004,SKU_002,2025-06-26 18:09:11,2,24.5,in-store
STORE_004,SKU_002,2025-06-26 13:36:26,2,24.5,online
STORE_004,SKU_004,2025-06-26 16:14:32,1,49.99,in-store
STORE_004,SKU_008,2025-06-26 16:55:19,1,9.99,online
STORE_004,SKU_010,2025-06-26 19:58:05,2,18.5,in-store
STORE_004,SKU_010,2025-06-26 10:59:23,2,18.5,in-store
STORE_001,SKU_002,2025-06-27 21:30:14,2,24.5,in-store
STORE_001,SKU_002,2025-06-27 12:01:09,2,24.5,online
STORE_001,SKU_003,2025-06-27 10:41:41,5,5.99,in-store
STORE_001,SKU_003,2025-06-27 17:21:27,5,5.99,in-store
STORE_002,SKU_004,2025-06-27 17:38:18,1,49.99,online
STORE_002,SKU_004,2025-06-27 19:01:17,1,49.99,in-store
STORE_002,SKU_004,2025-06-27 19:14:56,1,49.99,in-store
STORE_003,SKU_008,2025-06-27 21:48:07,1,9.99,in-store
STORE_001,SKU_002,2025-06-28 20:17:20,5,24.5,in-store
STORE_001,SKU_002,2025-06-28 13:32:49,5,24.5,online
STORE_001,SKU_002,2025-06-28 13:38:09,5,24.5,online
STORE_001,SKU_005,2025-06-28 19:38:52,4,8.75,online
STORE_001,SKU_007,2025-06-28 09:52:36,8,32.2,online
STORE_002,SKU_005,2025-06-28 17:52:05,1,8.75,in-store
STORE_002,SKU_005,2025-06-28 21:09:03,1,8.75,online
STORE_002,SKU_005,2025-06-28 10:49:24,1,8.75,in-store
STORE_003,SKU_008,2025-06-28 19:47:17,1,9.99,online
STORE_003,SKU_008,2025-06-28 17:53:57,1,9.99,in-store
STORE_003,SKU_008,2025-06-28 10:25:52,1,9.99,online
STORE_004,SKU_003,2025-06-28 21:49:52,5,5.99,in-store
STORE_004,SKU_003,2025-06-28 21:58:46,5,5.99,in-store
STORE_004,SKU_006,2025-06-28 09:46:29,4,15.0,in-store
STORE_004,SKU_006,2025-06-28 17:38:47,4,15.0,online
STORE_004,SKU_008,2025-06-28 21:48:28,1,9.99,online
STORE_004,SKU_008,2025-06-28 18:26:02,1,9.99,in-store
STORE_004,SKU_010,2025-06-28 12:52:22,4,18.5,in-store
STORE_004,SKU_010,2025-06-28 13:17:07,4,18.5,online
STORE_004,SKU_010,2025-06-28 16:50:11,4,18.5,online
STORE_005,SKU_001,2025-06-28 11:09:37,3,12.99,online
STORE_005,SKU_001,2025-06-28 16:49:49,3,12.99,in-store
STORE_005,SKU_001,2025-06-28 20:07:49,3,12.99,in-store
STORE_005,SKU_002,2025-06-28 18:04:18,3,24.5,online
STORE_005,SKU_002,2025-06-28 17:31:55,3,24.5,in-store
STORE_005,SKU_005,2025-06-28 08:24:38,2,8.75,online
STORE_001,SKU_004,2025-06-29 10:24:20,1,49.99,online
STORE_001,SKU_005,2025-06-29 14:20:28,4,8.75,online
STORE_001,SKU_007,2025-06-29 19:50:21,7,32.2,online
STORE_001,SKU_007,2025-06-29 13:44:46,7,32.2,online
STORE_001,SKU_007,2025-06-29 15:36:54,7,32.2,online
STORE_001,SKU_009,2025-06-29 08:28:02,3,115.0,in-store
STORE_001,SKU_009,2025-06-29 13:53:07,3,115.0,online
STORE_001,SKU_009,2025-06-29 08:51:50,3,115.0,online
STORE_002,SKU_005,2025-06-29 21:26:09,2,8.75,online
STORE_002,SKU_005,2025-06-29 20:15:07,2,8.75,online
STORE_002,SKU_008,2025-06-29 20:35:22,1,9.99,in-store
STORE_002,SKU_009,2025-06-29 13:47:07,2,115.0,online
STORE_002,SKU_009,2025-06-29 08:28:26,2,115.0,in-store
STORE_003,SKU_005,2025-06-29 11:33:46,2,8.75,online
STORE_003,SKU_005,2025-06-29 08:50:43,2,8.75,online
STORE_004,SKU_003,2025-06-29 18:46:19,6,5.99,in-store
STORE_004,SKU_003,2025-06-29 12:18:38,6,5.99,online
STORE_004,SKU_005,2025-06-29 13:23:14,2,8.75,online
STORE_005,SKU_005,2025-06-29 09:45:53,1,8.75,online
STORE_005,SKU_009,2025-06-29 09:54:22,1,115.0,online
STORE_001,SKU_004,2025-06-30 20:17:29,1,49.99,online
STORE_002,SKU_003,2025-06-30 21:17:14,2,5.99,online
STORE_002,SKU_003,2025-06-30 18:47:27,2,5.99,online
STORE_002,SKU_003,2025-06-30 15:13:18,2,5.99,online
STORE_002,SKU_006,2025-06-30 19:36:42,2,15.0,in-store
STORE_002,SKU_006,2025-06-30 20:28:10,2,15.0,in-store
STORE_002,SKU_006,2025-06-30 17:40:53,2,15.0,online
STORE_002,SKU_008,2025-06-30 19:32:24,1,9.99,online
STORE_003,SKU_002,2025-06-30 08:11:25,2,24.5,in-store
STORE_003,SKU_002,2025-06-30 20:54:34,2,24.5,online
STORE_003,SKU_007,2025-06-30 14:31:04,3,32.2,in-store
STORE_003,SKU_007,2025-06-30 13:47:06,3,32.2,in-store
STORE_003,SKU_007,2025-06-30 17:56:08,3,32.2,in-store
STORE_003,SKU_010,2025-06-30 18:14:46,2,18.5,online
STORE_003,SKU_010,2025-06-30 08:34:16,2,18.5,online
STORE_004,SKU_002,2025-06-30 17:08:37,2,24.5,online
STORE_004,SKU_007,2025-06-30 21:21:13,2,32.2,in-store
STORE_005,SKU_001,2025-06-30 19:25:13,1,12.99,online
STORE_005,SKU_001,2025-06-30 18:23:34,1,12.99,online
STORE_005,SKU_005,2025-06-30 16:29:02,1,8.75,online
STORE_005,SKU_005,2025-06-30 08:05:46,1,8.75,online
STORE_005,SKU_005,2025-06-30 20:01:14,1,8.75,online
STORE_005,SKU_008,2025-06-30 11:46:24,1,9.99,online
STORE_005,SKU_008,2025-06-30 18:17:49,1,9.99,online
STORE_005,SKU_008,2025-06-30 08:46:44,1,9.99,in-store
STORE_002,SKU_002,2025-07-01 20:43:55,3,24.5,online
STORE_002,SKU_002,2025-07-01 08:04:36,3,24.5,online
STORE_002,SKU_002,2025-07-01 15:45:07,3,24.5,in-store
STORE_003,SKU_007,2025-07-01 08:38:02,3,32.2,online
STORE_003,SKU_007,2025-07-01 10:48:27,3,32.2,online
STORE_004,SKU_002,2025-07-01 17:23:28,3,24.5,online
STORE_004,SKU_005,2025-07-01 18:08:18,1,8.75,in-store
STORE_004,SKU_005,2025-07-01 14:05:33,1,8.75,in-store
STORE_004,SKU_007,2025-07-01 18:48:44,3,32.2,in-store
STORE_005,SKU_006,2025-07-01 20:22:29,2,15.0,online
STORE_005,SKU_008,2025-07-01 14:47:36,1,9.99,online
STORE_005,SKU_010,2025-07-01 14:11:02,2,18.5,in-store
STORE_001,SKU_001,2025-07-02 15:38:19,2,12.99,in-store
STORE_001,SKU_002,2025-07-02 20:38:58,2,24.5,in-store
STORE_001,SKU_002,2025-07-02 15:40:44,2,24.5,in-store
STORE_001,SKU_010,2025-07-02 18:27:43,3,18.5,online
STORE_001,SKU_010,2025-07-02 19:39:05,3,18.5,in-store
STORE_001,SKU_010,2025-07-02 20:25:30,3,,online
STORE_003,SKU_006,2025-07-02 16:38:26,2,15.0,online
STORE_003,SKU_006,2025-07-02 20:35:45,2,15.0,in-store
STORE_003,SKU_006,2025-07-02 12:43:43,2,15.0,online
STORE_004,SKU_002,2025-07-02 14:35:53,2,24.5,online
STORE_004,SKU_002,2025-07-02 13:30:52,2,24.5,online
STORE_004,SKU_002,2025-07-02 08:41:07,2,24.5,in-store
STORE_004,SKU_005,2025-07-02 18:43:39,1,8.75,in-store
STORE_005,SKU_003,2025-07-02 17:33:33,2,5.99,online
STORE_005,SKU_003,2025-07-02 16:46:21,2,5.99,in-store
STORE_005,SKU_003,2025-07-02 17:20:56,2,5.99,in-store
STORE_001,SKU_004,2025-07-03 10:04:45,1,49.99,in-store
STORE_001,SKU_004,2025-07-03 12:22:29,1,49.99,online
STORE_001,SKU_004,2025-07-03 21:18:16,1,49.99,in-store
STORE_001,SKU_006,2025-07-03 11:15:09,2,15.0,online
STORE_001,SKU_006,2025-07-03 20:52:52,2,15.0,in-store
STORE_001,SKU_008,2025-07-03 18:00:44,1,9.99,online
STORE_001,SKU_008,2025-07-03 09:02:33,1,9.99,online
STORE_001,SKU_008,2025-07-03 21:46:07,1,9.99,online
STORE_003,SKU_001,2025-07-03 13:33:29,1,12.99,online
STORE_003,SKU_004,2025-07-03 21:26:12,1,49.99,online
STORE_003,SKU_004,2025-07-03 13:13:17,1,49.99,in-store
STORE_003,SKU_004,2025-07-03 10:39:12,1,49.99,in-store
STORE_003,SKU_005,2025-07-03 11:24:08,2,8.75,online
STORE_003,SKU_005,2025-07-03 21:33:20,2,8.75,in-store
STORE_004,SKU_002,2025-07-03 10:40:17,2,24.5,in-store
STORE_001,SKU_002,2025-07-04 19:00:39,2,24.5,online
STORE_001,SKU_008,2025-07-04 18:40:51,1,9.99,online
STORE_002,SKU_004,2025-07-04 14:39:46,1,49.99,in-store
STORE_003,SKU_004,2025-07-04 16:02:57,1,49.99,in-store
STORE_003,SKU_004,2025-07-04 20:48:27,1,49.99,in-store
STORE_003,SKU_005,2025-07-04 16:35:32,1,8.75,in-store
STORE_003,SKU_005,2025-07-04 10:13:29,1,8.75,in-store
STORE_003,SKU_010,2025-07-04 19:38:52,3,18.5,in-store
STORE_003,SKU_010,2025-07-04 21:18:23,3,18.5,online
STORE_003,SKU_010,2025-07-04 14:27:09,3,18.5,in-store
STORE_004,SKU_005,2025-07-04 21:55:36,1,8.75,online
STORE_004,SKU_005,2025-07-04 18:10:14,1,8.75,online
STORE_004,SKU_007,2025-07-04 12:36:25,4,32.2,in-store
STORE_004,SKU_007,2025-07-04 15:06:23,4,32.2,online
STORE_005,SKU_002,2025-07-04 11:13:47,3,24.5,online
STORE_005,SKU_007,2025-07-04 19:55:52,3,32.2,online
STORE_005,SKU_010,2025-07-04 12:07:52,2,18.5,in-store
STORE_001,SKU_004,2025-07-05 17:22:33,1,49.99,online
STORE_001,SKU_005,2025-07-05 21:30:44,4,8.75,in-store
STORE_001,SKU_007,2025-07-05 19:44:17,8,32.2,in-store
STORE_001,SKU_007,2025-07-05 09:05:28,8,32.2,in-store
STORE_001,SKU_007,2025-07-05 14:47:16,8,32.2,in-store
STORE_001,SKU_008,2025-07-05 17:57:35,1,9.99,in-store
STORE_001,SKU_008,2025-07-05 12:03:39,1,9.99,in-store
STORE_001,SKU_009,2025-07-05 08:52:58,4,115.0,in-store
STORE_002,SKU_008,2025-07-05 13:54:55,1,9.99,online
STORE_002,SKU_008,2025-07-05 17:26:51,1,9.99,online
STORE_002,SKU_008,2025-07-05 08:29:54,1,9.99,in-store
STORE_002,SKU_010,2025-07-05 13:26:34,2,18.5,in-store
STORE_002,SKU_010,2025-07-05 14:04:39,2,18.5,online
STORE_003,SKU_002,2025-07-05 18:12:06,3,24.5,online
STORE_003,SKU_002,2025-07-05 19:46:54,3,24.5,in-store
STORE_003,SKU_002,2025-07-05 21:13:50,3,24.5,online
STORE_003,SKU_006,2025-07-05 19:05:46,4,15.0,in-store
STORE_003,SKU_006,2025-07-05 21:54:47,4,15.0,online
STORE_003,SKU_006,2025-07-05 08:45:44,4,15.0,in-store
STORE_003,SKU_007,2025-07-05 15:56:33,6,32.2,in-store
STORE_003,SKU_007,2025-07-05 10:08:59,6,32.2,online
STORE_004,SKU_003,2025-07-05 20:42:54,5,5.99,in-store
STORE_004,SKU_007,2025-07-05 14:54:34,4,32.2,in-store
STORE_004,SKU_007,2025-07-05 21:21:38,4,32.2,in-store
STORE_004,SKU_007,2025-07-05 09:13:34,4,32.2,in-store
STORE_004,SKU_009,2025-07-05 15:28:31,2,115.0,online
STORE_004,SKU_009,2025-07-05 12:52:00,2,115.0,in-store
STORE_004,SKU_009,2025-07-05 16:30:29,2,115.0,online
STORE_005,SKU_002,2025-07-05 20:55:38,4,24.5,in-store
STORE_005,SKU_002,2025-07-05 20:30:54,4,24.5,online
STORE_005,SKU_008,2025-07-05 08:39:08,1,9.99,in-store
STORE_005,SKU_008,2025-07-05 10:22:38,1,9.99,online
STORE_005,SKU_008,2025-07-05 15:14:24,1,9.99,in-store
STORE_005,SKU_010,2025-07-05 19:50:57,3,18.5,in-store
STORE_005,SKU_010,2025-07-05 08:57:36,3,18.5,online
STORE_001,SKU_001,2025-07-06 10:53:27,3,12.99,online
STORE_001,SKU_002,2025-07-06 13:15:05,5,24.5,online
STORE_001,SKU_005,2025-07-06 13:54:20,3,8.75,online
STORE_001,SKU_005,2025-07-06 16:11:43,3,8.75,online
STORE_001,SKU_005,2025-07-06 09:13:22,3,8.75,in-store
STORE_002,SKU_004,2025-07-06 15:25:04,1,49.99,online
STORE_002,SKU_006,2025-07-06 19:16:31,3,15.0,in-store
STORE_002,SKU_006,2025-07-06 10:19:44,3,15.0,in-store
STORE_002,SKU_008,2025-07-06 21:22:14,1,9.99,in-store
STORE_002,SKU_008,2025-07-06 16:06:16,1,9.99,in-store
STORE_002,SKU_008,2025-07-06 17:19:26,1,9.99,online
STORE_002,SKU_009,2025-07-06 19:39:39,2,115.0,in-store
STORE_002,SKU_009,2025-07-06 21:22:03,2,115.0,online
STORE_002,SKU_009,2025-07-06 09:31:38,2,115.0,in-store
STORE_003,SKU_004,2025-07-06 09:46:34,1,49.99,in-store
STORE_003,SKU_004,2025-07-06 18:28:36,1,49.99,in-store
STORE_003,SKU_010,2025-07-06 10:21:08,2,18.5,online
STORE_003,SKU_010,2025-07-06 17:30:40,2,18.5,online
STORE_005,SKU_004,2025-07-06 17:12:05,1,49.99,in-store
STORE_005,SKU_004,2025-07-06 12:12:33,1,49.99,online
STORE_005,SKU_004,2025-07-06 17:11:37,1,49.99,online
STORE_005,SKU_005,2025-07-06 19:50:08,1,8.75,online
STORE_005,SKU_008,2025-07-06 15:18:23,1,9.99,in-store
STORE_005,SKU_008,2025-07-06 15:38:09,1,9.99,in-store
STORE_001,SKU_007,2025-07-07 10:34:29,4,32.2,in-store
STORE_001,SKU_007,2025-07-07 16:01:05,4,32.2,online
STORE_003,SKU_007,2025-07-07 13:35:09,3,32.2,in-store
STORE_003,SKU_007,2025-07-07 12:45:34,3,32.2,online
STORE_003,SKU_007,2025-07-07 08:25:33,3,32.2,online
STORE_004,SKU_001,2025-07-07 17:47:50,1,12.99,online
STORE_004,SKU_001,2025-07-07 11:17:26,1,12.99,online
STORE_004,SKU_001,2025-07-07 14:44:10,,12.99,online
STORE_004,SKU_007,2025-07-07 14:03:10,2,32.2,in-store
STORE_001,SKU_003,2025-07-08 18:28:07,4,5.99,online
STORE_001,SKU_003,2025-07-08 14:26:15,4,5.99,online
STORE_001,SKU_007,2025-07-08 16:41:35,3,32.2,online
STORE_001,SKU_010,2025-07-08 16:05:32,3,18.5,in-store
STORE_001,SKU_010,2025-07-08 17:48:52,3,18.5,in-store
STORE_002,SKU_001,2025-07-08 21:26:39,1,12.99,in-store
STORE_002,SKU_003,2025-07-08 20:41:19,3,5.99,in-store
STORE_002,SKU_003,2025-07-08 20:33:28,3,5.99,in-store
STORE_002,SKU_003,2025-07-08 10:32:42,3,5.99,in-store
STORE_003,SKU_002,2025-07-08 19:07:50,2,24.5,in-store
STORE_003,SKU_003,2025-07-08 18:27:40,2,5.99,online
STORE_003,SKU_005,2025-07-08 14:11:41,1,8.75,online
STORE_004,SKU_001,2025-07-08 10:51:40,1,12.99,online
STORE_004,SKU_007,2025-07-08 21:31:19,4,32.2,online
STORE_004,SKU_007,2025-07-08 20:00:00,4,32.2,in-store
STORE_004,SKU_008,2025-07-08 19:21:14,1,9.99,online
STORE_004,SKU_008,2025-07-08 19:52:42,1,9.99,online
STORE_004,SKU_008,2025-07-08 18:07:52,1,9.99,in-store
STORE_004,SKU_010,2025-07-08 12:31:19,2,18.5,in-store
STORE_004,SKU_010,2025-07-08 09:02:08,2,18.5,in-store
STORE_004,SKU_010,2025-07-08 18:53:02,2,18.5,in-store
STORE_005,SKU_002,2025-07-08 15:18:29,2,24.5,in-store
STORE_005,SKU_002,2025-07-08 16:07:47,2,24.5,in-store
STORE_005,SKU_002,2025-07-08 21:51:41,2,24.5,online
STORE_005,SKU_005,2025-07-08 11:40:44,1,8.75,online
STORE_005,SKU_005,2025-07-08 09:27:39,1,8.75,online
STORE_001,SKU_002,2025-07-09 18:16:02,2,24.5,in-store
STORE_001,SKU_004,2025-07-09 19:18:12,1,49.99,online
STORE_001,SKU_005,2025-07-09 11:08:33,2,8.75,online
STORE_001,SKU_005,2025-07-09 15:40:56,2,8.75,online
STORE_001,SKU_005,2025-07-09 16:47:15,2,8.75,in-store
STORE_002,SKU_006,2025-07-09 19:28:35,3,15.0,online
STORE_002,SKU_006,2025-07-09 19:50:06,3,,in-store
STORE_004,SKU_001,2025-07-09 16:55:49,1,12.99,online
STORE_004,SKU_001,2025-07-09 12:22:12,1,12.99,in-store
STORE_004,SKU_001,2025-07-09 19:43:48,1,12.99,online
STORE_004,SKU_002,2025-07-09 13:28:36,2,24.5,in-store
STORE_004,SKU_004,2025-07-09 11:08:48,1,49.99,online
STORE_004,SKU_004,2025-07-09 09:01:54,1,49.99,in-store
STORE_004,SKU_008,2025-07-09 11:34:08,1,9.99,online
STORE_005,SKU_002,2025-07-09 13:25:01,2,24.5,online
STORE_005,SKU_004,2025-07-09 21:44:26,1,49.99,in-store
STORE_005,SKU_004,2025-07-09 08:01:03,1,49.99,online
STORE_005,SKU_004,2025-07-09 11:14:29,1,49.99,online
STORE_001,SKU_003,2025-07-10 15:25:50,3,5.99,online
STORE_001,SKU_003,2025-07-10 11:34:08,3,5.99,online
STORE_001,SKU_003,2025-07-10 15:27:38,3,5.99,in-store
STORE_001,SKU_006,2025-07-10 08:14:23,2,15.0,online
STORE_001,SKU_006,2025-07-10 20:58:26,2,15.0,online
STORE_001,SKU_006,2025-07-10 17:41:07,2,15.0,online
STORE_001,SKU_007,2025-07-10 11:59:19,3,32.2,online
STORE_003,SKU_004,2025-07-10 18:22:05,1,49.99,in-store
STORE_003,SKU_004,2025-07-10 09:11:29,1,49.99,in-store
STORE_004,SKU_005,2025-07-10 11:38:10,1,,online
STORE_004,SKU_005,2025-07-10 14:33:57,1,8.75,online
STORE_004,SKU_010,2025-07-10 09:20:42,2,18.5,in-store
STORE_004,SKU_010,2025-07-10 18:01:22,2,18.5,in-store
STORE_005,SKU_004,2025-07-10 09:18:00,1,49.99,online
STORE_001,SKU_002,2025-07-11 21:26:54,2,24.5,in-store
STORE_001,SKU_002,2025-07-11 10:43:58,2,24.5,online
STORE_001,SKU_002,2025-07-11 09:29:22,2,24.5,online
STORE_001,SKU_004,2025-07-11 18:57:13,1,49.99,online
STORE_001,SKU_004,2025-07-11 15:57:38,1,49.99,in-store
STORE_001,SKU_004,2025-07-11 19:25:44,1,49.99,online
STORE_001,SKU_010,2025-07-11 08:38:35,2,18.5,in-store
STORE_003,SKU_002,2025-07-11 21:56:42,1,24.5,online
STORE_003,SKU_003,2025-07-11 09:16:23,2,5.99,online
STORE_003,SKU_003,2025-07-11 20:28:16,2,5.99,online
STORE_003,SKU_003,2025-07-11 21:26:49,2,5.99,online
STORE_003,SKU_005,2025-07-11 14:17:42,1,8.75,in-store
STORE_003,SKU_005,2025-07-11 16:07:45,1,8.75,online
STORE_003,SKU_005,2025-07-11 15:00:39,1,8.75,in-store
STORE_004,SKU_008,2025-07-11 12:53:48,1,9.99,online
STORE_004,SKU_008,2025-07-11 10:00:16,1,9.99,in-store
STORE_005,SKU_002,2025-07-11 14:49:48,1,24.5,online
STORE_005,SKU_002,2025-07-11 11:20:14,1,24.5,online
STORE_005,SKU_005,2025-07-11 12:10:01,1,8.75,online
STORE_005,SKU_005,2025-07-11 17:15:20,1,8.75,in-store
STORE_005,SKU_007,2025-07-11 18:06:43,3,32.2,online
STORE_005,SKU_007,2025-07-11 17:03:24,3,32.2,online
STORE_001,SKU_001,2025-07-12 12:27:38,3,12.99,in-store
STORE_001,SKU_001,2025-07-12 16:49:54,3,12.99,online
STORE_001,SKU_004,2025-07-12 20:28:08,2,49.99,in-store
STORE_001,SKU_004,2025-07-12 16:02:51,2,49.99,in-store
STORE_001,SKU_008,2025-07-12 18:08:45,1,9.99,online
STORE_001,SKU_008,2025-07-12 08:56:30,1,9.99,online
STORE_001,SKU_008,2025-07-12 21:07:20,1,9.99,online
STORE_002,SKU_004,2025-07-12 17:14:28,1,49.99,online
STORE_002,SKU_004,2025-07-12 15:59:53,1,49.99,in-store
STORE_002,SKU_005,2025-07-12 11:04:04,3,8.75,in-store
STORE_002,SKU_005,2025-07-12 18:12:46,3,8.75,online
STORE_002,SKU_005,2025-07-12 11:02:41,3,8.75,online
STORE_002,SKU_007,2025-07-12 10:51:01,4,32.2,online
STORE_002,SKU_007,2025-07-12 08:15:22,4,32.2,online
STORE_002,SKU_008,2025-07-12 15:43:37,1,9.99,online
STORE_002,SKU_008,2025-07-12 20:08:06,1,9.99,in-store
STORE_003,SKU_010,2025-07-12 14:36:05,3,18.5,in-store
STORE_004,SKU_004,2025-07-12 21:44:15,1,49.99,online
STORE_004,SKU_004,2025-07-12 10:24:39,1,49.99,online
STORE_004,SKU_005,2025-07-12 15:04:01,1,8.75,in-store
STORE_004,SKU_005,2025-07-12 12:42:19,1,8.75,online
STORE_004,SKU_007,2025-07-12 21:22:38,5,32.2,in-store
STORE_004,SKU_007,2025-07-12 19:28:30,5,32.2,online
STORE_004,SKU_008,2025-07-12 21:06:32,1,9.99,in-store
STORE_004,SKU_008,2025-07-12 17:43:02,1,9.99,online
STORE_004,SKU_008,2025-07-12 11:22:50,1,9.99,in-store
STORE_004,SKU_009,2025-07-12 11:32:07,2,115.0,in-store
STORE_005,SKU_007,2025-07-12 09:22:44,3,32.2,in-store
STORE_005,SKU_008,2025-07-12 15:24:44,1,9.99,online
STORE_005,SKU_009,2025-07-12 13:22:36,3,115.0,in-store
STORE_005,SKU_010,2025-07-12 09:00:44,3,18.5,online
STORE_005,SKU_010,2025-07-12 08:02:30,3,18.5,in-store
STORE_005,SKU_010,2025-07-12 18:10:28,3,18.5,in-store
STORE_001,SKU_002,2025-07-13 14:18:56,5,24.5,online
STORE_001,SKU_002,2025-07-13 14:49:00,5,24.5,online
STORE_001,SKU_002,2025-07-13 20:39:11,5,24.5,in-store
STORE_001,SKU_005,2025-07-13 12:17:41,4,8.75,in-store
STORE_001,SKU_005,2025-07-13 08:42:54,4,,online
STORE_001,SKU_005,2025-07-13 11:18:17,4,8.75,in-store
STORE_002,SKU_001,2025-07-13 20:58:11,2,12.99,online
STORE_002,SKU_001,2025-07-13 17:56:04,2,12.99,in-store
STORE_002,SKU_001,2025-07-13 08:27:55,2,12.99,in-store
STORE_002,SKU_002,2025-07-13 16:07:06,2,24.5,online
STORE_002,SKU_002,2025-07-13 19:57:45,2,24.5,online
STORE_002,SKU_010,2025-07-13 20:57:31,4,18.5,online
STORE_002,SKU_010,2025-07-13 21:37:54,4,18.5,online
STORE_003,SKU_001,2025-07-13 09:21:31,2,12.99,online
STORE_003,SKU_001,2025-07-13 12:44:43,2,12.99,online
STORE_003,SKU_001,2025-07-13 13:51:24,2,12.99,online
STORE_003,SKU_004,2025-07-13 15:16:50,1,49.99,in-store
STORE_003,SKU_009,2025-07-13 17:10:53,2,115.0,in-store
STORE_003,SKU_009,2025-07-13 15:00:46,2,115.0,in-store
STORE_004,SKU_002,2025-07-13 13:54:49,4,24.5,online
STORE_004,SKU_002,2025-07-13 21:23:06,4,24.5,in-store
STORE_004,SKU_004,2025-07-13 08:47:54,1,49.99,in-store
STORE_004,SKU_004,2025-07-13 12:28:19,1,49.99,in-store
STORE_004,SKU_005,2025-07-13 14:51:46,2,8.75,online
STORE_004,SKU_005,2025-07-13 18:49:06,2,8.75,in-store
STORE_004,SKU_005,2025-07-13 14:50:26,2,8.75,online
STORE_004,SKU_009,2025-07-13 09:54:24,2,115.0,in-store
STORE_004,SKU_009,2025-07-13 18:49:17,2,115.0,online
STORE_004,SKU_010,2025-07-13 12:42:11,3,18.5,online
STORE_005,SKU_007,2025-07-13 12:03:31,6,32.2,in-store
STORE_005,SKU_007,2025-07-13 17:27:14,6,32.2,online
STORE_005,SKU_007,2025-07-13 16:03:21,6,32.2,online
STORE_001,SKU_002,2025-07-14 13:54:03,3,24.5,online
STORE_002,SKU_007,2025-07-14 17:25:03,3,32.2,in-store
STORE_003,SKU_002,2025-07-14 14:46:40,1,24.5,in-store
STORE_003,SKU_005,2025-07-14 19:35:38,1,8.75,online
STORE_003,SKU_005,2025-07-14 10:08:28,1,8.75,online
STORE_003,SKU_007,2025-07-14 19:10:44,3,32.2,online
STORE_003,SKU_007,2025-07-14 13:42:02,3,32.2,online
STORE_003,SKU_007,2025-07-14 18:08:14,3,32.2,in-store
STORE_003,SKU_009,2025-07-14 15:40:11,1,115.0,online
STORE_003,SKU_009,2025-07-14 12:27:14,1,115.0,in-store
STORE_003,SKU_009,2025-07-14 18:28:55,1,115.0,in-store
STORE_004,SKU_002,2025-07-14 10:51:42,2,24.5,in-store
STORE_004,SKU_002,2025-07-14 12:27:52,2,24.5,in-store
STORE_004,SKU_006,2025-07-14 15:59:49,2,15.0,online
STORE_004,SKU_006,2025-07-14 09:18:02,2,15.0,online
STORE_004,SKU_008,2025-07-14 16:34:38,1,9.99,in-store
STORE_004,SKU_008,2025-07-14 11:26:36,1,9.99,in-store
STORE_004,SKU_008,2025-07-14 20:17:25,1,9.99,in-store
STORE_005,SKU_010,2025-07-14 12:36:15,1,18.5,in-store
STORE_005,SKU_010,2025-07-14 14:37:01,1,18.5,online
STORE_005,SKU_010,2025-07-14 13:44:33,1,18.5,online
STORE_001,SKU_002,2025-07-15 10:06:54,2,24.5,in-store
STORE_001,SKU_002,2025-07-15 14:29:08,2,24.5,online
STORE_001,SKU_005,2025-07-15 10:37:27,1,8.75,online
STORE_001,SKU_005,2025-07-15 16:34:07,1,8.75,online
STORE_001,SKU_010,2025-07-15 20:00:30,2,18.5,online
STORE_002,SKU_004,2025-07-15 13:01:39,1,49.99,in-store
STORE_002,SKU_004,2025-07-15 09:48:02,1,49.99,online
STORE_002,SKU_006,2025-07-15 11:32:54,2,15.0,in-store
STORE_002,SKU_008,2025-07-15 13:27:53,1,9.99,online
STORE_002,SKU_008,2025-07-15 08:09:17,1,9.99,in-store
STORE_004,SKU_007,2025-07-15 12:06:17,3,32.2,online
STORE_005,SKU_001,2025-07-15 17:28:01,1,12.99,in-store
STORE_005,SKU_001,2025-07-15 20:41:48,1,12.99,in-store
STORE_005,SKU_004,2025-07-15 16:12:07,1,49.99,online
STORE_005,SKU_004,2025-07-15 19:56:13,1,49.99,online
STORE_005,SKU_008,2025-07-15 08:14:39,1,9.99,online
STORE_005,SKU_008,2025-07-15 21:16:17,1,9.99,online
STORE_005,SKU_008,2025-07-15 09:25:48,1,9.99,in-store
STORE_001,SKU_002,2025-07-16 14:48:55,2,24.5,in-store
STORE_001,SKU_002,2025-07-16 09:13:32,2,24.5,online
STORE_002,SKU_001,2025-07-16 19:19:50,1,12.99,online
STORE_002,SKU_001,2025-07-16 20:29:24,1,12.99,in-store
STORE_002,SKU_001,2025-07-16 12:05:22,1,12.99,in-store
STORE_002,SKU_002,2025-07-16 21:09:16,1,24.5,in-store
STORE_002,SKU_002,2025-07-16 19:00:24,1,24.5,in-store
STORE_002,SKU_008,2025-07-16 14:04:53,1,9.99,online
STORE_004,SKU_007,2025-07-16 09:06:14,2,32.2,online
STORE_004,SKU_007,2025-07-16 10:23:45,2,32.2,in-store
STORE_005,SKU_001,2025-07-16 15:17:40,1,12.99,in-store
STORE_005,SKU_001,2025-07-16 14:21:24,1,12.99,in-store
STORE_005,SKU_005,2025-07-16 16:45:15,1,8.75,online
STORE_005,SKU_005,2025-07-16 12:08:22,1,8.75,online
STORE_005,SKU_005,2025-07-16 20:16:04,1,8.75,online
STORE_003,SKU_002,2025-07-17 09:01:56,2,24.5,in-store
STORE_003,SKU_007,2025-07-17 14:14:58,3,32.2,online
STORE_003,SKU_007,2025-07-17 13:00:48,3,32.2,in-store
STORE_004,SKU_008,2025-07-17 17:04:22,1,9.99,in-store
STORE_001,SKU_002,2025-07-18 10:50:57,3,24.5,online
STORE_001,SKU_002,2025-07-18 21:48:52,3,24.5,in-store
STORE_001,SKU_008,2025-07-18 15:04:40,1,9.99,online
STORE_001,SKU_008,2025-07-18 12:50:25,1,9.99,in-store
STORE_001,SKU_008,2025-07-18 11:31:46,1,9.99,in-store
STORE_001,SKU_010,2025-07-18 17:53:03,3,18.5,online
STORE_001,SKU_010,2025-07-18 16:02:20,3,18.5,online
STORE_001,SKU_010,2025-07-18 10:40:19,3,18.5,in-store
STORE_003,SKU_003,2025-07-18 16:52:04,2,5.99,in-store
STORE_003,SKU_008,2025-07-18 13:37:06,1,9.99,online
STORE_003,SKU_008,2025-07-18 13:31:20,1,9.99,in-store
STORE_003,SKU_008,2025-07-18 21:56:24,1,9.99,online
STORE_003,SKU_010,2025-07-18 11:39:37,1,18.5,online
STORE_004,SKU_004,2025-07-18 19:31:03,1,49.99,online
STORE_004,SKU_004,2025-07-18 17:30:32,1,49.99,online
STORE_004,SKU_004,2025-07-18 21:36:50,1,49.99,online
STORE_005,SKU_002,2025-07-18 09:43:51,2,24.5,online
STORE_005,SKU_002,2025-07-18 19:07:53,2,24.5,online
STORE_005,SKU_002,2025-07-18 08:38:00,2,24.5,online
STORE_002,SKU_005,2025-07-19 11:26:25,1,8.75,online
STORE_002,SKU_005,2025-07-19 14:13:09,1,8.75,in-store
STORE_002,SKU_005,2025-07-19 11:30:21,1,8.75,online
STORE_003,SKU_005,2025-07-19 10:35:04,2,8.75,in-store
STORE_003,SKU_008,2025-07-19 21:08:19,1,9.99,online
STORE_003,SKU_008,2025-07-19 21:18:20,1,9.99,online
STORE_004,SKU_002,2025-07-19 21:13:07,3,24.5,in-store
STORE_004,SKU_005,2025-07-19 18:01:04,3,8.75,online
STORE_004,SKU_005,2025-07-19 20:53:45,3,8.75,in-store
STORE_004,SKU_005,2025-07-19 09:51:07,3,8.75,online
STORE_004,SKU_008,2025-07-19 17:29:59,1,9.99,online
STORE_004,SKU_008,2025-07-19 18:46:06,1,9.99,online
STORE_004,SKU_009,2025-07-19 12:18:06,2,115.0,online
STORE_004,SKU_009,2025-07-19 13:47:07,2,115.0,online
STORE_004,SKU_009,2025-07-19 09:15:05,2,115.0,in-store
STORE_005,SKU_002,2025-07-19 16:54:03,2,24.5,in-store
STORE_005,SKU_002,2025-07-19 19:39:06,2,24.5,online
STORE_005,SKU_002,2025-07-19 12:10:47,2,24.5,in-store
STORE_005,SKU_007,2025-07-19 08:25:01,4,32.2,online
STORE_005,SKU_007,2025-07-19 15:03:06,4,32.2,in-store
STORE_001,SKU_008,2025-07-20 20:09:32,1,9.99,in-store
STORE_001,SKU_008,2025-07-20 14:36:33,1,9.99,online
STORE_001,SKU_008,2025-07-20 09:28:41,1,9.99,online
STORE_003,SKU_002,2025-07-20 13:40:59,2,24.5,in-store
STORE_003,SKU_002,2025-07-20 21:08:58,2,24.5,online
STORE_003,SKU_006,2025-07-20 15:15:00,4,15.0,in-store
STORE_003,SKU_006,2025-07-20 12:04:06,4,15.0,online
STORE_003,SKU_008,2025-07-20 15:55:03,1,9.99,in-store
STORE_003,SKU_008,2025-07-20 12:15:02,1,9.99,in-store
STORE_004,SKU_002,2025-07-20 18:17:46,2,24.5,in-store
STORE_005,SKU_001,2025-07-20 13:44:37,2,12.99,online
STORE_005,SKU_001,2025-07-20 17:31:01,2,12.99,in-store
STORE_005,SKU_007,2025-07-20 10:04:04,4,32.2,in-store
STORE_005,SKU_010,2025-07-20 11:14:53,4,18.5,in-store
STORE_005,SKU_010,2025-07-20 10:14:15,4,18.5,online
STORE_005,SKU_010,2025-07-20 18:41:32,4,18.5,online
STORE_001,SKU_001,2025-07-21 17:05:39,1,12.99,online
STORE_001,SKU_005,2025-07-21 19:19:47,2,8.75,online
STORE_001,SKU_005,2025-07-21 21:55:14,2,8.75,online
STORE_001,SKU_008,2025-07-21 08:50:51,1,9.99,online
STORE_001,SKU_010,2025-07-21 20:44:59,3,18.5,in-store
STORE_001,SKU_010,2025-07-21 10:52:37,3,18.5,online
STORE_001,SKU_010,2025-07-21 09:12:05,3,18.5,online
STORE_002,SKU_004,2025-07-21 10:06:46,1,49.99,in-store
STORE_003,SKU_002,2025-07-21 12:24:56,1,24.5,in-store
STORE_003,SKU_005,2025-07-21 11:46:56,1,8.75,online
STORE_003,SKU_005,2025-07-21 08:36:10,1,8.75,in-store
STORE_005,SKU_004,2025-07-21 10:45:37,1,49.99,online
STORE_005,SKU_004,2025-07-21 08:04:22,1,49.99,in-store
STORE_005,SKU_008,2025-07-21 20:40:47,1,9.99,online
STORE_005,SKU_008,2025-07-21 18:18:11,1,9.99,in-store
STORE_005,SKU_008,2025-07-21 17:15:16,1,9.99,in-store
STORE_005,SKU_010,2025-07-21 11:02:07,2,18.5,online
STORE_005,SKU_010,2025-07-21 12:58:41,2,18.5,in-store
STORE_001,SKU_005,2025-07-22 11:19:45,1,8.75,online
STORE_001,SKU_005,2025-07-22 13:08:56,1,8.75,in-store
STORE_002,SKU_007,2025-07-22 09:36:57,3,32.2,in-store
STORE_002,SKU_007,2025-07-22 14:10:51,3,32.2,online
STORE_002,SKU_010,2025-07-22 11:02:33,2,18.5,in-store
STORE_002,SKU_010,2025-07-22 16:24:44,2,18.5,in-store
STORE_002,SKU_010,2025-07-22 09:46:40,2,18.5,online
STORE_003,SKU_001,2025-07-22 14:54:02,1,12.99,online
STORE_003,SKU_001,2025-07-22 17:06:36,1,12.99,in-store
STORE_003,SKU_010,2025-07-22 16:56:48,1,18.5,online
STORE_004,SKU_002,2025-07-22 10:32:49,2,24.5,online
STORE_004,SKU_005,2025-07-22 09:48:20,1,8.75,online
STORE_001,SKU_001,2025-07-23 19:47:07,2,12.99,online
STORE_001,SKU_005,2025-07-23 17:27:44,2,8.75,online
STORE_001,SKU_005,2025-07-23 08:43:51,2,8.75,online
STORE_001,SKU_008,2025-07-23 08:19:34,1,9.99,in-store
STORE_002,SKU_007,2025-07-23 20:56:35,3,32.2,in-store
STORE_002,SKU_007,2025-07-23 19:03:26,3,32.2,online
STORE_002,SKU_007,2025-07-23 11:36:03,3,32.2,in-store
STORE_002,SKU_009,2025-07-23 19:05:43,1,115.0,online
STORE_003,SKU_003,2025-07-23 15:44:48,3,5.99,in-store
STORE_003,SKU_003,2025-07-23 17:34:29,3,5.99,in-store
STORE_003,SKU_008,2025-07-23 19:29:06,1,9.99,online
STORE_003,SKU_008,2025-07-23 20:34:24,1,9.99,in-store
STORE_003,SKU_008,2025-07-23 16:36:24,1,9.99,in-store
STORE_004,SKU_004,2025-07-23 18:10:34,1,49.99,online
STORE_004,SKU_004,2025-07-23 12:04:09,1,49.99,in-store
STORE_004,SKU_004,2025-07-23 18:41:40,1,49.99,in-store
STORE_004,SKU_005,2025-07-23 21:12:00,2,8.75,in-store
STORE_004,SKU_005,2025-07-23 08:12:44,2,8.75,online
STORE_004,SKU_008,2025-07-23 17:47:48,1,9.99,in-store
STORE_004,SKU_008,2025-07-23 20:36:02,1,9.99,in-store
STORE_005,SKU_001,2025-07-23 17:25:54,1,12.99,online
STORE_005,SKU_008,2025-07-23 12:48:39,1,9.99,online
STORE_001,SKU_004,2025-07-24 21:33:31,1,49.99,online
STORE_001,SKU_007,2025-07-24 11:46:06,,32.2,in-store
STORE_001,SKU_007,2025-07-24 11:19:10,3,32.2,in-store
STORE_001,SKU_007,2025-07-24 14:27:34,3,32.2,online
STORE_001,SKU_008,2025-07-24 12:36:35,1,9.99,online
STORE_003,SKU_004,2025-07-24 19:31:32,1,49.99,online
STORE_003,SKU_004,2025-07-24 08:45:49,1,49.99,in-store
STORE_004,SKU_008,2025-07-24 14:20:27,1,9.99,in-store
STORE_005,SKU_003,2025-07-24 21:44:14,3,5.99,online
STORE_001,SKU_010,2025-07-25 12:29:51,2,18.5,online
STORE_001,SKU_010,2025-07-25 21:25:31,2,18.5,online
STORE_002,SKU_010,2025-07-25 09:19:48,2,18.5,online
STORE_002,SKU_010,2025-07-25 11:58:51,2,18.5,in-store
STORE_002,SKU_010,2025-07-25 12:11:55,2,18.5,online
STORE_003,SKU_005,2025-07-25 21:40:17,1,8.75,online
STORE_004,SKU_008,2025-07-25 08:22:36,1,9.99,in-store
STORE_004,SKU_008,2025-07-25 16:20:51,1,9.99,in-store
STORE_004,SKU_008,2025-07-25 16:29:22,1,9.99,in-store
STORE_004,SKU_010,2025-07-25 17:01:15,3,18.5,in-store
STORE_004,SKU_010,2025-07-25 11:15:27,3,18.5,online
STORE_005,SKU_002,2025-07-25 20:30:32,2,24.5,in-store
STORE_001,SKU_002,2025-07-26 13:50:38,4,24.5,in-store
STORE_001,SKU_002,2025-07-26 19:43:22,4,24.5,online
STORE_001,SKU_002,2025-07-26 16:46:00,4,24.5,online
STORE_001,SKU_004,2025-07-26 19:19:02,1,49.99,in-store
STORE_001,SKU_004,2025-07-26 08:02:03,1,49.99,online
STORE_001,SKU_004,2025-07-26 11:07:16,1,49.99,in-store
STORE_001,SKU_005,2025-07-26 10:20:47,3,8.75,in-store
STORE_001,SKU_005,2025-07-26 18:06:27,3,8.75,in-store
STORE_001,SKU_006,2025-07-26 21:01:37,4,15.0,in-store
STORE_001,SKU_006,2025-07-26 14:23:48,4,15.0,online
STORE_001,SKU_006,2025-07-26 19:43:42,4,15.0,in-store
STORE_001,SKU_008,2025-07-26 19:14:29,1,9.99,in-store
STORE_001,SKU_008,2025-07-26 15:08:27,1,9.99,online
STORE_001,SKU_010,2025-07-26 08:53:20,4,18.5,in-store
STORE_002,SKU_004,2025-07-26 12:00:24,1,49.99,online
STORE_002,SKU_004,2025-07-26 16:05:52,1,49.99,in-store
STORE_003,SKU_004,2025-07-26 12:46:44,1,49.99,online
STORE_003,SKU_010,2025-07-26 10:37:57,4,18.5,in-store
STORE_004,SKU_004,2025-07-26 15:08:20,1,49.99,online
STORE_004,SKU_004,2025-07-26 12:32:41,1,49.99,online
STORE_005,SKU_003,2025-07-26 10:01:24,5,5.99,online
STORE_005,SKU_003,2025-07-26 20:41:24,5,5.99,in-store
STORE_005,SKU_003,2025-07-26 10:43:11,,5.99,online
STORE_005,SKU_008,2025-07-26 20:17:53,1,9.99,in-store
STORE_005,SKU_008,2025-07-26 15:12:29,1,9.99,in-store
STORE_005,SKU_008,2025-07-26 10:41:19,1,9.99,in-store
STORE_001,SKU_001,2025-07-27 10:14:42,2,12.99,online
STORE_001,SKU_002,2025-07-27 12:42:46,5,24.5,in-store
STORE_001,SKU_002,2025-07-27 09:58:02,5,24.5,in-store
STORE_001,SKU_009,2025-07-27 19:30:20,2,115.0,online
STORE_001,SKU_009,2025-07-27 12:33:53,2,115.0,online
STORE_002,SKU_005,2025-07-27 10:55:13,2,8.75,online
STORE_002,SKU_005,2025-07-27 16:50:57,2,8.75,online
STORE_003,SKU_001,2025-07-27 14:32:06,2,12.99,in-store
STORE_003,SKU_001,2025-07-27 15:38:47,2,12.99,online
STORE_003,SKU_001,2025-07-27 19:56:09,2,12.99,in-store
STORE_003,SKU_003,2025-07-27 09:47:09,5,5.99,in-store
STORE_003,SKU_005,2025-07-27 19:37:34,2,8.75,in-store
STORE_003,SKU_005,2025-07-27 09:05:05,2,8.75,in-store
STORE_003,SKU_005,2025-07-27 20:40:07,2,8.75,online
STORE_003,SKU_006,2025-07-27 20:49:08,3,15.0,in-store
STORE_003,SKU_008,2025-07-27 14:20:55,1,9.99,in-store
STORE_003,SKU_010,2025-07-27 20:00:45,3,18.5,online
STORE_003,SKU_010,2025-07-27 15:01:29,3,18.5,online
STORE_003,SKU_010,2025-07-27 17:43:30,3,18.5,in-store
STORE_004,SKU_005,2025-07-27 20:39:35,3,8.75,online
STORE_005,SKU_001,2025-07-27 19:16:01,2,12.99,online
STORE_005,SKU_001,2025-07-27 16:52:16,2,12.99,online
STORE_005,SKU_001,2025-07-27 13:52:49,2,12.99,online
STORE_005,SKU_002,2025-07-27 14:50:53,4,24.5,online
STORE_005,SKU_002,2025-07-27 16:50:54,4,24.5,in-store
STORE_005,SKU_002,2025-07-27 12:53:24,4,24.5,in-store
STORE_005,SKU_005,2025-07-27 18:18:43,2,8.75,online
STORE_005,SKU_008,2025-07-27 15:43:58,1,9.99,in-store
STORE_001,SKU_004,2025-07-28 10:48:48,1,49.99,in-store
STORE_001,SKU_005,2025-07-28 17:20:28,2,8.75,in-store
STORE_001,SKU_005,2025-07-28 09:01:20,2,8.75,online
STORE_001,SKU_005,2025-07-28 09:23:03,2,8.75,online
STORE_001,SKU_006,2025-07-28 17:51:27,2,15.0,online
STORE_001,SKU_006,2025-07-28 18:06:43,2,15.0,in-store
STORE_001,SKU_006,2025-07-28 13:40:49,2,15.0,in-store
STORE_001,SKU_008,2025-07-28 15:53:58,1,9.99,online
STORE_001,SKU_010,2025-07-28 16:57:03,3,18.5,online
STORE_001,SKU_010,2025-07-28 11:17:00,3,18.5,in-store
STORE_002,SKU_002,2025-07-28 12:40:39,2,24.5,online
STORE_002,SKU_002,2025-07-28 10:58:30,2,24.5,online
STORE_002,SKU_006,2025-07-28 10:16:34,2,15.0,online
STORE_002,SKU_006,2025-07-28 13:47:46,2,15.0,in-store
STORE_003,SKU_004,2025-07-28 15:10:46,1,49.99,in-store
STORE_003,SKU_004,2025-07-28 09:51:35,1,49.99,in-store
STORE_003,SKU_010,2025-07-28 16:13:51,1,18.5,in-store
STORE_003,SKU_010,2025-07-28 21:33:12,1,18.5,online
STORE_004,SKU_004,2025-07-28 17:18:27,1,49.99,in-store
STORE_004,SKU_009,2025-07-28 11:00:25,1,115.0,online
STORE_005,SKU_007,2025-07-28 16:08:09,2,32.2,online
STORE_005,SKU_007,2025-07-28 19:48:49,2,32.2,online
STORE_005,SKU_008,2025-07-28 21:47:11,1,9.99,in-store
STORE_001,SKU_008,2025-07-29 12:06:53,1,9.99,online
STORE_001,SKU_010,2025-07-29 17:57:06,3,18.5,in-store
STORE_002,SKU_004,2025-07-29 20:58:20,1,49.99,in-store
STORE_002,SKU_005,2025-07-29 10:52:44,1,8.75,in-store
STORE_002,SKU_005,2025-07-29 09:28:33,1,8.75,online
STORE_002,SKU_008,2025-07-29 18:21:05,1,9.99,in-store
STORE_002,SKU_008,2025-07-29 14:32:24,1,9.99,online
STORE_002,SKU_008,2025-07-29 17:14:04,1,9.99,in-store
STORE_002,SKU_010,2025-07-29 09:49:42,2,18.5,online
STORE_003,SKU_005,2025-07-29 18:32:03,1,8.75,online
STORE_003,SKU_005,2025-07-29 11:36:12,1,8.75,online
STORE_003,SKU_006,2025-07-29 14:36:35,3,15.0,in-store
STORE_003,SKU_006,2025-07-29 08:02:41,3,15.0,online
STORE_003,SKU_006,2025-07-29 18:33:53,3,15.0,online
STORE_004,SKU_002,2025-07-29 20:38:24,1,24.5,online
STORE_004,SKU_005,2025-07-29 21:15:42,,8.75,in-store
STORE_005,SKU_005,2025-07-29 20:50:09,1,8.75,online
STORE_005,SKU_006,2025-07-29 14:48:03,3,15.0,online
STORE_005,SKU_006,2025-07-29 09:43:12,3,15.0,in-store
STORE_005,SKU_006,2025-07-29 11:55:51,3,15.0,online
STORE_001,SKU_004,2025-07-30 12:17:32,1,49.99,online
STORE_001,SKU_004,2025-07-30 14:25:34,1,49.99,online
STORE_002,SKU_002,2025-07-30 08:07:39,2,24.5,online
STORE_002,SKU_003,2025-07-30 20:31:06,3,5.99,online
STORE_002,SKU_004,2025-07-30 21:56:38,1,49.99,in-store
STORE_002,SKU_004,2025-07-30 16:42:08,1,49.99,in-store
STORE_002,SKU_004,2025-07-30 20:59:44,1,49.99,online
STORE_002,SKU_010,2025-07-30 19:37:34,2,18.5,in-store
STORE_003,SKU_002,2025-07-30 21:37:19,3,24.5,online
STORE_004,SKU_008,2025-07-30 09:11:57,1,9.99,in-store
STORE_004,SKU_008,2025-07-30 20:02:50,1,9.99,in-store
STORE_005,SKU_005,2025-07-30 10:54:50,1,8.75,in-store
STORE_005,SKU_005,2025-07-30 21:38:24,1,8.75,online
STORE_005,SKU_005,2025-07-30 09:31:16,1,8.75,in-store
STORE_001,SKU_002,2025-07-31 19:44:11,2,24.5,online
STORE_001,SKU_002,2025-07-31 08:35:46,2,24.5,in-store
STORE_001,SKU_004,2025-07-31 11:13:15,1,49.99,online
STORE_001,SKU_004,2025-07-31 18:11:13,1,49.99,in-store
STORE_001,SKU_004,2025-07-31 18:17:23,1,49.99,in-store
STORE_001,SKU_005,2025-07-31 15:17:47,2,8.75,in-store
STORE_001,SKU_005,2025-07-31 15:51:21,2,8.75,in-store
STORE_002,SKU_004,2025-07-31 20:57:37,1,49.99,online
STORE_002,SKU_004,2025-07-31 19:23:04,1,49.99,in-store
STORE_002,SKU_004,2025-07-31 13:16:54,1,49.99,in-store
STORE_003,SKU_005,2025-07-31 14:58:23,1,8.75,online
STORE_003,SKU_005,2025-07-31 18:13:50,1,8.75,in-store
STORE_003,SKU_008,2025-07-31 15:23:16,1,9.99,online
STORE_004,SKU_002,2025-07-31 10:19:32,1,24.5,in-store
STORE_004,SKU_002,2025-07-31 15:49:26,1,24.5,online
STORE_004,SKU_002,2025-07-31 20:37:15,1,24.5,in-store
STORE_004,SKU_007,2025-07-31 16:50:55,3,32.2,in-store
STORE_004,SKU_007,2025-07-31 18:02:03,3,32.2,online
STORE_005,SKU_008,2025-07-31 20:01:01,1,9.99,in-store
STORE_001,SKU_002,2025-08-01 13:55:32,3,24.5,in-store
STORE_001,SKU_005,2025-08-01 10:11:52,1,8.75,in-store
STORE_001,SKU_005,2025-08-01 13:27:59,1,8.75,online
STORE_001,SKU_006,2025-08-01 11:23:04,2,15.0,in-store
STORE_001,SKU_006,2025-08-01 15:15:24,2,15.0,online
STORE_001,SKU_009,2025-08-01 19:26:57,1,115.0,online
STORE_001,SKU_009,2025-08-01 19:59:01,1,115.0,online
STORE_001,SKU_009,2025-08-01 13:31:15,1,115.0,in-store
STORE_003,SKU_002,2025-08-01 13:03:39,3,24.5,in-store
STORE_003,SKU_002,2025-08-01 09:16:05,3,24.5,online
STORE_003,SKU_002,2025-08-01 12:50:46,3,24.5,in-store
STORE_003,SKU_008,2025-08-01 18:17:17,1,,in-store
STORE_003,SKU_008,2025-08-01 16:05:09,1,9.99,in-store
STORE_003,SKU_008,2025-08-01 11:19:30,1,9.99,in-store
STORE_004,SKU_007,2025-08-01 17:47:48,3,32.2,online
STORE_004,SKU_007,2025-08-01 19:51:02,3,32.2,in-store
STORE_004,SKU_008,2025-08-01 21:59:35,1,9.99,online
STORE_005,SKU_004,2025-08-01 09:27:23,1,49.99,in-store
STORE_001,SKU_002,2025-08-02 11:05:00,3,24.5,in-store
STORE_001,SKU_008,2025-08-02 11:54:03,1,9.99,online
STORE_002,SKU_002,2025-08-02 11:01:07,4,24.5,online
STORE_002,SKU_005,2025-08-02 09:16:12,2,8.75,online
STORE_002,SKU_005,2025-08-02 10:02:09,,8.75,in-store
STORE_002,SKU_006,2025-08-02 17:23:37,4,15.0,in-store
STORE_003,SKU_004,2025-08-02 15:17:09,1,49.99,online
STORE_003,SKU_008,2025-08-02 18:12:54,1,9.99,online
STORE_004,SKU_002,2025-08-02 14:19:27,3,24.5,in-store
STORE_004,SKU_002,2025-08-02 15:56:27,3,24.5,online
STORE_004,SKU_002,2025-08-02 21:07:49,3,24.5,in-store
STORE_004,SKU_003,2025-08-02 12:42:14,4,5.99,online
STORE_004,SKU_003,2025-08-02 09:36:33,4,5.99,online
STORE_004,SKU_005,2025-08-02 18:58:27,2,8.75,online
STORE_004,SKU_005,2025-08-02 15:42:07,2,8.75,online
STORE_004,SKU_005,2025-08-02 13:31:04,2,8.75,in-store
STORE_004,SKU_006,2025-08-02 15:25:51,3,15.0,online
STORE_004,SKU_006,2025-08-02 10:17:23,3,15.0,online
STORE_004,SKU_010,2025-08-02 21:50:25,3,18.5,in-store
STORE_004,SKU_010,2025-08-02 19:22:56,3,18.5,online
STORE_005,SKU_005,2025-08-02 12:23:19,2,8.75,in-store
STORE_001,SKU_003,2025-08-03 08:11:46,7,5.99,online
STORE_001,SKU_003,2025-08-03 08:56:07,7,5.99,in-store
STORE_001,SKU_003,2025-08-03 13:40:59,7,5.99,online
STORE_001,SKU_004,2025-08-03 15:23:10,2,49.99,in-store
STORE_001,SKU_008,2025-08-03 17:43:00,1,9.99,in-store
STORE_001,SKU_008,2025-08-03 18:48:05,1,9.99,online
STORE_001,SKU_008,2025-08-03 11:07:08,1,9.99,online
STORE_002,SKU_004,2025-08-03 09:36:13,1,49.99,online
STORE_003,SKU_002,2025-08-03 14:10:37,4,24.5,online
STORE_003,SKU_002,2025-08-03 11:58:09,4,24.5,in-store
STORE_003,SKU_002,2025-08-03 19:42:56,4,24.5,online
STORE_003,SKU_003,2025-08-03 15:03:06,3,5.99,in-store
STORE_003,SKU_005,2025-08-03 20:26:41,1,8.75,online
STORE_003,SKU_005,2025-08-03 21:06:42,1,8.75,online
STORE_004,SKU_005,2025-08-03 08:18:05,2,8.75,online
STORE_001,SKU_001,2025-08-04 09:55:05,2,12.99,in-store
STORE_001,SKU_004,2025-08-04 08:59:20,1,49.99,in-store
STORE_002,SKU_008,2025-08-04 20:40:05,1,9.99,online
STORE_002,SKU_008,2025-08-04 15:00:41,1,9.99,in-store
STORE_003,SKU_001,2025-08-04 16:29:35,1,12.99,online
STORE_003,SKU_001,2025-08-04 10:44:10,1,12.99,in-store
STORE_003,SKU_005,2025-08-04 10:11:06,1,,in-store
STORE_003,SKU_007,2025-08-04 14:17:08,2,32.2,online
STORE_003,SKU_007,2025-08-04 16:10:36,,32.2,online
STORE_004,SKU_004,2025-08-04 10:51:16,1,49.99,in-store
STORE_004,SKU_006,2025-08-04 11:18:20,1,15.0,in-store
STORE_004,SKU_006,2025-08-04 12:50:19,1,,in-store
STORE_001,SKU_007,2025-08-05 09:59:09,4,32.2,online
STORE_001,SKU_007,2025-08-05 09:25:52,4,32.2,online
STORE_001,SKU_007,2025-08-05 20:48:39,4,32.2,online
STORE_001,SKU_010,2025-08-05 08:39:57,3,18.5,online
STORE_001,SKU_010,2025-08-05 10:10:09,3,18.5,in-store
STORE_001,SKU_010,2025-08-05 14:31:11,3,18.5,online
STORE_002,SKU_001,2025-08-05 12:11:48,2,12.99,online
STORE_002,SKU_005,2025-08-05 09:47:32,1,8.75,online
STORE_002,SKU_005,2025-08-05 20:12:27,1,8.75,online
STORE_002,SKU_006,2025-08-05 16:15:30,2,15.0,in-store
STORE_002,SKU_006,2025-08-05 20:33:58,2,15.0,in-store
STORE_002,SKU_006,2025-08-05 14:48:19,2,15.0,online
STORE_002,SKU_008,2025-08-05 10:28:02,1,9.99,online
STORE_002,SKU_008,2025-08-05 11:51:45,1,9.99,in-store
STORE_002,SKU_008,2025-08-05 15:22:53,1,9.99,in-store
STORE_004,SKU_001,2025-08-05 10:43:09,1,12.99,online
STORE_004,SKU_001,2025-08-05 17:42:08,1,12.99,online
STORE_004,SKU_004,2025-08-05 12:22:02,1,49.99,in-store
STORE_005,SKU_010,2025-08-05 09:23:11,2,18.5,online
STORE_005,SKU_010,2025-08-05 18:19:05,2,18.5,online
STORE_005,SKU_010,2025-08-05 18:57:42,2,18.5,in-store
STORE_001,SKU_003,2025-08-06 11:47:09,4,5.99,in-store
STORE_001,SKU_003,2025-08-06 09:41:10,4,5.99,in-store
STORE_001,SKU_003,2025-08-06 13:50:29,4,5.99,online
STORE_001,SKU_004,2025-08-06 12:31:43,1,49.99,online
STORE_001,SKU_004,2025-08-06 18:28:58,1,49.99,online
STORE_002,SKU_004,2025-08-06 21:39:54,1,49.99,in-store
STORE_002,SKU_008,2025-08-06 11:12:17,1,9.99,in-store
STORE_002,SKU_008,2025-08-06 09:59:06,1,9.99,in-store
STORE_003,SKU_001,2025-08-06 20:32:52,1,12.99,in-store
STORE_003,SKU_001,2025-08-06 17:08:04,1,12.99,online
STORE_003,SKU_005,2025-08-06 18:12:10,1,8.75,online
STORE_003,SKU_005,2025-08-06 16:03:54,1,8.75,in-store
STORE_003,SKU_005,2025-08-06 11:44:00,1,8.75,online
STORE_001,SKU_001,2025-08-07 15:55:12,1,12.99,online
STORE_001,SKU_001,2025-08-07 20:12:49,1,12.99,online
STORE_001,SKU_005,2025-08-07 16:43:04,1,8.75,in-store
STORE_001,SKU_007,2025-08-07 18:04:06,4,32.2,in-store
STORE_001,SKU_007,2025-08-07 17:02:14,4,32.2,online
STORE_001,SKU_007,2025-08-07 14:02:33,4,32.2,in-store
STORE_002,SKU_005,2025-08-07 11:01:18,1,8.75,online
STORE_002,SKU_005,2025-08-07 09:29:50,1,8.75,in-store
STORE_002,SKU_005,2025-08-07 13:16:59,1,8.75,in-store
STORE_003,SKU_005,2025-08-07 18:29:33,1,8.75,in-store
STORE_003,SKU_006,2025-08-07 20:58:35,3,15.0,online
STORE_003,SKU_006,2025-08-07 15:30:30,3,15.0,in-store
STORE_003,SKU_006,2025-08-07 14:51:20,3,15.0,in-store
STORE_003,SKU_007,2025-08-07 17:01:45,3,32.2,online
STORE_003,SKU_007,2025-08-07 16:09:26,3,32.2,in-store
STORE_003,SKU_007,2025-08-07 09:17:56,3,32.2,in-store
STORE_004,SKU_005,2025-08-07 11:27:39,2,8.75,online
STORE_004,SKU_007,2025-08-07 12:58:32,3,32.2,online
STORE_001,SKU_006,2025-08-08 12:40:46,4,15.0,in-store
STORE_001,SKU_006,2025-08-08 13:03:45,4,15.0,online
STORE_001,SKU_006,2025-08-08 18:45:10,4,15.0,online
STORE_001,SKU_007,2025-08-08 21:05:50,4,32.2,in-store
STORE_001,SKU_007,2025-08-08 08:55:39,4,32.2,in-store
STORE_001,SKU_007,2025-08-08 17:59:15,4,32.2,in-store
STORE_003,SKU_008,2025-08-08 16:01:30,1,9.99,in-store
STORE_003,SKU_008,2025-08-08 12:27:56,1,9.99,online
STORE_004,SKU_001,2025-08-08 12:17:30,1,12.99,in-store
STORE_004,SKU_001,2025-08-08 14:50:30,1,12.99,in-store
STORE_004,SKU_005,2025-08-08 19:58:37,1,8.75,online
STORE_004,SKU_005,2025-08-08 12:57:57,1,8.75,in-store
STORE_004,SKU_008,2025-08-08 21:06:57,1,9.99,online
STORE_004,SKU_008,2025-08-08 11:51:08,1,9.99,in-store
STORE_004,SKU_008,2025-08-08 20:20:47,1,9.99,in-store
STORE_005,SKU_005,2025-08-08 13:40:56,1,8.75,in-store
STORE_005,SKU_005,2025-08-08 17:28:47,1,8.75,online
STORE_005,SKU_005,2025-08-08 18:26:05,1,8.75,online
STORE_001,SKU_001,2025-08-09 19:42:12,4,12.99,in-store
STORE_001,SKU_001,2025-08-09 21:55:53,4,12.99,online
STORE_001,SKU_001,2025-08-09 17:12:59,4,12.99,online
STORE_001,SKU_002,2025-08-09 20:03:25,4,24.5,in-store
STORE_001,SKU_002,2025-08-09 14:32:57,4,24.5,online
STORE_001,SKU_005,2025-08-09 11:56:12,3,8.75,in-store
STORE_001,SKU_005,2025-08-09 16:29:58,3,8.75,in-store
STORE_001,SKU_006,2025-08-09 13:38:25,5,15.0,in-store
STORE_001,SKU_006,2025-08-09 12:02:18,5,15.0,in-store
STORE_001,SKU_008,2025-08-09 09:41:43,1,9.99,in-store
STORE_001,SKU_008,2025-08-09 14:21:20,1,9.99,in-store
STORE_001,SKU_008,2025-08-09 13:22:45,1,9.99,online
STORE_001,SKU_009,2025-08-09 18:11:00,2,115.0,online
STORE_001,SKU_009,2025-08-09 11:28:15,2,115.0,online
STORE_001,SKU_009,2025-08-09 12:21:31,2,115.0,online
STORE_001,SKU_010,2025-08-09 16:07:04,6,18.5,in-store
STORE_001,SKU_010,2025-08-09 19:10:57,6,18.5,online
STORE_001,SKU_010,2025-08-09 20:21:04,6,18.5,in-store
STORE_002,SKU_001,2025-08-09 15:39:37,2,12.99,online
STORE_002,SKU_002,2025-08-09 16:28:38,2,24.5,in-store
STORE_002,SKU_005,2025-08-09 16:15:18,3,8.75,online
STORE_002,SKU_005,2025-08-09 14:32:54,3,8.75,in-store
STORE_002,SKU_005,2025-08-09 12:36:41,3,8.75,in-store
STORE_002,SKU_007,2025-08-09 15:56:51,5,32.2,in-store
STORE_002,SKU_007,2025-08-09 15:29:08,5,32.2,in-store
STORE_002,SKU_010,2025-08-09 10:41:12,4,18.5,online
STORE_002,SKU_010,2025-08-09 21:50:07,4,18.5,in-store
STORE_002,SKU_010,2025-08-09 11:07:19,4,18.5,in-store
STORE_003,SKU_001,2025-08-09 10:37:27,3,12.99,in-store
STORE_003,SKU_001,2025-08-09 15:37:00,3,12.99,online
STORE_003,SKU_001,2025-08-09 08:53:54,3,12.99,in-store
STORE_003,SKU_002,2025-08-09 12:39:14,4,24.5,in-store
STORE_003,SKU_004,2025-08-09 21:08:35,1,49.99,in-store
STORE_003,SKU_008,2025-08-09 09:01:15,1,9.99,online
STORE_003,SKU_008,2025-08-09 19:28:00,1,9.99,online
STORE_003,SKU_008,2025-08-09 18:56:27,1,9.99,online
STORE_004,SKU_002,2025-08-09 14:27:30,4,24.5,online
STORE_004,SKU_002,2025-08-09 18:30:08,4,24.5,in-store
STORE_004,SKU_004,2025-08-09 11:18:46,1,49.99,online
STORE_004,SKU_008,2025-08-09 10:07:11,1,9.99,in-store
STORE_004,SKU_008,2025-08-09 12:36:41,1,9.99,online
STORE_004,SKU_008,2025-08-09 17:14:03,1,9.99,online
STORE_005,SKU_005,2025-08-09 21:17:03,1,8.75,online
STORE_005,SKU_008,2025-08-09 14:37:00,1,9.99,in-store
STORE_005,SKU_008,2025-08-09 19:45:26,1,9.99,online
STORE_001,SKU_005,2025-08-10 19:59:38,3,8.75,online
STORE_001,SKU_005,2025-08-10 09:14:42,3,8.75,in-store
STORE_001,SKU_007,2025-08-10 21:29:29,8,32.2,online
STORE_001,SKU_007,2025-08-10 18:47:53,8,32.2,in-store
STORE_001,SKU_008,2025-08-10 15:23:44,1,9.99,in-store
STORE_001,SKU_009,2025-08-10 20:17:23,3,115.0,in-store
STORE_002,SKU_002,2025-08-10 11:00:50,3,24.5,in-store
STORE_002,SKU_002,2025-08-10 16:01:12,3,24.5,online
STORE_002,SKU_003,2025-08-10 12:28:37,6,5.99,online
STORE_002,SKU_005,2025-08-10 21:46:29,2,8.75,online
STORE_002,SKU_005,2025-08-10 21:32:19,2,8.75,in-store
STORE_002,SKU_005,2025-08-10 14:16:33,2,8.75,in-store
STORE_002,SKU_010,2025-08-10 20:46:58,4,18.5,online
STORE_002,SKU_010,2025-08-10 17:10:38,4,18.5,in-store
STORE_003,SKU_002,2025-08-10 21:04:25,3,24.5,in-store
STORE_003,SKU_002,2025-08-10 20:23:35,3,24.5,in-store
STORE_003,SKU_008,2025-08-10 17:09:14,1,9.99,online
STORE_004,SKU_001,2025-08-10 11:36:34,2,12.99,in-store
STORE_004,SKU_009,2025-08-10 17:52:51,1,115.0,online
STORE_004,SKU_009,2025-08-10 09:36:33,1,115.0,in-store
STORE_005,SKU_002,2025-08-10 18:28:07,2,24.5,online
STORE_005,SKU_002,2025-08-10 14:06:50,2,24.5,online
STORE_005,SKU_002,2025-08-10 09:33:30,2,24.5,in-store
STORE_005,SKU_005,2025-08-10 21:44:56,2,8.75,online
STORE_005,SKU_010,2025-08-10 14:50:25,3,18.5,online
STORE_005,SKU_010,2025-08-10 15:08:54,3,18.5,in-store
STORE_001,SKU_002,2025-08-11 14:00:11,2,24.5,in-store
STORE_002,SKU_006,2025-08-11 17:45:22,2,15.0,in-store
STORE_004,SKU_002,2025-08-11 19:13:52,2,24.5,online
STORE_004,SKU_003,2025-08-11 12:27:40,2,5.99,online
STORE_004,SKU_005,2025-08-11 15:47:10,1,8.75,in-store
STORE_004,SKU_005,2025-08-11 21:20:09,1,8.75,online
STORE_004,SKU_007,2025-08-11 12:24:30,2,32.2,online
STORE_004,SKU_007,2025-08-11 18:37:32,2,32.2,in-store
STORE_004,SKU_007,2025-08-11 15:06:05,2,32.2,in-store
STORE_005,SKU_005,2025-08-11 12:00:06,1,8.75,in-store
STORE_001,SKU_001,2025-08-12 17:15:01,2,12.99,in-store
STORE_001,SKU_001,2025-08-12 20:09:06,2,12.99,in-store
STORE_001,SKU_003,2025-08-12 19:26:53,4,5.99,online
STORE_001,SKU_005,2025-08-12 10:30:08,2,8.75,in-store
STORE_001,SKU_005,2025-08-12 19:58:21,2,8.75,online
STORE_001,SKU_005,2025-08-12 10:18:53,2,8.75,in-store
STORE_001,SKU_008,2025-08-12 10:49:02,1,9.99,online
STORE_001,SKU_008,2025-08-12 08:29:19,1,9.99,online
STORE_002,SKU_005,2025-08-12 18:43:23,1,8.75,in-store
STORE_002,SKU_005,2025-08-12 21:26:21,1,8.75,in-store
STORE_003,SKU_001,2025-08-12 21:26:31,2,12.99,online
STORE_003,SKU_001,2025-08-12 20:52:40,2,12.99,in-store
STORE_003,SKU_003,2025-08-12 11:42:34,4,5.99,online
STORE_003,SKU_003,2025-08-12 10:20:36,4,5.99,in-store
STORE_003,SKU_005,2025-08-12 10:53:14,1,8.75,online
STORE_003,SKU_005,2025-08-12 10:16:33,1,8.75,online
STORE_003,SKU_007,2025-08-12 17:44:15,3,32.2,online
STORE_003,SKU_007,2025-08-12 13:37:10,3,32.2,in-store
STORE_003,SKU_007,2025-08-12 16:52:30,3,32.2,in-store
STORE_004,SKU_008,2025-08-12 13:15:12,1,9.99,in-store
STORE_005,SKU_005,2025-08-12 13:46:32,1,8.75,in-store
STORE_005,SKU_005,2025-08-12 15:48:29,1,8.75,in-store
STORE_001,SKU_005,2025-08-13 09:07:25,1,8.75,online
STORE_001,SKU_005,2025-08-13 11:38:50,1,8.75,in-store
STORE_001,SKU_005,2025-08-13 08:35:31,1,8.75,in-store
STORE_001,SKU_006,2025-08-13 21:31:47,2,15.0,in-store
STORE_001,SKU_006,2025-08-13 10:17:32,2,15.0,online
STORE_001,SKU_007,2025-08-13 14:34:40,4,32.2,online
STORE_001,SKU_010,2025-08-13 17:13:56,2,18.5,online
STORE_001,SKU_010,2025-08-13 09:27:37,2,18.5,in-store
STORE_002,SKU_002,2025-08-13 17:28:57,2,24.5,online
STORE_002,SKU_002,2025-08-13 18:06:34,2,24.5,in-store
STORE_002,SKU_002,2025-08-13 19:19:32,2,24.5,online
STORE_002,SKU_007,2025-08-13 16:29:18,4,32.2,online
STORE_002,SKU_007,2025-08-13 18:30:41,4,32.2,online
STORE_002,SKU_008,2025-08-13 20:20:59,1,9.99,online
STORE_002,SKU_008,2025-08-13 16:55:19,1,9.99,online
STORE_004,SKU_010,2025-08-13 09:48:54,2,18.5,in-store
STORE_004,SKU_010,2025-08-13 18:29:36,2,18.5,in-store
STORE_005,SKU_001,2025-08-13 13:15:05,1,12.99,online
STORE_005,SKU_001,2025-08-13 15:55:50,1,12.99,in-store
STORE_005,SKU_010,2025-08-13 11:38:16,2,18.5,online
STORE_005,SKU_010,2025-08-13 19:23:57,2,18.5,in-store
STORE_001,SKU_002,2025-08-14 10:11:34,3,24.5,online
STORE_001,SKU_002,2025-08-14 13:12:45,3,24.5,online
STORE_001,SKU_002,2025-08-14 10:43:20,3,24.5,in-store
STORE_001,SKU_005,2025-08-14 11:59:40,2,8.75,in-store
STORE_001,SKU_009,2025-08-14 17:12:52,1,115.0,in-store
STORE_001,SKU_009,2025-08-14 08:02:31,1,115.0,in-store
STORE_001,SKU_010,2025-08-14 21:48:42,3,18.5,online
STORE_001,SKU_010,2025-08-14 10:13:39,3,18.5,in-store
STORE_001,SKU_010,2025-08-14 12:18:33,3,18.5,online
STORE_002,SKU_006,2025-08-14 19:31:20,2,15.0,in-store
STORE_002,SKU_006,2025-08-14 17:54:54,2,15.0,in-store
STORE_002,SKU_006,2025-08-14 12:33:04,2,15.0,online
STORE_003,SKU_005,2025-08-14 13:18:37,1,8.75,in-store
STORE_004,SKU_004,2025-08-14 11:24:52,1,49.99,in-store
STORE_004,SKU_004,2025-08-14 15:08:48,1,49.99,in-store
STORE_004,SKU_004,2025-08-14 16:09:19,1,49.99,online
STORE_001,SKU_004,2025-08-15 08:53:26,1,49.99,in-store
STORE_001,SKU_008,2025-08-15 11:58:20,1,9.99,in-store
STORE_001,SKU_008,2025-08-15 14:19:57,1,9.99,in-store
STORE_002,SKU_008,2025-08-15 18:54:59,1,9.99,in-store
STORE_002,SKU_008,2025-08-15 10:50:57,1,9.99,in-store
STORE_002,SKU_008,2025-08-15 12:49:03,1,9.99,online
STORE_003,SKU_004,2025-08-15 18:14:39,1,49.99,in-store
STORE_003,SKU_004,2025-08-15 14:46:42,1,49.99,online
STORE_003,SKU_004,2025-08-15 14:32:40,1,49.99,online
STORE_004,SKU_002,2025-08-15 13:12:43,1,24.5,online
STORE_004,SKU_002,2025-08-15 19:04:18,1,24.5,online
STORE_004,SKU_002,2025-08-15 19:46:50,1,24.5,online
STORE_001,SKU_005,2025-08-16 14:01:46,2,8.75,online
STORE_002,SKU_001,2025-08-16 10:17:32,2,12.99,online
STORE_002,SKU_001,2025-08-16 14:09:28,2,12.99,online
STORE_002,SKU_004,2025-08-16 20:01:05,1,49.99,in-store
STORE_002,SKU_008,2025-08-16 09:20:50,1,9.99,online
STORE_002,SKU_010,2025-08-16 19:46:04,3,18.5,online
STORE_004,SKU_002,2025-08-16 20:11:16,4,24.5,online
STORE_004,SKU_002,2025-08-16 18:13:51,4,24.5,online
STORE_004,SKU_002,2025-08-16 20:04:40,4,24.5,online
STORE_004,SKU_004,2025-08-16 16:10:24,1,49.99,in-store
STORE_004,SKU_004,2025-08-16 13:15:22,1,49.99,in-store
STORE_004,SKU_007,2025-08-16 15:45:05,5,32.2,in-store
STORE_005,SKU_001,2025-08-16 19:35:21,2,12.99,in-store
STORE_005,SKU_001,2025-08-16 08:01:18,2,12.99,in-store
STORE_005,SKU_008,2025-08-16 15:13:35,1,9.99,online
STORE_005,SKU_008,2025-08-16 09:22:38,1,9.99,in-store
STORE_001,SKU_002,2025-08-17 20:38:53,4,24.5,in-store
STORE_001,SKU_008,2025-08-17 12:43:32,1,9.99,online
STORE_001,SKU_008,2025-08-17 14:41:17,1,9.99,in-store
STORE_002,SKU_002,2025-08-17 10:29:55,4,24.5,in-store
STORE_002,SKU_002,2025-08-17 21:38:58,4,24.5,online
STORE_002,SKU_004,2025-08-17 15:51:22,1,49.99,online
STORE_002,SKU_004,2025-08-17 08:38:49,1,49.99,online
STORE_002,SKU_004,2025-08-17 09:18:31,1,49.99,in-store
STORE_002,SKU_007,2025-08-17 16:00:16,5,32.2,online
STORE_002,SKU_007,2025-08-17 14:37:34,5,32.2,in-store
STORE_002,SKU_008,2025-08-17 15:56:25,1,9.99,online
STORE_002,SKU_010,2025-08-17 14:53:13,2,18.5,in-store
STORE_002,SKU_010,2025-08-17 15:26:31,2,18.5,in-store
STORE_002,SKU_010,2025-08-17 11:14:39,2,18.5,in-store
STORE_003,SKU_003,2025-08-17 10:41:39,4,5.99,in-store
STORE_003,SKU_003,2025-08-17 12:37:16,4,5.99,online
STORE_003,SKU_004,2025-08-17 17:43:12,1,49.99,online
STORE_003,SKU_004,2025-08-17 20:31:05,1,49.99,online
STORE_003,SKU_004,2025-08-17 14:56:37,1,49.99,in-store
STORE_003,SKU_007,2025-08-17 12:48:53,5,32.2,online
STORE_003,SKU_007,2025-08-17 11:43:09,5,32.2,online
STORE_003,SKU_007,2025-08-17 21:52:13,5,32.2,in-store
STORE_003,SKU_009,2025-08-17 09:12:37,3,115.0,in-store
STORE_003,SKU_009,2025-08-17 08:27:46,3,115.0,online
STORE_003,SKU_009,2025-08-17 11:11:39,3,115.0,online
STORE_005,SKU_004,2025-08-17 20:40:38,1,49.99,in-store
STORE_005,SKU_004,2025-08-17 17:09:22,1,49.99,online
STORE_005,SKU_004,2025-08-17 18:29:57,1,49.99,online
STORE_005,SKU_005,2025-08-17 12:56:45,2,8.75,online
STORE_005,SKU_007,2025-08-17 08:51:25,5,32.2,in-store
STORE_005,SKU_007,2025-08-17 11:00:49,5,32.2,online
STORE_005,SKU_007,2025-08-17 15:25:53,5,32.2,online
STORE_005,SKU_008,2025-08-17 14:16:51,1,9.99,in-store
STORE_001,SKU_003,2025-08-18 10:14:34,4,5.99,in-store
STORE_001,SKU_007,2025-08-18 10:14:08,4,32.2,online
STORE_001,SKU_007,2025-08-18 08:03:43,4,32.2,in-store
STORE_001,SKU_008,2025-08-18 08:25:55,1,9.99,in-store
STORE_001,SKU_008,2025-08-18 08:20:21,1,9.99,online
STORE_001,SKU_008,2025-08-18 21:01:03,1,9.99,in-store
STORE_001,SKU_009,2025-08-18 08:20:29,1,115.0,online
STORE_001,SKU_009,2025-08-18 20:23:18,1,115.0,in-store
STORE_001,SKU_009,2025-08-18 17:27:43,1,115.0,in-store
STORE_001,SKU_010,2025-08-18 13:42:38,2,18.5,in-store
STORE_003,SKU_002,2025-08-18 18:18:01,2,24.5,online
STORE_003,SKU_002,2025-08-18 16:07:04,2,24.5,online
STORE_003,SKU_007,2025-08-18 13:03:37,2,32.2,online
STORE_003,SKU_007,2025-08-18 11:24:12,2,32.2,online
STORE_003,SKU_008,2025-08-18 21:41:06,1,9.99,online
STORE_004,SKU_001,2025-08-18 12:50:40,1,12.99,online
STORE_004,SKU_001,2025-08-18 11:57:14,1,12.99,in-store
STORE_004,SKU_001,2025-08-18 19:07:58,1,12.99,online
STORE_004,SKU_005,2025-08-18 09:31:37,1,8.75,in-store
STORE_004,SKU_005,2025-08-18 18:05:47,1,8.75,in-store
STORE_004,SKU_005,2025-08-18 11:12:44,1,8.75,online
STORE_004,SKU_006,2025-08-18 19:41:58,2,15.0,in-store
STORE_004,SKU_006,2025-08-18 09:40:59,2,15.0,in-store
STORE_004,SKU_008,2025-08-18 21:40:43,1,9.99,online
STORE_004,SKU_008,2025-08-18 21:00:07,1,9.99,in-store
STORE_004,SKU_008,2025-08-18 11:03:38,1,9.99,in-store
STORE_005,SKU_008,2025-08-18 09:49:28,1,9.99,online
STORE_005,SKU_008,2025-08-18 12:30:05,1,9.99,in-store
STORE_005,SKU_008,2025-08-18 13:07:07,1,9.99,in-store
STORE_001,SKU_003,2025-08-19 08:52:06,5,5.99,online
STORE_001,SKU_003,2025-08-19 10:24:36,5,5.99,in-store
STORE_001,SKU_004,2025-08-19 09:04:16,1,49.99,online
STORE_001,SKU_004,2025-08-19 11:54:24,1,49.99,in-store
STORE_002,SKU_002,2025-08-19 09:30:29,2,24.5,online
STORE_002,SKU_002,2025-08-19 10:48:01,2,24.5,in-store
STORE_003,SKU_002,2025-08-19 09:13:00,3,24.5,online
STORE_003,SKU_002,2025-08-19 16:40:41,3,24.5,in-store
STORE_003,SKU_002,2025-08-19 21:57:12,3,24.5,in-store
STORE_005,SKU_003,2025-08-19 09:39:34,3,5.99,online
STORE_005,SKU_009,2025-08-19 11:39:22,1,115.0,online
STORE_005,SKU_009,2025-08-19 21:01:35,1,115.0,in-store
STORE_005,SKU_010,2025-08-19 21:46:44,1,18.5,in-store
STORE_005,SKU_010,2025-08-19 18:28:58,1,18.5,in-store
STORE_005,SKU_010,2025-08-19 12:53:32,1,18.5,online
STORE_001,SKU_001,2025-08-20 09:16:10,1,12.99,in-store
STORE_001,SKU_001,2025-08-20 10:13:46,1,12.99,online
STORE_001,SKU_001,2025-08-20 17:04:19,1,12.99,in-store
STORE_001,SKU_006,2025-08-20 10:06:01,3,15.0,in-store
STORE_001,SKU_008,2025-08-20 08:52:41,1,9.99,in-store
STORE_001,SKU_008,2025-08-20 10:37:50,1,9.99,online
STORE_002,SKU_008,2025-08-20 17:09:11,1,9.99,in-store
STORE_002,SKU_008,2025-08-20 14:10:42,1,9.99,online
STORE_004,SKU_003,2025-08-20 16:20:51,2,5.99,in-store
STORE_004,SKU_006,2025-08-20 18:04:39,1,15.0,in-store
STORE_004,SKU_006,2025-08-20 14:58:21,1,15.0,in-store
STORE_004,SKU_006,2025-08-20 14:06:28,1,15.0,in-store
STORE_004,SKU_008,2025-08-20 14:50:33,1,9.99,online
STORE_005,SKU_002,2025-08-20 21:24:44,2,24.5,in-store
STORE_005,SKU_002,2025-08-20 13:57:22,2,24.5,online
STORE_005,SKU_008,2025-08-20 18:41:28,1,9.99,online
STORE_001,SKU_005,2025-08-21 17:21:28,1,8.75,online
STORE_001,SKU_005,2025-08-21 09:00:58,1,8.75,in-store
STORE_001,SKU_005,2025-08-21 13:53:20,1,8.75,online
STORE_002,SKU_001,2025-08-21 09:45:11,1,12.99,online
STORE_002,SKU_002,2025-08-21 18:27:59,2,24.5,in-store
STORE_002,SKU_002,2025-08-21 17:28:53,2,24.5,in-store
STORE_002,SKU_008,2025-08-21 12:35:31,1,9.99,online
STORE_002,SKU_008,2025-08-21 13:37:59,1,9.99,online
STORE_002,SKU_008,2025-08-21 17:20:51,1,9.99,in-store
STORE_002,SKU_010,2025-08-21 14:05:47,2,18.5,in-store
STORE_002,SKU_010,2025-08-21 12:58:17,2,18.5,in-store
STORE_003,SKU_006,2025-08-21 09:10:40,2,15.0,online
STORE_004,SKU_003,2025-08-21 20:00:48,3,5.99,in-store
STORE_004,SKU_003,2025-08-21 17:31:31,3,5.99,online
STORE_004,SKU_009,2025-08-21 15:10:52,1,115.0,online
STORE_004,SKU_009,2025-08-21 21:13:08,,115.0,in-store
STORE_004,SKU_009,2025-08-21 16:38:03,1,115.0,in-store
STORE_004,SKU_010,2025-08-21 21:54:58,2,18.5,online
STORE_004,SKU_010,2025-08-21 08:38:46,2,18.5,in-store
STORE_004,SKU_010,2025-08-21 21:04:24,2,18.5,in-store
STORE_005,SKU_005,2025-08-21 10:06:36,1,8.75,online
STORE_005,SKU_005,2025-08-21 18:27:54,1,8.75,in-store
STORE_005,SKU_005,2025-08-21 12:34:42,1,8.75,in-store
STORE_001,SKU_008,2025-08-22 14:23:34,1,9.99,online
STORE_001,SKU_008,2025-08-22 13:58:33,1,9.99,online
STORE_001,SKU_008,2025-08-22 17:03:27,1,9.99,in-store
STORE_003,SKU_001,2025-08-22 19:37:35,1,12.99,in-store
STORE_003,SKU_001,2025-08-22 16:15:13,1,12.99,in-store
STORE_003,SKU_001,2025-08-22 14:24:23,1,12.99,in-store
STORE_003,SKU_002,2025-08-22 16:14:02,1,24.5,online
STORE_003,SKU_002,2025-08-22 11:19:05,1,24.5,online
STORE_003,SKU_002,2025-08-22 08:08:18,1,24.5,in-store
STORE_003,SKU_010,2025-08-22 09:39:54,2,18.5,in-store
STORE_003,SKU_010,2025-08-22 10:16:06,2,18.5,online
STORE_004,SKU_003,2025-08-22 20:27:03,3,5.99,online
STORE_004,SKU_003,2025-08-22 14:37:43,3,5.99,in-store
STORE_004,SKU_008,2025-08-22 12:15:51,1,9.99,online
STORE_004,SKU_008,2025-08-22 15:01:13,1,9.99,online
STORE_005,SKU_005,2025-08-22 14:27:07,1,8.75,in-store
STORE_005,SKU_005,2025-08-22 10:24:00,1,8.75,online
STORE_001,SKU_002,2025-08-23 08:31:39,4,24.5,online
STORE_001,SKU_002,2025-08-23 11:50:14,4,24.5,online
STORE_001,SKU_010,2025-08-23 20:13:37,5,18.5,online
STORE_001,SKU_010,2025-08-23 10:19:44,5,18.5,online
STORE_002,SKU_001,2025-08-23 10:56:11,2,12.99,online
STORE_002,SKU_004,2025-08-23 14:16:56,1,49.99,online
STORE_002,SKU_004,2025-08-23 18:29:55,1,49.99,online
STORE_002,SKU_004,2025-08-23 19:30:21,1,49.99,online
STORE_002,SKU_005,2025-08-23 11:12:48,2,8.75,online
STORE_002,SKU_007,2025-08-23 20:19:28,4,32.2,in-store
STORE_003,SKU_001,2025-08-23 08:59:42,2,12.99,online
STORE_003,SKU_001,2025-08-23 21:36:16,2,12.99,online
STORE_003,SKU_001,2025-08-23 20:51:44,2,12.99,online
STORE_003,SKU_008,2025-08-23 11:31:29,1,9.99,in-store
STORE_003,SKU_008,2025-08-23 18:29:46,1,9.99,online
STORE_003,SKU_008,2025-08-23 10:24:04,1,9.99,in-store
STORE_004,SKU_002,2025-08-23 20:39:30,3,24.5,in-store
STORE_001,SKU_007,2025-08-24 18:57:40,4,32.2,in-store
STORE_001,SKU_007,2025-08-24 12:52:02,4,32.2,online
STORE_001,SKU_007,2025-08-24 09:30:19,4,32.2,in-store
STORE_001,SKU_008,2025-08-24 18:26:15,1,9.99,online
STORE_001,SKU_008,2025-08-24 21:46:59,1,9.99,in-store
STORE_001,SKU_009,2025-08-24 11:39:44,2,115.0,in-store
STORE_001,SKU_009,2025-08-24 18:09:48,2,115.0,online
STORE_001,SKU_009,2025-08-24 15:01:03,,115.0,in-store
STORE_002,SKU_002,2025-08-24 16:21:25,3,24.5,in-store
STORE_002,SKU_002,2025-08-24 14:23:40,3,24.5,online
STORE_003,SKU_002,2025-08-24 20:21:10,2,24.5,online
STORE_003,SKU_002,2025-08-24 17:16:53,2,24.5,online
STORE_003,SKU_004,2025-08-24 08:22:55,1,49.99,in-store
STORE_003,SKU_005,2025-08-24 20:48:56,1,8.75,in-store
STORE_003,SKU_008,2025-08-24 17:41:07,1,9.99,in-store
STORE_003,SKU_008,2025-08-24 17:14:13,1,9.99,online
STORE_003,SKU_010,2025-08-24 15:04:43,3,18.5,in-store
STORE_003,SKU_010,2025-08-24 11:45:07,3,18.5,in-store
STORE_004,SKU_002,2025-08-24 10:16:15,4,24.5,online
STORE_004,SKU_002,2025-08-24 18:53:19,4,24.5,online
STORE_004,SKU_002,2025-08-24 19:17:30,4,24.5,in-store
STORE_004,SKU_005,2025-08-24 11:56:35,2,8.75,online
STORE_004,SKU_005,2025-08-24 09:40:39,2,8.75,online
STORE_005,SKU_001,2025-08-24 19:08:56,2,12.99,online
STORE_005,SKU_001,2025-08-24 16:20:37,2,12.99,online
STORE_005,SKU_010,2025-08-24 10:01:49,2,18.5,online
STORE_005,SKU_010,2025-08-24 14:59:48,2,18.5,in-store
STORE_005,SKU_010,2025-08-24 12:19:42,2,18.5,in-store
STORE_001,SKU_003,2025-08-25 17:59:48,4,5.99,in-store
STORE_001,SKU_003,2025-08-25 21:47:46,4,5.99,online
STORE_002,SKU_002,2025-08-25 21:10:04,2,24.5,in-store
STORE_002,SKU_002,2025-08-25 09:41:00,2,24.5,online
STORE_004,SKU_001,2025-08-25 13:05:58,1,12.99,in-store
STORE_004,SKU_001,2025-08-25 08:53:51,1,12.99,in-store
STORE_004,SKU_002,2025-08-25 20:35:01,1,24.5,in-store
STORE_004,SKU_002,2025-08-25 15:38:18,1,24.5,in-store
STORE_004,SKU_002,2025-08-25 12:58:44,1,24.5,online
STORE_004,SKU_008,2025-08-25 11:37:54,1,9.99,in-store
STORE_004,SKU_008,2025-08-25 21:27:04,1,9.99,in-store
STORE_005,SKU_005,2025-08-25 21:49:46,2,8.75,online
STORE_001,SKU_005,2025-08-26 12:03:52,1,8.75,in-store
STORE_002,SKU_010,2025-08-26 10:22:06,3,18.5,in-store
STORE_002,SKU_010,2025-08-26 12:40:43,3,18.5,online
STORE_003,SKU_007,2025-08-26 21:08:43,3,32.2,online
STORE_003,SKU_007,2025-08-26 19:32:30,3,32.2,online
STORE_005,SKU_002,2025-08-26 16:44:50,2,24.5,online
STORE_005,SKU_002,2025-08-26 13:45:39,2,24.5,in-store
STORE_005,SKU_005,2025-08-26 19:10:55,1,8.75,in-store
STORE_005,SKU_005,2025-08-26 19:22:40,1,8.75,online
STORE_005,SKU_005,2025-08-26 11:57:50,1,8.75,in-store
STORE_003,SKU_001,2025-08-27 12:32:16,1,12.99,in-store
STORE_003,SKU_001,2025-08-27 15:01:49,1,12.99,online
STORE_003,SKU_005,2025-08-27 12:44:20,1,8.75,online
STORE_003,SKU_005,2025-08-27 16:21:54,1,8.75,in-store
STORE_005,SKU_004,2025-08-27 20:24:08,1,49.99,online
STORE_001,SKU_004,2025-08-28 09:53:47,1,49.99,online
STORE_001,SKU_004,2025-08-28 10:22:23,1,49.99,in-store
STORE_001,SKU_005,2025-08-28 12:01:00,2,8.75,in-store
STORE_001,SKU_005,2025-08-28 14:34:28,2,8.75,online
STORE_001,SKU_006,2025-08-28 16:58:56,3,15.0,in-store
STORE_001,SKU_006,2025-08-28 16:11:01,3,15.0,online
STORE_001,SKU_006,2025-08-28 13:48:02,3,15.0,in-store
STORE_001,SKU_007,2025-08-28 20:12:30,4,32.2,in-store
STORE_001,SKU_007,2025-08-28 20:38:50,4,32.2,online
STORE_001,SKU_009,2025-08-28 20:19:59,2,115.0,in-store
STORE_001,SKU_010,2025-08-28 16:20:56,2,18.5,online
STORE_001,SKU_010,2025-08-28 20:21:39,2,18.5,online
STORE_001,SKU_010,2025-08-28 20:34:34,,18.5,online
STORE_002,SKU_005,2025-08-28 08:53:40,1,8.75,in-store
STORE_002,SKU_005,2025-08-28 20:18:17,1,8.75,online
STORE_002,SKU_005,2025-08-28 10:29:29,1,8.75,in-store
STORE_003,SKU_001,2025-08-28 13:21:28,1,12.99,online
STORE_003,SKU_004,2025-08-28 11:52:43,1,49.99,in-store
STORE_003,SKU_004,2025-08-28 19:25:49,1,49.99,online
STORE_003,SKU_008,2025-08-28 18:02:44,1,9.99,in-store
STORE_004,SKU_005,2025-08-28 16:11:59,1,8.75,in-store
STORE_004,SKU_005,2025-08-28 15:22:34,1,8.75,online
STORE_005,SKU_005,2025-08-28 13:39:41,1,8.75,in-store
STORE_005,SKU_005,2025-08-28 19:30:06,1,8.75,online
STORE_005,SKU_005,2025-08-28 08:15:23,1,8.75,online
STORE_005,SKU_008,2025-08-28 12:28:49,1,9.99,in-store
STORE_005,SKU_008,2025-08-28 20:16:25,1,9.99,online
STORE_005,SKU_008,2025-08-28 19:35:52,1,9.99,in-store
STORE_005,SKU_009,2025-08-28 19:08:39,1,115.0,in-store
STORE_005,SKU_009,2025-08-28 08:19:27,1,115.0,in-store
STORE_005,SKU_009,2025-08-28 20:08:56,1,115.0,in-store
STORE_003,SKU_004,2025-08-29 11:43:48,1,49.99,in-store
STORE_003,SKU_004,2025-08-29 15:55:11,1,49.99,online
STORE_003,SKU_004,2025-08-29 09:22:49,1,49.99,online
STORE_003,SKU_007,2025-08-29 21:28:12,2,32.2,in-store
STORE_003,SKU_007,2025-08-29 11:12:07,2,32.2,in-store
STORE_003,SKU_008,2025-08-29 08:06:30,1,9.99,online
STORE_003,SKU_008,2025-08-29 11:31:05,1,9.99,in-store
STORE_003,SKU_008,2025-08-29 15:54:03,1,9.99,in-store
STORE_003,SKU_010,2025-08-29 08:54:58,2,18.5,in-store
STORE_003,SKU_010,2025-08-29 21:14:59,2,18.5,online
STORE_004,SKU_002,2025-08-29 18:22:28,2,24.5,in-store
STORE_004,SKU_002,2025-08-29 20:30:06,2,24.5,in-store
STORE_004,SKU_002,2025-08-29 21:13:19,2,24.5,in-store
STORE_004,SKU_008,2025-08-29 10:21:51,1,9.99,in-store
STORE_005,SKU_003,2025-08-29 10:32:34,2,5.99,online
STORE_005,SKU_003,2025-08-29 14:01:35,2,5.99,online
STORE_005,SKU_003,2025-08-29 12:31:21,2,5.99,online
STORE_005,SKU_005,2025-08-29 17:13:57,1,8.75,online
STORE_005,SKU_005,2025-08-29 13:52:06,1,8.75,in-store
STORE_005,SKU_007,2025-08-29 18:25:05,2,32.2,online
STORE_005,SKU_007,2025-08-29 08:22:29,2,32.2,online
STORE_005,SKU_010,2025-08-29 10:15:17,2,18.5,online
STORE_005,SKU_010,2025-08-29 20:10:09,2,18.5,online
STORE_005,SKU_010,2025-08-29 13:50:21,2,18.5,online
STORE_001,SKU_003,2025-08-30 08:22:54,5,5.99,online
STORE_001,SKU_003,2025-08-30 14:54:46,5,5.99,in-store
STORE_001,SKU_004,2025-08-30 11:03:03,1,49.99,in-store
STORE_001,SKU_005,2025-08-30 13:13:08,3,8.75,in-store
STORE_001,SKU_005,2025-08-30 08:03:15,3,8.75,online
STORE_002,SKU_004,2025-08-30 20:44:45,1,49.99,in-store
STORE_002,SKU_004,2025-08-30 18:39:39,1,,online
STORE_002,SKU_004,2025-08-30 15:05:50,1,49.99,in-store
STORE_002,SKU_005,2025-08-30 16:38:39,2,8.75,online
STORE_002,SKU_007,2025-08-30 21:00:06,4,32.2,in-store
STORE_002,SKU_007,2025-08-30 16:47:42,4,32.2,in-store
STORE_002,SKU_007,2025-08-30 08:07:23,4,32.2,online
STORE_003,SKU_004,2025-08-30 19:17:40,1,49.99,online
STORE_004,SKU_001,2025-08-30 12:26:55,2,12.99,in-store
STORE_004,SKU_001,2025-08-30 09:34:36,2,12.99,in-store
STORE_004,SKU_005,2025-08-30 08:06:08,2,8.75,in-store
STORE_004,SKU_008,2025-08-30 15:33:19,1,9.99,online
STORE_004,SKU_008,2025-08-30 12:54:25,1,9.99,in-store
STORE_005,SKU_002,2025-08-30 17:54:52,3,24.5,in-store
STORE_005,SKU_002,2025-08-30 14:48:24,3,,online
STORE_005,SKU_002,2025-08-30 21:57:02,3,24.5,online
STORE_005,SKU_004,2025-08-30 08:10:39,1,49.99,in-store
STORE_005,SKU_004,2025-08-30 15:40:15,1,49.99,online
STORE_005,SKU_008,2025-08-30 21:39:02,1,9.99,in-store
STORE_005,SKU_008,2025-08-30 20:23:11,1,9.99,online
STORE_005,SKU_009,2025-08-30 19:04:11,3,115.0,online
STORE_005,SKU_009,2025-08-30 15:11:37,3,115.0,in-store
STORE_005,SKU_009,2025-08-30 13:42:47,3,115.0,online
STORE_001,SKU_005,2025-08-31 16:14:16,3,8.75,in-store
STORE_001,SKU_005,2025-08-31 15:04:22,3,8.75,online
STORE_001,SKU_006,2025-08-31 10:34:45,6,15.0,online
STORE_001,SKU_006,2025-08-31 18:33:07,6,15.0,in-store
STORE_001,SKU_007,2025-08-31 19:01:32,5,32.2,online
STORE_001,SKU_007,2025-08-31 09:19:14,5,32.2,online
STORE_001,SKU_010,2025-08-31 14:14:15,5,18.5,online
STORE_001,SKU_010,2025-08-31 11:10:40,5,18.5,online
STORE_002,SKU_008,2025-08-31 19:58:48,1,9.99,online
STORE_003,SKU_002,2025-08-31 19:48:42,4,24.5,online
STORE_003,SKU_004,2025-08-31 21:40:17,1,49.99,in-store
STORE_003,SKU_004,2025-08-31 11:08:48,1,49.99,online
STORE_003,SKU_006,2025-08-31 15:04:40,4,15.0,online
STORE_003,SKU_006,2025-08-31 08:26:39,4,15.0,in-store
STORE_003,SKU_006,2025-08-31 10:42:19,4,15.0,in-store
STORE_003,SKU_007,2025-08-31 10:35:14,5,32.2,in-store
STORE_003,SKU_007,2025-08-31 14:36:22,5,32.2,in-store
STORE_003,SKU_008,2025-08-31 13:02:48,1,9.99,in-store
STORE_005,SKU_001,2025-08-31 21:32:26,2,12.99,online
STORE_005,SKU_001,2025-08-31 11:53:33,2,12.99,online
STORE_005,SKU_001,2025-08-31 18:46:08,2,12.99,in-store
STORE_005,SKU_006,2025-08-31 17:53:58,4,15.0,online
STORE_005,SKU_006,2025-08-31 16:50:36,4,15.0,in-store
STORE_005,SKU_008,2025-08-31 10:43:05,1,9.99,in-store
STORE_001,SKU_005,2025-09-01 13:01:31,1,8.75,in-store
STORE_001,SKU_005,2025-09-01 15:20:29,1,8.75,online
STORE_001,SKU_005,2025-09-01 18:53:16,1,8.75,online
STORE_001,SKU_007,2025-09-01 14:08:56,3,32.2,in-store
STORE_001,SKU_008,2025-09-01 20:45:30,1,9.99,online
STORE_001,SKU_008,2025-09-01 13:54:11,1,9.99,in-store
STORE_001,SKU_008,2025-09-01 12:55:44,1,9.99,in-store
STORE_002,SKU_008,2025-09-01 21:42:35,1,9.99,in-store
STORE_002,SKU_008,2025-09-01 08:15:16,1,9.99,in-store
STORE_002,SKU_008,2025-09-01 19:35:18,1,9.99,online
STORE_003,SKU_003,2025-09-01 17:38:09,3,5.99,in-store
STORE_003,SKU_005,2025-09-01 10:28:24,1,8.75,online
STORE_003,SKU_005,2025-09-01 15:03:25,1,8.75,online
STORE_003,SKU_005,2025-09-01 12:24:44,1,8.75,online
STORE_005,SKU_007,2025-09-01 10:54:34,3,32.2,in-store
STORE_005,SKU_007,2025-09-01 13:05:23,3,32.2,online
STORE_005,SKU_007,2025-09-01 20:47:09,3,32.2,in-store
STORE_005,SKU_008,2025-09-01 21:56:00,1,9.99,online
STORE_005,SKU_010,2025-09-01 10:06:20,2,18.5,online
STORE_005,SKU_010,2025-09-01 17:01:25,2,18.5,in-store
STORE_005,SKU_010,2025-09-01 16:52:32,2,18.5,online
STORE_001,SKU_004,2025-09-02 11:26:11,1,49.99,online
STORE_001,SKU_005,2025-09-02 20:32:56,2,8.75,online
STORE_001,SKU_005,2025-09-02 19:05:12,2,8.75,in-store
STORE_001,SKU_010,2025-09-02 08:09:34,2,18.5,in-store
STORE_001,SKU_010,2025-09-02 20:15:48,2,18.5,online
STORE_001,SKU_010,2025-09-02 21:59:46,2,18.5,in-store
STORE_002,SKU_005,2025-09-02 19:25:51,1,8.75,in-store
STORE_002,SKU_005,2025-09-02 20:28:07,1,8.75,in-store
STORE_002,SKU_005,2025-09-02 21:18:52,1,8.75,online
STORE_003,SKU_001,2025-09-02 16:04:06,1,12.99,online
STORE_003,SKU_001,2025-09-02 19:02:14,1,12.99,online
STORE_003,SKU_004,2025-09-02 21:57:12,1,49.99,in-store
STORE_003,SKU_005,2025-09-02 20:00:28,2,8.75,online
STORE_003,SKU_009,2025-09-02 08:39:54,1,115.0,online
STORE_004,SKU_001,2025-09-02 08:22:26,1,12.99,in-store
STORE_004,SKU_001,2025-09-02 18:48:25,1,12.99,in-store
STORE_004,SKU_001,2025-09-02 20:59:51,1,12.99,online
STORE_005,SKU_001,2025-09-02 17:19:34,1,12.99,online
STORE_005,SKU_001,2025-09-02 20:44:21,1,12.99,in-store
STORE_005,SKU_001,2025-09-02 14:46:17,1,12.99,online
STORE_005,SKU_010,2025-09-02 17:29:09,2,18.5,in-store
STORE_005,SKU_010,2025-09-02 21:52:06,2,18.5,online
STORE_001,SKU_004,2025-09-03 08:32:00,1,49.99,in-store
STORE_001,SKU_004,2025-09-03 20:25:17,1,49.99,in-store
STORE_001,SKU_004,2025-09-03 10:37:08,1,49.99,in-store
STORE_001,SKU_007,2025-09-03 21:33:29,5,32.2,in-store
STORE_001,SKU_007,2025-09-03 21:13:41,5,32.2,in-store
STORE_001,SKU_007,2025-09-03 19:26:32,5,32.2,in-store
STORE_001,SKU_008,2025-09-03 11:59:27,1,9.99,in-store
STORE_001,SKU_008,2025-09-03 18:34:43,1,9.99,online
STORE_002,SKU_005,2025-09-03 19:41:53,1,8.75,in-store
STORE_002,SKU_005,2025-09-03 20:43:25,1,8.75,online
STORE_002,SKU_008,2025-09-03 10:37:37,1,9.99,online
STORE_004,SKU_010,2025-09-03 15:43:51,1,18.5,online
STORE_004,SKU_010,2025-09-03 08:41:54,1,18.5,in-store
STORE_004,SKU_010,2025-09-03 09:31:20,1,,in-store
STORE_005,SKU_002,2025-09-03 09:40:20,3,24.5,in-store
STORE_005,SKU_002,2025-09-03 13:39:06,3,24.5,in-store
STORE_005,SKU_007,2025-09-03 13:45:48,2,32.2,in-store
STORE_005,SKU_009,2025-09-03 14:38:09,1,115.0,online
STORE_005,SKU_009,2025-09-03 19:18:10,1,115.0,in-store
STORE_002,SKU_001,2025-09-04 17:29:02,1,12.99,online
STORE_002,SKU_001,2025-09-04 11:17:45,1,12.99,online
STORE_002,SKU_005,2025-09-04 13:43:09,1,8.75,in-store
STORE_002,SKU_005,2025-09-04 15:28:28,1,8.75,in-store
STORE_002,SKU_005,2025-09-04 19:49:04,1,8.75,in-store
STORE_002,SKU_008,2025-09-04 14:02:19,1,9.99,online
STORE_003,SKU_006,2025-09-04 14:09:11,2,15.0,in-store
STORE_004,SKU_001,2025-09-04 10:38:31,1,12.99,in-store
STORE_005,SKU_008,2025-09-04 19:29:46,1,9.99,online
STORE_005,SKU_010,2025-09-04 17:10:24,1,18.5,in-store
STORE_001,SKU_002,2025-09-05 08:58:09,4,24.5,online
STORE_001,SKU_002,2025-09-05 16:33:09,4,24.5,in-store
STORE_002,SKU_002,2025-09-05 16:24:17,1,24.5,in-store
STORE_002,SKU_002,2025-09-05 16:13:55,1,24.5,in-store
STORE_002,SKU_002,2025-09-05 18:13:15,1,24.5,in-store
STORE_002,SKU_009,2025-09-05 08:47:48,1,115.0,online
STORE_002,SKU_009,2025-09-05 17:53:34,1,115.0,online
STORE_003,SKU_006,2025-09-05 19:50:33,2,15.0,in-store
STORE_004,SKU_010,2025-09-05 20:23:13,2,18.5,in-store
STORE_004,SKU_010,2025-09-05 14:12:24,2,18.5,online
STORE_005,SKU_001,2025-09-05 14:31:32,1,12.99,in-store
STORE_005,SKU_001,2025-09-05 17:37:12,1,12.99,online
STORE_001,SKU_005,2025-09-06 10:45:32,3,8.75,in-store
STORE_001,SKU_010,2025-09-06 11:45:29,6,18.5,online
STORE_001,SKU_010,2025-09-06 21:51:57,6,18.5,online
STORE_001,SKU_010,2025-09-06 20:35:48,6,18.5,online
STORE_002,SKU_002,2025-09-06 20:42:07,4,24.5,in-store
STORE_002,SKU_002,2025-09-06 09:14:55,4,24.5,in-store
STORE_002,SKU_002,2025-09-06 17:36:55,4,24.5,in-store
STORE_002,SKU_004,2025-09-06 12:36:22,1,49.99,in-store
STORE_002,SKU_004,2025-09-06 08:53:07,1,49.99,in-store
STORE_002,SKU_004,2025-09-06 08:28:58,1,49.99,online
STORE_002,SKU_007,2025-09-06 10:21:32,5,32.2,online
STORE_002,SKU_007,2025-09-06 16:20:44,5,32.2,in-store
STORE_003,SKU_005,2025-09-06 15:56:11,2,8.75,in-store
STORE_003,SKU_008,2025-09-06 20:24:02,1,9.99,in-store
STORE_003,SKU_008,2025-09-06 18:43:29,1,9.99,online
STORE_003,SKU_010,2025-09-06 14:02:39,4,18.5,in-store
STORE_004,SKU_002,2025-09-06 17:27:12,4,24.5,in-store
STORE_004,SKU_002,2025-09-06 11:59:13,4,24.5,online
STORE_004,SKU_005,2025-09-06 19:56:53,2,8.75,in-store
STORE_004,SKU_005,2025-09-06 19:35:02,2,8.75,in-store
STORE_005,SKU_002,2025-09-06 11:00:43,3,24.5,online
STORE_005,SKU_002,2025-09-06 09:43:44,3,24.5,in-store
STORE_005,SKU_002,2025-09-06 16:06:52,3,24.5,online
STORE_005,SKU_003,2025-09-06 16:11:32,6,5.99,online
STORE_005,SKU_003,2025-09-06 18:38:48,6,5.99,online
STORE_005,SKU_005,2025-09-06 14:16:27,2,8.75,in-store
STORE_005,SKU_009,2025-09-06 13:02:45,2,115.0,online
STORE_005,SKU_009,2025-09-06 11:33:42,2,115.0,online
STORE_005,SKU_009,2025-09-06 17:47:13,2,115.0,online
STORE_001,SKU_002,2025-09-07 18:27:00,5,24.5,in-store
STORE_001,SKU_003,2025-09-07 20:08:32,5,5.99,in-store
STORE_001,SKU_003,2025-09-07 14:44:37,5,5.99,online
STORE_001,SKU_003,2025-09-07 17:28:27,5,5.99,in-store
STORE_001,SKU_005,2025-09-07 08:29:31,2,8.75,online
STORE_001,SKU_005,2025-09-07 19:47:44,2,8.75,online
STORE_001,SKU_005,2025-09-07 11:28:53,2,8.75,in-store
STORE_001,SKU_007,2025-09-07 18:52:48,6,32.2,in-store
STORE_001,SKU_007,2025-09-07 21:08:47,6,32.2,in-store
STORE_001,SKU_007,2025-09-07 20:23:03,6,32.2,in-store
STORE_001,SKU_009,2025-09-07 14:20:03,4,115.0,online
STORE_001,SKU_009,2025-09-07 11:12:14,4,115.0,in-store
STORE_001,SKU_009,2025-09-07 18:03:59,4,115.0,online
STORE_001,SKU_010,2025-09-07 09:08:46,3,18.5,in-store
STORE_001,SKU_010,2025-09-07 21:25:15,3,18.5,in-store
STORE_001,SKU_010,2025-09-07 08:12:56,3,18.5,online
STORE_002,SKU_005,2025-09-07 11:10:46,2,8.75,in-store
STORE_002,SKU_005,2025-09-07 13:18:05,2,8.75,online
STORE_002,SKU_007,2025-09-07 17:30:14,3,,in-store
STORE_002,SKU_010,2025-09-07 11:10:44,2,18.5,online
STORE_002,SKU_010,2025-09-07 21:34:05,2,18.5,online
STORE_003,SKU_001,2025-09-07 17:38:24,1,12.99,in-store
STORE_003,SKU_001,2025-09-07 09:43:12,1,12.99,in-store
STORE_003,SKU_005,2025-09-07 11:43:16,2,8.75,online
STORE_003,SKU_008,2025-09-07 10:21:58,1,9.99,in-store
STORE_004,SKU_001,2025-09-07 16:58:36,3,12.99,in-store
STORE_004,SKU_001,2025-09-07 11:32:47,3,12.99,in-store
STORE_004,SKU_002,2025-09-07 13:42:59,4,24.5,in-store
STORE_004,SKU_004,2025-09-07 18:08:08,1,49.99,online
STORE_004,SKU_004,2025-09-07 20:38:02,1,49.99,in-store
STORE_004,SKU_004,2025-09-07 17:43:56,1,49.99,online
STORE_004,SKU_008,2025-09-07 13:00:05,1,9.99,online
STORE_004,SKU_008,2025-09-07 16:33:01,1,9.99,in-store
STORE_004,SKU_008,2025-09-07 20:55:41,1,9.99,in-store
STORE_005,SKU_005,2025-09-07 08:53:47,2,8.75,in-store
STORE_005,SKU_005,2025-09-07 09:36:47,2,8.75,online
STORE_005,SKU_005,2025-09-07 08:40:09,2,8.75,online
STORE_005,SKU_009,2025-09-07 12:17:08,2,115.0,in-store
STORE_005,SKU_009,2025-09-07 14:52:19,2,115.0,online
STORE_005,SKU_009,2025-09-07 16:21:24,2,115.0,online
STORE_001,SKU_002,2025-09-08 15:13:39,3,24.5,online
STORE_001,SKU_002,2025-09-08 15:51:18,3,24.5,online
STORE_001,SKU_005,2025-09-08 12:53:04,2,8.75,online
STORE_001,SKU_005,2025-09-08 08:48:30,2,8.75,online
STORE_001,SKU_008,2025-09-08 14:48:28,1,9.99,in-store
STORE_001,SKU_010,2025-09-08 20:26:17,2,18.5,online
STORE_002,SKU_006,2025-09-08 11:37:16,2,15.0,in-store
STORE_002,SKU_006,2025-09-08 12:40:04,2,15.0,in-store
STORE_004,SKU_002,2025-09-08 17:48:07,2,24.5,online
STORE_004,SKU_002,2025-09-08 15:03:46,2,24.5,online
STORE_004,SKU_002,2025-09-08 14:16:21,2,24.5,online
STORE_004,SKU_004,2025-09-08 09:30:57,1,49.99,online
STORE_004,SKU_007,2025-09-08 12:08:58,2,32.2,in-store
STORE_004,SKU_007,2025-09-08 09:59:07,2,32.2,in-store
STORE_004,SKU_007,2025-09-08 14:25:28,2,32.2,online
STORE_001,SKU_008,2025-09-09 16:45:54,1,9.99,online
STORE_001,SKU_010,2025-09-09 18:15:30,3,18.5,online
STORE_001,SKU_010,2025-09-09 08:23:55,3,18.5,in-store
STORE_003,SKU_010,2025-09-09 11:20:56,1,18.5,in-store
STORE_003,SKU_010,2025-09-09 20:28:46,1,18.5,online
STORE_003,SKU_010,2025-09-09 19:15:24,1,18.5,online
STORE_005,SKU_002,2025-09-09 20:06:09,2,24.5,in-store
STORE_005,SKU_004,2025-09-09 12:20:57,1,49.99,online
STORE_001,SKU_009,2025-09-10 08:02:14,2,115.0,in-store
STORE_003,SKU_007,2025-09-10 12:48:01,2,32.2,in-store
STORE_004,SKU_006,2025-09-10 14:37:56,1,15.0,online
STORE_004,SKU_006,2025-09-10 19:34:40,1,15.0,in-store
STORE_004,SKU_006,2025-09-10 08:14:49,1,15.0,online
STORE_001,SKU_001,2025-09-11 18:09:19,2,12.99,in-store
STORE_001,SKU_004,2025-09-11 08:29:45,1,49.99,in-store
STORE_001,SKU_004,2025-09-11 18:32:44,1,49.99,in-store
STORE_001,SKU_007,2025-09-11 19:59:55,3,32.2,online
STORE_001,SKU_007,2025-09-11 19:49:03,3,32.2,in-store
STORE_002,SKU_005,2025-09-11 16:52:07,1,8.75,in-store
STORE_002,SKU_010,2025-09-11 13:56:59,2,18.5,in-store
STORE_002,SKU_010,2025-09-11 12:26:49,2,18.5,online
STORE_002,SKU_010,2025-09-11 20:33:10,2,18.5,online
STORE_003,SKU_005,2025-09-11 15:53:20,1,8.75,online
STORE_003,SKU_008,2025-09-11 21:50:38,1,9.99,in-store
STORE_004,SKU_002,2025-09-11 13:24:06,2,24.5,in-store
STORE_004,SKU_002,2025-09-11 13:04:39,2,24.5,in-store
STORE_004,SKU_006,2025-09-11 10:11:06,2,15.0,in-store
STORE_004,SKU_008,2025-09-11 16:39:56,1,9.99,online
STORE_004,SKU_008,2025-09-11 16:55:14,1,9.99,online
STORE_004,SKU_008,2025-09-11 21:24:43,1,9.99,in-store
STORE_005,SKU_005,2025-09-11 14:25:49,1,8.75,in-store
STORE_005,SKU_005,2025-09-11 21:10:52,1,8.75,in-store
STORE_001,SKU_002,2025-09-12 12:47:42,2,24.5,online
STORE_001,SKU_008,2025-09-12 19:34:28,1,9.99,online
STORE_001,SKU_008,2025-09-12 14:23:51,1,9.99,in-store
STORE_001,SKU_008,2025-09-12 17:47:19,1,9.99,in-store
STORE_002,SKU_008,2025-09-12 15:04:26,1,9.99,online
STORE_002,SKU_008,2025-09-12 09:02:52,1,9.99,online
STORE_003,SKU_003,2025-09-12 17:49:21,3,5.99,online
STORE_003,SKU_003,2025-09-12 11:03:19,3,5.99,online
STORE_003,SKU_003,2025-09-12 20:05:29,3,5.99,online
STORE_003,SKU_005,2025-09-12 19:36:44,2,8.75,in-store
STORE_003,SKU_005,2025-09-12 20:20:32,2,8.75,in-store
STORE_003,SKU_005,2025-09-12 21:16:56,2,8.75,online
STORE_003,SKU_008,2025-09-12 10:39:27,1,9.99,online
STORE_003,SKU_008,2025-09-12 15:03:45,1,9.99,online
STORE_003,SKU_008,2025-09-12 10:16:47,1,9.99,in-store
STORE_004,SKU_004,2025-09-12 11:29:53,,49.99,online
STORE_004,SKU_004,2025-09-12 20:59:26,1,49.99,in-store
STORE_004,SKU_004,2025-09-12 14:34:29,1,49.99,online
STORE_004,SKU_005,2025-09-12 15:59:37,1,8.75,online
STORE_004,SKU_008,2025-09-12 20:03:48,1,9.99,in-store
STORE_004,SKU_008,2025-09-12 15:52:19,1,9.99,in-store
STORE_005,SKU_007,2025-09-12 18:53:47,3,32.2,in-store
STORE_005,SKU_007,2025-09-12 19:13:03,3,32.2,in-store
STORE_005,SKU_008,2025-09-12 16:54:35,1,9.99,in-store
STORE_001,SKU_005,2025-09-13 19:07:49,3,8.75,online
STORE_001,SKU_005,2025-09-13 11:47:10,3,8.75,online
STORE_001,SKU_005,2025-09-13 11:06:13,3,8.75,in-store
STORE_001,SKU_008,2025-09-13 14:41:56,1,9.99,in-store
STORE_001,SKU_008,2025-09-13 17:39:46,1,9.99,in-store
STORE_001,SKU_008,2025-09-13 21:03:26,1,9.99,in-store
STORE_002,SKU_002,2025-09-13 08:55:55,3,24.5,in-store
STORE_002,SKU_002,2025-09-13 12:56:28,3,24.5,online
STORE_002,SKU_002,2025-09-13 08:31:32,3,24.5,in-store
STORE_002,SKU_007,2025-09-13 13:19:09,5,32.2,in-store
STORE_002,SKU_007,2025-09-13 16:59:38,5,32.2,online
STORE_002,SKU_007,2025-09-13 10:59:51,5,32.2,online
STORE_002,SKU_008,2025-09-13 17:31:32,1,9.99,online
STORE_002,SKU_008,2025-09-13 09:21:44,1,9.99,in-store
STORE_002,SKU_008,2025-09-13 21:59:49,1,9.99,in-store
STORE_002,SKU_010,2025-09-13 08:29:21,3,18.5,in-store
STORE_003,SKU_007,2025-09-13 20:03:33,5,32.2,in-store
STORE_003,SKU_007,2025-09-13 19:29:42,5,32.2,online
STORE_003,SKU_007,2025-09-13 17:15:05,5,32.2,in-store
STORE_003,SKU_008,2025-09-13 21:32:04,1,9.99,in-store
STORE_003,SKU_008,2025-09-13 18:31:20,1,9.99,in-store
STORE_003,SKU_009,2025-09-13 18:18:09,2,115.0,online
STORE_003,SKU_009,2025-09-13 11:50:10,2,115.0,in-store
STORE_003,SKU_010,2025-09-13 09:52:42,3,18.5,online
STORE_003,SKU_010,2025-09-13 21:08:22,3,18.5,in-store
STORE_004,SKU_001,2025-09-13 16:41:03,2,12.99,in-store
STORE_004,SKU_008,2025-09-13 13:04:42,1,9.99,in-store
STORE_004,SKU_009,2025-09-13 10:54:49,2,115.0,in-store
STORE_004,SKU_009,2025-09-13 19:50:56,2,115.0,in-store
STORE_005,SKU_002,2025-09-13 18:06:33,4,24.5,online
STORE_005,SKU_006,2025-09-13 08:24:54,3,15.0,online
STORE_005,SKU_006,2025-09-13 14:44:34,3,15.0,in-store
STORE_005,SKU_006,2025-09-13 18:36:44,3,15.0,in-store
STORE_005,SKU_008,2025-09-13 14:51:52,1,9.99,online
STORE_005,SKU_009,2025-09-13 13:39:58,1,115.0,in-store
STORE_005,SKU_009,2025-09-13 18:09:13,1,115.0,in-store
STORE_005,SKU_009,2025-09-13 17:01:47,1,115.0,online
STORE_001,SKU_002,2025-09-14 16:07:47,6,24.5,in-store
STORE_001,SKU_004,2025-09-14 19:43:43,1,49.99,online
STORE_001,SKU_004,2025-09-14 16:46:48,1,49.99,in-store
STORE_001,SKU_007,2025-09-14 12:01:58,7,32.2,in-store
STORE_001,SKU_007,2025-09-14 18:03:14,7,32.2,online
STORE_001,SKU_008,2025-09-14 16:30:44,1,9.99,in-store
STORE_001,SKU_010,2025-09-14 12:13:59,4,18.5,in-store
STORE_001,SKU_010,2025-09-14 11:47:46,4,18.5,in-store
STORE_002,SKU_001,2025-09-14 08:51:55,2,12.99,online
STORE_002,SKU_001,2025-09-14 10:46:17,2,12.99,online
STORE_002,SKU_001,2025-09-14 19:26:54,2,12.99,online
STORE_002,SKU_004,2025-09-14 19:44:04,1,49.99,in-store
STORE_002,SKU_004,2025-09-14 21:06:20,1,49.99,in-store
STORE_002,SKU_004,2025-09-14 13:06:58,1,49.99,in-store
STORE_002,SKU_005,2025-09-14 17:57:42,2,8.75,online
STORE_003,SKU_002,2025-09-14 09:03:47,3,24.5,online
STORE_003,SKU_002,2025-09-14 11:22:31,3,24.5,in-store
STORE_003,SKU_004,2025-09-14 10:32:15,1,49.99,online
STORE_003,SKU_005,2025-09-14 15:18:32,2,8.75,in-store
STORE_003,SKU_005,2025-09-14 15:39:12,2,8.75,in-store
STORE_004,SKU_001,2025-09-14 11:53:32,3,12.99,online
STORE_004,SKU_008,2025-09-14 16:21:02,1,9.99,in-store
STORE_004,SKU_008,2025-09-14 13:02:33,1,9.99,in-store
STORE_004,SKU_008,2025-09-14 18:37:24,1,9.99,online
STORE_005,SKU_006,2025-09-14 09:26:09,4,15.0,in-store
STORE_005,SKU_006,2025-09-14 20:22:47,4,15.0,in-store
STORE_005,SKU_006,2025-09-14 15:19:29,4,15.0,in-store
STORE_005,SKU_007,2025-09-14 09:14:52,3,32.2,in-store
STORE_005,SKU_007,2025-09-14 12:58:22,3,32.2,in-store
STORE_005,SKU_008,2025-09-14 08:12:21,,9.99,online
STORE_005,SKU_008,2025-09-14 17:17:37,1,9.99,online
STORE_001,SKU_002,2025-09-15 17:23:00,2,24.5,online
STORE_001,SKU_002,2025-09-15 20:45:22,2,24.5,in-store
STORE_001,SKU_002,2025-09-15 10:54:15,2,24.5,online
STORE_001,SKU_010,2025-09-15 19:46:24,,18.5,online
STORE_001,SKU_010,2025-09-15 10:40:33,2,18.5,online
STORE_002,SKU_001,2025-09-15 16:30:20,1,12.99,in-store
STORE_002,SKU_001,2025-09-15 16:10:51,1,12.99,online
STORE_002,SKU_004,2025-09-15 13:10:50,1,49.99,in-store
STORE_002,SKU_004,2025-09-15 17:37:17,1,49.99,in-store
STORE_002,SKU_004,2025-09-15 21:54:55,1,49.99,online
STORE_002,SKU_005,2025-09-15 08:39:46,1,8.75,in-store
STORE_002,SKU_005,2025-09-15 12:10:05,1,8.75,in-store
STORE_002,SKU_007,2025-09-15 18:18:39,4,32.2,online
STORE_002,SKU_007,2025-09-15 17:26:52,4,32.2,online
STORE_002,SKU_010,2025-09-15 20:43:50,2,18.5,in-store
STORE_002,SKU_010,2025-09-15 18:45:42,2,18.5,in-store
STORE_003,SKU_002,2025-09-15 11:17:04,1,24.5,in-store
STORE_003,SKU_010,2025-09-15 20:26:46,2,18.5,in-store
STORE_004,SKU_005,2025-09-15 12:34:25,1,8.75,in-store
STORE_005,SKU_001,2025-09-15 17:53:26,2,12.99,online
STORE_005,SKU_001,2025-09-15 14:56:02,2,12.99,in-store
STORE_005,SKU_001,2025-09-15 21:30:04,2,12.99,in-store
STORE_001,SKU_004,2025-09-16 09:03:47,1,49.99,in-store
STORE_001,SKU_005,2025-09-16 21:45:21,1,8.75,in-store
STORE_001,SKU_007,2025-09-16 08:37:07,3,32.2,in-store
STORE_001,SKU_007,2025-09-16 18:08:06,3,32.2,in-store
STORE_002,SKU_002,2025-09-16 19:29:37,2,24.5,online
STORE_002,SKU_002,2025-09-16 08:12:42,2,24.5,in-store
STORE_002,SKU_003,2025-09-16 13:14:17,3,5.99,in-store
STORE_002,SKU_003,2025-09-16 21:17:47,3,5.99,online
STORE_002,SKU_008,2025-09-16 10:18:29,1,9.99,online
STORE_003,SKU_001,2025-09-16 17:58:09,2,12.99,in-store
STORE_003,SKU_001,2025-09-16 17:36:31,2,12.99,in-store
STORE_003,SKU_001,2025-09-16 13:00:27,2,12.99,online
STORE_004,SKU_009,2025-09-16 11:51:25,1,115.0,online
STORE_004,SKU_009,2025-09-16 13:46:13,1,115.0,online
STORE_004,SKU_010,2025-09-16 21:38:10,2,18.5,in-store
STORE_005,SKU_002,2025-09-16 19:16:11,1,24.5,in-store
STORE_001,SKU_002,2025-09-17 16:33:05,3,24.5,in-store
STORE_001,SKU_002,2025-09-17 18:38:08,3,24.5,online
STORE_001,SKU_004,2025-09-17 15:17:58,1,49.99,online
STORE_001,SKU_004,2025-09-17 08:26:04,1,49.99,in-store
STORE_001,SKU_004,2025-09-17 08:43:07,1,49.99,in-store
STORE_001,SKU_007,2025-09-17 14:48:13,4,32.2,in-store
STORE_001,SKU_007,2025-09-17 13:46:41,4,32.2,online
STORE_001,SKU_007,2025-09-17 16:03:41,4,32.2,in-store
STORE_004,SKU_005,2025-09-17 16:57:34,1,8.75,in-store
STORE_004,SKU_005,2025-09-17 10:07:05,1,8.75,online
STORE_004,SKU_005,2025-09-17 09:36:00,1,8.75,online
STORE_001,SKU_010,2025-09-18 19:06:41,3,18.5,in-store
STORE_002,SKU_001,2025-09-18 20:37:12,1,12.99,in-store
STORE_002,SKU_003,2025-09-18 20:22:33,3,5.99,online
STORE_002,SKU_005,2025-09-18 15:36:25,1,8.75,online
STORE_002,SKU_005,2025-09-18 14:53:30,1,8.75,online
STORE_002,SKU_005,2025-09-18 21:38:36,1,8.75,in-store
STORE_003,SKU_008,2025-09-18 19:18:05,1,9.99,in-store
STORE_004,SKU_009,2025-09-18 10:10:50,1,115.0,online
STORE_004,SKU_009,2025-09-18 20:13:21,1,115.0,online
STORE_005,SKU_007,2025-09-18 18:08:05,2,32.2,in-store
STORE_005,SKU_007,2025-09-18 08:11:35,2,32.2,in-store
STORE_001,SKU_002,2025-09-19 16:50:39,4,24.5,in-store
STORE_001,SKU_002,2025-09-19 10:33:23,4,24.5,in-store
STORE_001,SKU_002,2025-09-19 11:09:53,4,24.5,in-store
STORE_002,SKU_004,2025-09-19 14:17:43,1,49.99,online
STORE_002,SKU_007,2025-09-19 20:13:14,3,32.2,online
STORE_002,SKU_007,2025-09-19 21:10:42,3,32.2,in-store
STORE_002,SKU_007,2025-09-19 19:48:25,3,32.2,in-store
STORE_002,SKU_008,2025-09-19 10:36:09,1,9.99,in-store
STORE_002,SKU_008,2025-09-19 20:27:18,1,9.99,in-store
STORE_005,SKU_001,2025-09-19 21:54:52,1,12.99,online
STORE_005,SKU_001,2025-09-19 11:54:35,1,12.99,in-store
STORE_005,SKU_003,2025-09-19 16:28:02,3,5.99,online
STORE_005,SKU_003,2025-09-19 13:35:38,3,5.99,in-store
STORE_005,SKU_009,2025-09-19 09:34:43,1,115.0,online
STORE_005,SKU_009,2025-09-19 18:20:36,1,115.0,in-store
STORE_005,SKU_010,2025-09-19 19:12:12,3,18.5,online
STORE_001,SKU_001,2025-09-20 17:04:01,3,12.99,in-store
STORE_001,SKU_002,2025-09-20 16:17:32,6,24.5,online
STORE_001,SKU_002,2025-09-20 09:49:13,6,24.5,in-store
STORE_001,SKU_002,2025-09-20 21:37:16,6,24.5,in-store
STORE_001,SKU_003,2025-09-20 17:18:58,7,5.99,in-store
STORE_001,SKU_004,2025-09-20 14:23:03,1,49.99,online
STORE_001,SKU_004,2025-09-20 20:00:31,1,49.99,online
STORE_001,SKU_004,2025-09-20 21:21:00,1,49.99,online
STORE_001,SKU_010,2025-09-20 14:00:23,4,18.5,online
STORE_001,SKU_010,2025-09-20 14:51:08,4,18.5,in-store
STORE_001,SKU_010,2025-09-20 12:01:21,4,18.5,in-store
STORE_002,SKU_005,2025-09-20 12:37:41,2,8.75,in-store
STORE_002,SKU_005,2025-09-20 20:48:40,2,8.75,in-store
STORE_002,SKU_005,2025-09-20 21:11:40,2,8.75,in-store
STORE_002,SKU_006,2025-09-20 13:47:15,3,15.0,in-store
STORE_002,SKU_006,2025-09-20 15:55:00,3,15.0,in-store
STORE_003,SKU_001,2025-09-20 08:37:58,3,12.99,in-store
STORE_003,SKU_001,2025-09-20 14:08:30,3,12.99,in-store
STORE_003,SKU_001,2025-09-20 13:40:23,3,12.99,in-store
STORE_003,SKU_005,2025-09-20 15:00:10,3,8.75,in-store
STORE_004,SKU_001,2025-09-20 10:22:59,2,12.99,in-store
STORE_004,SKU_001,2025-09-20 14:41:07,2,12.99,online
STORE_004,SKU_001,2025-09-20 08:03:54,2,12.99,in-store
STORE_004,SKU_006,2025-09-20 20:56:20,4,15.0,online
STORE_004,SKU_006,2025-09-20 08:39:06,4,15.0,online
STORE_004,SKU_007,2025-09-20 18:26:05,4,32.2,in-store
STORE_004,SKU_007,2025-09-20 18:05:23,4,32.2,in-store
STORE_004,SKU_008,2025-09-20 16:05:13,1,9.99,in-store
STORE_001,SKU_004,2025-09-21 08:40:03,1,49.99,in-store
STORE_001,SKU_004,2025-09-21 17:18:22,1,49.99,in-store
STORE_001,SKU_007,2025-09-21 18:14:12,8,32.2,online
STORE_001,SKU_007,2025-09-21 17:02:06,8,32.2,in-store
STORE_001,SKU_007,2025-09-21 11:29:53,8,32.2,online
STORE_001,SKU_008,2025-09-21 15:58:21,1,9.99,online
STORE_001,SKU_008,2025-09-21 14:33:38,1,9.99,online
STORE_002,SKU_001,2025-09-21 09:18:57,2,12.99,online
STORE_002,SKU_001,2025-09-21 14:50:54,2,12.99,in-store
STORE_002,SKU_001,2025-09-21 13:38:42,2,12.99,online
STORE_002,SKU_002,2025-09-21 15:57:34,4,24.5,in-store
STORE_002,SKU_002,2025-09-21 16:38:26,4,24.5,online
STORE_002,SKU_002,2025-09-21 12:48:33,4,24.5,online
STORE_002,SKU_008,2025-09-21 13:24:44,1,9.99,in-store
STORE_002,SKU_008,2025-09-21 16:37:05,1,9.99,online
STORE_003,SKU_001,2025-09-21 12:31:05,1,12.99,online
STORE_003,SKU_001,2025-09-21 09:30:34,1,12.99,in-store
STORE_003,SKU_004,2025-09-21 17:10:22,1,49.99,in-store
STORE_003,SKU_004,2025-09-21 15:48:47,1,49.99,in-store
STORE_003,SKU_004,2025-09-21 13:17:07,1,49.99,in-store
STORE_003,SKU_006,2025-09-21 11:50:49,2,15.0,in-store
STORE_003,SKU_006,2025-09-21 15:07:09,2,15.0,online
STORE_003,SKU_006,2025-09-21 18:18:39,2,15.0,online
STORE_003,SKU_007,2025-09-21 17:55:08,4,32.2,in-store
STORE_003,SKU_007,2025-09-21 16:13:20,4,32.2,online
STORE_004,SKU_005,2025-09-21 08:22:50,2,8.75,in-store
STORE_004,SKU_005,2025-09-21 20:26:17,2,8.75,online
STORE_004,SKU_005,2025-09-21 18:36:29,2,8.75,in-store
STORE_004,SKU_007,2025-09-21 13:24:22,6,32.2,online
STORE_004,SKU_008,2025-09-21 08:42:18,1,9.99,online
STORE_004,SKU_009,2025-09-21 21:11:09,2,115.0,in-store
STORE_004,SKU_009,2025-09-21 18:08:09,2,115.0,online
STORE_005,SKU_005,2025-09-21 10:43:23,1,8.75,online
STORE_005,SKU_005,2025-09-21 17:45:59,1,8.75,online
STORE_005,SKU_008,2025-09-21 10:12:36,1,9.99,in-store
STORE_001,SKU_002,2025-09-22 12:49:49,3,24.5,online
STORE_001,SKU_002,2025-09-22 13:04:07,3,24.5,online
STORE_001,SKU_004,2025-09-22 08:28:07,1,49.99,online
STORE_001,SKU_004,2025-09-22 09:43:26,1,49.99,in-store
STORE_001,SKU_004,2025-09-22 09:12:27,1,49.99,in-store
STORE_002,SKU_002,2025-09-22 21:31:10,2,24.5,in-store
STORE_002,SKU_002,2025-09-22 15:37:05,2,24.5,online
STORE_002,SKU_003,2025-09-22 16:48:42,2,5.99,online
STORE_002,SKU_003,2025-09-22 18:45:20,2,5.99,online
STORE_002,SKU_003,2025-09-22 08:27:59,2,5.99,online
STORE_002,SKU_008,2025-09-22 16:43:06,1,9.99,online
STORE_002,SKU_008,2025-09-22 15:51:50,1,9.99,online
STORE_002,SKU_008,2025-09-22 11:37:51,1,9.99,online
STORE_003,SKU_003,2025-09-22 18:28:07,2,5.99,in-store
STORE_003,SKU_003,2025-09-22 18:18:54,2,5.99,in-store
STORE_003,SKU_003,2025-09-22 09:40:32,2,5.99,in-store
STORE_003,SKU_006,2025-09-22 18:55:54,2,15.0,online
STORE_003,SKU_008,2025-09-22 11:00:06,1,9.99,online
STORE_003,SKU_010,2025-09-22 14:12:37,2,18.5,online
STORE_003,SKU_010,2025-09-22 19:15:49,2,18.5,in-store
STORE_004,SKU_010,2025-09-22 18:28:24,2,18.5,in-store
STORE_005,SKU_002,2025-09-22 17:02:46,2,24.5,in-store
STORE_005,SKU_003,2025-09-22 10:07:25,3,5.99,in-store
STORE_005,SKU_006,2025-09-22 10:05:38,1,15.0,in-store
STORE_005,SKU_008,2025-09-22 17:43:25,1,9.99,in-store
STORE_005,SKU_008,2025-09-22 13:05:49,1,9.99,online
STORE_005,SKU_008,2025-09-22 10:23:49,1,9.99,in-store
STORE_005,SKU_010,2025-09-22 20:25:44,1,18.5,in-store
STORE_005,SKU_010,2025-09-22 13:55:12,1,18.5,in-store
STORE_005,SKU_010,2025-09-22 13:21:37,1,18.5,online
STORE_001,SKU_001,2025-09-23 20:39:51,1,12.99,in-store
STORE_001,SKU_002,2025-09-23 11:54:15,3,24.5,online
STORE_001,SKU_002,2025-09-23 11:02:57,3,24.5,in-store
STORE_001,SKU_007,2025-09-23 11:04:15,5,32.2,in-store
STORE_001,SKU_007,2025-09-23 18:56:14,5,32.2,in-store
STORE_001,SKU_007,2025-09-23 09:39:34,5,32.2,in-store
STORE_002,SKU_001,2025-09-23 12:15:41,1,12.99,in-store
STORE_002,SKU_006,2025-09-23 14:20:38,2,15.0,in-store
STORE_003,SKU_004,2025-09-23 14:57:58,1,49.99,in-store
STORE_003,SKU_004,2025-09-23 19:50:20,1,49.99,online
STORE_003,SKU_007,2025-09-23 09:54:13,2,32.2,online
STORE_003,SKU_007,2025-09-23 09:48:08,2,32.2,in-store
STORE_003,SKU_007,2025-09-23 17:23:35,2,32.2,in-store
STORE_003,SKU_008,2025-09-23 17:23:12,1,9.99,online
STORE_003,SKU_008,2025-09-23 21:31:25,1,9.99,online
STORE_003,SKU_008,2025-09-23 14:33:38,1,9.99,in-store
STORE_004,SKU_002,2025-09-23 13:25:13,1,24.5,online
STORE_004,SKU_002,2025-09-23 17:38:20,1,24.5,online
STORE_004,SKU_002,2025-09-23 12:10:46,1,24.5,online
STORE_004,SKU_005,2025-09-23 20:33:15,1,8.75,in-store
STORE_005,SKU_001,2025-09-23 10:01:36,1,12.99,online
STORE_005,SKU_001,2025-09-23 20:16:44,1,12.99,in-store
STORE_005,SKU_001,2025-09-23 11:09:52,1,12.99,online
STORE_005,SKU_004,2025-09-23 14:58:17,1,49.99,in-store
STORE_005,SKU_004,2025-09-23 14:49:44,1,49.99,online
STORE_005,SKU_004,2025-09-23 08:57:01,1,49.99,in-store
STORE_005,SKU_007,2025-09-23 13:59:27,4,32.2,online
STORE_001,SKU_005,2025-09-24 18:26:00,1,8.75,online
STORE_001,SKU_008,2025-09-24 19:06:46,1,9.99,online
STORE_003,SKU_004,2025-09-24 11:08:30,1,49.99,online
STORE_003,SKU_008,2025-09-24 09:08:23,1,9.99,in-store
STORE_004,SKU_004,2025-09-24 10:47:13,1,49.99,in-store
STORE_004,SKU_004,2025-09-24 16:59:03,1,49.99,online
STORE_004,SKU_005,2025-09-24 12:53:07,1,8.75,online
STORE_004,SKU_005,2025-09-24 13:35:41,1,8.75,in-store
STORE_004,SKU_005,2025-09-24 13:30:35,1,8.75,online
STORE_004,SKU_006,2025-09-24 18:06:02,2,15.0,online
STORE_004,SKU_006,2025-09-24 12:05:09,2,15.0,in-store
STORE_005,SKU_002,2025-09-24 12:19:47,2,24.5,online
STORE_005,SKU_002,2025-09-24 21:36:22,2,24.5,in-store
STORE_005,SKU_003,2025-09-24 15:58:13,2,5.99,online
STORE_005,SKU_006,2025-09-24 12:21:39,2,15.0,in-store
STORE_005,SKU_006,2025-09-24 10:48:24,2,15.0,online
STORE_005,SKU_008,2025-09-24 15:10:05,1,9.99,online
STORE_005,SKU_008,2025-09-24 17:55:27,1,9.99,online
STORE_005,SKU_008,2025-09-24 09:21:46,1,9.99,online
STORE_001,SKU_006,2025-09-25 21:06:15,3,15.0,online
STORE_001,SKU_006,2025-09-25 11:06:57,3,15.0,in-store
STORE_001,SKU_006,2025-09-25 09:41:48,3,15.0,online
STORE_002,SKU_001,2025-09-25 21:15:22,2,12.99,in-store
STORE_002,SKU_001,2025-09-25 21:30:44,2,12.99,in-store
STORE_002,SKU_005,2025-09-25 14:01:51,1,8.75,online
STORE_002,SKU_005,2025-09-25 14:11:27,1,8.75,in-store
STORE_002,SKU_010,2025-09-25 11:52:21,2,18.5,in-store
STORE_003,SKU_002,2025-09-25 10:11:40,1,24.5,online
STORE_003,SKU_002,2025-09-25 17:48:31,1,24.5,in-store
STORE_003,SKU_002,2025-09-25 08:19:59,1,24.5,online
STORE_003,SKU_005,2025-09-25 15:39:59,1,8.75,in-store
STORE_005,SKU_009,2025-09-25 15:46:44,1,115.0,online
STORE_005,SKU_009,2025-09-25 21:07:31,1,115.0,online
STORE_001,SKU_005,2025-09-26 11:38:30,2,8.75,in-store
STORE_001,SKU_005,2025-09-26 10:41:12,2,8.75,online
STORE_001,SKU_008,2025-09-26 20:36:16,1,9.99,online
STORE_001,SKU_008,2025-09-26 18:56:05,1,9.99,in-store
STORE_001,SKU_009,2025-09-26 21:32:56,2,115.0,in-store
STORE_001,SKU_009,2025-09-26 15:29:35,2,115.0,online
STORE_001,SKU_009,2025-09-26 13:32:40,2,115.0,in-store
STORE_002,SKU_003,2025-09-26 16:27:41,4,5.99,in-store
STORE_002,SKU_007,2025-09-26 19:31:15,2,32.2,in-store
STORE_002,SKU_007,2025-09-26 20:31:07,2,32.2,online
STORE_002,SKU_008,2025-09-26 20:51:49,1,9.99,online
STORE_003,SKU_002,2025-09-26 19:37:58,3,24.5,in-store
STORE_003,SKU_002,2025-09-26 17:16:14,3,24.5,in-store
STORE_003,SKU_010,2025-09-26 09:03:54,2,,in-store
STORE_003,SKU_010,2025-09-26 19:36:03,2,18.5,online
STORE_003,SKU_010,2025-09-26 14:15:58,2,18.5,online
STORE_004,SKU_001,2025-09-26 11:18:19,1,12.99,in-store
STORE_004,SKU_002,2025-09-26 14:43:46,2,24.5,in-store
STORE_004,SKU_006,2025-09-26 20:24:05,2,15.0,in-store
STORE_004,SKU_006,2025-09-26 10:06:15,2,15.0,in-store
STORE_004,SKU_006,2025-09-26 20:19:38,2,,in-store
STORE_001,SKU_004,2025-09-27 12:14:16,1,49.99,in-store
STORE_001,SKU_005,2025-09-27 11:01:19,3,8.75,online
STORE_001,SKU_005,2025-09-27 16:15:15,3,8.75,in-store
STORE_001,SKU_005,2025-09-27 09:19:30,3,8.75,in-store
STORE_001,SKU_006,2025-09-27 11:29:03,4,15.0,in-store
STORE_001,SKU_006,2025-09-27 14:44:25,4,15.0,online
STORE_001,SKU_006,2025-09-27 15:19:02,4,15.0,online
STORE_001,SKU_007,2025-09-27 21:30:21,7,32.2,online
STORE_001,SKU_008,2025-09-27 08:40:13,2,9.99,in-store
STORE_001,SKU_008,2025-09-27 09:04:49,2,9.99,in-store
STORE_001,SKU_008,2025-09-27 08:54:35,2,9.99,in-store
STORE_002,SKU_001,2025-09-27 16:20:21,1,12.99,online
STORE_002,SKU_001,2025-09-27 13:40:16,1,12.99,online
STORE_002,SKU_002,2025-09-27 09:46:06,3,24.5,in-store
STORE_002,SKU_002,2025-09-27 09:43:40,3,24.5,in-store
STORE_002,SKU_002,2025-09-27 08:17:09,3,24.5,online
STORE_002,SKU_005,2025-09-27 16:39:23,2,8.75,in-store
STORE_002,SKU_005,2025-09-27 11:41:40,2,8.75,in-store
STORE_002,SKU_005,2025-09-27 11:30:23,2,8.75,online
STORE_002,SKU_008,2025-09-27 08:39:59,1,9.99,online
STORE_003,SKU_003,2025-09-27 17:55:23,4,5.99,in-store
STORE_003,SKU_003,2025-09-27 15:36:07,4,5.99,online
STORE_003,SKU_003,2025-09-27 19:35:23,4,5.99,online
STORE_003,SKU_005,2025-09-27 18:50:13,1,8.75,in-store
STORE_003,SKU_008,2025-09-27 09:16:50,1,9.99,online
STORE_003,SKU_008,2025-09-27 13:59:04,1,9.99,in-store
STORE_003,SKU_009,2025-09-27 18:13:08,1,115.0,online
STORE_003,SKU_009,2025-09-27 20:49:16,1,115.0,online
STORE_003,SKU_010,2025-09-27 10:17:18,4,18.5,online
STORE_003,SKU_010,2025-09-27 16:33:02,4,18.5,in-store
STORE_003,SKU_010,2025-09-27 17:36:06,4,18.5,in-store
STORE_004,SKU_004,2025-09-27 09:07:38,1,49.99,online
STORE_004,SKU_004,2025-09-27 10:36:06,1,49.99,in-store
STORE_004,SKU_004,2025-09-27 20:12:46,1,49.99,online
STORE_004,SKU_009,2025-09-27 19:21:06,1,115.0,in-store
STORE_004,SKU_009,2025-09-27 18:23:23,1,115.0,in-store
STORE_004,SKU_010,2025-09-27 14:04:51,4,18.5,in-store
STORE_004,SKU_010,2025-09-27 12:36:53,4,18.5,online
STORE_004,SKU_010,2025-09-27 19:59:59,4,18.5,online
STORE_005,SKU_005,2025-09-27 20:27:44,2,8.75,online
STORE_001,SKU_002,2025-09-28 09:52:51,6,24.5,online
STORE_001,SKU_002,2025-09-28 19:00:57,6,24.5,online
STORE_001,SKU_002,2025-09-28 18:04:04,6,24.5,online
STORE_001,SKU_005,2025-09-28 12:10:33,2,8.75,online
STORE_001,SKU_006,2025-09-28 08:10:51,3,15.0,in-store
STORE_001,SKU_006,2025-09-28 16:03:36,3,15.0,online
STORE_001,SKU_006,2025-09-28 20:37:31,3,15.0,online
STORE_002,SKU_004,2025-09-28 12:37:08,1,49.99,online
STORE_002,SKU_004,2025-09-28 13:43:55,1,49.99,online
STORE_002,SKU_004,2025-09-28 19:16:09,1,49.99,in-store
STORE_002,SKU_008,2025-09-28 09:39:11,1,9.99,online
STORE_002,SKU_008,2025-09-28 21:52:42,1,9.99,in-store
STORE_002,SKU_008,2025-09-28 16:27:09,1,9.99,online
STORE_003,SKU_001,2025-09-28 17:20:22,3,12.99,online
STORE_003,SKU_003,2025-09-28 17:17:07,5,5.99,online
STORE_003,SKU_003,2025-09-28 08:40:33,5,5.99,online
STORE_003,SKU_003,2025-09-28 18:59:40,5,5.99,online
STORE_003,SKU_007,2025-09-28 19:12:20,4,32.2,online
STORE_003,SKU_007,2025-09-28 12:30:21,4,32.2,in-store
STORE_003,SKU_007,2025-09-28 19:21:12,4,32.2,in-store
STORE_003,SKU_008,2025-09-28 08:31:07,1,9.99,online
STORE_003,SKU_008,2025-09-28 20:56:07,1,9.99,online
STORE_004,SKU_004,2025-09-28 12:46:43,1,49.99,online
STORE_004,SKU_004,2025-09-28 21:57:29,1,49.99,online
STORE_005,SKU_002,2025-09-28 13:45:15,4,24.5,online
STORE_005,SKU_002,2025-09-28 18:16:01,4,24.5,online
STORE_005,SKU_002,2025-09-28 14:59:50,4,24.5,in-store
STORE_005,SKU_005,2025-09-28 18:44:39,2,8.75,online
STORE_001,SKU_002,2025-09-29 12:50:39,3,24.5,online
STORE_001,SKU_002,2025-09-29 15:53:07,3,24.5,online
STORE_001,SKU_002,2025-09-29 15:40:29,3,24.5,online
STORE_001,SKU_004,2025-09-29 18:11:03,1,49.99,online
STORE_001,SKU_004,2025-09-29 20:35:45,1,49.99,online
STORE_001,SKU_004,2025-09-29 13:50:28,1,49.99,in-store
STORE_001,SKU_005,2025-09-29 19:00:41,2,8.75,online
STORE_001,SKU_005,2025-09-29 17:41:35,2,8.75,in-store
STORE_001,SKU_005,2025-09-29 15:55:00,2,8.75,online
STORE_002,SKU_001,2025-09-29 10:23:36,1,12.99,in-store
STORE_002,SKU_002,2025-09-29 20:01:01,2,,online
STORE_002,SKU_002,2025-09-29 13:14:00,2,24.5,online
STORE_002,SKU_008,2025-09-29 11:17:28,1,9.99,online
STORE_002,SKU_008,2025-09-29 10:30:28,1,9.99,in-store
STORE_003,SKU_002,2025-09-29 13:00:20,2,24.5,in-store
STORE_003,SKU_002,2025-09-29 16:06:57,2,24.5,online
STORE_004,SKU_002,2025-09-29 16:27:34,2,24.5,in-store
STORE_004,SKU_002,2025-09-29 16:04:42,2,24.5,online
STORE_004,SKU_007,2025-09-29 15:54:30,4,32.2,online
STORE_005,SKU_005,2025-09-29 17:02:42,1,8.75,in-store
STORE_005,SKU_005,2025-09-29 08:40:39,1,8.75,online
STORE_005,SKU_005,2025-09-29 12:41:16,1,8.75,online
STORE_005,SKU_006,2025-09-29 16:46:37,1,15.0,online
STORE_005,SKU_006,2025-09-29 15:17:51,1,15.0,in-store
STORE_001,SKU_002,2025-09-30 17:46:41,2,24.5,in-store
STORE_001,SKU_002,2025-09-30 13:25:51,2,24.5,online
STORE_001,SKU_008,2025-09-30 18:12:10,,9.99,in-store
STORE_001,SKU_008,2025-09-30 10:19:33,1,9.99,in-store
STORE_001,SKU_008,2025-09-30 15:53:22,1,9.99,online
STORE_002,SKU_001,2025-09-30 17:27:44,1,12.99,online
STORE_002,SKU_001,2025-09-30 11:58:08,1,12.99,online
STORE_002,SKU_001,2025-09-30 15:24:41,1,12.99,online
STORE_002,SKU_009,2025-09-30 13:59:50,1,115.0,in-store
STORE_002,SKU_009,2025-09-30 14:38:59,1,115.0,in-store
STORE_002,SKU_009,2025-09-30 20:40:00,1,115.0,in-store
STORE_002,SKU_010,2025-09-30 20:42:01,1,18.5,online
STORE_002,SKU_010,2025-09-30 18:11:24,1,18.5,in-store
STORE_003,SKU_010,2025-09-30 18:49:45,1,18.5,in-store
STORE_004,SKU_003,2025-09-30 21:58:09,3,5.99,in-store
STORE_004,SKU_003,2025-09-30 16:21:16,3,5.99,online
STORE_004,SKU_003,2025-09-30 13:25:04,3,5.99,online
STORE_005,SKU_006,2025-09-30 20:24:05,2,15.0,online
STORE_005,SKU_010,2025-09-30 14:57:53,2,18.5,online
STORE_005,SKU_010,2025-09-30 19:13:37,2,18.5,in-store
STORE_005,SKU_010,2025-09-30 09:07:12,2,,in-store
STORE_001,SKU_002,2025-10-01 13:02:35,3,24.5,online
STORE_001,SKU_002,2025-10-01 08:10:29,3,24.5,in-store
STORE_001,SKU_006,2025-10-01 21:03:06,3,15.0,online
STORE_002,SKU_002,2025-10-01 14:42:05,2,24.5,in-store
STORE_002,SKU_002,2025-10-01 21:15:41,2,24.5,online
STORE_002,SKU_004,2025-10-01 14:02:33,1,49.99,online
STORE_003,SKU_004,2025-10-01 13:35:57,1,49.99,online
STORE_003,SKU_004,2025-10-01 17:51:52,1,49.99,in-store
STORE_003,SKU_010,2025-10-01 09:46:33,2,18.5,online
STORE_004,SKU_002,2025-10-01 19:48:49,3,24.5,online
STORE_004,SKU_002,2025-10-01 18:08:16,3,24.5,online
STORE_004,SKU_002,2025-10-01 15:19:54,3,24.5,in-store
STORE_004,SKU_007,2025-10-01 11:29:58,3,32.2,in-store
STORE_004,SKU_007,2025-10-01 14:21:56,3,32.2,in-store
STORE_004,SKU_008,2025-10-01 12:48:35,1,9.99,online
STORE_004,SKU_008,2025-10-01 10:18:15,1,9.99,online
STORE_004,SKU_010,2025-10-01 12:27:48,1,18.5,online
STORE_005,SKU_005,2025-10-01 11:13:53,1,8.75,in-store
STORE_005,SKU_005,2025-10-01 14:32:00,1,8.75,online
STORE_005,SKU_005,2025-10-01 16:27:41,1,8.75,in-store
STORE_001,SKU_002,2025-10-02 19:32:38,3,24.5,in-store
STORE_001,SKU_005,2025-10-02 17:06:10,2,8.75,online
STORE_001,SKU_005,2025-10-02 14:55:50,2,8.75,in-store
STORE_001,SKU_005,2025-10-02 12:06:49,2,8.75,online
STORE_001,SKU_008,2025-10-02 16:41:32,1,9.99,online
STORE_002,SKU_004,2025-10-02 13:18:46,1,49.99,online
STORE_002,SKU_004,2025-10-02 18:27:37,1,49.99,in-store
STORE_004,SKU_002,2025-10-02 12:34:01,3,24.5,online
STORE_004,SKU_002,2025-10-02 19:56:39,3,24.5,online
STORE_004,SKU_002,2025-10-02 19:19:49,3,24.5,online
STORE_004,SKU_005,2025-10-02 20:59:20,1,8.75,in-store
STORE_004,SKU_005,2025-10-02 14:55:51,1,8.75,online
STORE_004,SKU_005,2025-10-02 19:02:09,1,8.75,in-store
STORE_004,SKU_008,2025-10-02 08:38:21,1,9.99,in-store
STORE_004,SKU_008,2025-10-02 14:39:33,1,9.99,in-store
STORE_004,SKU_008,2025-10-02 17:21:50,1,9.99,in-store
STORE_004,SKU_009,2025-10-02 15:25:47,1,115.0,online
STORE_004,SKU_009,2025-10-02 08:47:16,1,115.0,in-store
STORE_004,SKU_009,2025-10-02 12:31:53,1,115.0,online
STORE_005,SKU_002,2025-10-02 21:39:11,1,24.5,in-store
STORE_005,SKU_002,2025-10-02 15:21:16,1,24.5,in-store
STORE_005,SKU_002,2025-10-02 09:36:45,1,24.5,in-store
STORE_005,SKU_008,2025-10-02 09:19:59,1,9.99,in-store
STORE_001,SKU_004,2025-10-03 21:35:54,1,49.99,online
STORE_001,SKU_004,2025-10-03 15:39:38,1,49.99,in-store
STORE_001,SKU_010,2025-10-03 08:03:02,3,18.5,in-store
STORE_001,SKU_010,2025-10-03 21:24:13,3,18.5,online
STORE_001,SKU_010,2025-10-03 14:37:10,3,18.5,in-store
STORE_002,SKU_001,2025-10-03 17:57:25,1,12.99,in-store
STORE_002,SKU_001,2025-10-03 11:16:22,1,12.99,in-store
STORE_002,SKU_001,2025-10-03 18:39:17,1,12.99,in-store
STORE_002,SKU_003,2025-10-03 20:02:01,3,5.99,online
STORE_002,SKU_003,2025-10-03 20:45:48,3,5.99,in-store
STORE_002,SKU_003,2025-10-03 17:17:33,3,5.99,in-store
STORE_002,SKU_007,2025-10-03 10:19:10,3,32.2,online
STORE_002,SKU_010,2025-10-03 14:23:06,2,18.5,online
STORE_002,SKU_010,2025-10-03 10:29:50,2,18.5,in-store
STORE_003,SKU_008,2025-10-03 19:12:44,1,9.99,online
STORE_003,SKU_008,2025-10-03 18:25:36,1,9.99,online
STORE_004,SKU_002,2025-10-03 20:09:05,1,24.5,online
STORE_004,SKU_002,2025-10-03 16:17:20,1,24.5,in-store
STORE_001,SKU_003,2025-10-04 08:58:54,7,5.99,in-store
STORE_001,SKU_004,2025-10-04 19:30:42,1,49.99,in-store
STORE_001,SKU_004,2025-10-04 18:41:38,1,49.99,in-store
STORE_001,SKU_006,2025-10-04 11:03:00,6,15.0,online
STORE_001,SKU_008,2025-10-04 18:30:53,1,9.99,in-store
STORE_002,SKU_008,2025-10-04 08:45:23,1,9.99,online
STORE_002,SKU_008,2025-10-04 08:07:16,1,9.99,in-store
STORE_002,SKU_008,2025-10-04 17:43:16,1,9.99,online
STORE_003,SKU_001,2025-10-04 12:02:02,2,12.99,in-store
STORE_003,SKU_001,2025-10-04 17:54:25,2,12.99,online
STORE_003,SKU_005,2025-10-04 13:34:08,2,8.75,online
STORE_003,SKU_005,2025-10-04 09:09:32,2,8.75,online
STORE_003,SKU_005,2025-10-04 21:27:34,2,8.75,in-store
STORE_003,SKU_008,2025-10-04 10:39:55,1,9.99,online
STORE_003,SKU_008,2025-10-04 17:11:15,1,9.99,in-store
STORE_003,SKU_008,2025-10-04 19:37:08,1,9.99,online
STORE_004,SKU_004,2025-10-04 10:55:43,1,49.99,online
STORE_004,SKU_005,2025-10-04 11:10:47,2,8.75,in-store
STORE_005,SKU_002,2025-10-04 11:36:00,2,24.5,in-store
STORE_005,SKU_004,2025-10-04 15:23:05,1,49.99,online
STORE_005,SKU_004,2025-10-04 17:01:52,1,49.99,in-store
STORE_005,SKU_004,2025-10-04 16:48:33,1,49.99,in-store
STORE_005,SKU_005,2025-10-04 20:42:57,3,8.75,in-store
STORE_005,SKU_005,2025-10-04 17:30:22,3,8.75,in-store
STORE_005,SKU_005,2025-10-04 12:55:16,3,8.75,online
STORE_001,SKU_001,2025-10-05 17:45:42,4,12.99,in-store
STORE_001,SKU_007,2025-10-05 12:41:49,6,32.2,online
STORE_001,SKU_007,2025-10-05 19:12:56,6,32.2,online
STORE_001,SKU_008,2025-10-05 15:45:42,1,9.99,in-store
STORE_001,SKU_008,2025-10-05 21:41:05,1,9.99,online
STORE_001,SKU_008,2025-10-05 11:26:13,1,9.99,online
STORE_001,SKU_010,2025-10-05 08:00:31,5,18.5,in-store
STORE_002,SKU_008,2025-10-05 21:15:39,1,9.99,online
STORE_002,SKU_008,2025-10-05 12:39:13,1,9.99,in-store
STORE_003,SKU_006,2025-10-05 21:58:32,2,15.0,in-store
STORE_003,SKU_006,2025-10-05 15:27:50,2,15.0,in-store
STORE_003,SKU_006,2025-10-05 17:10:13,2,15.0,online
STORE_003,SKU_007,2025-10-05 14:28:04,3,32.2,online
STORE_004,SKU_002,2025-10-05 18:12:24,3,24.5,in-store
STORE_004,SKU_003,2025-10-05 21:02:24,4,5.99,online
STORE_004,SKU_005,2025-10-05 14:47:10,2,8.75,in-store
STORE_004,SKU_005,2025-10-05 15:50:09,2,8.75,online
STORE_004,SKU_005,2025-10-05 15:15:33,2,8.75,in-store
STORE_004,SKU_007,2025-10-05 16:29:59,5,32.2,online
STORE_004,SKU_007,2025-10-05 13:51:00,5,32.2,online
STORE_005,SKU_001,2025-10-05 16:43:37,1,12.99,online
STORE_005,SKU_001,2025-10-05 09:55:36,1,12.99,online
STORE_005,SKU_001,2025-10-05 13:41:35,1,12.99,in-store
STORE_005,SKU_002,2025-10-05 21:29:48,4,24.5,online
STORE_005,SKU_002,2025-10-05 13:36:04,4,24.5,in-store
STORE_005,SKU_005,2025-10-05 09:46:04,2,8.75,online
STORE_005,SKU_005,2025-10-05 18:43:52,2,8.75,online
STORE_005,SKU_007,2025-10-05 11:50:44,4,32.2,in-store
STORE_005,SKU_007,2025-10-05 17:21:26,4,32.2,in-store
STORE_001,SKU_001,2025-10-06 18:54:46,2,12.99,in-store
STORE_001,SKU_001,2025-10-06 10:03:07,2,12.99,online
STORE_001,SKU_001,2025-10-06 09:43:46,2,12.99,in-store
STORE_001,SKU_002,2025-10-06 11:32:51,3,24.5,online
STORE_001,SKU_002,2025-10-06 13:00:43,3,24.5,in-store
STORE_001,SKU_002,2025-10-06 19:37:34,3,24.5,in-store
STORE_001,SKU_005,2025-10-06 20:24:36,2,8.75,in-store
STORE_001,SKU_008,2025-10-06 15:49:49,1,9.99,online
STORE_001,SKU_008,2025-10-06 10:46:43,1,9.99,online
STORE_002,SKU_002,2025-10-06 10:46:42,2,24.5,online
STORE_002,SKU_002,2025-10-06 21:12:14,2,24.5,in-store
STORE_002,SKU_002,2025-10-06 21:26:37,2,24.5,online
STORE_003,SKU_007,2025-10-06 15:57:24,3,32.2,in-store
STORE_003,SKU_007,2025-10-06 14:37:22,3,,online
STORE_003,SKU_007,2025-10-06 12:17:21,3,32.2,in-store
STORE_003,SKU_009,2025-10-06 21:48:51,2,115.0,in-store
STORE_004,SKU_002,2025-10-06 18:31:47,2,24.5,online
STORE_004,SKU_002,2025-10-06 19:25:37,2,24.5,in-store
STORE_004,SKU_002,2025-10-06 09:51:34,2,24.5,in-store
STORE_004,SKU_004,2025-10-06 14:22:49,1,49.99,online
STORE_004,SKU_008,2025-10-06 16:55:33,1,9.99,online
STORE_004,SKU_008,2025-10-06 15:45:37,1,9.99,in-store
STORE_005,SKU_002,2025-10-06 10:17:56,1,24.5,in-store
STORE_005,SKU_002,2025-10-06 15:11:03,1,24.5,in-store
STORE_005,SKU_002,2025-10-06 13:13:44,1,24.5,in-store
STORE_005,SKU_006,2025-10-06 20:39:17,1,15.0,in-store
STORE_001,SKU_004,2025-10-07 14:33:42,1,49.99,in-store
STORE_002,SKU_007,2025-10-07 12:02:21,3,32.2,in-store
STORE_002,SKU_007,2025-10-07 18:49:10,3,32.2,in-store
STORE_002,SKU_007,2025-10-07 19:04:23,3,32.2,online
STORE_003,SKU_002,2025-10-07 16:53:03,2,24.5,online
STORE_003,SKU_002,2025-10-07 10:51:33,2,24.5,in-store
STORE_003,SKU_002,2025-10-07 19:30:14,2,24.5,online
STORE_004,SKU_004,2025-10-07 20:20:34,1,49.99,online
STORE_004,SKU_005,2025-10-07 16:53:30,1,8.75,in-store
STORE_004,SKU_005,2025-10-07 16:34:10,1,8.75,online
STORE_005,SKU_001,2025-10-07 16:21:18,,12.99,in-store
STORE_005,SKU_008,2025-10-07 15:08:23,1,9.99,in-store
STORE_001,SKU_007,2025-10-08 17:59:00,4,32.2,online
STORE_001,SKU_008,2025-10-08 10:13:10,1,9.99,in-store
STORE_001,SKU_009,2025-10-08 18:51:48,1,115.0,in-store
STORE_001,SKU_009,2025-10-08 18:56:41,1,115.0,in-store
STORE_002,SKU_010,2025-10-08 18:15:17,2,18.5,in-store
STORE_004,SKU_007,2025-10-08 09:22:48,4,32.2,in-store
STORE_004,SKU_010,2025-10-08 14:37:23,3,18.5,in-store
STORE_001,SKU_005,2025-10-09 13:19:30,2,8.75,in-store
STORE_001,SKU_007,2025-10-09 13:34:56,3,32.2,online
STORE_001,SKU_007,2025-10-09 11:00:46,3,32.2,online
STORE_002,SKU_004,2025-10-09 09:05:45,1,49.99,online
STORE_002,SKU_004,2025-10-09 09:40:10,1,49.99,in-store
STORE_002,SKU_004,2025-10-09 20:52:29,1,49.99,online
STORE_003,SKU_001,2025-10-09 20:22:19,1,12.99,in-store
STORE_003,SKU_002,2025-10-09 16:57:05,2,24.5,online
STORE_005,SKU_008,2025-10-09 13:33:33,1,9.99,in-store
STORE_005,SKU_008,2025-10-09 16:59:00,1,9.99,in-store
STORE_001,SKU_005,2025-10-10 12:56:18,2,8.75,online
STORE_002,SKU_008,2025-10-10 16:41:53,1,9.99,online
STORE_003,SKU_002,2025-10-10 15:57:04,2,24.5,in-store
STORE_003,SKU_002,2025-10-10 15:59:06,2,24.5,online
STORE_003,SKU_002,2025-10-10 13:46:20,2,24.5,in-store
STORE_003,SKU_006,2025-10-10 10:31:59,2,15.0,in-store
STORE_003,SKU_006,2025-10-10 14:05:53,2,15.0,in-store
STORE_003,SKU_006,2025-10-10 21:02:56,2,15.0,in-store
STORE_003,SKU_009,2025-10-10 12:23:07,1,115.0,in-store
STORE_003,SKU_009,2025-10-10 21:31:38,1,115.0,online
STORE_004,SKU_010,2025-10-10 19:43:07,2,18.5,online
STORE_004,SKU_010,2025-10-10 16:23:39,2,18.5,in-store
STORE_004,SKU_010,2025-10-10 08:07:52,2,18.5,online
STORE_005,SKU_001,2025-10-10 18:10:17,1,12.99,online
STORE_005,SKU_001,2025-10-10 15:13:16,1,12.99,online
STORE_005,SKU_001,2025-10-10 12:22:26,1,12.99,online
STORE_005,SKU_006,2025-10-10 08:46:34,1,15.0,in-store
STORE_005,SKU_006,2025-10-10 12:20:29,1,15.0,in-store
STORE_005,SKU_006,2025-10-10 13:12:54,1,15.0,online
STORE_005,SKU_009,2025-10-10 16:14:48,1,115.0,in-store
STORE_005,SKU_009,2025-10-10 21:00:53,1,115.0,in-store
STORE_001,SKU_001,2025-10-11 15:46:29,2,12.99,in-store
STORE_001,SKU_002,2025-10-11 19:49:15,5,24.5,in-store
STORE_001,SKU_005,2025-10-11 14:34:37,4,8.75,online
STORE_001,SKU_005,2025-10-11 20:44:26,4,8.75,online
STORE_001,SKU_005,2025-10-11 14:37:10,4,8.75,in-store
STORE_001,SKU_008,2025-10-11 15:51:00,2,9.99,in-store
STORE_001,SKU_008,2025-10-11 15:56:29,2,9.99,in-store
STORE_002,SKU_003,2025-10-11 08:56:21,3,5.99,in-store
STORE_002,SKU_003,2025-10-11 19:26:29,3,5.99,in-store
STORE_002,SKU_003,2025-10-11 18:31:55,3,5.99,in-store
STORE_002,SKU_008,2025-10-11 12:55:37,1,9.99,online
STORE_002,SKU_009,2025-10-11 13:08:31,2,115.0,online
STORE_002,SKU_009,2025-10-11 11:44:41,2,115.0,online
STORE_002,SKU_009,2025-10-11 13:20:08,2,115.0,online
STORE_002,SKU_010,2025-10-11 12:54:01,4,,online
STORE_002,SKU_010,2025-10-11 13:30:43,4,18.5,online
STORE_002,SKU_010,2025-10-11 16:15:58,4,18.5,online
STORE_003,SKU_002,2025-10-11 11:36:27,3,24.5,in-store
STORE_003,SKU_002,2025-10-11 11:24:53,3,24.5,online
STORE_003,SKU_003,2025-10-11 08:22:15,5,5.99,in-store
STORE_003,SKU_003,2025-10-11 18:44:49,5,5.99,online
STORE_003,SKU_003,2025-10-11 14:45:08,5,5.99,online
STORE_004,SKU_005,2025-10-11 11:10:28,2,8.75,online
STORE_004,SKU_005,2025-10-11 17:49:11,2,8.75,online
STORE_004,SKU_007,2025-10-11 12:59:58,5,32.2,online
STORE_004,SKU_007,2025-10-11 18:16:30,5,32.2,in-store
STORE_004,SKU_008,2025-10-11 09:53:34,1,9.99,in-store
STORE_004,SKU_008,2025-10-11 08:07:10,1,9.99,online
STORE_004,SKU_010,2025-10-11 17:10:24,3,18.5,online
STORE_004,SKU_010,2025-10-11 20:13:42,3,18.5,in-store
STORE_004,SKU_010,2025-10-11 09:28:41,3,18.5,online
STORE_005,SKU_001,2025-10-11 21:18:23,2,12.99,in-store
STORE_005,SKU_009,2025-10-11 08:36:43,2,115.0,online
STORE_005,SKU_009,2025-10-11 20:17:22,2,115.0,in-store
STORE_005,SKU_009,2025-10-11 10:18:43,2,115.0,in-store
STORE_001,SKU_004,2025-10-12 12:40:52,1,49.99,in-store
STORE_001,SKU_007,2025-10-12 15:39:58,6,32.2,in-store
STORE_001,SKU_009,2025-10-12 21:24:26,2,115.0,online
STORE_001,SKU_009,2025-10-12 08:20:05,2,115.0,in-store
STORE_001,SKU_009,2025-10-12 19:01:04,2,115.0,in-store
STORE_002,SKU_001,2025-10-12 10:18:30,2,12.99,in-store
STORE_002,SKU_004,2025-10-12 21:27:46,1,49.99,in-store
STORE_002,SKU_007,2025-10-12 14:39:43,3,32.2,in-store
STORE_002,SKU_007,2025-10-12 15:49:55,3,32.2,online
STORE_002,SKU_007,2025-10-12 12:12:31,3,32.2,in-store
STORE_003,SKU_002,2025-10-12 15:59:50,3,24.5,online
STORE_003,SKU_002,2025-10-12 19:33:49,3,24.5,in-store
STORE_003,SKU_002,2025-10-12 11:21:18,3,24.5,in-store
STORE_003,SKU_004,2025-10-12 16:03:15,1,49.99,online
STORE_003,SKU_004,2025-10-12 09:30:39,1,49.99,in-store
STORE_003,SKU_005,2025-10-12 12:57:08,2,8.75,online
STORE_003,SKU_005,2025-10-12 09:00:07,2,8.75,online
STORE_003,SKU_006,2025-10-12 13:40:34,4,15.0,in-store
STORE_003,SKU_006,2025-10-12 16:34:39,4,15.0,online
STORE_003,SKU_008,2025-10-12 15:17:16,1,9.99,in-store
STORE_003,SKU_008,2025-10-12 08:44:39,1,9.99,online
STORE_003,SKU_008,2025-10-12 13:49:53,1,9.99,in-store
STORE_003,SKU_009,2025-10-12 09:00:46,2,115.0,online
STORE_003,SKU_009,2025-10-12 18:09:24,2,115.0,in-store
STORE_003,SKU_010,2025-10-12 20:27:36,4,18.5,online
STORE_003,SKU_010,2025-10-12 16:59:15,4,18.5,online
STORE_004,SKU_001,2025-10-12 15:58:32,1,12.99,online
STORE_004,SKU_004,2025-10-12 18:54:28,1,49.99,in-store
STORE_004,SKU_005,2025-10-12 12:07:41,3,8.75,in-store
STORE_004,SKU_007,2025-10-12 15:18:42,6,32.2,online
STORE_005,SKU_002,2025-10-12 08:59:06,2,24.5,online
STORE_005,SKU_007,2025-10-12 20:00:22,4,32.2,online
STORE_005,SKU_007,2025-10-12 15:56:07,4,32.2,online
STORE_005,SKU_007,2025-10-12 09:10:44,4,32.2,in-store
STORE_005,SKU_008,2025-10-12 10:27:24,1,9.99,online
STORE_001,SKU_009,2025-10-13 19:29:05,1,115.0,online
STORE_001,SKU_009,2025-10-13 18:39:27,1,115.0,in-store
STORE_001,SKU_009,2025-10-13 10:19:02,1,115.0,online
STORE_001,SKU_010,2025-10-13 15:36:08,3,18.5,online
STORE_001,SKU_010,2025-10-13 19:25:12,3,18.5,in-store
STORE_003,SKU_002,2025-10-13 11:33:38,3,24.5,in-store
STORE_003,SKU_002,2025-10-13 18:33:13,3,24.5,in-store
STORE_003,SKU_005,2025-10-13 11:35:09,1,8.75,online
STORE_003,SKU_005,2025-10-13 15:33:49,1,8.75,online
STORE_003,SKU_005,2025-10-13 21:49:07,1,8.75,in-store
STORE_003,SKU_007,2025-10-13 09:25:40,2,32.2,online
STORE_003,SKU_007,2025-10-13 17:00:04,2,32.2,online
STORE_003,SKU_007,2025-10-13 20:51:53,2,32.2,in-store
STORE_004,SKU_002,2025-10-13 19:29:15,2,24.5,online
STORE_004,SKU_002,2025-10-13 17:19:39,2,24.5,in-store
STORE_004,SKU_007,2025-10-13 18:26:55,4,32.2,in-store
STORE_004,SKU_008,2025-10-13 09:26:38,1,9.99,online
STORE_004,SKU_008,2025-10-13 11:07:53,1,9.99,in-store
STORE_005,SKU_001,2025-10-13 14:50:54,1,12.99,in-store
STORE_001,SKU_004,2025-10-14 15:11:54,1,49.99,in-store
STORE_001,SKU_004,2025-10-14 19:43:06,1,49.99,in-store
STORE_002,SKU_004,2025-10-14 08:54:30,1,49.99,in-store
STORE_002,SKU_004,2025-10-14 13:13:53,1,49.99,in-store
STORE_002,SKU_007,2025-10-14 11:10:12,4,32.2,in-store
STORE_003,SKU_001,2025-10-14 16:17:24,1,12.99,in-store
STORE_003,SKU_001,2025-10-14 08:00:04,1,12.99,in-store
STORE_004,SKU_008,2025-10-14 12:35:44,1,9.99,online
STORE_005,SKU_009,2025-10-14 14:08:59,1,115.0,online
STORE_001,SKU_002,2025-10-15 17:12:51,2,24.5,in-store
STORE_001,SKU_002,2025-10-15 13:02:30,2,24.5,online
STORE_001,SKU_002,2025-10-15 09:48:10,2,24.5,in-store
STORE_001,SKU_004,2025-10-15 17:07:21,1,49.99,in-store
STORE_001,SKU_004,2025-10-15 17:09:29,1,49.99,in-store
STORE_001,SKU_004,2025-10-15 20:48:08,1,49.99,in-store
STORE_001,SKU_007,2025-10-15 21:49:04,3,32.2,in-store
STORE_001,SKU_007,2025-10-15 17:25:23,3,32.2,in-store
STORE_001,SKU_007,2025-10-15 12:42:23,3,32.2,in-store
STORE_001,SKU_009,2025-10-15 13:39:46,2,115.0,online
STORE_001,SKU_009,2025-10-15 08:58:10,2,115.0,online
STORE_001,SKU_009,2025-10-15 19:27:05,2,115.0,online
STORE_001,SKU_010,2025-10-15 19:48:12,3,18.5,online
STORE_001,SKU_010,2025-10-15 21:55:20,3,18.5,in-store
STORE_001,SKU_010,2025-10-15 10:07:59,3,18.5,online
STORE_002,SKU_004,2025-10-15 09:44:15,1,49.99,online
STORE_002,SKU_004,2025-10-15 21:08:27,1,49.99,online
STORE_002,SKU_004,2025-10-15 13:00:02,1,49.99,in-store
STORE_003,SKU_001,2025-10-15 12:23:52,1,12.99,in-store
STORE_003,SKU_001,2025-10-15 14:45:52,1,12.99,in-store
STORE_003,SKU_004,2025-10-15 08:10:49,1,49.99,in-store
STORE_003,SKU_004,2025-10-15 10:05:35,1,49.99,in-store
STORE_003,SKU_004,2025-10-15 09:55:27,1,49.99,in-store
STORE_004,SKU_004,2025-10-15 11:41:12,1,49.99,in-store
STORE_004,SKU_004,2025-10-15 19:38:54,1,49.99,online
STORE_004,SKU_004,2025-10-15 09:54:28,1,49.99,in-store
STORE_004,SKU_008,2025-10-15 12:22:17,1,9.99,online
STORE_004,SKU_009,2025-10-15 09:39:44,1,115.0,in-store
STORE_004,SKU_009,2025-10-15 10:29:15,1,115.0,online
STORE_005,SKU_002,2025-10-15 16:44:47,3,24.5,online
STORE_005,SKU_002,2025-10-15 20:55:36,3,24.5,online
STORE_005,SKU_005,2025-10-15 09:08:46,1,8.75,in-store
STORE_005,SKU_005,2025-10-15 17:14:25,1,8.75,in-store
STORE_005,SKU_005,2025-10-15 20:28:18,1,8.75,in-store
STORE_001,SKU_006,2025-10-16 17:33:58,3,15.0,online
STORE_001,SKU_008,2025-10-16 16:03:11,1,9.99,in-store
STORE_001,SKU_008,2025-10-16 15:55:42,1,9.99,in-store
STORE_002,SKU_008,2025-10-16 09:02:31,1,9.99,online
STORE_002,SKU_008,2025-10-16 17:13:16,1,9.99,online
STORE_002,SKU_008,2025-10-16 16:27:59,1,9.99,in-store
STORE_003,SKU_004,2025-10-16 18:59:01,1,49.99,online
STORE_005,SKU_001,2025-10-16 21:57:26,1,12.99,in-store
STORE_005,SKU_001,2025-10-16 08:20:56,1,12.99,online
STORE_005,SKU_009,2025-10-16 08:39:55,2,115.0,online
STORE_005,SKU_009,2025-10-16 21:11:17,2,115.0,online
STORE_005,SKU_009,2025-10-16 21:17:47,2,115.0,in-store
STORE_001,SKU_005,2025-10-17 19:22:00,2,8.75,in-store
STORE_001,SKU_008,2025-10-17 10:02:54,1,9.99,in-store
STORE_002,SKU_002,2025-10-17 16:14:06,2,24.5,online
STORE_002,SKU_008,2025-10-17 09:05:35,1,9.99,in-store
STORE_002,SKU_008,2025-10-17 12:14:46,1,9.99,online
STORE_003,SKU_007,2025-10-17 14:38:25,2,32.2,online
STORE_004,SKU_010,2025-10-17 19:59:27,1,18.5,online
STORE_004,SKU_010,2025-10-17 13:22:02,1,18.5,online
STORE_001,SKU_002,2025-10-18 21:36:52,6,24.5,online
STORE_001,SKU_002,2025-10-18 10:08:16,6,24.5,online
STORE_001,SKU_002,2025-10-18 21:19:25,6,24.5,in-store
STORE_001,SKU_005,2025-10-18 08:31:21,3,8.75,in-store
STORE_001,SKU_005,2025-10-18 09:32:58,3,8.75,online
STORE_001,SKU_007,2025-10-18 14:40:47,5,32.2,online
STORE_001,SKU_008,2025-10-18 21:01:33,2,9.99,in-store
STORE_001,SKU_008,2025-10-18 20:47:13,2,9.99,in-store
STORE_001,SKU_009,2025-10-18 09:42:00,2,115.0,online
STORE_001,SKU_009,2025-10-18 21:40:20,2,115.0,online
STORE_001,SKU_009,2025-10-18 10:12:39,2,115.0,in-store
STORE_002,SKU_001,2025-10-18 17:41:52,2,12.99,in-store
STORE_002,SKU_001,2025-10-18 21:40:15,2,12.99,in-store
STORE_002,SKU_004,2025-10-18 19:46:36,1,49.99,in-store
STORE_002,SKU_004,2025-10-18 12:33:13,1,49.99,in-store
STORE_002,SKU_005,2025-10-18 20:58:34,2,8.75,online
STORE_002,SKU_005,2025-10-18 11:57:07,2,8.75,online
STORE_002,SKU_005,2025-10-18 11:16:28,2,8.75,online
STORE_003,SKU_004,2025-10-18 13:07:50,1,49.99,online
STORE_003,SKU_004,2025-10-18 15:19:07,1,49.99,in-store
STORE_003,SKU_004,2025-10-18 20:51:20,1,49.99,in-store
STORE_003,SKU_006,2025-10-18 12:43:16,3,15.0,in-store
STORE_003,SKU_006,2025-10-18 21:56:17,3,15.0,in-store
STORE_004,SKU_002,2025-10-18 20:01:17,2,24.5,in-store
STORE_004,SKU_002,2025-10-18 09:23:03,2,24.5,in-store
STORE_004,SKU_003,2025-10-18 12:37:08,5,5.99,online
STORE_004,SKU_005,2025-10-18 08:42:39,2,8.75,online
STORE_004,SKU_005,2025-10-18 16:59:57,2,8.75,in-store
STORE_005,SKU_002,2025-10-18 21:14:25,4,24.5,online
STORE_005,SKU_005,2025-10-18 17:02:08,1,8.75,in-store
STORE_005,SKU_005,2025-10-18 17:46:31,1,8.75,in-store
STORE_001,SKU_005,2025-10-19 11:03:05,3,8.75,online
STORE_001,SKU_005,2025-10-19 12:13:21,3,8.75,online
STORE_001,SKU_005,2025-10-19 08:30:37,3,8.75,online
STORE_001,SKU_006,2025-10-19 11:26:56,3,15.0,in-store
STORE_001,SKU_006,2025-10-19 11:47:25,3,15.0,online
STORE_001,SKU_008,2025-10-19 19:17:17,2,9.99,online
STORE_001,SKU_008,2025-10-19 18:22:53,2,9.99,online
STORE_001,SKU_010,2025-10-19 13:17:19,5,18.5,online
STORE_002,SKU_007,2025-10-19 10:20:43,5,32.2,in-store
STORE_002,SKU_007,2025-10-19 21:20:21,5,32.2,in-store
STORE_002,SKU_007,2025-10-19 09:54:30,5,32.2,in-store
STORE_002,SKU_008,2025-10-19 14:17:50,1,9.99,online
STORE_004,SKU_002,2025-10-19 21:20:41,3,24.5,in-store
STORE_004,SKU_002,2025-10-19 16:39:16,3,24.5,online
STORE_004,SKU_005,2025-10-19 16:36:47,3,8.75,in-store
STORE_005,SKU_002,2025-10-19 18:47:01,4,24.5,in-store
STORE_005,SKU_002,2025-10-19 14:47:02,4,24.5,in-store
STORE_005,SKU_009,2025-10-19 12:58:37,2,115.0,online
STORE_005,SKU_009,2025-10-19 08:43:33,2,115.0,in-store
STORE_001,SKU_002,2025-10-20 20:06:28,3,24.5,online
STORE_001,SKU_002,2025-10-20 16:48:40,3,24.5,online
STORE_001,SKU_004,2025-10-20 18:44:12,1,49.99,online
STORE_001,SKU_004,2025-10-20 12:34:40,1,49.99,online
STORE_001,SKU_004,2025-10-20 17:55:26,1,49.99,online
STORE_001,SKU_007,2025-10-20 15:05:04,4,32.2,in-store
STORE_001,SKU_007,2025-10-20 13:09:09,4,32.2,in-store
STORE_001,SKU_008,2025-10-20 12:29:19,1,9.99,online
STORE_001,SKU_008,2025-10-20 12:32:20,1,9.99,online
STORE_001,SKU_008,2025-10-20 16:29:49,1,9.99,online
STORE_002,SKU_009,2025-10-20 16:26:57,1,115.0,online
STORE_002,SKU_009,2025-10-20 19:18:13,1,115.0,in-store
STORE_002,SKU_009,2025-10-20 09:01:38,1,115.0,in-store
STORE_003,SKU_005,2025-10-20 21:15:24,1,8.75,in-store
STORE_003,SKU_007,2025-10-20 19:14:43,3,32.2,online
STORE_003,SKU_007,2025-10-20 19:36:35,3,32.2,in-store
STORE_003,SKU_008,2025-10-20 16:36:14,1,9.99,online
STORE_003,SKU_008,2025-10-20 17:40:27,1,9.99,in-store
STORE_003,SKU_010,2025-10-20 11:52:04,2,18.5,in-store
STORE_003,SKU_010,2025-10-20 18:57:13,2,18.5,online
STORE_003,SKU_010,2025-10-20 10:46:07,2,18.5,in-store
STORE_004,SKU_005,2025-10-20 21:47:55,1,8.75,online
STORE_004,SKU_005,2025-10-20 14:37:17,1,8.75,online
STORE_004,SKU_008,2025-10-20 11:09:49,1,9.99,online
STORE_005,SKU_001,2025-10-20 18:36:16,1,12.99,in-store
STORE_005,SKU_001,2025-10-20 14:13:10,1,12.99,in-store
STORE_005,SKU_002,2025-10-20 14:25:22,2,24.5,in-store
STORE_005,SKU_004,2025-10-20 17:05:28,1,49.99,in-store
STORE_005,SKU_004,2025-10-20 08:51:48,1,49.99,in-store
STORE_005,SKU_005,2025-10-20 13:03:51,1,8.75,online
STORE_005,SKU_005,2025-10-20 17:25:01,1,8.75,in-store
STORE_005,SKU_007,2025-10-20 17:47:30,2,32.2,online
STORE_005,SKU_007,2025-10-20 17:55:04,2,32.2,online
STORE_005,SKU_007,2025-10-20 12:53:18,2,32.2,online
STORE_001,SKU_002,2025-10-21 09:38:35,3,24.5,online
STORE_001,SKU_002,2025-10-21 14:55:57,3,24.5,online
STORE_001,SKU_002,2025-10-21 20:08:58,3,24.5,online
STORE_001,SKU_007,2025-10-21 15:34:48,3,32.2,in-store
STORE_001,SKU_008,2025-10-21 16:40:31,1,9.99,online
STORE_001,SKU_008,2025-10-21 11:30:13,1,9.99,online
STORE_002,SKU_001,2025-10-21 11:47:54,1,12.99,online
STORE_002,SKU_001,2025-10-21 10:12:01,1,12.99,in-store
STORE_002,SKU_001,2025-10-21 19:23:32,1,12.99,in-store
STORE_002,SKU_005,2025-10-21 14:19:20,2,8.75,in-store
STORE_002,SKU_005,2025-10-21 18:01:02,2,8.75,online
STORE_002,SKU_006,2025-10-21 11:20:01,2,15.0,in-store
STORE_002,SKU_006,2025-10-21 21:53:59,2,15.0,in-store
STORE_002,SKU_010,2025-10-21 13:53:46,2,18.5,online
STORE_002,SKU_010,2025-10-21 18:32:51,2,18.5,online
STORE_002,SKU_010,2025-10-21 14:46:29,2,18.5,online
STORE_003,SKU_008,2025-10-21 21:56:29,1,9.99,in-store
STORE_003,SKU_008,2025-10-21 19:09:00,1,9.99,in-store
STORE_003,SKU_009,2025-10-21 17:57:19,1,115.0,in-store
STORE_003,SKU_009,2025-10-21 10:21:26,1,115.0,in-store
STORE_004,SKU_001,2025-10-21 15:50:56,1,12.99,online
STORE_004,SKU_001,2025-10-21 12:05:41,1,12.99,online
STORE_004,SKU_002,2025-10-21 21:14:25,2,24.5,in-store
STORE_004,SKU_002,2025-10-21 08:44:30,2,24.5,in-store
STORE_004,SKU_010,2025-10-21 12:00:06,2,18.5,online
STORE_004,SKU_010,2025-10-21 18:55:31,2,18.5,online
STORE_004,SKU_010,2025-10-21 08:19:19,2,18.5,online
STORE_005,SKU_001,2025-10-21 12:43:31,1,12.99,online
STORE_005,SKU_001,2025-10-21 08:46:42,1,12.99,online
STORE_005,SKU_001,2025-10-21 13:18:52,1,12.99,in-store
STORE_005,SKU_004,2025-10-21 18:09:20,1,49.99,in-store
STORE_005,SKU_004,2025-10-21 12:42:07,1,49.99,in-store
STORE_005,SKU_004,2025-10-21 16:37:51,1,49.99,in-store
STORE_005,SKU_005,2025-10-21 16:12:35,1,8.75,in-store
STORE_005,SKU_008,2025-10-21 08:35:42,1,9.99,online
STORE_001,SKU_005,2025-10-22 09:47:48,1,8.75,online
STORE_001,SKU_005,2025-10-22 16:41:42,1,8.75,online
STORE_001,SKU_005,2025-10-22 13:05:51,1,8.75,in-store
STORE_001,SKU_007,2025-10-22 20:46:32,4,32.2,online
STORE_001,SKU_007,2025-10-22 16:50:15,4,32.2,online
STORE_002,SKU_007,2025-10-22 08:57:27,4,32.2,in-store
STORE_003,SKU_005,2025-10-22 14:02:54,1,8.75,online
STORE_004,SKU_002,2025-10-22 15:10:40,1,24.5,online
STORE_004,SKU_002,2025-10-22 21:57:31,1,24.5,online
STORE_004,SKU_002,2025-10-22 17:22:47,1,24.5,online
STORE_005,SKU_002,2025-10-22 08:26:13,2,24.5,in-store
STORE_005,SKU_002,2025-10-22 13:06:08,2,24.5,in-store
STORE_005,SKU_002,2025-10-22 10:24:48,2,24.5,online
STORE_001,SKU_001,2025-10-23 10:15:25,1,12.99,in-store
STORE_001,SKU_001,2025-10-23 08:00:22,1,12.99,in-store
STORE_001,SKU_001,2025-10-23 18:02:48,1,12.99,online
STORE_001,SKU_005,2025-10-23 16:53:02,2,8.75,online
STORE_001,SKU_005,2025-10-23 14:49:43,2,8.75,online
STORE_001,SKU_006,2025-10-23 12:56:01,2,15.0,in-store
STORE_001,SKU_009,2025-10-23 16:28:33,1,115.0,online
STORE_001,SKU_009,2025-10-23 17:25:12,1,115.0,online
STORE_001,SKU_009,2025-10-23 15:09:47,1,115.0,in-store
STORE_002,SKU_002,2025-10-23 12:57:54,2,24.5,in-store
STORE_002,SKU_002,2025-10-23 13:06:33,2,24.5,online
STORE_002,SKU_004,2025-10-23 10:47:25,1,49.99,online
STORE_002,SKU_004,2025-10-23 12:39:20,1,49.99,online
STORE_002,SKU_008,2025-10-23 16:17:53,1,9.99,online
STORE_002,SKU_008,2025-10-23 18:51:04,1,9.99,online
STORE_003,SKU_010,2025-10-23 20:39:24,2,18.5,in-store
STORE_003,SKU_010,2025-10-23 13:18:52,2,18.5,in-store
STORE_003,SKU_010,2025-10-23 13:20:37,2,18.5,in-store
STORE_004,SKU_006,2025-10-23 20:25:37,2,15.0,online
STORE_005,SKU_002,2025-10-23 19:09:08,2,24.5,online
STORE_005,SKU_002,2025-10-23 11:49:22,2,24.5,in-store
STORE_005,SKU_002,2025-10-23 21:44:15,2,24.5,online
STORE_005,SKU_005,2025-10-23 08:24:38,1,8.75,online
STORE_005,SKU_005,2025-10-23 08:09:39,1,8.75,in-store
STORE_005,SKU_005,2025-10-23 18:31:16,1,8.75,in-store
STORE_005,SKU_008,2025-10-23 09:03:03,1,9.99,in-store
STORE_005,SKU_008,2025-10-23 09:00:07,1,9.99,online
STORE_005,SKU_008,2025-10-23 12:52:09,1,9.99,online
STORE_001,SKU_002,2025-10-24 21:22:23,4,24.5,online
STORE_002,SKU_005,2025-10-24 15:16:40,1,8.75,online
STORE_002,SKU_005,2025-10-24 20:35:36,1,8.75,in-store
STORE_002,SKU_005,2025-10-24 13:50:15,1,8.75,in-store
STORE_002,SKU_009,2025-10-24 10:30:38,1,115.0,online
STORE_002,SKU_009,2025-10-24 08:26:08,1,115.0,online
STORE_002,SKU_009,2025-10-24 11:28:33,1,115.0,online
STORE_003,SKU_005,2025-10-24 08:18:23,1,8.75,online
STORE_004,SKU_001,2025-10-24 08:43:11,1,12.99,in-store
STORE_004,SKU_001,2025-10-24 08:47:12,1,12.99,in-store
STORE_004,SKU_002,2025-10-24 15:02:53,2,24.5,in-store
STORE_004,SKU_002,2025-10-24 14:53:06,2,24.5,in-store
STORE_004,SKU_006,2025-10-24 17:07:46,2,15.0,in-store
STORE_004,SKU_006,2025-10-24 08:23:40,2,15.0,online
STORE_004,SKU_007,2025-10-24 15:35:11,4,32.2,in-store
STORE_004,SKU_007,2025-10-24 17:19:56,4,32.2,in-store
STORE_005,SKU_009,2025-10-24 09:51:35,1,115.0,online
STORE_001,SKU_005,2025-10-25 18:31:59,4,8.75,in-store
STORE_001,SKU_005,2025-10-25 12:06:31,4,8.75,online
STORE_001,SKU_005,2025-10-25 11:52:04,4,8.75,online
STORE_001,SKU_006,2025-10-25 11:40:34,3,15.0,online
STORE_001,SKU_006,2025-10-25 17:21:46,3,15.0,in-store
STORE_001,SKU_006,2025-10-25 13:04:30,3,15.0,online
STORE_001,SKU_010,2025-10-25 14:20:05,3,18.5,in-store
STORE_002,SKU_001,2025-10-25 08:01:16,2,12.99,online
STORE_002,SKU_001,2025-10-25 09:44:04,2,12.99,online
STORE_002,SKU_001,2025-10-25 19:56:20,2,12.99,in-store
STORE_002,SKU_004,2025-10-25 09:44:48,1,49.99,in-store
STORE_002,SKU_004,2025-10-25 12:00:34,1,49.99,in-store
STORE_002,SKU_004,2025-10-25 20:38:54,1,49.99,in-store
STORE_002,SKU_005,2025-10-25 20:01:09,2,8.75,online
STORE_002,SKU_005,2025-10-25 19:44:59,2,8.75,in-store
STORE_002,SKU_005,2025-10-25 13:14:21,2,8.75,online
STORE_002,SKU_008,2025-10-25 11:22:42,1,9.99,in-store
STORE_002,SKU_008,2025-10-25 12:37:55,1,9.99,in-store
STORE_002,SKU_008,2025-10-25 08:05:30,1,9.99,in-store
STORE_003,SKU_010,2025-10-25 17:14:59,3,18.5,online
STORE_004,SKU_006,2025-10-25 11:11:46,4,15.0,in-store
STORE_005,SKU_004,2025-10-25 21:15:52,1,49.99,online
STORE_005,SKU_004,2025-10-25 09:03:32,1,49.99,in-store
STORE_005,SKU_004,2025-10-25 08:51:56,1,49.99,online
STORE_001,SKU_002,2025-10-26 19:03:19,3,24.5,online
STORE_001,SKU_002,2025-10-26 11:57:54,3,24.5,online
STORE_001,SKU_002,2025-10-26 15:09:31,3,24.5,online
STORE_001,SKU_004,2025-10-26 21:55:39,2,49.99,in-store
STORE_001,SKU_004,2025-10-26 15:05:54,2,49.99,in-store
STORE_001,SKU_004,2025-10-26 12:13:17,2,49.99,online
STORE_001,SKU_005,2025-10-26 08:30:46,3,8.75,in-store
STORE_001,SKU_005,2025-10-26 13:19:27,3,8.75,in-store
STORE_001,SKU_005,2025-10-26 13:56:23,3,8.75,online
STORE_002,SKU_003,2025-10-26 21:57:46,4,5.99,in-store
STORE_002,SKU_003,2025-10-26 11:55:19,4,5.99,in-store
STORE_002,SKU_005,2025-10-26 11:34:02,2,8.75,in-store
STORE_002,SKU_005,2025-10-26 21:57:53,2,8.75,in-store
STORE_002,SKU_005,2025-10-26 21:15:23,2,8.75,in-store
STORE_002,SKU_008,2025-10-26 17:45:46,1,9.99,in-store
STORE_002,SKU_008,2025-10-26 19:52:42,1,9.99,online
STORE_002,SKU_008,2025-10-26 18:07:21,1,9.99,in-store
STORE_003,SKU_005,2025-10-26 14:46:54,2,8.75,in-store
STORE_003,SKU_008,2025-10-26 13:00:12,1,9.99,in-store
STORE_004,SKU_002,2025-10-26 20:19:45,3,24.5,online
STORE_004,SKU_002,2025-10-26 09:16:21,3,24.5,online
STORE_004,SKU_002,2025-10-26 12:33:26,3,24.5,online
STORE_004,SKU_006,2025-10-26 12:40:54,4,15.0,online
STORE_004,SKU_006,2025-10-26 18:57:28,4,15.0,in-store
STORE_004,SKU_006,2025-10-26 16:09:55,4,15.0,online
STORE_004,SKU_007,2025-10-26 16:56:53,6,,in-store
STORE_004,SKU_007,2025-10-26 15:22:14,6,32.2,in-store
STORE_004,SKU_009,2025-10-26 15:58:30,3,115.0,online
STORE_004,SKU_009,2025-10-26 21:23:17,3,115.0,online
STORE_004,SKU_009,2025-10-26 19:53:40,3,115.0,in-store
STORE_005,SKU_007,2025-10-26 11:38:44,4,32.2,online
STORE_005,SKU_007,2025-10-26 15:06:22,4,32.2,online
STORE_005,SKU_007,2025-10-26 09:31:56,4,32.2,in-store
STORE_005,SKU_008,2025-10-26 11:12:56,1,9.99,online
STORE_001,SKU_002,2025-10-27 12:39:24,2,24.5,in-store
STORE_001,SKU_005,2025-10-27 12:40:59,2,8.75,online
STORE_001,SKU_005,2025-10-27 10:34:21,2,8.75,in-store
STORE_001,SKU_005,2025-10-27 20:20:01,2,8.75,online
STORE_001,SKU_008,2025-10-27 13:05:57,1,9.99,online
STORE_001,SKU_008,2025-10-27 18:40:14,1,9.99,in-store
STORE_001,SKU_008,2025-10-27 09:49:55,1,9.99,in-store
STORE_002,SKU_002,2025-10-27 11:21:46,2,24.5,online
STORE_002,SKU_002,2025-10-27 21:23:29,2,24.5,online
STORE_003,SKU_004,2025-10-27 21:55:51,1,49.99,in-store
STORE_003,SKU_004,2025-10-27 21:26:38,1,49.99,online
STORE_003,SKU_004,2025-10-27 13:17:48,1,49.99,in-store
STORE_003,SKU_007,2025-10-27 13:43:57,2,32.2,online
STORE_004,SKU_004,2025-10-27 16:22:53,1,49.99,online
STORE_004,SKU_005,2025-10-27 19:13:21,1,8.75,in-store
STORE_004,SKU_005,2025-10-27 11:35:44,1,8.75,online
STORE_005,SKU_005,2025-10-27 20:42:29,1,8.75,online
STORE_005,SKU_007,2025-10-27 14:28:08,3,32.2,in-store
STORE_005,SKU_008,2025-10-27 19:56:16,1,9.99,in-store
STORE_001,SKU_001,2025-10-28 15:21:44,1,12.99,in-store
STORE_001,SKU_001,2025-10-28 13:07:01,1,12.99,in-store
STORE_001,SKU_001,2025-10-28 11:30:17,1,12.99,in-store
STORE_001,SKU_005,2025-10-28 08:17:49,2,8.75,in-store
STORE_001,SKU_005,2025-10-28 13:29:44,2,8.75,in-store
STORE_002,SKU_008,2025-10-28 12:54:12,1,9.99,in-store
STORE_002,SKU_008,2025-10-28 20:44:48,1,9.99,online
STORE_003,SKU_001,2025-10-28 14:05:33,1,12.99,online
STORE_003,SKU_001,2025-10-28 12:52:56,1,12.99,online
STORE_003,SKU_005,2025-10-28 18:53:20,1,8.75,online
STORE_003,SKU_005,2025-10-28 12:24:21,1,8.75,in-store
STORE_003,SKU_008,2025-10-28 08:11:01,1,9.99,online
STORE_003,SKU_008,2025-10-28 13:20:17,1,9.99,online
STORE_004,SKU_001,2025-10-28 15:51:23,1,12.99,in-store
STORE_004,SKU_001,2025-10-28 10:14:20,1,12.99,online
STORE_004,SKU_001,2025-10-28 10:31:50,1,12.99,online
STORE_004,SKU_007,2025-10-28 14:35:09,3,32.2,in-store
STORE_004,SKU_007,2025-10-28 11:50:16,3,32.2,online
STORE_004,SKU_007,2025-10-28 15:39:44,3,32.2,online
STORE_005,SKU_001,2025-10-28 09:11:24,1,12.99,online
STORE_005,SKU_001,2025-10-28 13:42:08,1,12.99,in-store
STORE_005,SKU_008,2025-10-28 16:52:05,1,9.99,online
STORE_005,SKU_009,2025-10-28 21:37:21,1,115.0,in-store
STORE_001,SKU_002,2025-10-29 16:36:28,2,24.5,in-store
STORE_001,SKU_008,2025-10-29 10:53:21,1,9.99,in-store
STORE_001,SKU_008,2025-10-29 14:25:03,1,9.99,online
STORE_002,SKU_007,2025-10-29 19:17:25,2,32.2,in-store
STORE_002,SKU_007,2025-10-29 14:14:09,2,32.2,in-store
STORE_003,SKU_003,2025-10-29 19:28:07,3,5.99,online
STORE_003,SKU_003,2025-10-29 20:11:10,3,5.99,in-store
STORE_003,SKU_007,2025-10-29 19:36:21,3,32.2,online
STORE_003,SKU_007,2025-10-29 21:56:48,3,32.2,in-store
STORE_004,SKU_001,2025-10-29 15:11:22,1,12.99,in-store
STORE_004,SKU_001,2025-10-29 12:28:27,1,12.99,in-store
STORE_004,SKU_001,2025-10-29 12:54:25,1,12.99,online
STORE_004,SKU_005,2025-10-29 15:01:36,1,8.75,online
STORE_004,SKU_005,2025-10-29 21:41:10,1,8.75,online
STORE_004,SKU_005,2025-10-29 16:47:27,1,8.75,online
STORE_004,SKU_010,2025-10-29 17:35:32,2,18.5,in-store
STORE_005,SKU_002,2025-10-29 12:39:43,3,24.5,online
STORE_001,SKU_002,2025-10-30 12:50:01,2,24.5,in-store
STORE_001,SKU_002,2025-10-30 14:37:47,2,24.5,in-store
STORE_001,SKU_002,2025-10-30 12:58:04,2,24.5,in-store
STORE_001,SKU_008,2025-10-30 13:37:07,1,9.99,online
STORE_001,SKU_008,2025-10-30 16:25:28,1,9.99,online
STORE_003,SKU_008,2025-10-30 17:01:08,1,9.99,in-store
STORE_004,SKU_002,2025-10-30 17:05:06,2,24.5,in-store
STORE_004,SKU_002,2025-10-30 19:20:48,2,24.5,in-store
STORE_004,SKU_007,2025-10-30 12:00:14,3,32.2,in-store
STORE_004,SKU_007,2025-10-30 15:55:19,3,32.2,in-store
STORE_004,SKU_007,2025-10-30 19:52:35,3,32.2,online
STORE_004,SKU_008,2025-10-30 20:26:21,1,9.99,in-store
STORE_004,SKU_008,2025-10-30 15:43:36,1,9.99,online
STORE_004,SKU_010,2025-10-30 18:18:28,3,18.5,in-store
STORE_005,SKU_001,2025-10-30 16:06:26,1,12.99,in-store
STORE_005,SKU_001,2025-10-30 09:19:26,1,12.99,online
STORE_005,SKU_004,2025-10-30 11:21:30,1,49.99,online
STORE_005,SKU_004,2025-10-30 10:18:38,1,49.99,in-store
STORE_001,SKU_004,2025-10-31 21:22:47,1,49.99,in-store
STORE_001,SKU_004,2025-10-31 12:10:26,1,49.99,in-store
STORE_001,SKU_004,2025-10-31 16:22:30,1,49.99,online
STORE_001,SKU_008,2025-10-31 09:36:27,1,9.99,in-store
STORE_001,SKU_008,2025-10-31 14:17:07,1,9.99,in-store
STORE_001,SKU_008,2025-10-31 15:29:01,1,9.99,in-store
STORE_004,SKU_004,2025-10-31 12:29:58,1,49.99,in-store
STORE_004,SKU_004,2025-10-31 16:24:25,1,49.99,online
STORE_004,SKU_004,2025-10-31 20:07:29,1,49.99,in-store
STORE_004,SKU_005,2025-10-31 18:24:29,1,8.75,online
STORE_004,SKU_005,2025-10-31 15:04:11,1,8.75,online
STORE_005,SKU_005,2025-10-31 18:13:34,1,8.75,in-store
STORE_005,SKU_005,2025-10-31 18:44:11,1,8.75,online
STORE_005,SKU_010,2025-10-31 10:55:05,3,18.5,online
STORE_005,SKU_010,2025-10-31 16:11:43,3,18.5,in-store
STORE_005,SKU_010,2025-10-31 08:25:32,3,18.5,online
STORE_001,SKU_002,2025-11-01 17:16:32,4,24.5,in-store
STORE_001,SKU_002,2025-11-01 13:21:16,4,24.5,in-store
STORE_001,SKU_004,2025-11-01 18:23:11,1,49.99,in-store
STORE_001,SKU_007,2025-11-01 09:17:05,7,32.2,in-store
STORE_001,SKU_008,2025-11-01 21:07:15,1,9.99,online
STORE_001,SKU_008,2025-11-01 15:10:54,1,9.99,online
STORE_001,SKU_008,2025-11-01 20:45:16,1,9.99,in-store
STORE_001,SKU_010,2025-11-01 13:56:30,3,18.5,in-store
STORE_001,SKU_010,2025-11-01 09:54:31,3,18.5,in-store
STORE_002,SKU_004,2025-11-01 11:20:38,1,49.99,in-store
STORE_002,SKU_004,2025-11-01 20:15:32,1,49.99,online
STORE_002,SKU_004,2025-11-01 18:08:27,1,49.99,online
STORE_002,SKU_005,2025-11-01 21:05:08,3,8.75,online
STORE_002,SKU_005,2025-11-01 20:26:39,3,8.75,online
STORE_002,SKU_005,2025-11-01 19:25:03,3,8.75,in-store
STORE_002,SKU_008,2025-11-01 09:51:54,1,9.99,in-store
STORE_002,SKU_008,2025-11-01 11:51:54,1,9.99,in-store
STORE_003,SKU_005,2025-11-01 13:29:16,2,8.75,online
STORE_003,SKU_005,2025-11-01 18:46:03,2,8.75,online
STORE_003,SKU_005,2025-11-01 14:06:10,2,8.75,in-store
STORE_003,SKU_010,2025-11-01 10:20:57,4,18.5,in-store
STORE_003,SKU_010,2025-11-01 14:28:14,4,18.5,in-store
STORE_003,SKU_010,2025-11-01 17:41:14,4,18.5,online
STORE_004,SKU_001,2025-11-01 20:43:50,2,12.99,in-store
STORE_004,SKU_001,2025-11-01 08:23:24,2,12.99,in-store
STORE_004,SKU_004,2025-11-01 08:01:06,1,49.99,online
STORE_004,SKU_006,2025-11-01 14:41:59,4,15.0,in-store
STORE_004,SKU_006,2025-11-01 17:18:41,4,15.0,online
STORE_004,SKU_006,2025-11-01 18:31:24,4,15.0,in-store
STORE_004,SKU_008,2025-11-01 09:56:18,1,9.99,online
STORE_004,SKU_008,2025-11-01 17:03:22,1,9.99,online
STORE_004,SKU_008,2025-11-01 08:43:15,1,9.99,in-store
STORE_005,SKU_004,2025-11-01 16:01:41,1,49.99,online
STORE_005,SKU_004,2025-11-01 09:40:07,,49.99,in-store
STORE_005,SKU_005,2025-11-01 17:56:20,2,8.75,online
STORE_005,SKU_005,2025-11-01 11:52:37,2,8.75,online
STORE_005,SKU_005,2025-11-01 11:22:14,2,8.75,online
STORE_001,SKU_001,2025-11-02 14:35:51,,12.99,online
STORE_001,SKU_001,2025-11-02 08:08:11,3,12.99,in-store
STORE_001,SKU_001,2025-11-02 13:58:41,3,12.99,in-store
STORE_001,SKU_004,2025-11-02 19:28:02,2,49.99,online
STORE_001,SKU_005,2025-11-02 09:57:06,3,8.75,in-store
STORE_001,SKU_008,2025-11-02 20:20:00,1,9.99,online
STORE_001,SKU_010,2025-11-02 19:58:09,4,18.5,in-store
STORE_001,SKU_010,2025-11-02 17:36:45,4,18.5,online
STORE_002,SKU_001,2025-11-02 18:55:58,2,12.99,online
STORE_002,SKU_001,2025-11-02 13:23:23,2,12.99,online
STORE_002,SKU_001,2025-11-02 21:05:14,2,12.99,in-store
STORE_002,SKU_005,2025-11-02 19:48:58,2,8.75,online
STORE_002,SKU_010,2025-11-02 21:46:48,4,18.5,in-store
STORE_002,SKU_010,2025-11-02 20:41:16,4,18.5,online
STORE_002,SKU_010,2025-11-02 14:00:41,4,18.5,online
STORE_003,SKU_001,2025-11-02 18:23:28,2,12.99,in-store
STORE_003,SKU_007,2025-11-02 08:10:55,5,32.2,online
STORE_003,SKU_008,2025-11-02 13:04:13,1,9.99,in-store
STORE_003,SKU_008,2025-11-02 08:34:31,1,9.99,online
STORE_004,SKU_005,2025-11-02 12:55:23,2,8.75,in-store
STORE_004,SKU_009,2025-11-02 13:54:10,3,115.0,in-store
STORE_004,SKU_009,2025-11-02 18:27:59,3,115.0,in-store
STORE_004,SKU_009,2025-11-02 12:49:37,3,115.0,online
STORE_005,SKU_001,2025-11-02 08:23:18,2,12.99,online
STORE_005,SKU_002,2025-11-02 21:43:26,4,24.5,online
STORE_005,SKU_003,2025-11-02 11:51:40,4,5.99,online
STORE_005,SKU_003,2025-11-02 10:53:35,4,5.99,in-store
STORE_005,SKU_007,2025-11-02 12:59:22,6,32.2,online
STORE_001,SKU_004,2025-11-03 08:05:47,1,49.99,in-store
STORE_001,SKU_004,2025-11-03 20:44:54,1,49.99,in-store
STORE_001,SKU_004,2025-11-03 10:38:11,1,49.99,in-store
STORE_001,SKU_005,2025-11-03 10:29:09,2,8.75,online
STORE_001,SKU_008,2025-11-03 21:00:47,1,9.99,online
STORE_001,SKU_008,2025-11-03 19:20:02,1,9.99,in-store
STORE_001,SKU_008,2025-11-03 20:49:16,1,9.99,online
STORE_002,SKU_009,2025-11-03 16:18:03,1,115.0,online
STORE_002,SKU_009,2025-11-03 15:36:37,1,115.0,in-store
STORE_003,SKU_009,2025-11-03 14:02:50,1,115.0,online
STORE_005,SKU_002,2025-11-03 18:12:53,2,24.5,in-store
STORE_005,SKU_004,2025-11-03 15:20:27,1,49.99,in-store
STORE_001,SKU_002,2025-11-04 18:51:45,2,24.5,online
STORE_001,SKU_002,2025-11-04 19:13:39,2,24.5,in-store
STORE_001,SKU_008,2025-11-04 18:21:07,1,9.99,in-store
STORE_001,SKU_008,2025-11-04 19:34:03,1,9.99,online
STORE_002,SKU_010,2025-11-04 19:16:37,2,18.5,in-store
STORE_002,SKU_010,2025-11-04 18:21:56,2,18.5,in-store
STORE_002,SKU_010,2025-11-04 15:03:34,2,18.5,online
STORE_003,SKU_008,2025-11-04 10:42:35,1,9.99,in-store
STORE_003,SKU_010,2025-11-04 13:13:30,2,18.5,in-store
STORE_004,SKU_008,2025-11-04 21:03:25,1,9.99,in-store
STORE_004,SKU_009,2025-11-04 11:03:10,1,115.0,online
STORE_004,SKU_009,2025-11-04 10:41:45,1,115.0,in-store
STORE_004,SKU_009,2025-11-04 08:09:33,1,115.0,online
STORE_005,SKU_004,2025-11-04 11:20:30,1,49.99,in-store
STORE_005,SKU_004,2025-11-04 14:18:38,1,49.99,in-store
STORE_005,SKU_004,2025-11-04 11:26:20,1,49.99,online
STORE_005,SKU_006,2025-11-04 21:40:14,1,15.0,in-store
STORE_005,SKU_006,2025-11-04 11:00:41,1,15.0,in-store
STORE_005,SKU_006,2025-11-04 14:04:22,1,15.0,in-store
STORE_001,SKU_002,2025-11-05 17:59:38,3,24.5,online
STORE_001,SKU_002,2025-11-05 13:04:07,3,24.5,in-store
STORE_001,SKU_002,2025-11-05 15:06:58,3,24.5,online
STORE_002,SKU_002,2025-11-05 13:29:13,2,24.5,online
STORE_002,SKU_002,2025-11-05 11:45:02,2,24.5,in-store
STORE_002,SKU_002,2025-11-05 13:26:32,2,24.5,online
STORE_002,SKU_004,2025-11-05 18:04:30,1,49.99,in-store
STORE_002,SKU_004,2025-11-05 10:50:44,1,49.99,in-store
STORE_002,SKU_004,2025-11-05 08:33:14,1,49.99,in-store
STORE_002,SKU_005,2025-11-05 20:20:04,1,8.75,in-store
STORE_002,SKU_005,2025-11-05 13:22:33,1,8.75,in-store
STORE_002,SKU_007,2025-11-05 09:54:32,4,32.2,in-store
STORE_002,SKU_007,2025-11-05 14:32:36,4,32.2,online
STORE_002,SKU_008,2025-11-05 12:22:17,1,9.99,in-store
STORE_003,SKU_005,2025-11-05 09:19:02,1,8.75,online
STORE_003,SKU_005,2025-11-05 17:38:09,1,8.75,in-store
STORE_003,SKU_005,2025-11-05 10:24:54,1,8.75,in-store
STORE_003,SKU_008,2025-11-05 09:42:23,1,9.99,in-store
STORE_003,SKU_008,2025-11-05 10:24:45,1,9.99,in-store
STORE_004,SKU_002,2025-11-05 21:35:18,3,24.5,in-store
STORE_004,SKU_002,2025-11-05 12:57:23,3,24.5,in-store
STORE_004,SKU_007,2025-11-05 19:28:51,2,32.2,online
STORE_004,SKU_007,2025-11-05 17:44:44,2,32.2,in-store
STORE_004,SKU_007,2025-11-05 18:33:54,2,32.2,online
STORE_004,SKU_008,2025-11-05 14:11:15,1,9.99,in-store
STORE_004,SKU_008,2025-11-05 19:38:46,1,9.99,online
STORE_005,SKU_001,2025-11-05 17:33:11,1,12.99,online
STORE_005,SKU_002,2025-11-05 14:33:05,1,24.5,in-store
STORE_005,SKU_008,2025-11-05 15:42:51,1,9.99,online
STORE_005,SKU_008,2025-11-05 10:43:50,1,9.99,in-store
STORE_005,SKU_008,2025-11-05 11:53:08,1,9.99,online
STORE_005,SKU_010,2025-11-05 13:03:46,2,18.5,online
STORE_005,SKU_010,2025-11-05 08:50:24,2,18.5,in-store
STORE_001,SKU_003,2025-11-06 18:24:47,5,5.99,online
STORE_001,SKU_003,2025-11-06 20:42:18,5,5.99,in-store
STORE_001,SKU_004,2025-11-06 08:59:35,1,49.99,online
STORE_001,SKU_004,2025-11-06 10:27:42,1,49.99,online
STORE_001,SKU_008,2025-11-06 10:55:50,1,9.99,online
STORE_001,SKU_009,2025-11-06 21:19:43,2,115.0,in-store
STORE_001,SKU_009,2025-11-06 09:27:33,2,115.0,online
STORE_001,SKU_009,2025-11-06 18:43:31,2,115.0,online
STORE_001,SKU_010,2025-11-06 15:51:23,2,18.5,online
STORE_001,SKU_010,2025-11-06 20:24:48,2,18.5,online
STORE_001,SKU_010,2025-11-06 17:59:38,2,18.5,online
STORE_002,SKU_004,2025-11-06 11:42:11,1,49.99,in-store
STORE_002,SKU_004,2025-11-06 16:01:20,1,49.99,online
STORE_002,SKU_004,2025-11-06 19:36:48,1,49.99,online
STORE_003,SKU_002,2025-11-06 09:59:00,3,24.5,in-store
STORE_003,SKU_002,2025-11-06 15:36:44,3,24.5,online
STORE_003,SKU_002,2025-11-06 13:07:26,3,24.5,in-store
STORE_003,SKU_004,2025-11-06 18:54:28,1,49.99,online
STORE_003,SKU_004,2025-11-06 12:50:19,1,49.99,online
STORE_003,SKU_004,2025-11-06 15:29:17,1,49.99,online
STORE_003,SKU_009,2025-11-06 17:48:52,1,115.0,online
STORE_003,SKU_009,2025-11-06 08:58:09,1,115.0,in-store
STORE_003,SKU_009,2025-11-06 16:07:27,1,115.0,online
STORE_004,SKU_006,2025-11-06 15:54:33,2,15.0,online
STORE_004,SKU_006,2025-11-06 09:26:21,2,15.0,online
STORE_004,SKU_008,2025-11-06 20:49:18,1,9.99,in-store
STORE_005,SKU_008,2025-11-06 09:01:59,1,9.99,in-store
STORE_005,SKU_008,2025-11-06 10:36:18,1,9.99,online
STORE_005,SKU_008,2025-11-06 17:26:12,1,9.99,online
STORE_001,SKU_005,2025-11-07 20:32:44,2,8.75,online
STORE_001,SKU_005,2025-11-07 11:14:41,2,8.75,in-store
STORE_001,SKU_005,2025-11-07 10:00:34,2,8.75,in-store
STORE_001,SKU_008,2025-11-07 14:06:03,1,9.99,in-store
STORE_001,SKU_008,2025-11-07 15:53:33,1,9.99,online
STORE_002,SKU_002,2025-11-07 09:24:49,2,24.5,in-store
STORE_002,SKU_002,2025-11-07 08:32:22,2,24.5,online
STORE_002,SKU_005,2025-11-07 17:38:40,1,8.75,online
STORE_002,SKU_005,2025-11-07 18:03:26,1,8.75,in-store
STORE_002,SKU_005,2025-11-07 08:45:30,1,8.75,in-store
STORE_003,SKU_002,2025-11-07 20:37:38,3,24.5,in-store
STORE_003,SKU_002,2025-11-07 18:34:56,3,24.5,online
STORE_003,SKU_002,2025-11-07 10:09:41,3,24.5,in-store
STORE_003,SKU_008,2025-11-07 13:37:12,1,9.99,in-store
STORE_003,SKU_008,2025-11-07 17:03:07,1,9.99,online
STORE_003,SKU_008,2025-11-07 11:57:13,1,9.99,in-store
STORE_004,SKU_002,2025-11-07 12:20:43,3,24.5,online
STORE_004,SKU_002,2025-11-07 10:07:12,3,24.5,in-store
STORE_004,SKU_003,2025-11-07 12:05:05,2,5.99,online
STORE_004,SKU_003,2025-11-07 12:07:24,2,5.99,in-store
STORE_004,SKU_005,2025-11-07 17:21:21,1,8.75,in-store
STORE_005,SKU_001,2025-11-07 11:59:00,1,12.99,online
STORE_005,SKU_003,2025-11-07 08:56:30,3,5.99,in-store
STORE_005,SKU_010,2025-11-07 12:47:06,2,18.5,in-store
STORE_005,SKU_010,2025-11-07 13:24:15,2,18.5,online
STORE_001,SKU_004,2025-11-08 10:29:25,1,49.99,online
STORE_001,SKU_004,2025-11-08 15:14:48,1,49.99,in-store
STORE_001,SKU_005,2025-11-08 16:33:07,3,8.75,in-store
STORE_001,SKU_005,2025-11-08 11:04:33,3,8.75,online
STORE_001,SKU_005,2025-11-08 11:14:44,3,8.75,online
STORE_003,SKU_005,2025-11-08 17:53:26,2,8.75,online
STORE_003,SKU_005,2025-11-08 15:58:16,2,8.75,in-store
STORE_003,SKU_005,2025-11-08 12:40:16,2,8.75,in-store
STORE_003,SKU_007,2025-11-08 10:10:38,4,32.2,in-store
STORE_003,SKU_007,2025-11-08 14:15:07,4,32.2,in-store
STORE_003,SKU_007,2025-11-08 20:29:29,4,32.2,in-store
STORE_004,SKU_004,2025-11-08 20:31:39,1,49.99,online
STORE_004,SKU_004,2025-11-08 20:49:56,1,49.99,online
STORE_004,SKU_005,2025-11-08 11:16:25,2,8.75,online
STORE_004,SKU_005,2025-11-08 17:00:50,2,8.75,in-store
STORE_004,SKU_006,2025-11-08 16:24:31,2,15.0,in-store
STORE_004,SKU_006,2025-11-08 16:08:11,2,15.0,online
STORE_004,SKU_006,2025-11-08 12:44:13,2,15.0,in-store
STORE_004,SKU_008,2025-11-08 17:23:37,1,9.99,in-store
STORE_005,SKU_008,2025-11-08 08:39:02,1,9.99,online
STORE_005,SKU_008,2025-11-08 12:52:02,1,9.99,online
STORE_001,SKU_003,2025-11-09 21:51:55,5,5.99,online
STORE_001,SKU_005,2025-11-09 12:13:34,2,8.75,in-store
STORE_001,SKU_005,2025-11-09 13:37:13,2,8.75,online
STORE_001,SKU_005,2025-11-09 15:28:48,2,8.75,in-store
STORE_001,SKU_007,2025-11-09 16:04:09,6,32.2,online
STORE_001,SKU_007,2025-11-09 21:47:06,6,32.2,in-store
STORE_001,SKU_007,2025-11-09 19:56:59,6,32.2,online
STORE_001,SKU_009,2025-11-09 14:57:53,4,115.0,in-store
STORE_001,SKU_009,2025-11-09 16:15:17,4,115.0,online
STORE_002,SKU_002,2025-11-09 16:16:09,2,24.5,online
STORE_002,SKU_002,2025-11-09 11:43:42,2,24.5,in-store
STORE_002,SKU_007,2025-11-09 14:26:59,5,32.2,online
STORE_002,SKU_007,2025-11-09 14:29:14,5,32.2,online
STORE_002,SKU_007,2025-11-09 14:14:27,5,32.2,online
STORE_002,SKU_008,2025-11-09 21:21:42,1,9.99,online
STORE_002,SKU_008,2025-11-09 08:00:37,1,9.99,online
STORE_003,SKU_005,2025-11-09 10:00:53,1,8.75,online
STORE_003,SKU_005,2025-11-09 11:48:33,1,8.75,in-store
STORE_003,SKU_005,2025-11-09 20:20:45,1,8.75,online
STORE_004,SKU_005,2025-11-09 11:53:08,2,8.75,online
STORE_004,SKU_005,2025-11-09 21:12:55,2,8.75,in-store
STORE_004,SKU_005,2025-11-09 16:59:24,2,8.75,in-store
STORE_004,SKU_007,2025-11-09 08:28:48,5,32.2,online
STORE_004,SKU_007,2025-11-09 12:24:09,5,32.2,online
STORE_005,SKU_002,2025-11-09 09:03:04,3,24.5,in-store
STORE_001,SKU_002,2025-11-10 19:44:19,2,24.5,in-store
STORE_001,SKU_002,2025-11-10 21:19:44,2,24.5,online
STORE_001,SKU_003,2025-11-10 21:47:07,4,5.99,online
STORE_001,SKU_003,2025-11-10 11:52:57,4,5.99,online
STORE_001,SKU_004,2025-11-10 16:02:16,1,49.99,in-store
STORE_001,SKU_004,2025-11-10 13:07:45,1,49.99,in-store
STORE_001,SKU_004,2025-11-10 21:14:11,1,49.99,in-store
STORE_001,SKU_007,2025-11-10 19:21:59,5,32.2,online
STORE_001,SKU_007,2025-11-10 19:21:46,5,32.2,online
STORE_001,SKU_007,2025-11-10 11:49:05,5,32.2,online
STORE_002,SKU_001,2025-11-10 15:17:07,1,12.99,online
STORE_002,SKU_001,2025-11-10 09:05:27,1,12.99,in-store
STORE_002,SKU_001,2025-11-10 12:48:27,1,12.99,in-store
STORE_002,SKU_002,2025-11-10 18:49:07,3,24.5,online
STORE_002,SKU_002,2025-11-10 17:49:02,3,24.5,online
STORE_002,SKU_010,2025-11-10 10:06:57,2,18.5,in-store
STORE_002,SKU_010,2025-11-10 08:02:45,2,18.5,online
STORE_002,SKU_010,2025-11-10 14:37:47,2,18.5,online
STORE_003,SKU_001,2025-11-10 19:59:37,1,12.99,online
STORE_003,SKU_001,2025-11-10 16:40:23,1,12.99,in-store
STORE_003,SKU_001,2025-11-10 17:16:41,1,12.99,in-store
STORE_003,SKU_002,2025-11-10 08:11:55,1,24.5,online
STORE_003,SKU_007,2025-11-10 12:34:49,4,32.2,online
STORE_003,SKU_007,2025-11-10 21:35:17,4,32.2,online
STORE_003,SKU_007,2025-11-10 12:46:13,4,32.2,online
STORE_004,SKU_005,2025-11-10 12:36:39,1,8.75,online
STORE_004,SKU_005,2025-11-10 13:51:29,1,8.75,online
STORE_005,SKU_010,2025-11-10 08:11:44,1,18.5,in-store
STORE_005,SKU_010,2025-11-10 21:53:57,1,18.5,online
STORE_005,SKU_010,2025-11-10 19:14:30,1,18.5,online
STORE_001,SKU_001,2025-11-11 08:44:22,2,12.99,online
STORE_001,SKU_001,2025-11-11 13:39:34,2,12.99,in-store
STORE_001,SKU_001,2025-11-11 19:29:54,2,12.99,in-store
STORE_001,SKU_007,2025-11-11 20:03:21,4,32.2,in-store
STORE_001,SKU_007,2025-11-11 11:55:45,4,32.2,in-store
STORE_002,SKU_003,2025-11-11 13:47:51,2,5.99,in-store
STORE_002,SKU_003,2025-11-11 16:17:58,2,5.99,online
STORE_002,SKU_006,2025-11-11 16:40:41,2,15.0,online
STORE_003,SKU_005,2025-11-11 12:02:09,1,8.75,in-store
STORE_003,SKU_005,2025-11-11 21:26:09,1,8.75,online
STORE_004,SKU_001,2025-11-11 08:34:49,1,12.99,online
STORE_004,SKU_001,2025-11-11 20:28:44,1,12.99,online
STORE_004,SKU_001,2025-11-11 13:33:09,1,12.99,in-store
STORE_005,SKU_005,2025-11-11 10:37:52,1,8.75,in-store
STORE_005,SKU_005,2025-11-11 12:50:08,1,8.75,in-store
STORE_005,SKU_007,2025-11-11 15:32:51,4,32.2,online
STORE_005,SKU_007,2025-11-11 09:38:47,4,32.2,in-store
STORE_001,SKU_001,2025-11-12 11:29:32,1,12.99,online
STORE_001,SKU_001,2025-11-12 12:42:19,1,12.99,in-store
STORE_001,SKU_002,2025-11-12 17:50:07,4,24.5,online
STORE_001,SKU_002,2025-11-12 08:12:52,4,24.5,online
STORE_001,SKU_002,2025-11-12 16:21:45,4,24.5,in-store
STORE_001,SKU_003,2025-11-12 21:07:57,3,5.99,in-store
STORE_001,SKU_003,2025-11-12 10:34:33,3,5.99,in-store
STORE_001,SKU_003,2025-11-12 16:41:38,3,5.99,online
STORE_001,SKU_009,2025-11-12 17:12:24,2,115.0,in-store
STORE_002,SKU_001,2025-11-12 20:32:26,1,12.99,online
STORE_002,SKU_001,2025-11-12 10:39:17,1,12.99,online
STORE_002,SKU_007,2025-11-12 10:24:13,3,32.2,in-store
STORE_003,SKU_001,2025-11-12 09:16:08,1,12.99,in-store
STORE_003,SKU_001,2025-11-12 09:29:05,1,12.99,in-store
STORE_003,SKU_001,2025-11-12 16:22:56,1,12.99,in-store
STORE_003,SKU_009,2025-11-12 21:16:26,1,115.0,online
STORE_003,SKU_009,2025-11-12 21:48:17,1,115.0,online
STORE_004,SKU_004,2025-11-12 15:33:47,1,49.99,in-store
STORE_004,SKU_004,2025-11-12 21:07:48,1,49.99,in-store
STORE_004,SKU_004,2025-11-12 18:18:08,1,49.99,online
STORE_004,SKU_005,2025-11-12 19:34:12,1,8.75,online
STORE_004,SKU_005,2025-11-12 12:43:06,1,8.75,online
STORE_004,SKU_009,2025-11-12 13:13:50,1,115.0,online
STORE_004,SKU_009,2025-11-12 14:33:54,1,115.0,in-store
STORE_004,SKU_009,2025-11-12 13:43:32,1,115.0,in-store
STORE_005,SKU_004,2025-11-12 10:55:30,1,49.99,in-store
STORE_005,SKU_004,2025-11-12 10:58:57,1,49.99,in-store
STORE_005,SKU_004,2025-11-12 19:30:07,1,49.99,in-store
STORE_001,SKU_002,2025-11-13 13:35:32,2,24.5,in-store
STORE_002,SKU_003,2025-11-13 08:21:46,2,5.99,online
STORE_002,SKU_003,2025-11-13 10:20:59,2,5.99,in-store
STORE_002,SKU_003,2025-11-13 15:04:26,2,5.99,online
STORE_002,SKU_005,2025-11-13 10:08:34,1,8.75,online
STORE_002,SKU_008,2025-11-13 20:57:50,1,9.99,online
STORE_002,SKU_008,2025-11-13 16:31:06,1,9.99,online
STORE_002,SKU_008,2025-11-13 09:38:36,1,9.99,in-store
STORE_003,SKU_005,2025-11-13 20:23:02,1,,in-store
STORE_003,SKU_010,2025-11-13 18:22:08,2,18.5,in-store
STORE_004,SKU_002,2025-11-13 15:30:23,1,24.5,in-store
STORE_004,SKU_002,2025-11-13 14:12:49,1,24.5,in-store
STORE_004,SKU_002,2025-11-13 09:37:31,1,24.5,in-store
STORE_004,SKU_005,2025-11-13 15:15:24,2,8.75,in-store
STORE_005,SKU_004,2025-11-13 11:03:13,1,49.99,online
STORE_005,SKU_004,2025-11-13 20:28:34,1,49.99,in-store
STORE_005,SKU_004,2025-11-13 20:00:54,1,49.99,online
STORE_005,SKU_005,2025-11-13 11:25:37,1,8.75,in-store
STORE_001,SKU_001,2025-11-14 08:38:24,1,12.99,online
STORE_001,SKU_001,2025-11-14 21:54:37,1,12.99,in-store
STORE_001,SKU_001,2025-11-14 21:04:31,1,12.99,in-store
STORE_001,SKU_007,2025-11-14 10:12:51,4,32.2,online
STORE_002,SKU_010,2025-11-14 19:04:33,1,18.5,online
STORE_003,SKU_002,2025-11-14 18:29:30,2,24.5,in-store
STORE_003,SKU_002,2025-11-14 15:18:58,2,24.5,online
STORE_003,SKU_004,2025-11-14 14:52:31,1,49.99,online
STORE_003,SKU_004,2025-11-14 08:58:48,1,49.99,online
STORE_004,SKU_002,2025-11-14 20:10:08,1,24.5,in-store
STORE_004,SKU_002,2025-11-14 16:34:12,1,24.5,online
STORE_004,SKU_002,2025-11-14 18:24:37,1,24.5,online
STORE_004,SKU_010,2025-11-14 19:58:01,2,18.5,online
STORE_004,SKU_010,2025-11-14 18:22:15,2,18.5,in-store
STORE_001,SKU_001,2025-11-15 12:44:46,3,12.99,online
STORE_001,SKU_002,2025-11-15 12:26:11,5,24.5,online
STORE_001,SKU_002,2025-11-15 21:49:31,5,24.5,in-store
STORE_001,SKU_005,2025-11-15 21:12:05,3,8.75,online
STORE_001,SKU_006,2025-11-15 08:37:47,4,15.0,online
STORE_001,SKU_006,2025-11-15 09:25:50,4,15.0,online
STORE_001,SKU_006,2025-11-15 13:45:27,4,15.0,in-store
STORE_001,SKU_009,2025-11-15 10:03:27,2,115.0,in-store
STORE_001,SKU_009,2025-11-15 13:05:17,2,115.0,in-store
STORE_001,SKU_010,2025-11-15 21:03:20,3,18.5,online
STORE_002,SKU_001,2025-11-15 21:02:35,3,12.99,online
STORE_002,SKU_002,2025-11-15 21:34:37,4,24.5,in-store
STORE_002,SKU_002,2025-11-15 11:25:21,4,24.5,in-store
STORE_002,SKU_002,2025-11-15 14:16:14,4,24.5,in-store
STORE_002,SKU_004,2025-11-15 08:39:35,1,49.99,in-store
STORE_002,SKU_010,2025-11-15 21:45:12,2,18.5,in-store
STORE_003,SKU_002,2025-11-15 13:20:30,3,24.5,in-store
STORE_003,SKU_004,2025-11-15 20:49:24,1,49.99,online
STORE_003,SKU_004,2025-11-15 11:49:45,1,49.99,online
STORE_003,SKU_004,2025-11-15 19:34:49,1,49.99,online
STORE_003,SKU_005,2025-11-15 10:00:45,2,8.75,in-store
STORE_003,SKU_005,2025-11-15 18:17:49,2,8.75,online
STORE_003,SKU_005,2025-11-15 15:15:02,2,8.75,in-store
STORE_003,SKU_010,2025-11-15 11:15:19,2,18.5,online
STORE_003,SKU_010,2025-11-15 17:05:42,2,18.5,in-store
STORE_004,SKU_004,2025-11-15 14:24:09,1,49.99,in-store
STORE_004,SKU_004,2025-11-15 10:15:06,1,49.99,in-store
STORE_004,SKU_004,2025-11-15 14:39:26,1,49.99,online
STORE_004,SKU_006,2025-11-15 14:42:33,3,15.0,in-store
STORE_004,SKU_006,2025-11-15 18:47:00,3,15.0,in-store
STORE_004,SKU_006,2025-11-15 21:56:43,3,15.0,in-store
STORE_004,SKU_009,2025-11-15 08:56:55,2,115.0,online
STORE_004,SKU_009,2025-11-15 21:37:37,2,115.0,in-store
STORE_004,SKU_009,2025-11-15 11:12:15,2,115.0,in-store
STORE_005,SKU_002,2025-11-15 09:19:48,4,24.5,in-store
STORE_005,SKU_002,2025-11-15 17:06:01,4,24.5,in-store
STORE_001,SKU_003,2025-11-16 16:37:25,5,5.99,online
STORE_001,SKU_003,2025-11-16 09:46:03,5,5.99,online
STORE_001,SKU_003,2025-11-16 17:25:40,5,5.99,in-store
STORE_001,SKU_004,2025-11-16 08:55:24,2,49.99,in-store
STORE_001,SKU_004,2025-11-16 18:50:04,2,49.99,in-store
STORE_001,SKU_007,2025-11-16 12:59:50,7,32.2,online
STORE_001,SKU_007,2025-11-16 20:04:10,7,32.2,online
STORE_001,SKU_007,2025-11-16 15:43:22,7,32.2,online
STORE_002,SKU_006,2025-11-16 11:31:21,4,15.0,online
STORE_002,SKU_006,2025-11-16 08:36:22,4,15.0,online
STORE_003,SKU_001,2025-11-16 10:20:29,2,12.99,in-store
STORE_003,SKU_001,2025-11-16 17:56:03,2,12.99,online
STORE_003,SKU_001,2025-11-16 21:04:09,2,12.99,in-store
STORE_003,SKU_005,2025-11-16 15:51:49,2,8.75,in-store
STORE_003,SKU_008,2025-11-16 20:38:23,1,9.99,online
STORE_004,SKU_006,2025-11-16 18:21:57,3,15.0,in-store
STORE_004,SKU_006,2025-11-16 10:18:41,3,15.0,online
STORE_004,SKU_008,2025-11-16 10:27:13,1,9.99,online
STORE_004,SKU_008,2025-11-16 08:03:29,1,9.99,online
STORE_004,SKU_008,2025-11-16 17:27:51,1,9.99,in-store
STORE_005,SKU_001,2025-11-16 14:42:41,2,12.99,online
STORE_005,SKU_001,2025-11-16 14:21:47,2,12.99,in-store
STORE_005,SKU_002,2025-11-16 16:37:11,3,24.5,online
STORE_005,SKU_002,2025-11-16 11:40:37,3,24.5,in-store
STORE_001,SKU_007,2025-11-17 19:38:06,3,32.2,online
STORE_001,SKU_007,2025-11-17 08:57:59,3,32.2,online
STORE_001,SKU_007,2025-11-17 11:02:46,3,32.2,in-store
STORE_002,SKU_010,2025-11-17 14:38:03,2,18.5,online
STORE_002,SKU_010,2025-11-17 12:34:10,2,18.5,in-store
STORE_003,SKU_009,2025-11-17 09:23:48,1,115.0,in-store
STORE_004,SKU_001,2025-11-17 09:30:30,1,12.99,online
STORE_004,SKU_005,2025-11-17 12:03:06,1,8.75,online
STORE_004,SKU_005,2025-11-17 16:31:43,1,8.75,in-store
STORE_004,SKU_005,2025-11-17 16:32:20,1,8.75,online
STORE_005,SKU_008,2025-11-17 16:57:56,1,9.99,in-store
STORE_005,SKU_008,2025-11-17 10:01:41,1,,in-store
STORE_001,SKU_005,2025-11-18 19:57:19,1,8.75,in-store
STORE_001,SKU_005,2025-11-18 20:40:53,1,8.75,online
STORE_001,SKU_008,2025-11-18 13:01:12,1,9.99,in-store
STORE_001,SKU_008,2025-11-18 18:49:49,1,9.99,in-store
STORE_001,SKU_010,2025-11-18 13:09:37,2,18.5,in-store
STORE_001,SKU_010,2025-11-18 08:35:49,2,18.5,in-store
STORE_001,SKU_010,2025-11-18 19:12:10,2,18.5,online
STORE_004,SKU_001,2025-11-18 20:41:10,1,12.99,in-store
STORE_004,SKU_007,2025-11-18 11:22:58,3,32.2,in-store
STORE_004,SKU_007,2025-11-18 21:12:09,3,32.2,online
STORE_005,SKU_002,2025-11-18 08:09:44,1,24.5,online
STORE_005,SKU_002,2025-11-18 14:41:11,1,24.5,online
STORE_005,SKU_003,2025-11-18 12:29:44,4,5.99,in-store
STORE_001,SKU_001,2025-11-19 08:39:29,,12.99,in-store
STORE_001,SKU_001,2025-11-19 21:17:17,1,12.99,online
STORE_001,SKU_002,2025-11-19 14:12:00,3,24.5,in-store
STORE_001,SKU_002,2025-11-19 18:46:33,3,24.5,online
STORE_001,SKU_008,2025-11-19 16:35:05,1,9.99,online
STORE_002,SKU_001,2025-11-19 10:38:50,1,12.99,in-store
STORE_002,SKU_004,2025-11-19 13:31:25,1,49.99,online
STORE_002,SKU_004,2025-11-19 11:32:09,1,49.99,in-store
STORE_002,SKU_004,2025-11-19 11:34:42,1,49.99,in-store
STORE_003,SKU_007,2025-11-19 17:44:31,3,32.2,in-store
STORE_003,SKU_009,2025-11-19 18:17:41,2,115.0,in-store
STORE_003,SKU_009,2025-11-19 20:37:27,2,115.0,in-store
STORE_004,SKU_002,2025-11-19 14:51:20,2,24.5,online
STORE_004,SKU_002,2025-11-19 08:32:06,2,24.5,online
STORE_004,SKU_010,2025-11-19 17:09:38,2,18.5,in-store
STORE_004,SKU_010,2025-11-19 10:11:11,2,18.5,in-store
STORE_004,SKU_010,2025-11-19 19:00:47,2,18.5,in-store
STORE_005,SKU_001,2025-11-19 10:59:16,2,12.99,in-store
STORE_005,SKU_001,2025-11-19 18:09:15,2,12.99,in-store
STORE_005,SKU_001,2025-11-19 20:00:59,2,12.99,in-store
STORE_005,SKU_009,2025-11-19 10:02:22,1,115.0,online
STORE_005,SKU_009,2025-11-19 10:05:38,1,115.0,online
STORE_005,SKU_009,2025-11-19 15:55:40,1,115.0,in-store
STORE_001,SKU_004,2025-11-20 21:34:35,1,49.99,online
STORE_001,SKU_004,2025-11-20 15:04:47,1,49.99,online
STORE_001,SKU_004,2025-11-20 13:52:51,1,49.99,in-store
STORE_001,SKU_007,2025-11-20 16:00:34,5,32.2,online
STORE_001,SKU_007,2025-11-20 14:47:16,5,32.2,in-store
STORE_001,SKU_009,2025-11-20 19:19:31,2,115.0,in-store
STORE_001,SKU_009,2025-11-20 12:20:22,2,115.0,in-store
STORE_001,SKU_009,2025-11-20 11:25:29,2,115.0,online
STORE_001,SKU_010,2025-11-20 19:46:03,2,18.5,in-store
STORE_003,SKU_008,2025-11-20 15:04:53,1,9.99,online
STORE_004,SKU_005,2025-11-20 14:36:49,2,8.75,online
STORE_004,SKU_005,2025-11-20 19:34:44,2,8.75,online
STORE_004,SKU_005,2025-11-20 08:58:33,2,8.75,in-store
STORE_005,SKU_002,2025-11-20 15:46:07,2,24.5,online
STORE_005,SKU_003,2025-11-20 18:41:22,2,5.99,in-store
STORE_005,SKU_003,2025-11-20 16:06:30,2,5.99,in-store
STORE_005,SKU_003,2025-11-20 15:47:32,2,5.99,in-store
STORE_005,SKU_010,2025-11-20 19:07:03,3,18.5,online
STORE_005,SKU_010,2025-11-20 10:04:44,3,18.5,online
STORE_005,SKU_010,2025-11-20 12:58:46,3,18.5,in-store
STORE_001,SKU_002,2025-11-21 17:09:03,3,24.5,in-store
STORE_001,SKU_002,2025-11-21 10:53:12,3,24.5,online
STORE_001,SKU_002,2025-11-21 16:36:42,3,24.5,in-store
STORE_001,SKU_007,2025-11-21 11:53:51,4,32.2,online
STORE_002,SKU_008,2025-11-21 17:07:02,1,9.99,online
STORE_002,SKU_008,2025-11-21 19:18:29,1,9.99,online
STORE_003,SKU_001,2025-11-21 16:47:42,1,12.99,online
STORE_003,SKU_001,2025-11-21 15:40:54,1,12.99,in-store
STORE_003,SKU_005,2025-11-21 08:31:58,1,8.75,online
STORE_003,SKU_007,2025-11-21 08:42:37,2,32.2,online
STORE_003,SKU_007,2025-11-21 11:34:52,2,32.2,in-store
STORE_003,SKU_007,2025-11-21 16:56:56,2,32.2,in-store
STORE_003,SKU_008,2025-11-21 12:29:37,1,9.99,in-store
STORE_003,SKU_008,2025-11-21 13:07:26,1,9.99,online
STORE_004,SKU_005,2025-11-21 19:56:06,1,8.75,online
STORE_004,SKU_005,2025-11-21 20:37:16,1,8.75,online
STORE_004,SKU_005,2025-11-21 09:06:12,1,8.75,in-store
STORE_005,SKU_005,2025-11-21 17:16:21,1,8.75,online
STORE_001,SKU_001,2025-11-22 08:14:23,3,12.99,in-store
STORE_001,SKU_002,2025-11-22 18:16:22,5,24.5,in-store
STORE_001,SKU_002,2025-11-22 09:59:42,5,24.5,in-store
STORE_001,SKU_002,2025-11-22 14:19:20,5,24.5,online
STORE_001,SKU_005,2025-11-22 18:18:11,3,8.75,online
STORE_001,SKU_005,2025-11-22 16:47:52,3,8.75,in-store
STORE_001,SKU_005,2025-11-22 20:58:41,3,8.75,in-store
STORE_001,SKU_008,2025-11-22 12:21:58,1,9.99,in-store
STORE_001,SKU_008,2025-11-22 14:09:29,1,9.99,online
STORE_001,SKU_008,2025-11-22 15:35:39,1,9.99,online
STORE_002,SKU_001,2025-11-22 18:26:00,2,12.99,in-store
STORE_002,SKU_001,2025-11-22 16:31:56,2,12.99,in-store
STORE_002,SKU_001,2025-11-22 12:40:36,2,12.99,in-store
STORE_002,SKU_004,2025-11-22 16:52:19,1,49.99,online
STORE_002,SKU_004,2025-11-22 18:49:18,1,49.99,in-store
STORE_002,SKU_008,2025-11-22 20:41:15,1,9.99,online
STORE_002,SKU_008,2025-11-22 15:38:34,1,9.99,online
STORE_002,SKU_010,2025-11-22 12:23:23,2,18.5,in-store
STORE_002,SKU_010,2025-11-22 21:40:00,2,18.5,online
STORE_003,SKU_004,2025-11-22 15:38:23,1,49.99,online
STORE_003,SKU_004,2025-11-22 20:42:50,1,49.99,online
STORE_003,SKU_004,2025-11-22 16:01:22,1,49.99,online
STORE_003,SKU_008,2025-11-22 19:04:47,1,9.99,in-store
STORE_003,SKU_008,2025-11-22 20:04:34,1,9.99,online
STORE_004,SKU_001,2025-11-22 17:30:53,2,12.99,online
STORE_005,SKU_002,2025-11-22 08:01:58,4,24.5,online
STORE_005,SKU_002,2025-11-22 21:04:01,4,24.5,in-store
STORE_005,SKU_002,2025-11-22 17:46:34,4,24.5,in-store
STORE_005,SKU_003,2025-11-22 20:06:00,4,5.99,in-store
STORE_005,SKU_005,2025-11-22 11:02:11,3,8.75,in-store
STORE_005,SKU_005,2025-11-22 16:40:26,3,8.75,in-store
STORE_005,SKU_005,2025-11-22 08:17:19,3,8.75,in-store
STORE_005,SKU_010,2025-11-22 13:02:11,2,18.5,online
STORE_005,SKU_010,2025-11-22 11:56:39,2,18.5,in-store
STORE_001,SKU_001,2025-11-23 13:03:15,3,12.99,online
STORE_001,SKU_001,2025-11-23 11:01:18,3,12.99,in-store
STORE_001,SKU_002,2025-11-23 21:05:34,5,24.5,in-store
STORE_001,SKU_002,2025-11-23 15:18:37,5,24.5,in-store
STORE_001,SKU_008,2025-11-23 08:04:21,1,9.99,in-store
STORE_001,SKU_010,2025-11-23 14:27:51,4,18.5,in-store
STORE_001,SKU_010,2025-11-23 10:47:17,4,18.5,online
STORE_001,SKU_010,2025-11-23 11:10:08,4,18.5,in-store
STORE_002,SKU_002,2025-11-23 12:42:40,2,24.5,in-store
STORE_002,SKU_002,2025-11-23 21:20:44,2,24.5,in-store
STORE_002,SKU_002,2025-11-23 12:28:34,2,24.5,online
STORE_002,SKU_003,2025-11-23 20:33:40,6,5.99,online
STORE_002,SKU_003,2025-11-23 10:57:56,6,5.99,in-store
STORE_002,SKU_003,2025-11-23 21:49:50,6,5.99,online
STORE_002,SKU_007,2025-11-23 14:23:39,6,32.2,online
STORE_002,SKU_007,2025-11-23 10:13:19,6,32.2,online
STORE_002,SKU_007,2025-11-23 16:15:12,6,32.2,in-store
STORE_003,SKU_002,2025-11-23 17:23:01,4,24.5,online
STORE_003,SKU_002,2025-11-23 16:28:28,4,24.5,in-store
STORE_003,SKU_008,2025-11-23 21:36:34,1,9.99,in-store
STORE_003,SKU_008,2025-11-23 12:46:11,1,9.99,online
STORE_004,SKU_004,2025-11-23 09:15:10,1,49.99,in-store
STORE_004,SKU_005,2025-11-23 21:49:03,2,8.75,in-store
STORE_004,SKU_005,2025-11-23 12:51:06,2,8.75,online
STORE_004,SKU_005,2025-11-23 14:12:34,2,8.75,online
STORE_004,SKU_010,2025-11-23 16:02:08,4,18.5,in-store
STORE_004,SKU_010,2025-11-23 15:05:46,4,18.5,in-store
STORE_004,SKU_010,2025-11-23 09:03:10,4,18.5,online
STORE_005,SKU_007,2025-11-23 08:42:59,4,32.2,in-store
STORE_005,SKU_007,2025-11-23 08:26:26,4,32.2,in-store
STORE_005,SKU_007,2025-11-23 11:36:07,4,32.2,in-store
STORE_005,SKU_008,2025-11-23 16:48:22,1,9.99,online
STORE_001,SKU_003,2025-11-24 12:16:00,4,5.99,online
STORE_001,SKU_003,2025-11-24 14:46:44,4,5.99,online
STORE_001,SKU_003,2025-11-24 11:11:48,4,5.99,in-store
STORE_002,SKU_004,2025-11-24 16:59:00,1,49.99,online
STORE_002,SKU_004,2025-11-24 13:07:27,1,49.99,in-store
STORE_002,SKU_004,2025-11-24 16:55:41,1,49.99,in-store
STORE_003,SKU_001,2025-11-24 09:22:40,1,12.99,online
STORE_003,SKU_004,2025-11-24 14:11:26,1,49.99,in-store
STORE_003,SKU_004,2025-11-24 17:18:42,1,49.99,in-store
STORE_004,SKU_001,2025-11-24 16:01:23,2,12.99,in-store
STORE_004,SKU_001,2025-11-24 14:16:40,2,12.99,in-store
STORE_004,SKU_001,2025-11-24 08:43:00,2,12.99,online
STORE_004,SKU_002,2025-11-24 08:25:51,3,24.5,in-store
STORE_004,SKU_002,2025-11-24 12:40:33,3,24.5,in-store
STORE_004,SKU_008,2025-11-24 20:55:07,1,9.99,in-store
STORE_004,SKU_008,2025-11-24 08:36:22,1,9.99,in-store
STORE_005,SKU_008,2025-11-24 14:02:16,1,9.99,online
STORE_005,SKU_009,2025-11-24 20:48:07,1,115.0,online
STORE_005,SKU_009,2025-11-24 20:48:44,1,115.0,in-store
STORE_005,SKU_009,2025-11-24 19:36:42,1,115.0,in-store
STORE_001,SKU_008,2025-11-25 19:18:25,1,9.99,in-store
STORE_002,SKU_005,2025-11-25 09:39:58,1,8.75,in-store
STORE_002,SKU_005,2025-11-25 13:39:50,1,8.75,in-store
STORE_002,SKU_005,2025-11-25 15:57:43,1,8.75,online
STORE_003,SKU_001,2025-11-25 15:16:10,1,12.99,online
STORE_003,SKU_001,2025-11-25 21:42:57,1,12.99,online
STORE_004,SKU_004,2025-11-25 12:19:29,1,49.99,in-store
STORE_004,SKU_004,2025-11-25 08:42:58,1,49.99,online
STORE_005,SKU_008,2025-11-25 11:42:43,1,9.99,online
STORE_005,SKU_008,2025-11-25 18:44:30,1,9.99,in-store
STORE_005,SKU_008,2025-11-25 14:55:45,1,9.99,in-store
STORE_001,SKU_002,2025-11-26 17:10:39,2,24.5,in-store
STORE_001,SKU_002,2025-11-26 14:08:27,2,24.5,online
STORE_001,SKU_007,2025-11-26 17:15:07,5,32.2,in-store
STORE_001,SKU_009,2025-11-26 09:27:19,1,115.0,online
STORE_003,SKU_010,2025-11-26 10:39:17,1,18.5,in-store
STORE_003,SKU_010,2025-11-26 19:15:50,1,18.5,in-store
STORE_004,SKU_008,2025-11-26 09:57:08,1,9.99,in-store
STORE_004,SKU_010,2025-11-26 12:10:43,1,18.5,in-store
STORE_004,SKU_010,2025-11-26 12:30:34,1,18.5,online
STORE_005,SKU_001,2025-11-26 19:45:33,1,12.99,in-store
STORE_005,SKU_005,2025-11-26 18:31:27,1,8.75,online
STORE_005,SKU_008,2025-11-26 13:41:12,1,9.99,in-store
STORE_001,SKU_005,2025-11-27 08:01:35,1,8.75,in-store
STORE_001,SKU_005,2025-11-27 14:31:37,1,8.75,in-store
STORE_001,SKU_005,2025-11-27 16:19:26,1,8.75,online
STORE_001,SKU_006,2025-11-27 19:46:50,3,15.0,in-store
STORE_001,SKU_006,2025-11-27 21:03:11,3,15.0,in-store
STORE_001,SKU_006,2025-11-27 08:07:37,3,15.0,in-store
STORE_002,SKU_002,2025-11-27 19:47:11,2,24.5,online
STORE_002,SKU_002,2025-11-27 11:47:16,2,24.5,online
STORE_002,SKU_005,2025-11-27 17:50:57,1,8.75,online
STORE_002,SKU_008,2025-11-27 15:25:42,1,9.99,in-store
STORE_002,SKU_008,2025-11-27 15:18:29,1,9.99,in-store
STORE_003,SKU_001,2025-11-27 08:34:45,1,12.99,online
STORE_003,SKU_001,2025-11-27 16:17:10,1,12.99,online
STORE_003,SKU_001,2025-11-27 09:45:47,1,12.99,in-store
STORE_003,SKU_002,2025-11-27 19:23:51,3,24.5,online
STORE_003,SKU_002,2025-11-27 18:12:23,3,24.5,in-store
STORE_003,SKU_002,2025-11-27 16:01:24,3,24.5,online
STORE_004,SKU_001,2025-11-27 10:27:20,1,12.99,online
STORE_004,SKU_001,2025-11-27 17:08:52,1,12.99,in-store
STORE_004,SKU_001,2025-11-27 14:59:27,1,12.99,online
STORE_004,SKU_002,2025-11-27 18:17:51,2,24.5,online
STORE_005,SKU_005,2025-11-27 18:11:53,1,8.75,in-store
STORE_005,SKU_005,2025-11-27 12:41:00,1,8.75,online
STORE_005,SKU_005,2025-11-27 13:41:27,1,8.75,online
STORE_005,SKU_007,2025-11-27 20:48:35,3,32.2,online
STORE_005,SKU_007,2025-11-27 09:50:13,3,32.2,online
STORE_005,SKU_008,2025-11-27 20:53:34,1,9.99,in-store
STORE_005,SKU_008,2025-11-27 15:51:52,1,9.99,online
STORE_001,SKU_002,2025-11-28 09:21:38,4,24.5,in-store
STORE_001,SKU_002,2025-11-28 08:01:41,4,24.5,in-store
STORE_001,SKU_005,2025-11-28 16:14:24,1,8.75,online
STORE_001,SKU_005,2025-11-28 20:29:59,1,8.75,in-store
STORE_001,SKU_008,2025-11-28 20:48:35,1,9.99,in-store
STORE_001,SKU_008,2025-11-28 11:02:34,1,9.99,in-store
STORE_002,SKU_007,2025-11-28 10:49:46,2,32.2,in-store
STORE_002,SKU_007,2025-11-28 09:41:25,2,32.2,online
STORE_002,SKU_007,2025-11-28 10:32:23,2,32.2,online
STORE_003,SKU_002,2025-11-28 16:17:38,2,24.5,online
STORE_003,SKU_002,2025-11-28 13:27:50,2,24.5,in-store
STORE_003,SKU_010,2025-11-28 13:44:30,3,18.5,in-store
STORE_003,SKU_010,2025-11-28 10:34:45,3,18.5,in-store
STORE_003,SKU_010,2025-11-28 10:37:52,3,18.5,in-store
STORE_004,SKU_004,2025-11-28 15:09:13,1,49.99,online
STORE_005,SKU_002,2025-11-28 10:17:06,2,24.5,in-store
STORE_005,SKU_002,2025-11-28 14:09:37,2,24.5,in-store
STORE_005,SKU_002,2025-11-28 08:26:26,2,24.5,in-store
STORE_005,SKU_005,2025-11-28 13:42:58,1,8.75,in-store
STORE_001,SKU_003,2025-11-29 11:35:46,7,5.99,in-store
STORE_001,SKU_003,2025-11-29 19:23:52,7,5.99,in-store
STORE_001,SKU_005,2025-11-29 20:12:42,3,8.75,in-store
STORE_001,SKU_005,2025-11-29 21:44:47,3,8.75,in-store
STORE_001,SKU_005,2025-11-29 13:20:01,3,8.75,online
STORE_001,SKU_008,2025-11-29 10:48:03,1,9.99,online
STORE_001,SKU_010,2025-11-29 17:57:21,4,18.5,in-store
STORE_002,SKU_005,2025-11-29 15:15:15,2,8.75,in-store
STORE_002,SKU_010,2025-11-29 11:40:33,4,18.5,in-store
STORE_003,SKU_001,2025-11-29 19:08:33,2,12.99,online
STORE_003,SKU_001,2025-11-29 12:29:44,2,12.99,in-store
STORE_003,SKU_005,2025-11-29 21:21:39,2,8.75,in-store
STORE_004,SKU_009,2025-11-29 18:43:47,3,115.0,in-store
STORE_004,SKU_009,2025-11-29 16:16:17,3,115.0,in-store
STORE_004,SKU_009,2025-11-29 15:42:37,3,115.0,online
STORE_005,SKU_002,2025-11-29 19:59:51,3,24.5,in-store
STORE_005,SKU_005,2025-11-29 12:37:13,3,8.75,online
STORE_005,SKU_005,2025-11-29 17:07:42,3,8.75,in-store
STORE_005,SKU_007,2025-11-29 15:34:00,6,32.2,online
STORE_005,SKU_010,2025-11-29 10:04:45,2,18.5,online
STORE_005,SKU_010,2025-11-29 08:35:55,2,18.5,online
STORE_005,SKU_010,2025-11-29 14:28:42,2,18.5,in-store
STORE_001,SKU_002,2025-11-30 18:05:34,4,24.5,online
STORE_001,SKU_002,2025-11-30 20:23:23,4,24.5,online
STORE_001,SKU_002,2025-11-30 11:03:08,4,24.5,online
STORE_001,SKU_004,2025-11-30 08:21:30,1,49.99,in-store
STORE_001,SKU_005,2025-11-30 13:13:37,4,8.75,online
STORE_001,SKU_005,2025-11-30 10:33:45,4,8.75,in-store
STORE_001,SKU_008,2025-11-30 14:50:52,1,9.99,in-store
STORE_001,SKU_008,2025-11-30 20:21:47,1,9.99,in-store
STORE_001,SKU_008,2025-11-30 20:03:31,1,9.99,in-store
STORE_001,SKU_009,2025-11-30 13:46:16,3,115.0,online
STORE_001,SKU_009,2025-11-30 18:31:10,3,115.0,online
STORE_001,SKU_009,2025-11-30 19:33:36,3,115.0,in-store
STORE_001,SKU_010,2025-11-30 13:50:43,6,18.5,in-store
STORE_002,SKU_006,2025-11-30 17:43:38,4,15.0,online
STORE_002,SKU_006,2025-11-30 08:15:12,4,15.0,online
STORE_002,SKU_006,2025-11-30 19:36:58,4,15.0,in-store
STORE_002,SKU_008,2025-11-30 20:48:43,1,9.99,online
STORE_002,SKU_008,2025-11-30 12:22:16,1,9.99,online
STORE_002,SKU_008,2025-11-30 11:44:10,1,9.99,in-store
STORE_003,SKU_004,2025-11-30 12:38:24,1,49.99,online
STORE_003,SKU_004,2025-11-30 15:08:28,1,49.99,online
STORE_003,SKU_010,2025-11-30 20:59:37,4,18.5,online
STORE_003,SKU_010,2025-11-30 11:37:44,4,18.5,online
STORE_004,SKU_008,2025-11-30 08:33:01,1,9.99,in-store
STORE_005,SKU_002,2025-11-30 15:38:09,3,24.5,online
STORE_005,SKU_002,2025-11-30 15:14:08,3,24.5,online
STORE_005,SKU_008,2025-11-30 10:35:20,1,9.99,in-store
STORE_005,SKU_008,2025-11-30 20:07:06,1,9.99,in-store
STORE_005,SKU_010,2025-11-30 19:24:29,3,18.5,in-store
STORE_005,SKU_010,2025-11-30 20:22:56,3,18.5,in-store
STORE_005,SKU_010,2025-11-30 19:47:37,3,18.5,in-store
STORE_001,SKU_005,2025-12-01 09:19:13,2,8.75,in-store
STORE_001,SKU_005,2025-12-01 11:10:45,2,8.75,in-store
STORE_001,SKU_005,2025-12-01 21:01:45,2,8.75,online
STORE_001,SKU_007,2025-12-01 20:06:14,6,32.2,in-store
STORE_001,SKU_007,2025-12-01 14:42:46,6,32.2,online
STORE_001,SKU_007,2025-12-01 11:57:15,6,32.2,online
STORE_001,SKU_008,2025-12-01 10:31:41,1,9.99,online
STORE_002,SKU_002,2025-12-01 17:41:35,3,24.5,in-store
STORE_002,SKU_002,2025-12-01 13:37:22,3,24.5,online
STORE_002,SKU_002,2025-12-01 17:37:50,3,24.5,online
STORE_002,SKU_005,2025-12-01 18:22:09,1,8.75,in-store
STORE_002,SKU_010,2025-12-01 09:24:44,3,18.5,in-store
STORE_002,SKU_010,2025-12-01 09:42:19,3,18.5,online
STORE_003,SKU_002,2025-12-01 17:03:30,3,24.5,online
STORE_004,SKU_007,2025-12-01 12:27:07,4,32.2,in-store
STORE_004,SKU_007,2025-12-01 21:20:08,4,32.2,online
STORE_004,SKU_007,2025-12-01 17:09:35,4,32.2,in-store
STORE_004,SKU_010,2025-12-01 16:43:16,3,18.5,online
STORE_004,SKU_010,2025-12-01 15:25:05,3,18.5,in-store
STORE_004,SKU_010,2025-12-01 14:56:15,3,18.5,in-store
STORE_005,SKU_009,2025-12-01 19:11:26,1,115.0,online
STORE_005,SKU_009,2025-12-01 08:30:50,1,115.0,in-store
STORE_001,SKU_001,2025-12-02 09:20:45,2,12.99,online
STORE_001,SKU_001,2025-12-02 19:40:44,2,12.99,in-store
STORE_001,SKU_002,2025-12-02 16:39:40,3,24.5,in-store
STORE_001,SKU_002,2025-12-02 09:34:46,3,24.5,in-store
STORE_001,SKU_002,2025-12-02 21:42:46,3,24.5,online
STORE_001,SKU_004,2025-12-02 09:58:41,1,49.99,online
STORE_001,SKU_004,2025-12-02 18:35:27,1,49.99,online
STORE_001,SKU_010,2025-12-02 09:02:02,4,18.5,online
STORE_002,SKU_004,2025-12-02 12:07:46,1,49.99,online
STORE_002,SKU_006,2025-12-02 11:40:40,2,15.0,online
STORE_002,SKU_006,2025-12-02 11:30:57,2,15.0,online
STORE_002,SKU_006,2025-12-02 10:20:36,,15.0,online
STORE_002,SKU_007,2025-12-02 08:37:33,4,32.2,in-store
STORE_002,SKU_007,2025-12-02 14:29:35,4,32.2,in-store
STORE_002,SKU_007,2025-12-02 21:10:56,4,32.2,online
STORE_002,SKU_008,2025-12-02 16:08:42,1,9.99,online
STORE_003,SKU_003,2025-12-02 17:45:55,3,5.99,online
STORE_003,SKU_003,2025-12-02 14:06:42,3,5.99,in-store
STORE_004,SKU_001,2025-12-02 12:35:17,2,12.99,online
STORE_004,SKU_001,2025-12-02 09:49:56,2,12.99,in-store
STORE_004,SKU_007,2025-12-02 18:55:25,3,32.2,online
STORE_004,SKU_007,2025-12-02 10:23:06,3,32.2,online
STORE_004,SKU_007,2025-12-02 19:35:58,3,32.2,in-store
STORE_005,SKU_001,2025-12-02 18:09:40,2,12.99,online
STORE_005,SKU_004,2025-12-02 20:10:05,1,49.99,online
STORE_005,SKU_006,2025-12-02 18:05:18,2,15.0,online
STORE_005,SKU_006,2025-12-02 08:33:12,2,15.0,online
STORE_005,SKU_010,2025-12-02 16:53:09,4,18.5,in-store
STORE_001,SKU_001,2025-12-03 18:47:45,2,12.99,in-store
STORE_001,SKU_001,2025-12-03 21:58:24,2,12.99,in-store
STORE_001,SKU_005,2025-12-03 21:58:10,3,8.75,online
STORE_001,SKU_005,2025-12-03 18:21:07,3,8.75,online
STORE_001,SKU_005,2025-12-03 09:45:30,3,8.75,in-store
STORE_002,SKU_003,2025-12-03 15:31:46,4,5.99,online
STORE_002,SKU_003,2025-12-03 17:19:57,4,5.99,online
STORE_002,SKU_003,2025-12-03 11:04:30,4,5.99,in-store
STORE_002,SKU_008,2025-12-03 10:49:30,1,9.99,online
STORE_002,SKU_008,2025-12-03 12:56:40,1,9.99,online
STORE_002,SKU_008,2025-12-03 10:53:51,1,9.99,in-store
STORE_003,SKU_001,2025-12-03 20:33:44,2,12.99,in-store
STORE_003,SKU_001,2025-12-03 20:01:25,2,12.99,online
STORE_003,SKU_001,2025-12-03 12:40:29,2,12.99,in-store
STORE_003,SKU_008,2025-12-03 21:18:24,1,9.99,online
STORE_003,SKU_009,2025-12-03 16:04:30,2,115.0,online
STORE_004,SKU_008,2025-12-03 18:57:44,1,9.99,in-store
STORE_004,SKU_008,2025-12-03 14:13:09,1,9.99,in-store
STORE_004,SKU_008,2025-12-03 18:26:50,1,9.99,in-store
STORE_001,SKU_007,2025-12-04 18:41:53,7,32.2,online
STORE_001,SKU_007,2025-12-04 09:12:56,7,32.2,in-store
STORE_002,SKU_002,2025-12-04 11:47:27,2,24.5,online
STORE_002,SKU_010,2025-12-04 20:22:08,2,18.5,in-store
STORE_003,SKU_002,2025-12-04 11:46:01,3,24.5,in-store
STORE_003,SKU_002,2025-12-04 11:29:10,3,24.5,online
STORE_003,SKU_008,2025-12-04 08:28:43,1,9.99,online
STORE_003,SKU_008,2025-12-04 17:28:33,1,9.99,in-store
STORE_003,SKU_008,2025-12-04 11:23:15,1,9.99,online
STORE_003,SKU_010,2025-12-04 09:43:58,2,18.5,in-store
STORE_003,SKU_010,2025-12-04 14:39:02,2,18.5,online
STORE_004,SKU_003,2025-12-04 17:27:46,5,5.99,in-store
STORE_004,SKU_005,2025-12-04 21:58:24,1,8.75,online
STORE_004,SKU_005,2025-12-04 09:45:53,1,8.75,in-store
STORE_005,SKU_001,2025-12-04 11:34:03,1,12.99,online
STORE_005,SKU_001,2025-12-04 13:34:26,1,12.99,online
STORE_005,SKU_005,2025-12-04 20:26:41,1,8.75,in-store
STORE_005,SKU_006,2025-12-04 11:13:58,2,15.0,in-store
STORE_005,SKU_007,2025-12-04 08:10:11,3,32.2,in-store
STORE_005,SKU_007,2025-12-04 16:38:00,3,32.2,online
STORE_005,SKU_007,2025-12-04 15:22:48,3,32.2,online
STORE_001,SKU_002,2025-12-05 19:55:11,5,24.5,in-store
STORE_001,SKU_005,2025-12-05 10:54:31,3,8.75,online
STORE_001,SKU_006,2025-12-05 08:39:08,3,15.0,in-store
STORE_001,SKU_006,2025-12-05 12:12:42,3,15.0,in-store
STORE_001,SKU_007,2025-12-05 09:13:49,7,32.2,in-store
STORE_001,SKU_007,2025-12-05 19:29:44,7,,in-store
STORE_001,SKU_007,2025-12-05 08:56:32,7,32.2,in-store
STORE_001,SKU_008,2025-12-05 14:48:55,1,9.99,online
STORE_001,SKU_008,2025-12-05 20:36:09,1,9.99,online
STORE_002,SKU_005,2025-12-05 09:11:38,2,8.75,online
STORE_002,SKU_005,2025-12-05 19:48:21,2,8.75,in-store
STORE_002,SKU_005,2025-12-05 19:18:06,2,8.75,in-store
STORE_002,SKU_008,2025-12-05 15:35:34,1,9.99,online
STORE_002,SKU_008,2025-12-05 10:53:41,1,9.99,online
STORE_002,SKU_008,2025-12-05 08:17:08,1,9.99,online
STORE_003,SKU_008,2025-12-05 09:12:51,1,9.99,in-store
STORE_004,SKU_003,2025-12-05 17:32:46,4,5.99,in-store
STORE_004,SKU_003,2025-12-05 09:29:24,4,5.99,in-store
STORE_004,SKU_003,2025-12-05 21:47:30,4,5.99,in-store
STORE_004,SKU_004,2025-12-05 11:48:22,1,49.99,online
STORE_004,SKU_005,2025-12-05 21:38:02,2,8.75,online
STORE_005,SKU_002,2025-12-05 18:27:32,3,24.5,in-store
STORE_001,SKU_002,2025-12-06 17:40:29,7,24.5,in-store
STORE_001,SKU_002,2025-12-06 16:42:52,7,24.5,online
STORE_001,SKU_003,2025-12-06 12:50:25,9,5.99,in-store
STORE_001,SKU_003,2025-12-06 08:20:31,9,5.99,online
STORE_001,SKU_004,2025-12-06 18:22:56,2,49.99,in-store
STORE_001,SKU_004,2025-12-06 18:01:40,2,49.99,in-store
STORE_001,SKU_005,2025-12-06 11:48:57,4,8.75,online
STORE_001,SKU_005,2025-12-06 16:47:04,4,8.75,in-store
STORE_001,SKU_005,2025-12-06 13:01:34,4,8.75,online
STORE_001,SKU_008,2025-12-06 12:51:41,2,9.99,online
STORE_001,SKU_008,2025-12-06 20:25:36,2,9.99,in-store
STORE_001,SKU_010,2025-12-06 20:11:03,7,18.5,in-store
STORE_001,SKU_010,2025-12-06 15:53:44,7,18.5,online
STORE_001,SKU_010,2025-12-06 21:36:40,7,18.5,in-store
STORE_002,SKU_002,2025-12-06 11:35:33,4,24.5,in-store
STORE_002,SKU_002,2025-12-06 17:25:51,4,24.5,online
STORE_002,SKU_003,2025-12-06 12:40:10,5,5.99,in-store
STORE_002,SKU_003,2025-12-06 14:17:51,5,5.99,in-store
STORE_002,SKU_005,2025-12-06 18:19:43,3,8.75,online
STORE_002,SKU_008,2025-12-06 12:08:52,1,9.99,online
STORE_002,SKU_008,2025-12-06 18:13:32,1,9.99,in-store
STORE_003,SKU_005,2025-12-06 08:27:26,3,8.75,online
STORE_003,SKU_007,2025-12-06 16:57:43,7,32.2,in-store
STORE_003,SKU_007,2025-12-06 14:48:24,7,32.2,in-store
STORE_003,SKU_007,2025-12-06 20:02:58,7,32.2,in-store
STORE_004,SKU_004,2025-12-06 10:56:37,1,49.99,online
STORE_004,SKU_005,2025-12-06 09:07:17,2,8.75,online
STORE_004,SKU_008,2025-12-06 15:52:07,1,9.99,online
STORE_004,SKU_008,2025-12-06 15:55:16,1,9.99,in-store
STORE_004,SKU_010,2025-12-06 08:28:45,3,18.5,online
STORE_004,SKU_010,2025-12-06 20:54:38,3,18.5,online
STORE_005,SKU_001,2025-12-06 20:19:01,2,12.99,in-store
STORE_005,SKU_001,2025-12-06 21:43:01,2,12.99,in-store
STORE_005,SKU_001,2025-12-06 21:09:41,2,12.99,in-store
STORE_005,SKU_002,2025-12-06 09:03:00,6,24.5,online
STORE_005,SKU_002,2025-12-06 17:25:25,6,24.5,online
STORE_005,SKU_007,2025-12-06 14:51:19,7,32.2,online
STORE_005,SKU_007,2025-12-06 13:45:42,7,32.2,in-store
STORE_005,SKU_007,2025-12-06 15:12:26,7,32.2,online
STORE_005,SKU_008,2025-12-06 16:48:23,2,9.99,in-store
STORE_005,SKU_008,2025-12-06 17:42:25,2,9.99,in-store
STORE_001,SKU_001,2025-12-07 08:52:14,3,12.99,online
STORE_001,SKU_001,2025-12-07 10:09:33,3,12.99,in-store
STORE_001,SKU_002,2025-12-07 20:05:00,8,24.5,in-store
STORE_001,SKU_002,2025-12-07 08:01:36,8,24.5,online
STORE_001,SKU_003,2025-12-07 16:33:27,9,5.99,online
STORE_001,SKU_003,2025-12-07 11:25:14,9,5.99,in-store
STORE_001,SKU_004,2025-12-07 16:20:44,2,49.99,online
STORE_001,SKU_004,2025-12-07 14:40:50,2,49.99,online
STORE_001,SKU_006,2025-12-07 08:44:45,6,15.0,in-store
STORE_001,SKU_006,2025-12-07 13:06:23,6,15.0,online
STORE_001,SKU_007,2025-12-07 17:17:15,9,32.2,in-store
STORE_001,SKU_008,2025-12-07 14:10:56,2,9.99,online
STORE_002,SKU_003,2025-12-07 19:48:33,7,5.99,in-store
STORE_002,SKU_003,2025-12-07 10:05:36,7,5.99,online
STORE_002,SKU_003,2025-12-07 11:43:37,7,5.99,online
STORE_003,SKU_001,2025-12-07 09:09:22,3,12.99,online
STORE_003,SKU_001,2025-12-07 15:21:38,3,12.99,in-store
STORE_003,SKU_001,2025-12-07 17:46:18,3,12.99,online
STORE_003,SKU_007,2025-12-07 16:00:16,7,32.2,online
STORE_003,SKU_007,2025-12-07 13:02:16,7,32.2,in-store
STORE_003,SKU_007,2025-12-07 13:15:06,7,32.2,in-store
STORE_004,SKU_004,2025-12-07 11:21:36,2,49.99,in-store
STORE_004,SKU_004,2025-12-07 15:55:33,2,49.99,online
STORE_004,SKU_007,2025-12-07 16:34:42,7,32.2,in-store
STORE_004,SKU_007,2025-12-07 14:40:32,7,32.2,in-store
STORE_005,SKU_008,2025-12-07 15:30:03,1,9.99,in-store
STORE_005,SKU_008,2025-12-07 19:35:35,1,9.99,in-store
STORE_001,SKU_005,2025-12-08 11:36:03,2,8.75,online
STORE_001,SKU_005,2025-12-08 09:55:05,2,8.75,online
STORE_001,SKU_005,2025-12-08 20:23:32,2,8.75,online
STORE_001,SKU_007,2025-12-08 13:22:26,5,32.2,online
STORE_001,SKU_007,2025-12-08 09:19:39,5,32.2,online
STORE_003,SKU_001,2025-12-08 17:10:04,2,12.99,online
STORE_003,SKU_001,2025-12-08 17:54:44,2,12.99,online
STORE_004,SKU_002,2025-12-08 12:21:15,2,24.5,online
STORE_004,SKU_002,2025-12-08 19:18:51,2,24.5,online
STORE_004,SKU_002,2025-12-08 21:37:56,2,24.5,in-store
STORE_004,SKU_004,2025-12-08 20:00:12,1,49.99,in-store
STORE_004,SKU_004,2025-12-08 16:39:16,1,49.99,in-store
STORE_004,SKU_005,2025-12-08 12:31:42,2,8.75,in-store
STORE_005,SKU_001,2025-12-08 19:35:32,2,12.99,in-store
STORE_005,SKU_001,2025-12-08 21:26:05,2,12.99,in-store
STORE_005,SKU_006,2025-12-08 18:27:27,3,15.0,online
STORE_001,SKU_001,2025-12-09 13:14:51,3,12.99,in-store
STORE_001,SKU_001,2025-12-09 13:31:47,3,12.99,in-store
STORE_001,SKU_001,2025-12-09 17:57:17,3,12.99,in-store
STORE_001,SKU_005,2025-12-09 12:36:09,2,8.75,online
STORE_001,SKU_005,2025-12-09 19:23:37,2,8.75,in-store
STORE_002,SKU_003,2025-12-09 13:27:23,3,5.99,in-store
STORE_002,SKU_008,2025-12-09 08:35:50,1,9.99,in-store
STORE_002,SKU_008,2025-12-09 12:37:08,1,9.99,online
STORE_002,SKU_008,2025-12-09 11:23:09,1,9.99,online
STORE_003,SKU_005,2025-12-09 12:45:19,1,8.75,in-store
STORE_003,SKU_007,2025-12-09 18:56:43,4,32.2,online
STORE_003,SKU_007,2025-12-09 19:23:10,4,32.2,in-store
STORE_003,SKU_007,2025-12-09 08:09:33,4,32.2,online
STORE_003,SKU_008,2025-12-09 18:23:09,1,9.99,in-store
STORE_003,SKU_008,2025-12-09 19:58:39,1,9.99,online
STORE_003,SKU_008,2025-12-09 17:54:45,1,9.99,in-store
STORE_003,SKU_009,2025-12-09 09:53:24,2,115.0,in-store
STORE_004,SKU_005,2025-12-09 13:03:34,2,8.75,online
STORE_004,SKU_005,2025-12-09 18:35:39,2,8.75,in-store
STORE_004,SKU_005,2025-12-09 19:04:45,2,8.75,in-store
STORE_004,SKU_009,2025-12-09 18:40:58,2,115.0,online
STORE_005,SKU_001,2025-12-09 12:20:54,2,12.99,in-store
STORE_005,SKU_001,2025-12-09 19:57:38,2,12.99,online
STORE_005,SKU_005,2025-12-09 17:01:16,1,8.75,online
STORE_005,SKU_005,2025-12-09 17:48:30,1,8.75,in-store
STORE_005,SKU_005,2025-12-09 15:24:24,1,8.75,in-store
STORE_005,SKU_008,2025-12-09 14:55:08,1,9.99,in-store
STORE_005,SKU_010,2025-12-09 19:03:52,3,18.5,online
STORE_005,SKU_010,2025-12-09 20:01:21,3,18.5,online
STORE_005,SKU_010,2025-12-09 18:24:39,3,18.5,online
STORE_001,SKU_002,2025-12-10 16:32:20,4,24.5,online
STORE_001,SKU_002,2025-12-10 13:12:59,4,24.5,in-store
STORE_001,SKU_005,2025-12-10 17:10:51,2,8.75,online
STORE_001,SKU_005,2025-12-10 20:07:07,2,8.75,online
STORE_002,SKU_009,2025-12-10 13:31:59,2,115.0,online
STORE_002,SKU_009,2025-12-10 14:35:57,2,115.0,online
STORE_002,SKU_009,2025-12-10 16:41:26,2,115.0,online
STORE_002,SKU_010,2025-12-10 18:11:50,2,18.5,in-store
STORE_003,SKU_004,2025-12-10 08:53:19,1,49.99,in-store
STORE_003,SKU_005,2025-12-10 19:44:39,2,8.75,online
STORE_003,SKU_005,2025-12-10 16:35:29,2,8.75,in-store
STORE_003,SKU_007,2025-12-10 08:05:01,4,32.2,in-store
STORE_003,SKU_008,2025-12-10 16:01:29,1,9.99,in-store
STORE_004,SKU_002,2025-12-10 20:59:58,3,24.5,online
STORE_004,SKU_004,2025-12-10 20:58:53,1,49.99,in-store
STORE_004,SKU_004,2025-12-10 20:53:58,1,49.99,online
STORE_004,SKU_004,2025-12-10 19:20:02,1,49.99,in-store
STORE_004,SKU_005,2025-12-10 18:23:30,1,8.75,in-store
STORE_004,SKU_005,2025-12-10 20:57:33,1,8.75,online
STORE_004,SKU_008,2025-12-10 15:48:36,1,9.99,online
STORE_004,SKU_008,2025-12-10 20:53:01,1,9.99,online
STORE_004,SKU_010,2025-12-10 10:04:02,2,18.5,in-store
STORE_005,SKU_002,2025-12-10 14:18:44,3,24.5,in-store
STORE_005,SKU_002,2025-12-10 19:29:44,3,24.5,in-store
STORE_005,SKU_002,2025-12-10 17:26:04,3,24.5,online
STORE_001,SKU_008,2025-12-11 11:44:15,1,9.99,online
STORE_001,SKU_008,2025-12-11 08:58:58,1,9.99,in-store
STORE_001,SKU_008,2025-12-11 13:42:58,1,9.99,in-store
STORE_001,SKU_009,2025-12-11 13:46:51,3,115.0,online
STORE_001,SKU_009,2025-12-11 11:33:40,3,115.0,in-store
STORE_002,SKU_001,2025-12-11 20:28:33,2,12.99,online
STORE_002,SKU_004,2025-12-11 12:03:49,1,49.99,online
STORE_002,SKU_005,2025-12-11 09:00:13,2,8.75,online
STORE_002,SKU_005,2025-12-11 16:15:46,2,8.75,online
STORE_002,SKU_006,2025-12-11 20:46:30,2,15.0,online
STORE_002,SKU_006,2025-12-11 09:37:19,2,15.0,online
STORE_002,SKU_006,2025-12-11 19:24:07,2,15.0,in-store
STORE_002,SKU_009,2025-12-11 18:06:53,2,115.0,in-store
STORE_002,SKU_009,2025-12-11 14:05:57,2,115.0,in-store
STORE_002,SKU_009,2025-12-11 13:17:12,2,115.0,in-store
STORE_003,SKU_002,2025-12-11 15:23:26,3,24.5,in-store
STORE_003,SKU_003,2025-12-11 20:00:54,3,5.99,in-store
STORE_003,SKU_003,2025-12-11 16:23:34,3,5.99,online
STORE_003,SKU_005,2025-12-11 13:56:06,2,8.75,online
STORE_003,SKU_010,2025-12-11 10:23:28,2,18.5,in-store
STORE_004,SKU_004,2025-12-11 17:02:25,1,49.99,in-store
STORE_004,SKU_004,2025-12-11 08:53:28,1,49.99,in-store
STORE_004,SKU_004,2025-12-11 15:03:59,1,49.99,in-store
STORE_004,SKU_008,2025-12-11 20:46:25,1,9.99,in-store
STORE_005,SKU_004,2025-12-11 21:18:30,1,49.99,in-store
STORE_005,SKU_004,2025-12-11 09:39:26,1,49.99,online
STORE_005,SKU_005,2025-12-11 15:18:50,1,8.75,online
STORE_005,SKU_005,2025-12-11 13:36:18,1,8.75,in-store
STORE_005,SKU_005,2025-12-11 19:58:54,1,8.75,in-store
STORE_005,SKU_009,2025-12-11 20:27:31,1,115.0,online
STORE_001,SKU_002,2025-12-12 20:53:01,5,24.5,online
STORE_001,SKU_006,2025-12-12 13:39:04,5,15.0,in-store
STORE_001,SKU_007,2025-12-12 15:13:25,6,32.2,in-store
STORE_001,SKU_007,2025-12-12 15:03:07,6,32.2,in-store
STORE_001,SKU_007,2025-12-12 08:19:26,6,32.2,in-store
STORE_001,SKU_008,2025-12-12 17:48:43,1,9.99,online
STORE_002,SKU_005,2025-12-12 19:49:40,2,8.75,online
STORE_002,SKU_007,2025-12-12 16:26:40,4,32.2,online
STORE_002,SKU_007,2025-12-12 13:59:51,4,32.2,online
STORE_002,SKU_008,2025-12-12 17:01:26,1,9.99,online
STORE_002,SKU_008,2025-12-12 21:29:32,1,9.99,online
STORE_002,SKU_008,2025-12-12 14:44:27,1,9.99,in-store
STORE_003,SKU_002,2025-12-12 15:02:49,2,24.5,online
STORE_003,SKU_002,2025-12-12 17:52:47,2,24.5,online
STORE_003,SKU_003,2025-12-12 10:33:37,4,5.99,online
STORE_003,SKU_003,2025-12-12 15:32:52,4,5.99,in-store
STORE_004,SKU_007,2025-12-12 14:16:46,5,32.2,in-store
STORE_004,SKU_007,2025-12-12 13:32:54,5,32.2,online
STORE_005,SKU_003,2025-12-12 18:54:17,4,5.99,online
STORE_005,SKU_003,2025-12-12 20:42:48,4,5.99,in-store
STORE_005,SKU_004,2025-12-12 19:11:24,1,49.99,online
STORE_005,SKU_004,2025-12-12 09:43:01,1,49.99,online
STORE_005,SKU_007,2025-12-12 15:17:15,4,32.2,in-store
STORE_005,SKU_007,2025-12-12 08:23:27,4,32.2,online
STORE_005,SKU_007,2025-12-12 08:32:12,4,32.2,in-store
STORE_005,SKU_008,2025-12-12 08:20:03,1,9.99,online
STORE_005,SKU_008,2025-12-12 13:56:20,1,9.99,online
STORE_005,SKU_008,2025-12-12 15:00:52,1,9.99,in-store
STORE_001,SKU_005,2025-12-13 14:42:42,4,8.75,online
STORE_001,SKU_007,2025-12-13 20:29:30,11,32.2,online
STORE_001,SKU_007,2025-12-13 10:47:22,11,32.2,in-store
STORE_001,SKU_008,2025-12-13 19:16:33,2,9.99,in-store
STORE_001,SKU_010,2025-12-13 14:32:39,6,18.5,online
STORE_001,SKU_010,2025-12-13 08:25:41,6,18.5,in-store
STORE_002,SKU_002,2025-12-13 15:42:01,5,24.5,in-store
STORE_002,SKU_004,2025-12-13 18:28:35,1,49.99,in-store
STORE_002,SKU_004,2025-12-13 14:18:13,1,49.99,in-store
STORE_002,SKU_007,2025-12-13 20:54:59,5,32.2,online
STORE_002,SKU_008,2025-12-13 11:10:49,1,9.99,in-store
STORE_003,SKU_001,2025-12-13 09:30:41,3,12.99,in-store
STORE_003,SKU_004,2025-12-13 13:10:41,1,49.99,online
STORE_003,SKU_004,2025-12-13 20:53:29,1,49.99,in-store
STORE_003,SKU_005,2025-12-13 16:06:35,3,8.75,online
STORE_003,SKU_005,2025-12-13 21:38:24,3,8.75,in-store
STORE_004,SKU_002,2025-12-13 14:42:42,4,24.5,in-store
STORE_004,SKU_002,2025-12-13 13:41:17,4,24.5,online
STORE_004,SKU_005,2025-12-13 14:01:34,4,8.75,in-store
STORE_005,SKU_002,2025-12-13 17:52:56,5,24.5,in-store
STORE_005,SKU_002,2025-12-13 10:52:20,5,24.5,online
STORE_005,SKU_005,2025-12-13 18:11:38,2,8.75,online
STORE_005,SKU_008,2025-12-13 16:14:55,1,9.99,online
STORE_005,SKU_008,2025-12-13 18:52:51,1,9.99,in-store
STORE_001,SKU_002,2025-12-14 19:33:56,8,24.5,online
STORE_001,SKU_002,2025-12-14 18:26:59,8,24.5,in-store
STORE_001,SKU_002,2025-12-14 21:32:36,8,24.5,online
STORE_001,SKU_004,2025-12-14 18:56:35,2,49.99,in-store
STORE_001,SKU_004,2025-12-14 17:43:36,2,49.99,in-store
STORE_001,SKU_004,2025-12-14 17:01:58,2,49.99,in-store
STORE_001,SKU_008,2025-12-14 17:28:44,2,9.99,online
STORE_001,SKU_008,2025-12-14 19:57:14,2,9.99,in-store
STORE_001,SKU_008,2025-12-14 21:07:03,2,9.99,online
STORE_001,SKU_009,2025-12-14 10:03:02,3,115.0,in-store
STORE_001,SKU_009,2025-12-14 11:34:30,3,115.0,in-store
STORE_001,SKU_009,2025-12-14 13:24:04,3,115.0,in-store
STORE_001,SKU_010,2025-12-14 09:45:28,6,18.5,online
STORE_002,SKU_001,2025-12-14 11:51:27,3,12.99,in-store
STORE_002,SKU_001,2025-12-14 17:50:11,3,12.99,in-store
STORE_002,SKU_002,2025-12-14 20:28:34,4,24.5,in-store
STORE_002,SKU_002,2025-12-14 19:36:19,4,24.5,in-store
STORE_002,SKU_002,2025-12-14 15:31:43,4,24.5,online
STORE_002,SKU_005,2025-12-14 10:32:17,2,8.75,in-store
STORE_002,SKU_005,2025-12-14 13:39:58,2,8.75,online
STORE_002,SKU_005,2025-12-14 14:16:52,2,8.75,in-store
STORE_003,SKU_002,2025-12-14 11:14:46,3,24.5,online
STORE_003,SKU_002,2025-12-14 21:17:03,3,24.5,online
STORE_003,SKU_002,2025-12-14 10:05:47,3,24.5,online
STORE_003,SKU_004,2025-12-14 21:04:20,1,49.99,in-store
STORE_003,SKU_004,2025-12-14 09:33:24,1,49.99,in-store
STORE_003,SKU_005,2025-12-14 10:34:04,2,8.75,online
STORE_003,SKU_005,2025-12-14 09:17:54,2,8.75,online
STORE_003,SKU_008,2025-12-14 14:38:23,1,9.99,in-store
STORE_004,SKU_003,2025-12-14 11:12:03,7,5.99,in-store
STORE_004,SKU_003,2025-12-14 16:01:36,7,5.99,online
STORE_004,SKU_004,2025-12-14 18:21:56,1,49.99,online
STORE_004,SKU_007,2025-12-14 09:03:53,5,32.2,in-store
STORE_004,SKU_008,2025-12-14 10:14:50,1,9.99,online
STORE_004,SKU_008,2025-12-14 08:01:37,1,9.99,in-store
STORE_004,SKU_008,2025-12-14 12:38:38,1,9.99,in-store
STORE_004,SKU_010,2025-12-14 10:21:20,5,18.5,in-store
STORE_004,SKU_010,2025-12-14 08:58:44,5,18.5,online
STORE_004,SKU_010,2025-12-14 09:20:44,5,18.5,in-store
STORE_005,SKU_001,2025-12-14 18:17:20,,12.99,in-store
STORE_005,SKU_002,2025-12-14 21:36:13,4,24.5,in-store
STORE_005,SKU_004,2025-12-14 13:52:40,1,49.99,online
STORE_005,SKU_010,2025-12-14 16:15:30,5,18.5,in-store
STORE_001,SKU_004,2025-12-15 16:42:11,1,49.99,online
STORE_001,SKU_004,2025-12-15 17:58:15,1,49.99,in-store
STORE_001,SKU_005,2025-12-15 09:26:57,2,8.75,in-store
STORE_001,SKU_005,2025-12-15 10:16:52,2,8.75,online
STORE_001,SKU_005,2025-12-15 11:06:44,2,8.75,online
STORE_001,SKU_007,2025-12-15 09:08:30,6,32.2,online
STORE_001,SKU_007,2025-12-15 08:45:59,6,32.2,online
STORE_001,SKU_010,2025-12-15 13:31:04,4,18.5,in-store
STORE_002,SKU_002,2025-12-15 19:36:47,2,24.5,online
STORE_002,SKU_005,2025-12-15 18:56:32,2,8.75,online
STORE_002,SKU_005,2025-12-15 13:08:55,2,8.75,in-store
STORE_003,SKU_003,2025-12-15 08:27:57,5,5.99,in-store
STORE_003,SKU_005,2025-12-15 16:12:48,2,8.75,online
STORE_003,SKU_005,2025-12-15 12:15:49,2,8.75,online
STORE_003,SKU_005,2025-12-15 21:51:52,2,8.75,online
STORE_003,SKU_008,2025-12-15 21:25:48,1,9.99,in-store
STORE_004,SKU_005,2025-12-15 20:56:16,1,8.75,online
STORE_004,SKU_007,2025-12-15 16:54:51,5,32.2,in-store
STORE_004,SKU_007,2025-12-15 19:28:30,5,32.2,online
STORE_004,SKU_007,2025-12-15 17:05:28,5,32.2,in-store
STORE_004,SKU_008,2025-12-15 09:10:51,1,9.99,online
STORE_004,SKU_008,2025-12-15 08:10:43,1,9.99,online
STORE_005,SKU_002,2025-12-15 15:31:10,2,24.5,online
STORE_005,SKU_002,2025-12-15 21:29:20,2,24.5,in-store
STORE_005,SKU_005,2025-12-15 19:11:47,2,8.75,in-store
STORE_005,SKU_005,2025-12-15 17:48:05,2,8.75,in-store
STORE_005,SKU_005,2025-12-15 12:47:14,2,8.75,in-store
STORE_005,SKU_007,2025-12-15 12:04:53,4,32.2,in-store
STORE_001,SKU_008,2025-12-16 20:05:00,1,9.99,online
STORE_001,SKU_008,2025-12-16 10:38:44,1,9.99,in-store
STORE_002,SKU_007,2025-12-16 15:27:29,4,32.2,in-store
STORE_003,SKU_007,2025-12-16 13:11:12,4,32.2,in-store
STORE_004,SKU_004,2025-12-16 20:38:08,1,49.99,in-store
STORE_004,SKU_004,2025-12-16 17:51:59,1,49.99,online
STORE_005,SKU_005,2025-12-16 19:54:31,2,8.75,in-store
STORE_005,SKU_005,2025-12-16 19:59:06,2,8.75,online
STORE_001,SKU_002,2025-12-17 17:04:48,3,24.5,online
STORE_001,SKU_007,2025-12-17 12:26:27,7,32.2,online
STORE_001,SKU_008,2025-12-17 12:24:49,1,9.99,in-store
STORE_001,SKU_009,2025-12-17 19:10:54,1,115.0,in-store
STORE_002,SKU_001,2025-12-17 10:35:43,2,12.99,in-store
STORE_002,SKU_001,2025-12-17 10:54:32,2,12.99,online
STORE_002,SKU_001,2025-12-17 12:26:52,2,12.99,online
STORE_002,SKU_005,2025-12-17 21:07:33,1,8.75,in-store
STORE_002,SKU_005,2025-12-17 10:31:00,1,8.75,in-store
STORE_002,SKU_005,2025-12-17 14:44:45,1,8.75,in-store
STORE_003,SKU_002,2025-12-17 11:02:22,2,24.5,online
STORE_003,SKU_002,2025-12-17 12:06:10,2,24.5,in-store
STORE_003,SKU_005,2025-12-17 12:28:47,2,8.75,online
STORE_003,SKU_005,2025-12-17 14:41:27,2,8.75,in-store
STORE_003,SKU_005,2025-12-17 18:35:12,2,8.75,in-store
STORE_004,SKU_005,2025-12-17 20:50:07,2,8.75,online
STORE_004,SKU_005,2025-12-17 09:21:20,2,8.75,in-store
STORE_004,SKU_005,2025-12-17 09:23:14,2,8.75,online
STORE_004,SKU_006,2025-12-17 09:52:18,3,15.0,online
STORE_004,SKU_006,2025-12-17 10:33:59,3,15.0,in-store
STORE_005,SKU_007,2025-12-17 20:33:40,,32.2,online
STORE_001,SKU_002,2025-12-18 12:01:52,3,24.5,in-store
STORE_001,SKU_002,2025-12-18 11:38:13,3,24.5,online
STORE_001,SKU_002,2025-12-18 15:58:42,3,24.5,online
STORE_001,SKU_008,2025-12-18 17:23:00,1,9.99,in-store
STORE_001,SKU_008,2025-12-18 16:45:26,1,9.99,online
STORE_001,SKU_008,2025-12-18 10:16:50,1,9.99,in-store
STORE_002,SKU_005,2025-12-18 15:58:05,1,8.75,online
STORE_002,SKU_005,2025-12-18 13:55:49,1,8.75,online
STORE_002,SKU_005,2025-12-18 15:32:18,1,8.75,online
STORE_002,SKU_009,2025-12-18 19:36:21,2,115.0,in-store
STORE_002,SKU_009,2025-12-18 15:15:15,2,115.0,in-store
STORE_002,SKU_009,2025-12-18 12:01:45,2,115.0,online
STORE_003,SKU_002,2025-12-18 10:16:16,3,24.5,in-store
STORE_003,SKU_002,2025-12-18 17:58:04,3,24.5,in-store
STORE_003,SKU_005,2025-12-18 11:31:47,2,8.75,online
STORE_003,SKU_007,2025-12-18 13:52:12,4,32.2,online
STORE_003,SKU_007,2025-12-18 15:10:45,4,32.2,in-store
STORE_003,SKU_007,2025-12-18 14:10:06,4,32.2,in-store
STORE_004,SKU_002,2025-12-18 14:57:49,2,24.5,online
STORE_004,SKU_007,2025-12-18 16:56:22,3,32.2,online
STORE_004,SKU_007,2025-12-18 19:51:18,3,32.2,online
STORE_004,SKU_007,2025-12-18 14:57:57,3,32.2,in-store
STORE_005,SKU_001,2025-12-18 11:24:33,2,12.99,online
STORE_005,SKU_003,2025-12-18 14:01:23,3,5.99,in-store
STORE_005,SKU_009,2025-12-18 08:31:32,1,115.0,in-store
STORE_005,SKU_009,2025-12-18 10:52:25,1,115.0,in-store
STORE_005,SKU_009,2025-12-18 11:17:29,1,115.0,in-store
STORE_001,SKU_001,2025-12-19 19:10:20,2,12.99,online
STORE_001,SKU_001,2025-12-19 09:31:45,2,12.99,online
STORE_001,SKU_001,2025-12-19 20:40:55,2,12.99,in-store
STORE_001,SKU_007,2025-12-19 18:40:47,5,32.2,online
STORE_001,SKU_007,2025-12-19 14:20:22,5,32.2,in-store
STORE_003,SKU_002,2025-12-19 14:33:33,3,24.5,in-store
STORE_003,SKU_002,2025-12-19 13:21:12,3,24.5,online
STORE_004,SKU_002,2025-12-19 21:05:31,3,24.5,in-store
STORE_004,SKU_006,2025-12-19 18:21:10,2,15.0,online
STORE_004,SKU_006,2025-12-19 16:30:00,2,15.0,in-store
STORE_004,SKU_006,2025-12-19 13:24:43,2,15.0,in-store
STORE_004,SKU_007,2025-12-19 18:11:16,5,32.2,in-store
STORE_004,SKU_009,2025-12-19 11:32:59,1,115.0,in-store
STORE_005,SKU_002,2025-12-19 16:00:47,3,24.5,in-store
STORE_001,SKU_001,2025-12-20 13:23:41,5,12.99,in-store
STORE_001,SKU_004,2025-12-20 12:56:31,2,49.99,in-store
STORE_001,SKU_004,2025-12-20 20:58:39,2,49.99,in-store
STORE_001,SKU_005,2025-12-20 17:42:14,3,8.75,in-store
STORE_001,SKU_007,2025-12-20 11:58:39,7,32.2,in-store
STORE_001,SKU_007,2025-12-20 17:46:04,7,32.2,in-store
STORE_001,SKU_008,2025-12-20 10:22:38,2,9.99,online
STORE_001,SKU_008,2025-12-20 12:55:25,2,9.99,online
STORE_001,SKU_008,2025-12-20 20:33:28,2,9.99,in-store
STORE_001,SKU_010,2025-12-20 10:55:19,7,18.5,in-store
STORE_001,SKU_010,2025-12-20 10:31:50,7,18.5,in-store
STORE_001,SKU_010,2025-12-20 18:39:20,7,18.5,online
STORE_002,SKU_008,2025-12-20 16:28:12,1,9.99,in-store
STORE_002,SKU_008,2025-12-20 18:52:36,1,9.99,online
STORE_002,SKU_008,2025-12-20 16:49:31,1,9.99,in-store
STORE_003,SKU_002,2025-12-20 08:38:12,5,24.5,online
STORE_003,SKU_002,2025-12-20 17:54:58,5,24.5,in-store
STORE_003,SKU_002,2025-12-20 12:09:02,5,24.5,in-store
STORE_003,SKU_009,2025-12-20 19:02:53,4,115.0,in-store
STORE_003,SKU_010,2025-12-20 11:56:17,3,18.5,online
STORE_004,SKU_002,2025-12-20 10:28:06,6,24.5,in-store
STORE_004,SKU_002,2025-12-20 12:31:45,6,24.5,in-store
STORE_004,SKU_002,2025-12-20 20:26:33,,24.5,online
STORE_004,SKU_005,2025-12-20 12:23:19,2,8.75,in-store
STORE_004,SKU_005,2025-12-20 10:46:50,2,8.75,online
STORE_004,SKU_007,2025-12-20 09:36:00,7,32.2,online
STORE_004,SKU_007,2025-12-20 11:25:39,7,32.2,online
STORE_004,SKU_007,2025-12-20 13:17:22,7,32.2,online
STORE_004,SKU_010,2025-12-20 14:58:15,6,18.5,online
STORE_004,SKU_010,2025-12-20 15:07:01,6,18.5,online
STORE_005,SKU_004,2025-12-20 16:15:21,1,49.99,online
STORE_005,SKU_005,2025-12-20 12:45:04,3,8.75,in-store
STORE_005,SKU_005,2025-12-20 13:32:47,3,8.75,in-store
STORE_005,SKU_005,2025-12-20 14:32:49,3,8.75,online
STORE_005,SKU_008,2025-12-20 13:20:29,1,9.99,in-store
STORE_005,SKU_008,2025-12-20 15:16:58,1,9.99,in-store
STORE_005,SKU_008,2025-12-20 11:36:09,1,9.99,in-store
STORE_005,SKU_010,2025-12-20 08:45:09,3,18.5,in-store
STORE_005,SKU_010,2025-12-20 08:56:14,3,18.5,online
STORE_001,SKU_002,2025-12-21 13:27:22,7,24.5,in-store
STORE_001,SKU_004,2025-12-21 16:28:59,2,49.99,in-store
STORE_001,SKU_004,2025-12-21 19:18:20,2,,in-store
STORE_001,SKU_004,2025-12-21 13:43:13,,49.99,in-store
STORE_001,SKU_005,2025-12-21 11:03:40,5,8.75,in-store
STORE_001,SKU_005,2025-12-21 15:43:54,5,8.75,online
STORE_001,SKU_005,2025-12-21 13:11:49,5,8.75,online
STORE_001,SKU_006,2025-12-21 08:35:55,7,15.0,in-store
STORE_001,SKU_006,2025-12-21 13:16:38,7,15.0,online
STORE_001,SKU_010,2025-12-21 15:53:08,8,18.5,online
STORE_001,SKU_010,2025-12-21 18:12:46,8,18.5,in-store
STORE_001,SKU_010,2025-12-21 20:52:12,8,18.5,in-store
STORE_002,SKU_001,2025-12-21 12:22:06,4,12.99,online
STORE_002,SKU_001,2025-12-21 16:38:13,4,12.99,online
STORE_002,SKU_004,2025-12-21 12:53:08,1,49.99,online
STORE_002,SKU_005,2025-12-21 20:58:53,2,8.75,in-store
STORE_002,SKU_005,2025-12-21 20:40:50,2,8.75,online
STORE_002,SKU_008,2025-12-21 09:28:09,1,9.99,in-store
STORE_002,SKU_009,2025-12-21 20:25:58,3,115.0,online
STORE_002,SKU_009,2025-12-21 14:49:41,3,115.0,online
STORE_003,SKU_002,2025-12-21 17:09:53,4,24.5,in-store
STORE_003,SKU_004,2025-12-21 19:04:10,1,49.99,online
STORE_003,SKU_004,2025-12-21 16:39:42,1,49.99,online
STORE_003,SKU_005,2025-12-21 21:56:46,3,8.75,online
STORE_003,SKU_005,2025-12-21 21:45:48,3,8.75,online
STORE_003,SKU_005,2025-12-21 10:17:13,3,8.75,online
STORE_003,SKU_008,2025-12-21 13:05:59,1,9.99,in-store
STORE_003,SKU_008,2025-12-21 10:48:18,1,9.99,in-store
STORE_003,SKU_008,2025-12-21 12:01:45,1,9.99,in-store
STORE_004,SKU_002,2025-12-21 09:22:08,6,24.5,online
STORE_004,SKU_002,2025-12-21 09:43:16,6,24.5,in-store
STORE_004,SKU_005,2025-12-21 20:29:51,3,8.75,in-store
STORE_004,SKU_005,2025-12-21 08:52:52,3,8.75,online
STORE_004,SKU_005,2025-12-21 19:18:58,3,8.75,in-store
STORE_004,SKU_008,2025-12-21 08:40:02,1,9.99,in-store
STORE_004,SKU_009,2025-12-21 12:21:23,3,115.0,in-store
STORE_004,SKU_009,2025-12-21 19:48:10,3,115.0,in-store
STORE_004,SKU_009,2025-12-21 11:40:19,3,115.0,in-store
STORE_004,SKU_010,2025-12-21 09:09:20,3,18.5,online
STORE_005,SKU_001,2025-12-21 09:45:58,3,12.99,in-store
STORE_005,SKU_001,2025-12-21 18:09:04,3,12.99,online
STORE_005,SKU_002,2025-12-21 16:48:57,3,24.5,in-store
STORE_005,SKU_002,2025-12-21 09:32:25,3,24.5,in-store
STORE_005,SKU_007,2025-12-21 08:30:37,5,32.2,in-store
STORE_005,SKU_008,2025-12-21 18:37:49,1,9.99,online
STORE_005,SKU_008,2025-12-21 09:49:13,1,9.99,online
STORE_005,SKU_010,2025-12-21 18:25:15,3,18.5,in-store
STORE_001,SKU_004,2025-12-22 10:17:03,1,49.99,in-store
STORE_001,SKU_004,2025-12-22 16:20:42,1,49.99,in-store
STORE_001,SKU_005,2025-12-22 14:18:56,2,8.75,in-store
STORE_001,SKU_007,2025-12-22 09:21:35,6,32.2,online
STORE_001,SKU_007,2025-12-22 14:16:37,6,32.2,online
STORE_001,SKU_007,2025-12-22 10:11:41,6,32.2,online
STORE_002,SKU_007,2025-12-22 21:23:26,5,32.2,online
STORE_002,SKU_007,2025-12-22 10:12:29,5,32.2,in-store
STORE_002,SKU_007,2025-12-22 17:20:26,,32.2,in-store
STORE_003,SKU_005,2025-12-22 09:06:26,2,8.75,online
STORE_003,SKU_007,2025-12-22 08:27:29,4,32.2,online
STORE_004,SKU_005,2025-12-22 09:28:18,2,8.75,in-store
STORE_004,SKU_007,2025-12-22 15:58:16,4,32.2,in-store
STORE_004,SKU_007,2025-12-22 18:48:45,4,32.2,in-store
STORE_004,SKU_007,2025-12-22 14:29:48,4,32.2,online
STORE_004,SKU_010,2025-12-22 14:30:08,3,18.5,in-store
STORE_005,SKU_002,2025-12-22 16:40:29,4,24.5,in-store
STORE_001,SKU_001,2025-12-23 09:44:00,3,12.99,online
STORE_001,SKU_001,2025-12-23 08:36:58,3,12.99,in-store
STORE_001,SKU_001,2025-12-23 08:30:07,3,12.99,in-store
STORE_001,SKU_002,2025-12-23 21:33:16,3,24.5,in-store
STORE_001,SKU_002,2025-12-23 14:59:23,3,24.5,in-store
STORE_001,SKU_002,2025-12-23 12:53:35,3,24.5,in-store
STORE_001,SKU_006,2025-12-23 19:27:30,3,15.0,online
STORE_001,SKU_006,2025-12-23 16:10:17,3,15.0,online
STORE_001,SKU_006,2025-12-23 08:06:37,3,15.0,online
STORE_001,SKU_008,2025-12-23 20:02:41,1,9.99,online
STORE_001,SKU_008,2025-12-23 21:57:10,1,9.99,in-store
STORE_001,SKU_009,2025-12-23 19:47:36,3,115.0,online
STORE_001,SKU_009,2025-12-23 17:56:34,3,115.0,in-store
STORE_001,SKU_010,2025-12-23 08:32:48,3,18.5,in-store
STORE_001,SKU_010,2025-12-23 08:40:44,3,18.5,online
STORE_001,SKU_010,2025-12-23 09:32:32,3,18.5,online
STORE_002,SKU_008,2025-12-23 15:39:31,1,9.99,in-store
STORE_002,SKU_008,2025-12-23 19:53:55,1,9.99,online
STORE_003,SKU_008,2025-12-23 16:12:10,1,9.99,in-store
STORE_003,SKU_008,2025-12-23 10:49:40,1,9.99,online
STORE_003,SKU_008,2025-12-23 11:24:17,1,9.99,online
STORE_003,SKU_010,2025-12-23 18:27:55,2,18.5,in-store
STORE_003,SKU_010,2025-12-23 16:31:36,2,18.5,in-store
STORE_004,SKU_002,2025-12-23 14:17:53,2,24.5,in-store
STORE_004,SKU_006,2025-12-23 11:03:18,2,15.0,online
STORE_004,SKU_006,2025-12-23 10:09:40,,15.0,online
STORE_004,SKU_007,2025-12-23 09:45:31,5,32.2,online
STORE_004,SKU_007,2025-12-23 08:23:18,5,32.2,in-store
STORE_004,SKU_009,2025-12-23 11:38:26,2,115.0,in-store
STORE_004,SKU_009,2025-12-23 21:20:00,2,115.0,online
STORE_004,SKU_009,2025-12-23 14:01:20,2,115.0,online
STORE_005,SKU_001,2025-12-23 16:02:19,1,12.99,in-store
STORE_005,SKU_001,2025-12-23 14:36:23,1,12.99,online
STORE_001,SKU_002,2025-12-24 12:38:58,5,24.5,online
STORE_002,SKU_003,2025-12-24 20:46:38,3,5.99,in-store
STORE_002,SKU_004,2025-12-24 20:17:44,1,49.99,online
STORE_002,SKU_004,2025-12-24 16:06:09,1,49.99,online
STORE_002,SKU_004,2025-12-24 16:49:28,1,49.99,in-store
STORE_002,SKU_005,2025-12-24 12:24:12,1,8.75,in-store
STORE_002,SKU_005,2025-12-24 17:53:21,1,8.75,online
STORE_002,SKU_005,2025-12-24 08:26:20,1,8.75,in-store
STORE_003,SKU_007,2025-12-24 16:56:25,4,32.2,in-store
STORE_003,SKU_007,2025-12-24 19:06:05,4,32.2,online
STORE_004,SKU_007,2025-12-24 13:22:25,4,32.2,in-store
STORE_004,SKU_007,2025-12-24 17:49:48,4,32.2,online
STORE_004,SKU_010,2025-12-24 12:24:50,2,18.5,online
STORE_004,SKU_010,2025-12-24 11:53:02,2,18.5,online
STORE_004,SKU_010,2025-12-24 18:48:32,2,18.5,in-store
STORE_005,SKU_008,2025-12-24 12:13:37,1,9.99,online
STORE_001,SKU_001,2025-12-25 19:36:44,3,12.99,online
STORE_001,SKU_002,2025-12-25 09:45:29,3,24.5,in-store
STORE_001,SKU_002,2025-12-25 08:26:15,3,24.5,in-store
STORE_001,SKU_003,2025-12-25 15:37:58,6,5.99,online
STORE_001,SKU_003,2025-12-25 19:07:11,6,5.99,in-store
STORE_001,SKU_010,2025-12-25 16:09:52,5,18.5,in-store
STORE_001,SKU_010,2025-12-25 14:19:21,5,18.5,online
STORE_002,SKU_004,2025-12-25 18:42:30,1,49.99,in-store
STORE_002,SKU_004,2025-12-25 18:13:36,1,49.99,online
STORE_002,SKU_004,2025-12-25 11:54:29,1,49.99,in-store
STORE_002,SKU_008,2025-12-25 20:55:37,1,9.99,in-store
STORE_002,SKU_008,2025-12-25 15:22:13,1,9.99,online
STORE_002,SKU_008,2025-12-25 14:57:03,1,9.99,in-store
STORE_003,SKU_009,2025-12-25 11:31:57,1,115.0,online
STORE_003,SKU_009,2025-12-25 12:31:27,1,115.0,online
STORE_004,SKU_009,2025-12-25 11:14:47,2,115.0,online
STORE_004,SKU_009,2025-12-25 12:19:57,2,115.0,in-store
STORE_004,SKU_009,2025-12-25 14:04:44,2,115.0,in-store
STORE_005,SKU_004,2025-12-25 21:03:22,1,49.99,online
STORE_001,SKU_001,2025-12-26 10:28:06,2,12.99,online
STORE_001,SKU_004,2025-12-26 10:18:12,1,49.99,online
STORE_001,SKU_004,2025-12-26 20:53:18,1,49.99,in-store
STORE_001,SKU_005,2025-12-26 08:13:15,2,8.75,in-store
STORE_001,SKU_005,2025-12-26 14:48:15,2,8.75,in-store
STORE_001,SKU_010,2025-12-26 15:06:52,4,18.5,online
STORE_001,SKU_010,2025-12-26 13:00:19,4,18.5,online
STORE_002,SKU_004,2025-12-26 21:46:06,1,49.99,online
STORE_002,SKU_004,2025-12-26 20:49:23,1,49.99,in-store
STORE_002,SKU_004,2025-12-26 18:15:32,1,49.99,in-store
STORE_003,SKU_006,2025-12-26 12:26:57,3,15.0,online
STORE_003,SKU_008,2025-12-26 14:06:01,1,9.99,in-store
STORE_003,SKU_008,2025-12-26 12:08:07,1,9.99,in-store
STORE_003,SKU_008,2025-12-26 10:39:28,1,9.99,online
STORE_005,SKU_003,2025-12-26 09:36:28,3,5.99,online
STORE_005,SKU_003,2025-12-26 15:51:21,3,5.99,online
STORE_005,SKU_003,2025-12-26 13:55:59,3,5.99,online
STORE_005,SKU_005,2025-12-26 18:08:06,2,8.75,in-store
STORE_005,SKU_005,2025-12-26 19:13:15,2,8.75,in-store
STORE_001,SKU_002,2025-12-27 14:00:44,8,24.5,in-store
STORE_001,SKU_002,2025-12-27 15:35:37,8,24.5,online
STORE_001,SKU_004,2025-12-27 21:36:37,1,49.99,in-store
STORE_001,SKU_005,2025-12-27 21:35:03,3,8.75,online
STORE_001,SKU_005,2025-12-27 17:55:39,3,8.75,online
STORE_001,SKU_010,2025-12-27 18:09:10,6,18.5,online
STORE_002,SKU_002,2025-12-27 09:21:12,6,24.5,online
STORE_002,SKU_002,2025-12-27 15:31:54,6,24.5,in-store
STORE_002,SKU_002,2025-12-27 15:54:37,6,24.5,in-store
STORE_002,SKU_005,2025-12-27 21:24:10,3,8.75,online
STORE_002,SKU_005,2025-12-27 15:30:26,3,8.75,in-store
STORE_002,SKU_006,2025-12-27 12:29:51,4,15.0,online
STORE_003,SKU_002,2025-12-27 13:47:32,3,24.5,online
STORE_003,SKU_002,2025-12-27 10:28:31,3,24.5,online
STORE_003,SKU_002,2025-12-27 21:57:15,3,24.5,online
STORE_003,SKU_005,2025-12-27 12:11:04,2,8.75,online
STORE_003,SKU_005,2025-12-27 09:18:29,2,8.75,online
STORE_003,SKU_005,2025-12-27 17:16:56,2,8.75,in-store
STORE_003,SKU_008,2025-12-27 21:58:33,1,9.99,in-store
STORE_003,SKU_008,2025-12-27 17:12:15,1,9.99,online
STORE_004,SKU_002,2025-12-27 08:22:58,4,24.5,in-store
STORE_004,SKU_004,2025-12-27 10:38:37,2,49.99,in-store
STORE_004,SKU_004,2025-12-27 20:15:48,2,49.99,online
STORE_004,SKU_005,2025-12-27 09:35:36,3,8.75,in-store
STORE_004,SKU_008,2025-12-27 17:09:22,1,9.99,online
STORE_005,SKU_001,2025-12-27 15:18:15,2,12.99,online
STORE_005,SKU_001,2025-12-27 15:51:54,2,12.99,in-store
STORE_005,SKU_002,2025-12-27 12:19:52,5,24.5,in-store
STORE_005,SKU_003,2025-12-27 10:50:52,8,5.99,online
STORE_005,SKU_005,2025-12-27 13:38:15,2,8.75,online
STORE_005,SKU_005,2025-12-27 09:11:22,2,8.75,online
STORE_005,SKU_008,2025-12-27 16:49:28,1,9.99,online
STORE_001,SKU_001,2025-12-28 12:17:30,3,12.99,in-store
STORE_001,SKU_001,2025-12-28 16:19:44,3,12.99,online
STORE_001,SKU_001,2025-12-28 15:53:58,3,12.99,online
STORE_001,SKU_004,2025-12-28 16:33:24,1,49.99,online
STORE_001,SKU_004,2025-12-28 14:29:27,1,49.99,in-store
STORE_001,SKU_005,2025-12-28 14:08:26,4,8.75,in-store
STORE_001,SKU_008,2025-12-28 10:58:22,1,9.99,in-store
STORE_001,SKU_008,2025-12-28 11:49:25,1,9.99,in-store
STORE_002,SKU_002,2025-12-28 14:38:30,5,24.5,in-store
STORE_003,SKU_002,2025-12-28 09:44:31,6,24.5,online
STORE_003,SKU_002,2025-12-28 19:42:27,6,24.5,online
STORE_003,SKU_004,2025-12-28 14:07:42,2,49.99,in-store
STORE_003,SKU_004,2025-12-28 21:55:05,2,49.99,in-store
STORE_003,SKU_004,2025-12-28 21:12:51,2,49.99,online
STORE_003,SKU_005,2025-12-28 16:09:57,3,8.75,in-store
STORE_003,SKU_006,2025-12-28 16:27:27,4,15.0,in-store
STORE_003,SKU_006,2025-12-28 14:40:38,4,15.0,online
STORE_003,SKU_007,2025-12-28 12:44:15,7,32.2,online
STORE_003,SKU_007,2025-12-28 13:55:59,7,32.2,in-store
STORE_003,SKU_010,2025-12-28 12:13:08,4,18.5,online
STORE_003,SKU_010,2025-12-28 10:21:53,4,18.5,online
STORE_004,SKU_002,2025-12-28 09:10:34,5,24.5,online
STORE_004,SKU_002,2025-12-28 20:26:51,5,24.5,in-store
STORE_004,SKU_004,2025-12-28 08:17:39,1,49.99,online
STORE_004,SKU_004,2025-12-28 15:24:26,1,49.99,in-store
STORE_004,SKU_005,2025-12-28 11:08:14,2,8.75,in-store
STORE_004,SKU_007,2025-12-28 21:31:04,5,32.2,in-store
STORE_004,SKU_007,2025-12-28 18:09:15,5,32.2,in-store
STORE_004,SKU_007,2025-12-28 20:08:34,5,32.2,in-store
STORE_005,SKU_002,2025-12-28 11:39:56,5,24.5,online
STORE_005,SKU_002,2025-12-28 20:53:29,5,24.5,online
STORE_005,SKU_004,2025-12-28 10:07:47,1,49.99,online
STORE_005,SKU_004,2025-12-28 10:16:26,1,49.99,online
STORE_005,SKU_004,2025-12-28 14:48:01,1,49.99,in-store
STORE_005,SKU_005,2025-12-28 18:48:27,3,8.75,in-store
STORE_005,SKU_005,2025-12-28 11:32:28,3,8.75,online
STORE_001,SKU_002,2025-12-29 12:28:32,5,24.5,online
STORE_001,SKU_002,2025-12-29 12:46:47,5,24.5,in-store
STORE_001,SKU_002,2025-12-29 18:36:34,5,24.5,online
STORE_001,SKU_004,2025-12-29 12:38:19,1,49.99,online
STORE_002,SKU_001,2025-12-29 12:17:21,1,12.99,in-store
STORE_002,SKU_001,2025-12-29 20:09:17,1,12.99,in-store
STORE_002,SKU_010,2025-12-29 19:38:13,3,18.5,online
STORE_002,SKU_010,2025-12-29 20:04:27,3,18.5,in-store
STORE_002,SKU_010,2025-12-29 10:21:38,3,18.5,in-store
STORE_003,SKU_005,2025-12-29 14:02:01,2,8.75,online
STORE_003,SKU_005,2025-12-29 11:12:57,2,8.75,online
STORE_003,SKU_005,2025-12-29 16:23:44,2,8.75,in-store
STORE_004,SKU_001,2025-12-29 18:17:32,2,12.99,in-store
STORE_004,SKU_001,2025-12-29 18:08:56,2,12.99,in-store
STORE_004,SKU_001,2025-12-29 10:34:29,2,12.99,in-store
STORE_004,SKU_007,2025-12-29 17:07:00,3,32.2,in-store
STORE_004,SKU_007,2025-12-29 14:17:27,3,32.2,in-store
STORE_004,SKU_007,2025-12-29 18:49:31,3,32.2,in-store
STORE_005,SKU_007,2025-12-29 13:22:57,4,32.2,in-store
STORE_005,SKU_007,2025-12-29 13:33:18,4,32.2,in-store
STORE_005,SKU_010,2025-12-29 16:02:00,2,18.5,online
STORE_001,SKU_001,2025-12-30 15:04:21,3,12.99,in-store
STORE_001,SKU_001,2025-12-30 21:49:51,3,12.99,in-store
STORE_001,SKU_005,2025-12-30 15:43:37,2,8.75,in-store
STORE_002,SKU_007,2025-12-30 16:01:29,5,32.2,in-store
STORE_002,SKU_007,2025-12-30 12:41:37,5,32.2,in-store
STORE_002,SKU_007,2025-12-30 10:55:08,5,32.2,online
STORE_003,SKU_001,2025-12-30 11:18:54,1,12.99,online
STORE_003,SKU_001,2025-12-30 13:44:26,1,12.99,online
STORE_003,SKU_001,2025-12-30 15:24:17,1,12.99,online
STORE_003,SKU_002,2025-12-30 09:03:00,3,24.5,online
STORE_003,SKU_002,2025-12-30 16:29:13,3,24.5,online
STORE_003,SKU_002,2025-12-30 12:53:20,3,24.5,in-store
STORE_003,SKU_006,2025-12-30 08:46:45,3,15.0,online
STORE_003,SKU_006,2025-12-30 08:32:04,3,15.0,online
STORE_003,SKU_006,2025-12-30 17:20:13,3,15.0,online
STORE_004,SKU_004,2025-12-30 21:51:45,1,49.99,in-store
STORE_004,SKU_004,2025-12-30 21:36:39,1,49.99,in-store
STORE_004,SKU_005,2025-12-30 20:20:32,2,8.75,online
STORE_004,SKU_009,2025-12-30 08:50:23,1,115.0,online
STORE_004,SKU_010,2025-12-30 19:41:30,3,18.5,in-store
STORE_004,SKU_010,2025-12-30 20:28:52,3,18.5,in-store
STORE_005,SKU_005,2025-12-30 16:07:15,2,8.75,online
STORE_005,SKU_005,2025-12-30 10:25:17,2,8.75,in-store
STORE_005,SKU_005,2025-12-30 20:06:29,2,8.75,online
STORE_001,SKU_002,2025-12-31 14:48:39,4,24.5,online
STORE_001,SKU_002,2025-12-31 12:19:11,4,,online
STORE_001,SKU_002,2025-12-31 11:42:03,4,24.5,online
STORE_001,SKU_005,2025-12-31 15:58:53,2,8.75,online
STORE_001,SKU_009,2025-12-31 14:33:28,2,115.0,online
STORE_001,SKU_009,2025-12-31 11:29:52,2,115.0,in-store
STORE_001,SKU_009,2025-12-31 12:12:49,2,115.0,online
STORE_002,SKU_002,2025-12-31 13:05:09,3,24.5,online
STORE_002,SKU_002,2025-12-31 20:06:22,3,24.5,in-store
STORE_002,SKU_002,2025-12-31 16:05:37,3,24.5,online
STORE_002,SKU_008,2025-12-31 13:30:29,1,9.99,in-store
STORE_002,SKU_008,2025-12-31 16:24:35,1,,in-store
STORE_003,SKU_002,2025-12-31 20:44:39,2,24.5,in-store
STORE_003,SKU_005,2025-12-31 21:41:18,2,8.75,in-store
STORE_003,SKU_005,2025-12-31 08:51:36,2,8.75,in-store
STORE_003,SKU_005,2025-12-31 17:41:12,2,8.75,in-store
STORE_003,SKU_007,2025-12-31 13:20:21,5,32.2,in-store
STORE_003,SKU_007,2025-12-31 13:18:00,5,32.2,in-store
STORE_003,SKU_008,2025-12-31 19:02:01,1,9.99,online
STORE_003,SKU_008,2025-12-31 20:14:07,1,9.99,in-store
STORE_003,SKU_010,2025-12-31 14:00:47,3,18.5,in-store
STORE_003,SKU_010,2025-12-31 10:28:30,3,18.5,online
STORE_004,SKU_001,2025-12-31 20:59:38,1,12.99,online
STORE_004,SKU_001,2025-12-31 08:03:51,1,12.99,in-store
STORE_004,SKU_004,2025-12-31 21:23:03,1,49.99,in-store
STORE_004,SKU_004,2025-12-31 15:59:21,1,49.99,in-store
STORE_004,SKU_005,2025-12-31 21:53:00,1,8.75,in-store
STORE_004,SKU_006,2025-12-31 20:37:11,3,15.0,online
STORE_004,SKU_007,2025-12-31 12:53:07,4,32.2,in-store
STORE_004,SKU_007,2025-12-31 21:36:55,4,32.2,in-store
STORE_005,SKU_010,2025-12-31 17:05:28,3,18.5,in-store
