date,store_id,sku,qty_sold,price_inr,revenue_inr,shelf_sensor_stock,customer_sentiment
2026-05-31,MUMBAI_STORE_001,SKU_001_Aashirvaad_Atta_5kg,23,265.0,6095.0,22,0.25
2026-05-31,MUMBAI_STORE_001,SKU_002_IndiaGate_Basmati_5kg,12,480.0,5760.0,15,0.49
2026-05-31,MUMBAI_STORE_001,SKU_003_Fortune_Sunflower_Oil_1L,37,145.0,5365.0,23,0.26
2026-05-31,MUMBAI_STORE_001,SKU_004_Amul_Butter_500g,23,275.0,6325.0,34,0.29
2026-05-31,MUMBAI_STORE_001,SKU_005_Tata_Tea_Gold_500g,18,320.0,5760.0,28,0.31
2026-05-31,MUMBAI_STORE_001,SKU_006_Tata_Salt_1kg,49,28.0,1372.0,23,0.35
2026-05-31,MUMBAI_STORE_001,SKU_007_Toor_Dal_Premium_1kg,24,165.0,3960.0,42,0.25
2026-05-31,MUMBAI_STORE_001,SKU_008_Maggi_Noodles_12Pack,32,168.0,5376.0,45,0.33
2026-05-31,MUMBAI_STORE_001,SKU_009_Cadbury_Dairy_Milk_Silk,22,95.0,2090.0,16,0.47
2026-05-31,MUMBAI_STORE_001,SKU_010_Surf_Excel_Matic_2kg,11,390.0,4290.0,29,0.36
2026-05-31,DELHI_STORE_002,SKU_001_Aashirvaad_Atta_5kg,21,265.0,5565.0,58,0.43
2026-05-31,DELHI_STORE_002,SKU_002_IndiaGate_Basmati_5kg,5,480.0,2400.0,17,0.3
2026-05-31,DELHI_STORE_002,SKU_003_Fortune_Sunflower_Oil_1L,29,145.0,4205.0,52,0.31
2026-05-31,DELHI_STORE_002,SKU_004_Amul_Butter_500g,22,275.0,6050.0,21,0.44
2026-05-31,DELHI_STORE_002,SKU_005_Tata_Tea_Gold_500g,21,320.0,6720.0,15,0.44
2026-05-31,DELHI_STORE_002,SKU_006_Tata_Salt_1kg,54,28.0,1512.0,49,0.22
2026-05-31,DELHI_STORE_002,SKU_007_Toor_Dal_Premium_1kg,21,165.0,3465.0,53,0.39
2026-05-31,DELHI_STORE_002,SKU_008_Maggi_Noodles_12Pack,33,168.0,5544.0,28,0.3
2026-05-31,DELHI_STORE_002,SKU_009_Cadbury_Dairy_Milk_Silk,33,95.0,3135.0,54,0.34
2026-05-31,DELHI_STORE_002,SKU_010_Surf_Excel_Matic_2kg,9,390.0,3510.0,49,0.37
2026-05-31,BENGALURU_STORE_003,SKU_001_Aashirvaad_Atta_5kg,24,265.0,6360.0,38,0.33
2026-05-31,BENGALURU_STORE_003,SKU_002_IndiaGate_Basmati_5kg,9,480.0,4320.0,55,0.27
2026-05-31,BENGALURU_STORE_003,SKU_003_Fortune_Sunflower_Oil_1L,29,145.0,4205.0,25,0.22
2026-05-31,BENGALURU_STORE_003,SKU_004_Amul_Butter_500g,23,275.0,6325.0,56,0.44
2026-05-31,BENGALURU_STORE_003,SKU_005_Tata_Tea_Gold_500g,21,320.0,6720.0,55,0.36
2026-05-31,BENGALURU_STORE_003,SKU_006_Tata_Salt_1kg,46,28.0,1288.0,25,0.33
2026-05-31,BENGALURU_STORE_003,SKU_007_Toor_Dal_Premium_1kg,22,165.0,3630.0,20,0.3
2026-05-31,BENGALURU_STORE_003,SKU_008_Maggi_Noodles_12Pack,48,168.0,8064.0,38,0.41
2026-05-31,BENGALURU_STORE_003,SKU_009_Cadbury_Dairy_Milk_Silk,27,95.0,2565.0,58,0.28
2026-05-31,BENGALURU_STORE_003,SKU_010_Surf_Excel_Matic_2kg,14,390.0,5460.0,27,0.21
2026-05-31,HYDERABAD_STORE_004,SKU_001_Aashirvaad_Atta_5kg,21,265.0,5565.0,17,0.28
2026-05-31,HYDERABAD_STORE_004,SKU_002_IndiaGate_Basmati_5kg,16,480.0,7680.0,21,0.35
2026-05-31,HYDERABAD_STORE_004,SKU_003_Fortune_Sunflower_Oil_1L,34,145.0,4930.0,25,0.42
2026-05-31,HYDERABAD_STORE_004,SKU_004_Amul_Butter_500g,24,275.0,6600.0,43,0.36
2026-05-31,HYDERABAD_STORE_004,SKU_005_Tata_Tea_Gold_500g,15,320.0,4800.0,16,0.38
2026-05-31,HYDERABAD_STORE_004,SKU_006_Tata_Salt_1kg,54,28.0,1512.0,38,0.27
2026-05-31,HYDERABAD_STORE_004,SKU_007_Toor_Dal_Premium_1kg,25,165.0,4125.0,46,0.32
2026-05-31,HYDERABAD_STORE_004,SKU_008_Maggi_Noodles_12Pack,48,168.0,8064.0,30,0.23
2026-05-31,HYDERABAD_STORE_004,SKU_009_Cadbury_Dairy_Milk_Silk,25,95.0,2375.0,51,0.37
2026-05-31,HYDERABAD_STORE_004,SKU_010_Surf_Excel_Matic_2kg,14,390.0,5460.0,19,0.47
2026-05-31,CHENNAI_STORE_005,SKU_001_Aashirvaad_Atta_5kg,27,265.0,7155.0,30,0.3
2026-05-31,CHENNAI_STORE_005,SKU_002_IndiaGate_Basmati_5kg,12,480.0,5760.0,22,0.47
2026-05-31,CHENNAI_STORE_005,SKU_003_Fortune_Sunflower_Oil_1L,33,145.0,4785.0,19,0.4
2026-05-31,CHENNAI_STORE_005,SKU_004_Amul_Butter_500g,27,275.0,7425.0,44,0.27
2026-05-31,CHENNAI_STORE_005,SKU_005_Tata_Tea_Gold_500g,20,320.0,6400.0,29,0.42
2026-05-31,CHENNAI_STORE_005,SKU_006_Tata_Salt_1kg,53,28.0,1484.0,44,0.37
2026-05-31,CHENNAI_STORE_005,SKU_007_Toor_Dal_Premium_1kg,15,165.0,2475.0,26,0.27
2026-05-31,CHENNAI_STORE_005,SKU_008_Maggi_Noodles_12Pack,45,168.0,7560.0,50,0.35
2026-05-31,CHENNAI_STORE_005,SKU_009_Cadbury_Dairy_Milk_Silk,30,95.0,2850.0,23,0.42
2026-05-31,CHENNAI_STORE_005,SKU_010_Surf_Excel_Matic_2kg,11,390.0,4290.0,44,0.25
2026-06-01,MUMBAI_STORE_001,SKU_001_Aashirvaad_Atta_5kg,21,265.0,5565.0,56,0.31
2026-06-01,MUMBAI_STORE_001,SKU_002_IndiaGate_Basmati_5kg,9,480.0,4320.0,22,0.37
2026-06-01,MUMBAI_STORE_001,SKU_003_Fortune_Sunflower_Oil_1L,31,145.0,4495.0,40,0.23
2026-06-01,MUMBAI_STORE_001,SKU_004_Amul_Butter_500g,13,275.0,3575.0,54,0.42
2026-06-01,MUMBAI_STORE_001,SKU_005_Tata_Tea_Gold_500g,14,320.0,4480.0,31,0.29
2026-06-01,MUMBAI_STORE_001,SKU_006_Tata_Salt_1kg,35,28.0,980.0,50,0.39
2026-06-01,MUMBAI_STORE_001,SKU_007_Toor_Dal_Premium_1kg,18,165.0,2970.0,55,0.3
2026-06-01,MUMBAI_STORE_001,SKU_008_Maggi_Noodles_12Pack,23,168.0,3864.0,41,0.21
2026-06-01,MUMBAI_STORE_001,SKU_009_Cadbury_Dairy_Milk_Silk,19,95.0,1805.0,27,0.38
2026-06-01,MUMBAI_STORE_001,SKU_010_Surf_Excel_Matic_2kg,1,390.0,390.0,52,0.31
2026-06-01,DELHI_STORE_002,SKU_001_Aashirvaad_Atta_5kg,9,265.0,2385.0,49,0.26
2026-06-01,DELHI_STORE_002,SKU_002_IndiaGate_Basmati_5kg,8,480.0,3840.0,29,0.44
2026-06-01,DELHI_STORE_002,SKU_003_Fortune_Sunflower_Oil_1L,19,145.0,2755.0,18,0.21
2026-06-01,DELHI_STORE_002,SKU_004_Amul_Butter_500g,21,275.0,5775.0,22,0.25
2026-06-01,DELHI_STORE_002,SKU_005_Tata_Tea_Gold_500g,9,320.0,2880.0,47,0.4
2026-06-01,DELHI_STORE_002,SKU_006_Tata_Salt_1kg,39,28.0,1092.0,42,0.33
2026-06-01,DELHI_STORE_002,SKU_007_Toor_Dal_Premium_1kg,13,165.0,2145.0,49,0.2
2026-06-01,DELHI_STORE_002,SKU_008_Maggi_Noodles_12Pack,18,168.0,3024.0,16,0.46
2026-06-01,DELHI_STORE_002,SKU_009_Cadbury_Dairy_Milk_Silk,23,95.0,2185.0,19,0.35
2026-06-01,DELHI_STORE_002,SKU_010_Surf_Excel_Matic_2kg,10,390.0,3900.0,34,0.32
2026-06-01,BENGALURU_STORE_003,SKU_001_Aashirvaad_Atta_5kg,15,265.0,3975.0,17,0.31
2026-06-01,BENGALURU_STORE_003,SKU_002_IndiaGate_Basmati_5kg,7,480.0,3360.0,41,0.48
2026-06-01,BENGALURU_STORE_003,SKU_003_Fortune_Sunflower_Oil_1L,23,145.0,3335.0,43,0.34
2026-06-01,BENGALURU_STORE_003,SKU_004_Amul_Butter_500g,25,275.0,6875.0,18,0.23
2026-06-01,BENGALURU_STORE_003,SKU_005_Tata_Tea_Gold_500g,14,320.0,4480.0,29,0.45
2026-06-01,BENGALURU_STORE_003,SKU_006_Tata_Salt_1kg,31,28.0,868.0,46,0.39
2026-06-01,BENGALURU_STORE_003,SKU_007_Toor_Dal_Premium_1kg,21,165.0,3465.0,51,0.28
2026-06-01,BENGALURU_STORE_003,SKU_008_Maggi_Noodles_12Pack,20,168.0,3360.0,51,0.5
2026-06-01,BENGALURU_STORE_003,SKU_009_Cadbury_Dairy_Milk_Silk,19,95.0,1805.0,49,0.3
2026-06-01,BENGALURU_STORE_003,SKU_010_Surf_Excel_Matic_2kg,9,390.0,3510.0,48,0.23
2026-06-01,HYDERABAD_STORE_004,SKU_001_Aashirvaad_Atta_5kg,20,265.0,5300.0,52,0.3
2026-06-01,HYDERABAD_STORE_004,SKU_002_IndiaGate_Basmati_5kg,4,480.0,1920.0,29,0.49
2026-06-01,HYDERABAD_STORE_004,SKU_003_Fortune_Sunflower_Oil_1L,32,145.0,4640.0,43,0.33
2026-06-01,HYDERABAD_STORE_004,SKU_004_Amul_Butter_500g,15,275.0,4125.0,45,0.43
2026-06-01,HYDERABAD_STORE_004,SKU_005_Tata_Tea_Gold_500g,6,320.0,1920.0,17,0.36
2026-06-01,HYDERABAD_STORE_004,SKU_006_Tata_Salt_1kg,34,28.0,952.0,30,0.24
2026-06-01,HYDERABAD_STORE_004,SKU_007_Toor_Dal_Premium_1kg,11,165.0,1815.0,42,0.23
2026-06-01,HYDERABAD_STORE_004,SKU_008_Maggi_Noodles_12Pack,17,168.0,2856.0,18,0.45
2026-06-01,HYDERABAD_STORE_004,SKU_009_Cadbury_Dairy_Milk_Silk,23,95.0,2185.0,18,0.5
2026-06-01,HYDERABAD_STORE_004,SKU_010_Surf_Excel_Matic_2kg,9,390.0,3510.0,51,0.48
2026-06-01,CHENNAI_STORE_005,SKU_001_Aashirvaad_Atta_5kg,13,265.0,3445.0,49,0.37
2026-06-01,CHENNAI_STORE_005,SKU_002_IndiaGate_Basmati_5kg,4,480.0,1920.0,36,0.22
2026-06-01,CHENNAI_STORE_005,SKU_003_Fortune_Sunflower_Oil_1L,15,145.0,2175.0,44,0.42
2026-06-01,CHENNAI_STORE_005,SKU_004_Amul_Butter_500g,16,275.0,4400.0,54,0.27
2026-06-01,CHENNAI_STORE_005,SKU_005_Tata_Tea_Gold_500g,21,320.0,6720.0,58,0.21
2026-06-01,CHENNAI_STORE_005,SKU_006_Tata_Salt_1kg,44,28.0,1232.0,59,0.22
2026-06-01,CHENNAI_STORE_005,SKU_007_Toor_Dal_Premium_1kg,16,165.0,2640.0,46,0.34
2026-06-01,CHENNAI_STORE_005,SKU_008_Maggi_Noodles_12Pack,27,168.0,4536.0,55,0.21
2026-06-01,CHENNAI_STORE_005,SKU_009_Cadbury_Dairy_Milk_Silk,26,95.0,2470.0,42,0.28
2026-06-01,CHENNAI_STORE_005,SKU_010_Surf_Excel_Matic_2kg,7,390.0,2730.0,30,0.38
2026-06-02,MUMBAI_STORE_001,SKU_001_Aashirvaad_Atta_5kg,14,265.0,3710.0,51,0.41
2026-06-02,MUMBAI_STORE_001,SKU_002_IndiaGate_Basmati_5kg,10,480.0,4800.0,31,0.44
2026-06-02,MUMBAI_STORE_001,SKU_003_Fortune_Sunflower_Oil_1L,23,145.0,3335.0,58,0.45
2026-06-02,MUMBAI_STORE_001,SKU_004_Amul_Butter_500g,23,275.0,6325.0,33,0.28
2026-06-02,MUMBAI_STORE_001,SKU_005_Tata_Tea_Gold_500g,16,320.0,5120.0,35,0.24
2026-06-02,MUMBAI_STORE_001,SKU_006_Tata_Salt_1kg,49,28.0,1372.0,25,0.4
2026-06-02,MUMBAI_STORE_001,SKU_007_Toor_Dal_Premium_1kg,17,165.0,2805.0,20,0.4
2026-06-02,MUMBAI_STORE_001,SKU_008_Maggi_Noodles_12Pack,25,168.0,4200.0,38,0.46
2026-06-02,MUMBAI_STORE_001,SKU_009_Cadbury_Dairy_Milk_Silk,21,95.0,1995.0,54,0.32
2026-06-02,MUMBAI_STORE_001,SKU_010_Surf_Excel_Matic_2kg,6,390.0,2340.0,48,0.39
2026-06-02,DELHI_STORE_002,SKU_001_Aashirvaad_Atta_5kg,16,265.0,4240.0,21,0.2
2026-06-02,DELHI_STORE_002,SKU_002_IndiaGate_Basmati_5kg,12,480.0,5760.0,56,0.35
2026-06-02,DELHI_STORE_002,SKU_003_Fortune_Sunflower_Oil_1L,18,145.0,2610.0,59,0.35
2026-06-02,DELHI_STORE_002,SKU_004_Amul_Butter_500g,16,275.0,4400.0,25,0.22
2026-06-02,DELHI_STORE_002,SKU_005_Tata_Tea_Gold_500g,7,320.0,2240.0,21,0.24
2026-06-02,DELHI_STORE_002,SKU_006_Tata_Salt_1kg,37,28.0,1036.0,30,0.47
2026-06-02,DELHI_STORE_002,SKU_007_Toor_Dal_Premium_1kg,16,165.0,2640.0,22,0.26
2026-06-02,DELHI_STORE_002,SKU_008_Maggi_Noodles_12Pack,12,168.0,2016.0,27,0.25
2026-06-02,DELHI_STORE_002,SKU_009_Cadbury_Dairy_Milk_Silk,13,95.0,1235.0,35,0.26
2026-06-02,DELHI_STORE_002,SKU_010_Surf_Excel_Matic_2kg,9,390.0,3510.0,46,0.21
2026-06-02,BENGALURU_STORE_003,SKU_001_Aashirvaad_Atta_5kg,18,265.0,4770.0,18,0.46
2026-06-02,BENGALURU_STORE_003,SKU_002_IndiaGate_Basmati_5kg,7,480.0,3360.0,36,0.39
2026-06-02,BENGALURU_STORE_003,SKU_003_Fortune_Sunflower_Oil_1L,20,145.0,2900.0,48,0.21
2026-06-02,BENGALURU_STORE_003,SKU_004_Amul_Butter_500g,15,275.0,4125.0,55,0.35
2026-06-02,BENGALURU_STORE_003,SKU_005_Tata_Tea_Gold_500g,12,320.0,3840.0,35,0.36
2026-06-02,BENGALURU_STORE_003,SKU_006_Tata_Salt_1kg,30,28.0,840.0,31,0.21
2026-06-02,BENGALURU_STORE_003,SKU_007_Toor_Dal_Premium_1kg,14,165.0,2310.0,29,0.24
2026-06-02,BENGALURU_STORE_003,SKU_008_Maggi_Noodles_12Pack,32,168.0,5376.0,45,0.44
2026-06-02,BENGALURU_STORE_003,SKU_009_Cadbury_Dairy_Milk_Silk,20,95.0,1900.0,39,0.38
2026-06-02,BENGALURU_STORE_003,SKU_010_Surf_Excel_Matic_2kg,12,390.0,4680.0,20,0.29
2026-06-02,HYDERABAD_STORE_004,SKU_001_Aashirvaad_Atta_5kg,12,265.0,3180.0,40,0.31
2026-06-02,HYDERABAD_STORE_004,SKU_002_IndiaGate_Basmati_5kg,6,480.0,2880.0,23,0.29
2026-06-02,HYDERABAD_STORE_004,SKU_003_Fortune_Sunflower_Oil_1L,14,145.0,2030.0,33,0.49
2026-06-02,HYDERABAD_STORE_004,SKU_004_Amul_Butter_500g,12,275.0,3300.0,58,0.46
2026-06-02,HYDERABAD_STORE_004,SKU_005_Tata_Tea_Gold_500g,16,320.0,5120.0,22,0.4
2026-06-02,HYDERABAD_STORE_004,SKU_006_Tata_Salt_1kg,46,28.0,1288.0,40,0.28
2026-06-02,HYDERABAD_STORE_004,SKU_007_Toor_Dal_Premium_1kg,19,165.0,3135.0,29,0.33
2026-06-02,HYDERABAD_STORE_004,SKU_008_Maggi_Noodles_12Pack,25,168.0,4200.0,20,0.38
2026-06-02,HYDERABAD_STORE_004,SKU_009_Cadbury_Dairy_Milk_Silk,17,95.0,1615.0,21,0.34
2026-06-02,HYDERABAD_STORE_004,SKU_010_Surf_Excel_Matic_2kg,10,390.0,3900.0,30,0.24
2026-06-02,CHENNAI_STORE_005,SKU_001_Aashirvaad_Atta_5kg,12,265.0,3180.0,26,0.4
2026-06-02,CHENNAI_STORE_005,SKU_002_IndiaGate_Basmati_5kg,12,480.0,5760.0,48,0.37
2026-06-02,CHENNAI_STORE_005,SKU_003_Fortune_Sunflower_Oil_1L,27,145.0,3915.0,50,0.26
2026-06-02,CHENNAI_STORE_005,SKU_004_Amul_Butter_500g,13,275.0,3575.0,51,0.4
2026-06-02,CHENNAI_STORE_005,SKU_005_Tata_Tea_Gold_500g,12,320.0,3840.0,54,0.32
2026-06-02,CHENNAI_STORE_005,SKU_006_Tata_Salt_1kg,41,28.0,1148.0,31,0.34
2026-06-02,CHENNAI_STORE_005,SKU_007_Toor_Dal_Premium_1kg,13,165.0,2145.0,37,0.27
2026-06-02,CHENNAI_STORE_005,SKU_008_Maggi_Noodles_12Pack,33,168.0,5544.0,39,0.47
2026-06-02,CHENNAI_STORE_005,SKU_009_Cadbury_Dairy_Milk_Silk,22,95.0,2090.0,57,0.39
2026-06-02,CHENNAI_STORE_005,SKU_010_Surf_Excel_Matic_2kg,8,390.0,3120.0,50,0.39
2026-06-03,MUMBAI_STORE_001,SKU_001_Aashirvaad_Atta_5kg,14,265.0,3710.0,50,0.25
2026-06-03,MUMBAI_STORE_001,SKU_002_IndiaGate_Basmati_5kg,7,480.0,3360.0,51,0.23
2026-06-03,MUMBAI_STORE_001,SKU_003_Fortune_Sunflower_Oil_1L,28,145.0,4060.0,32,0.44
2026-06-03,MUMBAI_STORE_001,SKU_004_Amul_Butter_500g,13,275.0,3575.0,47,0.42
2026-06-03,MUMBAI_STORE_001,SKU_005_Tata_Tea_Gold_500g,13,320.0,4160.0,39,0.28
2026-06-03,MUMBAI_STORE_001,SKU_006_Tata_Salt_1kg,32,28.0,896.0,55,0.38
2026-06-03,MUMBAI_STORE_001,SKU_007_Toor_Dal_Premium_1kg,15,165.0,2475.0,57,0.25
2026-06-03,MUMBAI_STORE_001,SKU_008_Maggi_Noodles_12Pack,26,168.0,4368.0,42,0.21
2026-06-03,MUMBAI_STORE_001,SKU_009_Cadbury_Dairy_Milk_Silk,21,95.0,1995.0,56,0.41
2026-06-03,MUMBAI_STORE_001,SKU_010_Surf_Excel_Matic_2kg,6,390.0,2340.0,42,0.33
2026-06-03,DELHI_STORE_002,SKU_001_Aashirvaad_Atta_5kg,21,265.0,5565.0,20,0.5
2026-06-03,DELHI_STORE_002,SKU_002_IndiaGate_Basmati_5kg,8,480.0,3840.0,51,0.2
2026-06-03,DELHI_STORE_002,SKU_003_Fortune_Sunflower_Oil_1L,20,145.0,2900.0,39,0.48
2026-06-03,DELHI_STORE_002,SKU_004_Amul_Butter_500g,16,275.0,4400.0,48,0.34
2026-06-03,DELHI_STORE_002,SKU_005_Tata_Tea_Gold_500g,9,320.0,2880.0,21,0.25
2026-06-03,DELHI_STORE_002,SKU_006_Tata_Salt_1kg,35,28.0,980.0,56,0.31
2026-06-03,DELHI_STORE_002,SKU_007_Toor_Dal_Premium_1kg,17,165.0,2805.0,15,0.4
2026-06-03,DELHI_STORE_002,SKU_008_Maggi_Noodles_12Pack,19,168.0,3192.0,18,0.5
2026-06-03,DELHI_STORE_002,SKU_009_Cadbury_Dairy_Milk_Silk,20,95.0,1900.0,18,0.42
2026-06-03,DELHI_STORE_002,SKU_010_Surf_Excel_Matic_2kg,7,390.0,2730.0,16,0.34
2026-06-03,BENGALURU_STORE_003,SKU_001_Aashirvaad_Atta_5kg,15,265.0,3975.0,49,0.34
2026-06-03,BENGALURU_STORE_003,SKU_002_IndiaGate_Basmati_5kg,9,480.0,4320.0,43,0.32
2026-06-03,BENGALURU_STORE_003,SKU_003_Fortune_Sunflower_Oil_1L,25,145.0,3625.0,16,0.27
2026-06-03,BENGALURU_STORE_003,SKU_004_Amul_Butter_500g,14,275.0,3850.0,15,0.23
2026-06-03,BENGALURU_STORE_003,SKU_005_Tata_Tea_Gold_500g,15,320.0,4800.0,44,0.27
2026-06-03,BENGALURU_STORE_003,SKU_006_Tata_Salt_1kg,26,28.0,728.0,47,0.46
2026-06-03,BENGALURU_STORE_003,SKU_007_Toor_Dal_Premium_1kg,20,165.0,3300.0,45,0.26
2026-06-03,BENGALURU_STORE_003,SKU_008_Maggi_Noodles_12Pack,22,168.0,3696.0,15,0.23
2026-06-03,BENGALURU_STORE_003,SKU_009_Cadbury_Dairy_Milk_Silk,16,95.0,1520.0,23,0.37
2026-06-03,BENGALURU_STORE_003,SKU_010_Surf_Excel_Matic_2kg,9,390.0,3510.0,51,0.3
2026-06-03,HYDERABAD_STORE_004,SKU_001_Aashirvaad_Atta_5kg,11,265.0,2915.0,41,0.28
2026-06-03,HYDERABAD_STORE_004,SKU_002_IndiaGate_Basmati_5kg,12,480.0,5760.0,16,0.28
2026-06-03,HYDERABAD_STORE_004,SKU_003_Fortune_Sunflower_Oil_1L,23,145.0,3335.0,26,0.24
2026-06-03,HYDERABAD_STORE_004,SKU_004_Amul_Butter_500g,18,275.0,4950.0,27,0.21
2026-06-03,HYDERABAD_STORE_004,SKU_005_Tata_Tea_Gold_500g,18,320.0,5760.0,40,0.28
2026-06-03,HYDERABAD_STORE_004,SKU_006_Tata_Salt_1kg,36,28.0,1008.0,52,0.26
2026-06-03,HYDERABAD_STORE_004,SKU_007_Toor_Dal_Premium_1kg,17,165.0,2805.0,44,0.25
2026-06-03,HYDERABAD_STORE_004,SKU_008_Maggi_Noodles_12Pack,33,168.0,5544.0,32,0.36
2026-06-03,HYDERABAD_STORE_004,SKU_009_Cadbury_Dairy_Milk_Silk,10,95.0,950.0,48,0.22
2026-06-03,HYDERABAD_STORE_004,SKU_010_Surf_Excel_Matic_2kg,11,390.0,4290.0,32,0.29
2026-06-03,CHENNAI_STORE_005,SKU_001_Aashirvaad_Atta_5kg,12,265.0,3180.0,28,0.37
2026-06-03,CHENNAI_STORE_005,SKU_002_IndiaGate_Basmati_5kg,7,480.0,3360.0,17,0.35
2026-06-03,CHENNAI_STORE_005,SKU_003_Fortune_Sunflower_Oil_1L,23,145.0,3335.0,49,0.23
2026-06-03,CHENNAI_STORE_005,SKU_004_Amul_Butter_500g,18,275.0,4950.0,34,0.27
2026-06-03,CHENNAI_STORE_005,SKU_005_Tata_Tea_Gold_500g,14,320.0,4480.0,41,0.31
2026-06-03,CHENNAI_STORE_005,SKU_006_Tata_Salt_1kg,34,28.0,952.0,39,0.46
2026-06-03,CHENNAI_STORE_005,SKU_007_Toor_Dal_Premium_1kg,18,165.0,2970.0,53,0.27
2026-06-03,CHENNAI_STORE_005,SKU_008_Maggi_Noodles_12Pack,25,168.0,4200.0,59,0.48
2026-06-03,CHENNAI_STORE_005,SKU_009_Cadbury_Dairy_Milk_Silk,28,95.0,2660.0,40,0.47
2026-06-03,CHENNAI_STORE_005,SKU_010_Surf_Excel_Matic_2kg,10,390.0,3900.0,53,0.3
2026-06-04,MUMBAI_STORE_001,SKU_001_Aashirvaad_Atta_5kg,18,265.0,4770.0,41,0.27
2026-06-04,MUMBAI_STORE_001,SKU_002_IndiaGate_Basmati_5kg,5,480.0,2400.0,29,0.36
2026-06-04,MUMBAI_STORE_001,SKU_003_Fortune_Sunflower_Oil_1L,26,145.0,3770.0,43,0.47
2026-06-04,MUMBAI_STORE_001,SKU_004_Amul_Butter_500g,19,275.0,5225.0,16,0.46
2026-06-04,MUMBAI_STORE_001,SKU_005_Tata_Tea_Gold_500g,10,320.0,3200.0,33,0.34
2026-06-04,MUMBAI_STORE_001,SKU_006_Tata_Salt_1kg,37,28.0,1036.0,59,0.43
2026-06-04,MUMBAI_STORE_001,SKU_007_Toor_Dal_Premium_1kg,15,165.0,2475.0,48,0.27
2026-06-04,MUMBAI_STORE_001,SKU_008_Maggi_Noodles_12Pack,18,168.0,3024.0,27,0.29
2026-06-04,MUMBAI_STORE_001,SKU_009_Cadbury_Dairy_Milk_Silk,16,95.0,1520.0,15,0.5
2026-06-04,MUMBAI_STORE_001,SKU_010_Surf_Excel_Matic_2kg,9,390.0,3510.0,45,0.27
2026-06-04,DELHI_STORE_002,SKU_001_Aashirvaad_Atta_5kg,22,265.0,5830.0,19,0.33
2026-06-04,DELHI_STORE_002,SKU_002_IndiaGate_Basmati_5kg,12,480.0,5760.0,24,0.26
2026-06-04,DELHI_STORE_002,SKU_003_Fortune_Sunflower_Oil_1L,26,145.0,3770.0,17,0.49
2026-06-04,DELHI_STORE_002,SKU_004_Amul_Butter_500g,17,275.0,4675.0,46,0.25
2026-06-04,DELHI_STORE_002,SKU_005_Tata_Tea_Gold_500g,16,320.0,5120.0,25,0.36
2026-06-04,DELHI_STORE_002,SKU_006_Tata_Salt_1kg,37,28.0,1036.0,19,0.46
2026-06-04,DELHI_STORE_002,SKU_007_Toor_Dal_Premium_1kg,13,165.0,2145.0,54,0.49
2026-06-04,DELHI_STORE_002,SKU_008_Maggi_Noodles_12Pack,31,168.0,5208.0,44,0.37
2026-06-04,DELHI_STORE_002,SKU_009_Cadbury_Dairy_Milk_Silk,13,95.0,1235.0,31,0.28
2026-06-04,DELHI_STORE_002,SKU_010_Surf_Excel_Matic_2kg,12,390.0,4680.0,18,0.27
2026-06-04,BENGALURU_STORE_003,SKU_001_Aashirvaad_Atta_5kg,16,265.0,4240.0,53,0.35
2026-06-04,BENGALURU_STORE_003,SKU_002_IndiaGate_Basmati_5kg,18,480.0,8640.0,54,0.46
2026-06-04,BENGALURU_STORE_003,SKU_003_Fortune_Sunflower_Oil_1L,16,145.0,2320.0,48,0.25
2026-06-04,BENGALURU_STORE_003,SKU_004_Amul_Butter_500g,18,275.0,4950.0,27,0.39
2026-06-04,BENGALURU_STORE_003,SKU_005_Tata_Tea_Gold_500g,9,320.0,2880.0,39,0.43
2026-06-04,BENGALURU_STORE_003,SKU_006_Tata_Salt_1kg,26,28.0,728.0,39,0.49
2026-06-04,BENGALURU_STORE_003,SKU_007_Toor_Dal_Premium_1kg,14,165.0,2310.0,56,0.23
2026-06-04,BENGALURU_STORE_003,SKU_008_Maggi_Noodles_12Pack,35,168.0,5880.0,18,0.29
2026-06-04,BENGALURU_STORE_003,SKU_009_Cadbury_Dairy_Milk_Silk,23,95.0,2185.0,41,0.3
2026-06-04,BENGALURU_STORE_003,SKU_010_Surf_Excel_Matic_2kg,11,390.0,4290.0,54,0.49
2026-06-04,HYDERABAD_STORE_004,SKU_001_Aashirvaad_Atta_5kg,9,265.0,2385.0,16,0.21
2026-06-04,HYDERABAD_STORE_004,SKU_002_IndiaGate_Basmati_5kg,9,480.0,4320.0,50,0.41
2026-06-04,HYDERABAD_STORE_004,SKU_003_Fortune_Sunflower_Oil_1L,18,145.0,2610.0,45,0.4
2026-06-04,HYDERABAD_STORE_004,SKU_004_Amul_Butter_500g,13,275.0,3575.0,57,0.33
2026-06-04,HYDERABAD_STORE_004,SKU_005_Tata_Tea_Gold_500g,13,320.0,4160.0,27,0.5
2026-06-04,HYDERABAD_STORE_004,SKU_006_Tata_Salt_1kg,33,28.0,924.0,25,0.26
2026-06-04,HYDERABAD_STORE_004,SKU_007_Toor_Dal_Premium_1kg,14,165.0,2310.0,36,0.49
2026-06-04,HYDERABAD_STORE_004,SKU_008_Maggi_Noodles_12Pack,20,168.0,3360.0,49,0.43
2026-06-04,HYDERABAD_STORE_004,SKU_009_Cadbury_Dairy_Milk_Silk,25,95.0,2375.0,43,0.24
2026-06-04,HYDERABAD_STORE_004,SKU_010_Surf_Excel_Matic_2kg,11,390.0,4290.0,36,0.24
2026-06-04,CHENNAI_STORE_005,SKU_001_Aashirvaad_Atta_5kg,9,265.0,2385.0,34,0.26
2026-06-04,CHENNAI_STORE_005,SKU_002_IndiaGate_Basmati_5kg,7,480.0,3360.0,18,0.32
2026-06-04,CHENNAI_STORE_005,SKU_003_Fortune_Sunflower_Oil_1L,22,145.0,3190.0,28,0.41
2026-06-04,CHENNAI_STORE_005,SKU_004_Amul_Butter_500g,23,275.0,6325.0,16,0.34
2026-06-04,CHENNAI_STORE_005,SKU_005_Tata_Tea_Gold_500g,7,320.0,2240.0,59,0.24
2026-06-04,CHENNAI_STORE_005,SKU_006_Tata_Salt_1kg,35,28.0,980.0,46,0.37
2026-06-04,CHENNAI_STORE_005,SKU_007_Toor_Dal_Premium_1kg,16,165.0,2640.0,30,0.21
2026-06-04,CHENNAI_STORE_005,SKU_008_Maggi_Noodles_12Pack,16,168.0,2688.0,20,0.37
2026-06-04,CHENNAI_STORE_005,SKU_009_Cadbury_Dairy_Milk_Silk,16,95.0,1520.0,19,0.39
2026-06-04,CHENNAI_STORE_005,SKU_010_Surf_Excel_Matic_2kg,12,390.0,4680.0,57,0.22
2026-06-05,MUMBAI_STORE_001,SKU_001_Aashirvaad_Atta_5kg,14,265.0,3710.0,54,0.41
2026-06-05,MUMBAI_STORE_001,SKU_002_IndiaGate_Basmati_5kg,11,480.0,5280.0,17,0.27
2026-06-05,MUMBAI_STORE_001,SKU_003_Fortune_Sunflower_Oil_1L,20,145.0,2900.0,50,0.4
2026-06-05,MUMBAI_STORE_001,SKU_004_Amul_Butter_500g,18,275.0,4950.0,47,0.27
2026-06-05,MUMBAI_STORE_001,SKU_005_Tata_Tea_Gold_500g,14,320.0,4480.0,45,0.22
2026-06-05,MUMBAI_STORE_001,SKU_006_Tata_Salt_1kg,34,28.0,952.0,47,0.42
2026-06-05,MUMBAI_STORE_001,SKU_007_Toor_Dal_Premium_1kg,15,165.0,2475.0,31,0.5
2026-06-05,MUMBAI_STORE_001,SKU_008_Maggi_Noodles_12Pack,26,168.0,4368.0,47,0.35
2026-06-05,MUMBAI_STORE_001,SKU_009_Cadbury_Dairy_Milk_Silk,19,95.0,1805.0,41,0.47
2026-06-05,MUMBAI_STORE_001,SKU_010_Surf_Excel_Matic_2kg,7,390.0,2730.0,43,0.42
2026-06-05,DELHI_STORE_002,SKU_001_Aashirvaad_Atta_5kg,9,265.0,2385.0,55,0.25
2026-06-05,DELHI_STORE_002,SKU_002_IndiaGate_Basmati_5kg,9,480.0,4320.0,41,0.25
2026-06-05,DELHI_STORE_002,SKU_003_Fortune_Sunflower_Oil_1L,18,145.0,2610.0,29,0.43
2026-06-05,DELHI_STORE_002,SKU_004_Amul_Butter_500g,17,275.0,4675.0,18,0.25
2026-06-05,DELHI_STORE_002,SKU_005_Tata_Tea_Gold_500g,12,320.0,3840.0,52,0.33
2026-06-05,DELHI_STORE_002,SKU_006_Tata_Salt_1kg,30,28.0,840.0,46,0.25
2026-06-05,DELHI_STORE_002,SKU_007_Toor_Dal_Premium_1kg,11,165.0,1815.0,48,0.4
2026-06-05,DELHI_STORE_002,SKU_008_Maggi_Noodles_12Pack,25,168.0,4200.0,51,0.38
2026-06-05,DELHI_STORE_002,SKU_009_Cadbury_Dairy_Milk_Silk,26,95.0,2470.0,20,0.28
2026-06-05,DELHI_STORE_002,SKU_010_Surf_Excel_Matic_2kg,16,390.0,6240.0,20,0.34
2026-06-05,BENGALURU_STORE_003,SKU_001_Aashirvaad_Atta_5kg,21,265.0,5565.0,37,0.21
2026-06-05,BENGALURU_STORE_003,SKU_002_IndiaGate_Basmati_5kg,7,480.0,3360.0,38,0.35
2026-06-05,BENGALURU_STORE_003,SKU_003_Fortune_Sunflower_Oil_1L,24,145.0,3480.0,16,0.29
2026-06-05,BENGALURU_STORE_003,SKU_004_Amul_Butter_500g,21,275.0,5775.0,45,0.49
2026-06-05,BENGALURU_STORE_003,SKU_005_Tata_Tea_Gold_500g,11,320.0,3520.0,22,0.41
2026-06-05,BENGALURU_STORE_003,SKU_006_Tata_Salt_1kg,38,28.0,1064.0,42,0.46
2026-06-05,BENGALURU_STORE_003,SKU_007_Toor_Dal_Premium_1kg,17,165.0,2805.0,56,0.41
2026-06-05,BENGALURU_STORE_003,SKU_008_Maggi_Noodles_12Pack,28,168.0,4704.0,44,0.32
2026-06-05,BENGALURU_STORE_003,SKU_009_Cadbury_Dairy_Milk_Silk,22,95.0,2090.0,44,0.5
2026-06-05,BENGALURU_STORE_003,SKU_010_Surf_Excel_Matic_2kg,9,390.0,3510.0,50,0.37
2026-06-05,HYDERABAD_STORE_004,SKU_001_Aashirvaad_Atta_5kg,13,265.0,3445.0,45,0.44
2026-06-05,HYDERABAD_STORE_004,SKU_002_IndiaGate_Basmati_5kg,6,480.0,2880.0,29,0.31
2026-06-05,HYDERABAD_STORE_004,SKU_003_Fortune_Sunflower_Oil_1L,20,145.0,2900.0,32,0.33
2026-06-05,HYDERABAD_STORE_004,SKU_004_Amul_Butter_500g,14,275.0,3850.0,25,0.22
2026-06-05,HYDERABAD_STORE_004,SKU_005_Tata_Tea_Gold_500g,13,320.0,4160.0,42,0.34
2026-06-05,HYDERABAD_STORE_004,SKU_006_Tata_Salt_1kg,33,28.0,924.0,38,0.34
2026-06-05,HYDERABAD_STORE_004,SKU_007_Toor_Dal_Premium_1kg,14,165.0,2310.0,41,0.36
2026-06-05,HYDERABAD_STORE_004,SKU_008_Maggi_Noodles_12Pack,27,168.0,4536.0,51,0.42
2026-06-05,HYDERABAD_STORE_004,SKU_009_Cadbury_Dairy_Milk_Silk,31,95.0,2945.0,23,0.2
2026-06-05,HYDERABAD_STORE_004,SKU_010_Surf_Excel_Matic_2kg,8,390.0,3120.0,36,0.28
2026-06-05,CHENNAI_STORE_005,SKU_001_Aashirvaad_Atta_5kg,11,265.0,2915.0,51,0.36
2026-06-05,CHENNAI_STORE_005,SKU_002_IndiaGate_Basmati_5kg,7,480.0,3360.0,23,0.36
2026-06-05,CHENNAI_STORE_005,SKU_003_Fortune_Sunflower_Oil_1L,25,145.0,3625.0,40,0.28
2026-06-05,CHENNAI_STORE_005,SKU_004_Amul_Butter_500g,29,275.0,7975.0,51,0.37
2026-06-05,CHENNAI_STORE_005,SKU_005_Tata_Tea_Gold_500g,20,320.0,6400.0,51,0.47
2026-06-05,CHENNAI_STORE_005,SKU_006_Tata_Salt_1kg,30,28.0,840.0,42,0.32
2026-06-05,CHENNAI_STORE_005,SKU_007_Toor_Dal_Premium_1kg,14,165.0,2310.0,50,0.28
2026-06-05,CHENNAI_STORE_005,SKU_008_Maggi_Noodles_12Pack,30,168.0,5040.0,45,0.23
2026-06-05,CHENNAI_STORE_005,SKU_009_Cadbury_Dairy_Milk_Silk,22,95.0,2090.0,41,0.25
2026-06-05,CHENNAI_STORE_005,SKU_010_Surf_Excel_Matic_2kg,7,390.0,2730.0,16,0.39
2026-06-06,MUMBAI_STORE_001,SKU_001_Aashirvaad_Atta_5kg,21,265.0,5565.0,25,0.32
2026-06-06,MUMBAI_STORE_001,SKU_002_IndiaGate_Basmati_5kg,12,480.0,5760.0,59,0.24
2026-06-06,MUMBAI_STORE_001,SKU_003_Fortune_Sunflower_Oil_1L,34,145.0,4930.0,34,0.42
2026-06-06,MUMBAI_STORE_001,SKU_004_Amul_Butter_500g,19,275.0,5225.0,47,0.37
2026-06-06,MUMBAI_STORE_001,SKU_005_Tata_Tea_Gold_500g,14,320.0,4480.0,18,0.47
2026-06-06,MUMBAI_STORE_001,SKU_006_Tata_Salt_1kg,43,28.0,1204.0,25,0.31
2026-06-06,MUMBAI_STORE_001,SKU_007_Toor_Dal_Premium_1kg,14,165.0,2310.0,18,0.44
2026-06-06,MUMBAI_STORE_001,SKU_008_Maggi_Noodles_12Pack,31,168.0,5208.0,54,0.4
2026-06-06,MUMBAI_STORE_001,SKU_009_Cadbury_Dairy_Milk_Silk,29,95.0,2755.0,29,0.4
2026-06-06,MUMBAI_STORE_001,SKU_010_Surf_Excel_Matic_2kg,15,390.0,5850.0,35,0.22
2026-06-06,DELHI_STORE_002,SKU_001_Aashirvaad_Atta_5kg,15,265.0,3975.0,24,0.36
2026-06-06,DELHI_STORE_002,SKU_002_IndiaGate_Basmati_5kg,6,480.0,2880.0,49,0.3
2026-06-06,DELHI_STORE_002,SKU_003_Fortune_Sunflower_Oil_1L,34,145.0,4930.0,56,0.27
2026-06-06,DELHI_STORE_002,SKU_004_Amul_Butter_500g,24,275.0,6600.0,59,0.48
2026-06-06,DELHI_STORE_002,SKU_005_Tata_Tea_Gold_500g,17,320.0,5440.0,38,0.39
2026-06-06,DELHI_STORE_002,SKU_006_Tata_Salt_1kg,38,28.0,1064.0,20,0.45
2026-06-06,DELHI_STORE_002,SKU_007_Toor_Dal_Premium_1kg,27,165.0,4455.0,16,0.29
2026-06-06,DELHI_STORE_002,SKU_008_Maggi_Noodles_12Pack,31,168.0,5208.0,18,0.48
2026-06-06,DELHI_STORE_002,SKU_009_Cadbury_Dairy_Milk_Silk,30,95.0,2850.0,32,0.33
2026-06-06,DELHI_STORE_002,SKU_010_Surf_Excel_Matic_2kg,15,390.0,5850.0,56,0.35
2026-06-06,BENGALURU_STORE_003,SKU_001_Aashirvaad_Atta_5kg,14,265.0,3710.0,32,0.46
2026-06-06,BENGALURU_STORE_003,SKU_002_IndiaGate_Basmati_5kg,14,480.0,6720.0,18,0.32
2026-06-06,BENGALURU_STORE_003,SKU_003_Fortune_Sunflower_Oil_1L,25,145.0,3625.0,30,0.49
2026-06-06,BENGALURU_STORE_003,SKU_004_Amul_Butter_500g,28,275.0,7700.0,20,0.46
2026-06-06,BENGALURU_STORE_003,SKU_005_Tata_Tea_Gold_500g,24,320.0,7680.0,42,0.43
2026-06-06,BENGALURU_STORE_003,SKU_006_Tata_Salt_1kg,42,28.0,1176.0,32,0.24
2026-06-06,BENGALURU_STORE_003,SKU_007_Toor_Dal_Premium_1kg,21,165.0,3465.0,16,0.24
2026-06-06,BENGALURU_STORE_003,SKU_008_Maggi_Noodles_12Pack,32,168.0,5376.0,34,0.23
2026-06-06,BENGALURU_STORE_003,SKU_009_Cadbury_Dairy_Milk_Silk,31,95.0,2945.0,42,0.4
2026-06-06,BENGALURU_STORE_003,SKU_010_Surf_Excel_Matic_2kg,9,390.0,3510.0,50,0.34
2026-06-06,HYDERABAD_STORE_004,SKU_001_Aashirvaad_Atta_5kg,11,265.0,2915.0,59,0.27
2026-06-06,HYDERABAD_STORE_004,SKU_002_IndiaGate_Basmati_5kg,7,480.0,3360.0,28,0.23
2026-06-06,HYDERABAD_STORE_004,SKU_003_Fortune_Sunflower_Oil_1L,34,145.0,4930.0,37,0.5
2026-06-06,HYDERABAD_STORE_004,SKU_004_Amul_Butter_500g,31,275.0,8525.0,28,0.39
2026-06-06,HYDERABAD_STORE_004,SKU_005_Tata_Tea_Gold_500g,17,320.0,5440.0,20,0.47
2026-06-06,HYDERABAD_STORE_004,SKU_006_Tata_Salt_1kg,49,28.0,1372.0,31,0.32
2026-06-06,HYDERABAD_STORE_004,SKU_007_Toor_Dal_Premium_1kg,28,165.0,4620.0,49,0.2
2026-06-06,HYDERABAD_STORE_004,SKU_008_Maggi_Noodles_12Pack,34,168.0,5712.0,15,0.28
2026-06-06,HYDERABAD_STORE_004,SKU_009_Cadbury_Dairy_Milk_Silk,33,95.0,3135.0,39,0.26
2026-06-06,HYDERABAD_STORE_004,SKU_010_Surf_Excel_Matic_2kg,23,390.0,8970.0,19,0.36
2026-06-06,CHENNAI_STORE_005,SKU_001_Aashirvaad_Atta_5kg,19,265.0,5035.0,19,0.35
2026-06-06,CHENNAI_STORE_005,SKU_002_IndiaGate_Basmati_5kg,7,480.0,3360.0,48,0.34
2026-06-06,CHENNAI_STORE_005,SKU_003_Fortune_Sunflower_Oil_1L,29,145.0,4205.0,35,0.44
2026-06-06,CHENNAI_STORE_005,SKU_004_Amul_Butter_500g,31,275.0,8525.0,45,0.33
2026-06-06,CHENNAI_STORE_005,SKU_005_Tata_Tea_Gold_500g,14,320.0,4480.0,16,0.47
2026-06-06,CHENNAI_STORE_005,SKU_006_Tata_Salt_1kg,49,28.0,1372.0,44,0.47
2026-06-06,CHENNAI_STORE_005,SKU_007_Toor_Dal_Premium_1kg,25,165.0,4125.0,17,0.36
2026-06-06,CHENNAI_STORE_005,SKU_008_Maggi_Noodles_12Pack,29,168.0,4872.0,38,0.4
2026-06-06,CHENNAI_STORE_005,SKU_009_Cadbury_Dairy_Milk_Silk,16,95.0,1520.0,47,0.22
2026-06-06,CHENNAI_STORE_005,SKU_010_Surf_Excel_Matic_2kg,7,390.0,2730.0,58,0.42
2026-06-07,MUMBAI_STORE_001,SKU_001_Aashirvaad_Atta_5kg,18,265.0,4770.0,30,0.43
2026-06-07,MUMBAI_STORE_001,SKU_002_IndiaGate_Basmati_5kg,13,480.0,6240.0,22,0.23
2026-06-07,MUMBAI_STORE_001,SKU_003_Fortune_Sunflower_Oil_1L,34,145.0,4930.0,26,0.21
2026-06-07,MUMBAI_STORE_001,SKU_004_Amul_Butter_500g,23,275.0,6325.0,43,0.31
2026-06-07,MUMBAI_STORE_001,SKU_005_Tata_Tea_Gold_500g,13,320.0,4160.0,42,0.43
2026-06-07,MUMBAI_STORE_001,SKU_006_Tata_Salt_1kg,53,28.0,1484.0,16,0.49
2026-06-07,MUMBAI_STORE_001,SKU_007_Toor_Dal_Premium_1kg,28,165.0,4620.0,59,0.38
2026-06-07,MUMBAI_STORE_001,SKU_008_Maggi_Noodles_12Pack,37,168.0,6216.0,51,0.4
2026-06-07,MUMBAI_STORE_001,SKU_009_Cadbury_Dairy_Milk_Silk,22,95.0,2090.0,56,0.27
2026-06-07,MUMBAI_STORE_001,SKU_010_Surf_Excel_Matic_2kg,12,390.0,4680.0,34,0.38
2026-06-07,DELHI_STORE_002,SKU_001_Aashirvaad_Atta_5kg,29,265.0,7685.0,20,0.26
2026-06-07,DELHI_STORE_002,SKU_002_IndiaGate_Basmati_5kg,9,480.0,4320.0,53,0.45
2026-06-07,DELHI_STORE_002,SKU_003_Fortune_Sunflower_Oil_1L,40,145.0,5800.0,48,0.34
2026-06-07,DELHI_STORE_002,SKU_004_Amul_Butter_500g,32,275.0,8800.0,49,0.4
2026-06-07,DELHI_STORE_002,SKU_005_Tata_Tea_Gold_500g,12,320.0,3840.0,59,0.48
2026-06-07,DELHI_STORE_002,SKU_006_Tata_Salt_1kg,33,28.0,924.0,20,0.42
2026-06-07,DELHI_STORE_002,SKU_007_Toor_Dal_Premium_1kg,28,165.0,4620.0,37,0.45
2026-06-07,DELHI_STORE_002,SKU_008_Maggi_Noodles_12Pack,40,168.0,6720.0,41,0.35
2026-06-07,DELHI_STORE_002,SKU_009_Cadbury_Dairy_Milk_Silk,26,95.0,2470.0,45,0.46
2026-06-07,DELHI_STORE_002,SKU_010_Surf_Excel_Matic_2kg,15,390.0,5850.0,22,0.34
2026-06-07,BENGALURU_STORE_003,SKU_001_Aashirvaad_Atta_5kg,13,265.0,3445.0,51,0.26
2026-06-07,BENGALURU_STORE_003,SKU_002_IndiaGate_Basmati_5kg,11,480.0,5280.0,42,0.26
2026-06-07,BENGALURU_STORE_003,SKU_003_Fortune_Sunflower_Oil_1L,29,145.0,4205.0,39,0.2
2026-06-07,BENGALURU_STORE_003,SKU_004_Amul_Butter_500g,30,275.0,8250.0,48,0.26
2026-06-07,BENGALURU_STORE_003,SKU_005_Tata_Tea_Gold_500g,27,320.0,8640.0,29,0.24
2026-06-07,BENGALURU_STORE_003,SKU_006_Tata_Salt_1kg,46,28.0,1288.0,59,0.31
2026-06-07,BENGALURU_STORE_003,SKU_007_Toor_Dal_Premium_1kg,22,165.0,3630.0,54,0.38
2026-06-07,BENGALURU_STORE_003,SKU_008_Maggi_Noodles_12Pack,34,168.0,5712.0,46,0.2
2026-06-07,BENGALURU_STORE_003,SKU_009_Cadbury_Dairy_Milk_Silk,31,95.0,2945.0,50,0.23
2026-06-07,BENGALURU_STORE_003,SKU_010_Surf_Excel_Matic_2kg,15,390.0,5850.0,43,0.22
2026-06-07,HYDERABAD_STORE_004,SKU_001_Aashirvaad_Atta_5kg,21,265.0,5565.0,40,0.38
2026-06-07,HYDERABAD_STORE_004,SKU_002_IndiaGate_Basmati_5kg,11,480.0,5280.0,17,0.3
2026-06-07,HYDERABAD_STORE_004,SKU_003_Fortune_Sunflower_Oil_1L,36,145.0,5220.0,50,0.36
2026-06-07,HYDERABAD_STORE_004,SKU_004_Amul_Butter_500g,25,275.0,6875.0,29,0.33
2026-06-07,HYDERABAD_STORE_004,SKU_005_Tata_Tea_Gold_500g,10,320.0,3200.0,41,0.42
2026-06-07,HYDERABAD_STORE_004,SKU_006_Tata_Salt_1kg,53,28.0,1484.0,43,0.44
2026-06-07,HYDERABAD_STORE_004,SKU_007_Toor_Dal_Premium_1kg,16,165.0,2640.0,52,0.32
2026-06-07,HYDERABAD_STORE_004,SKU_008_Maggi_Noodles_12Pack,37,168.0,6216.0,23,0.31
2026-06-07,HYDERABAD_STORE_004,SKU_009_Cadbury_Dairy_Milk_Silk,26,95.0,2470.0,16,0.45
2026-06-07,HYDERABAD_STORE_004,SKU_010_Surf_Excel_Matic_2kg,11,390.0,4290.0,28,0.48
2026-06-07,CHENNAI_STORE_005,SKU_001_Aashirvaad_Atta_5kg,17,265.0,4505.0,54,0.45
2026-06-07,CHENNAI_STORE_005,SKU_002_IndiaGate_Basmati_5kg,11,480.0,5280.0,21,0.22
2026-06-07,CHENNAI_STORE_005,SKU_003_Fortune_Sunflower_Oil_1L,35,145.0,5075.0,34,0.42
2026-06-07,CHENNAI_STORE_005,SKU_004_Amul_Butter_500g,30,275.0,8250.0,42,0.24
2026-06-07,CHENNAI_STORE_005,SKU_005_Tata_Tea_Gold_500g,20,320.0,6400.0,58,0.22
2026-06-07,CHENNAI_STORE_005,SKU_006_Tata_Salt_1kg,35,28.0,980.0,26,0.27
2026-06-07,CHENNAI_STORE_005,SKU_007_Toor_Dal_Premium_1kg,31,165.0,5115.0,27,0.43
2026-06-07,CHENNAI_STORE_005,SKU_008_Maggi_Noodles_12Pack,35,168.0,5880.0,17,0.35
2026-06-07,CHENNAI_STORE_005,SKU_009_Cadbury_Dairy_Milk_Silk,14,95.0,1330.0,55,0.24
2026-06-07,CHENNAI_STORE_005,SKU_010_Surf_Excel_Matic_2kg,14,390.0,5460.0,30,0.47
2026-06-08,MUMBAI_STORE_001,SKU_001_Aashirvaad_Atta_5kg,21,265.0,5565.0,33,0.28
2026-06-08,MUMBAI_STORE_001,SKU_002_IndiaGate_Basmati_5kg,10,480.0,4800.0,21,0.27
2026-06-08,MUMBAI_STORE_001,SKU_003_Fortune_Sunflower_Oil_1L,18,145.0,2610.0,40,0.36
2026-06-08,MUMBAI_STORE_001,SKU_004_Amul_Butter_500g,21,275.0,5775.0,46,0.36
2026-06-08,MUMBAI_STORE_001,SKU_005_Tata_Tea_Gold_500g,6,320.0,1920.0,36,0.25
2026-06-08,MUMBAI_STORE_001,SKU_006_Tata_Salt_1kg,38,28.0,1064.0,33,0.4
2026-06-08,MUMBAI_STORE_001,SKU_007_Toor_Dal_Premium_1kg,16,165.0,2640.0,38,0.44
2026-06-08,MUMBAI_STORE_001,SKU_008_Maggi_Noodles_12Pack,24,168.0,4032.0,50,0.26
2026-06-08,MUMBAI_STORE_001,SKU_009_Cadbury_Dairy_Milk_Silk,17,95.0,1615.0,29,0.43
2026-06-08,MUMBAI_STORE_001,SKU_010_Surf_Excel_Matic_2kg,10,390.0,3900.0,54,0.46
2026-06-08,DELHI_STORE_002,SKU_001_Aashirvaad_Atta_5kg,19,265.0,5035.0,35,0.5
2026-06-08,DELHI_STORE_002,SKU_002_IndiaGate_Basmati_5kg,5,480.0,2400.0,37,0.23
2026-06-08,DELHI_STORE_002,SKU_003_Fortune_Sunflower_Oil_1L,24,145.0,3480.0,32,0.43
2026-06-08,DELHI_STORE_002,SKU_004_Amul_Butter_500g,29,275.0,7975.0,38,0.29
2026-06-08,DELHI_STORE_002,SKU_005_Tata_Tea_Gold_500g,15,320.0,4800.0,43,0.44
2026-06-08,DELHI_STORE_002,SKU_006_Tata_Salt_1kg,33,28.0,924.0,38,0.25
2026-06-08,DELHI_STORE_002,SKU_007_Toor_Dal_Premium_1kg,18,165.0,2970.0,29,0.46
2026-06-08,DELHI_STORE_002,SKU_008_Maggi_Noodles_12Pack,33,168.0,5544.0,59,0.24
2026-06-08,DELHI_STORE_002,SKU_009_Cadbury_Dairy_Milk_Silk,16,95.0,1520.0,55,0.4
2026-06-08,DELHI_STORE_002,SKU_010_Surf_Excel_Matic_2kg,6,390.0,2340.0,42,0.23
2026-06-08,BENGALURU_STORE_003,SKU_001_Aashirvaad_Atta_5kg,16,265.0,4240.0,22,0.46
2026-06-08,BENGALURU_STORE_003,SKU_002_IndiaGate_Basmati_5kg,4,480.0,1920.0,47,0.47
2026-06-08,BENGALURU_STORE_003,SKU_003_Fortune_Sunflower_Oil_1L,14,145.0,2030.0,23,0.46
2026-06-08,BENGALURU_STORE_003,SKU_004_Amul_Butter_500g,22,275.0,6050.0,46,0.29
2026-06-08,BENGALURU_STORE_003,SKU_005_Tata_Tea_Gold_500g,12,320.0,3840.0,35,0.31
2026-06-08,BENGALURU_STORE_003,SKU_006_Tata_Salt_1kg,35,28.0,980.0,30,0.25
2026-06-08,BENGALURU_STORE_003,SKU_007_Toor_Dal_Premium_1kg,10,165.0,1650.0,21,0.3
2026-06-08,BENGALURU_STORE_003,SKU_008_Maggi_Noodles_12Pack,24,168.0,4032.0,44,0.39
2026-06-08,BENGALURU_STORE_003,SKU_009_Cadbury_Dairy_Milk_Silk,18,95.0,1710.0,36,0.49
2026-06-08,BENGALURU_STORE_003,SKU_010_Surf_Excel_Matic_2kg,11,390.0,4290.0,45,0.3
2026-06-08,HYDERABAD_STORE_004,SKU_001_Aashirvaad_Atta_5kg,16,265.0,4240.0,22,0.46
2026-06-08,HYDERABAD_STORE_004,SKU_002_IndiaGate_Basmati_5kg,8,480.0,3840.0,28,0.4
2026-06-08,HYDERABAD_STORE_004,SKU_003_Fortune_Sunflower_Oil_1L,31,145.0,4495.0,49,0.44
2026-06-08,HYDERABAD_STORE_004,SKU_004_Amul_Butter_500g,20,275.0,5500.0,55,0.4
2026-06-08,HYDERABAD_STORE_004,SKU_005_Tata_Tea_Gold_500g,13,320.0,4160.0,35,0.34
2026-06-08,HYDERABAD_STORE_004,SKU_006_Tata_Salt_1kg,43,28.0,1204.0,32,0.49
2026-06-08,HYDERABAD_STORE_004,SKU_007_Toor_Dal_Premium_1kg,10,165.0,1650.0,16,0.42
2026-06-08,HYDERABAD_STORE_004,SKU_008_Maggi_Noodles_12Pack,33,168.0,5544.0,53,0.29
2026-06-08,HYDERABAD_STORE_004,SKU_009_Cadbury_Dairy_Milk_Silk,27,95.0,2565.0,51,0.21
2026-06-08,HYDERABAD_STORE_004,SKU_010_Surf_Excel_Matic_2kg,8,390.0,3120.0,27,0.46
2026-06-08,CHENNAI_STORE_005,SKU_001_Aashirvaad_Atta_5kg,9,265.0,2385.0,39,0.23
2026-06-08,CHENNAI_STORE_005,SKU_002_IndiaGate_Basmati_5kg,4,480.0,1920.0,28,0.29
2026-06-08,CHENNAI_STORE_005,SKU_003_Fortune_Sunflower_Oil_1L,26,145.0,3770.0,55,0.46
2026-06-08,CHENNAI_STORE_005,SKU_004_Amul_Butter_500g,20,275.0,5500.0,55,0.26
2026-06-08,CHENNAI_STORE_005,SKU_005_Tata_Tea_Gold_500g,6,320.0,1920.0,50,0.21
2026-06-08,CHENNAI_STORE_005,SKU_006_Tata_Salt_1kg,42,28.0,1176.0,17,0.45
2026-06-08,CHENNAI_STORE_005,SKU_007_Toor_Dal_Premium_1kg,17,165.0,2805.0,19,0.47
2026-06-08,CHENNAI_STORE_005,SKU_008_Maggi_Noodles_12Pack,32,168.0,5376.0,38,0.33
2026-06-08,CHENNAI_STORE_005,SKU_009_Cadbury_Dairy_Milk_Silk,17,95.0,1615.0,49,0.38
2026-06-08,CHENNAI_STORE_005,SKU_010_Surf_Excel_Matic_2kg,15,390.0,5850.0,42,0.39
2026-06-09,MUMBAI_STORE_001,SKU_001_Aashirvaad_Atta_5kg,15,265.0,3975.0,25,0.35
2026-06-09,MUMBAI_STORE_001,SKU_002_IndiaGate_Basmati_5kg,9,480.0,4320.0,26,0.31
2026-06-09,MUMBAI_STORE_001,SKU_003_Fortune_Sunflower_Oil_1L,22,145.0,3190.0,21,0.28
2026-06-09,MUMBAI_STORE_001,SKU_004_Amul_Butter_500g,31,275.0,8525.0,36,0.26
2026-06-09,MUMBAI_STORE_001,SKU_005_Tata_Tea_Gold_500g,13,320.0,4160.0,24,0.35
2026-06-09,MUMBAI_STORE_001,SKU_006_Tata_Salt_1kg,30,28.0,840.0,19,0.3
2026-06-09,MUMBAI_STORE_001,SKU_007_Toor_Dal_Premium_1kg,20,165.0,3300.0,38,0.29
2026-06-09,MUMBAI_STORE_001,SKU_008_Maggi_Noodles_12Pack,34,168.0,5712.0,18,0.39
2026-06-09,MUMBAI_STORE_001,SKU_009_Cadbury_Dairy_Milk_Silk,14,95.0,1330.0,37,0.46
2026-06-09,MUMBAI_STORE_001,SKU_010_Surf_Excel_Matic_2kg,10,390.0,3900.0,59,0.24
2026-06-09,DELHI_STORE_002,SKU_001_Aashirvaad_Atta_5kg,11,265.0,2915.0,33,0.32
2026-06-09,DELHI_STORE_002,SKU_002_IndiaGate_Basmati_5kg,7,480.0,3360.0,43,0.22
2026-06-09,DELHI_STORE_002,SKU_003_Fortune_Sunflower_Oil_1L,18,145.0,2610.0,42,0.41
2026-06-09,DELHI_STORE_002,SKU_004_Amul_Butter_500g,12,275.0,3300.0,35,0.31
2026-06-09,DELHI_STORE_002,SKU_005_Tata_Tea_Gold_500g,7,320.0,2240.0,48,0.22
2026-06-09,DELHI_STORE_002,SKU_006_Tata_Salt_1kg,25,28.0,700.0,57,0.4
2026-06-09,DELHI_STORE_002,SKU_007_Toor_Dal_Premium_1kg,18,165.0,2970.0,41,0.2
2026-06-09,DELHI_STORE_002,SKU_008_Maggi_Noodles_12Pack,27,168.0,4536.0,47,0.24
2026-06-09,DELHI_STORE_002,SKU_009_Cadbury_Dairy_Milk_Silk,27,95.0,2565.0,39,0.24
2026-06-09,DELHI_STORE_002,SKU_010_Surf_Excel_Matic_2kg,8,390.0,3120.0,40,0.21
2026-06-09,BENGALURU_STORE_003,SKU_001_Aashirvaad_Atta_5kg,9,265.0,2385.0,30,0.42
2026-06-09,BENGALURU_STORE_003,SKU_002_IndiaGate_Basmati_5kg,14,480.0,6720.0,41,0.31
2026-06-09,BENGALURU_STORE_003,SKU_003_Fortune_Sunflower_Oil_1L,23,145.0,3335.0,45,0.31
2026-06-09,BENGALURU_STORE_003,SKU_004_Amul_Butter_500g,13,275.0,3575.0,21,0.47
2026-06-09,BENGALURU_STORE_003,SKU_005_Tata_Tea_Gold_500g,10,320.0,3200.0,16,0.39
2026-06-09,BENGALURU_STORE_003,SKU_006_Tata_Salt_1kg,37,28.0,1036.0,18,0.32
2026-06-09,BENGALURU_STORE_003,SKU_007_Toor_Dal_Premium_1kg,14,165.0,2310.0,42,0.31
2026-06-09,BENGALURU_STORE_003,SKU_008_Maggi_Noodles_12Pack,24,168.0,4032.0,21,0.35
2026-06-09,BENGALURU_STORE_003,SKU_009_Cadbury_Dairy_Milk_Silk,32,95.0,3040.0,16,0.21
2026-06-09,BENGALURU_STORE_003,SKU_010_Surf_Excel_Matic_2kg,9,390.0,3510.0,16,0.43
2026-06-09,HYDERABAD_STORE_004,SKU_001_Aashirvaad_Atta_5kg,13,265.0,3445.0,55,0.23
2026-06-09,HYDERABAD_STORE_004,SKU_002_IndiaGate_Basmati_5kg,12,480.0,5760.0,39,0.36
2026-06-09,HYDERABAD_STORE_004,SKU_003_Fortune_Sunflower_Oil_1L,21,145.0,3045.0,26,0.26
2026-06-09,HYDERABAD_STORE_004,SKU_004_Amul_Butter_500g,9,275.0,2475.0,27,0.49
2026-06-09,HYDERABAD_STORE_004,SKU_005_Tata_Tea_Gold_500g,13,320.0,4160.0,41,0.24
2026-06-09,HYDERABAD_STORE_004,SKU_006_Tata_Salt_1kg,34,28.0,952.0,37,0.32
2026-06-09,HYDERABAD_STORE_004,SKU_007_Toor_Dal_Premium_1kg,17,165.0,2805.0,42,0.26
2026-06-09,HYDERABAD_STORE_004,SKU_008_Maggi_Noodles_12Pack,23,168.0,3864.0,36,0.36
2026-06-09,HYDERABAD_STORE_004,SKU_009_Cadbury_Dairy_Milk_Silk,27,95.0,2565.0,39,0.46
2026-06-09,HYDERABAD_STORE_004,SKU_010_Surf_Excel_Matic_2kg,6,390.0,2340.0,20,0.44
2026-06-09,CHENNAI_STORE_005,SKU_001_Aashirvaad_Atta_5kg,22,265.0,5830.0,35,0.49
2026-06-09,CHENNAI_STORE_005,SKU_002_IndiaGate_Basmati_5kg,10,480.0,4800.0,53,0.49
2026-06-09,CHENNAI_STORE_005,SKU_003_Fortune_Sunflower_Oil_1L,21,145.0,3045.0,49,0.37
2026-06-09,CHENNAI_STORE_005,SKU_004_Amul_Butter_500g,28,275.0,7700.0,19,0.46
2026-06-09,CHENNAI_STORE_005,SKU_005_Tata_Tea_Gold_500g,11,320.0,3520.0,55,0.22
2026-06-09,CHENNAI_STORE_005,SKU_006_Tata_Salt_1kg,43,28.0,1204.0,37,0.39
2026-06-09,CHENNAI_STORE_005,SKU_007_Toor_Dal_Premium_1kg,23,165.0,3795.0,36,0.41
2026-06-09,CHENNAI_STORE_005,SKU_008_Maggi_Noodles_12Pack,28,168.0,4704.0,21,0.29
2026-06-09,CHENNAI_STORE_005,SKU_009_Cadbury_Dairy_Milk_Silk,18,95.0,1710.0,27,0.26
2026-06-09,CHENNAI_STORE_005,SKU_010_Surf_Excel_Matic_2kg,18,390.0,7020.0,59,0.4
2026-06-10,MUMBAI_STORE_001,SKU_001_Aashirvaad_Atta_5kg,18,265.0,4770.0,15,0.42
2026-06-10,MUMBAI_STORE_001,SKU_002_IndiaGate_Basmati_5kg,11,480.0,5280.0,33,0.32
2026-06-10,MUMBAI_STORE_001,SKU_003_Fortune_Sunflower_Oil_1L,13,145.0,1885.0,19,0.44
2026-06-10,MUMBAI_STORE_001,SKU_004_Amul_Butter_500g,27,275.0,7425.0,57,0.36
2026-06-10,MUMBAI_STORE_001,SKU_005_Tata_Tea_Gold_500g,10,320.0,3200.0,37,0.44
2026-06-10,MUMBAI_STORE_001,SKU_006_Tata_Salt_1kg,39,28.0,1092.0,18,0.32
2026-06-10,MUMBAI_STORE_001,SKU_007_Toor_Dal_Premium_1kg,13,165.0,2145.0,27,0.44
2026-06-10,MUMBAI_STORE_001,SKU_008_Maggi_Noodles_12Pack,34,168.0,5712.0,55,0.3
2026-06-10,MUMBAI_STORE_001,SKU_009_Cadbury_Dairy_Milk_Silk,20,95.0,1900.0,43,0.49
2026-06-10,MUMBAI_STORE_001,SKU_010_Surf_Excel_Matic_2kg,11,390.0,4290.0,44,0.24
2026-06-10,DELHI_STORE_002,SKU_001_Aashirvaad_Atta_5kg,19,265.0,5035.0,35,0.38
2026-06-10,DELHI_STORE_002,SKU_002_IndiaGate_Basmati_5kg,9,480.0,4320.0,49,0.28
2026-06-10,DELHI_STORE_002,SKU_003_Fortune_Sunflower_Oil_1L,22,145.0,3190.0,21,0.39
2026-06-10,DELHI_STORE_002,SKU_004_Amul_Butter_500g,16,275.0,4400.0,38,0.21
2026-06-10,DELHI_STORE_002,SKU_005_Tata_Tea_Gold_500g,9,320.0,2880.0,17,0.45
2026-06-10,DELHI_STORE_002,SKU_006_Tata_Salt_1kg,39,28.0,1092.0,19,0.31
2026-06-10,DELHI_STORE_002,SKU_007_Toor_Dal_Premium_1kg,13,165.0,2145.0,29,0.44
2026-06-10,DELHI_STORE_002,SKU_008_Maggi_Noodles_12Pack,32,168.0,5376.0,55,0.31
2026-06-10,DELHI_STORE_002,SKU_009_Cadbury_Dairy_Milk_Silk,32,95.0,3040.0,45,0.35
2026-06-10,DELHI_STORE_002,SKU_010_Surf_Excel_Matic_2kg,9,390.0,3510.0,46,0.2
2026-06-10,BENGALURU_STORE_003,SKU_001_Aashirvaad_Atta_5kg,10,265.0,2650.0,44,0.49
2026-06-10,BENGALURU_STORE_003,SKU_002_IndiaGate_Basmati_5kg,8,480.0,3840.0,58,0.35
2026-06-10,BENGALURU_STORE_003,SKU_003_Fortune_Sunflower_Oil_1L,21,145.0,3045.0,24,0.31
2026-06-10,BENGALURU_STORE_003,SKU_004_Amul_Butter_500g,16,275.0,4400.0,49,0.32
2026-06-10,BENGALURU_STORE_003,SKU_005_Tata_Tea_Gold_500g,9,320.0,2880.0,36,0.46
2026-06-10,BENGALURU_STORE_003,SKU_006_Tata_Salt_1kg,30,28.0,840.0,42,0.29
2026-06-10,BENGALURU_STORE_003,SKU_007_Toor_Dal_Premium_1kg,11,165.0,1815.0,48,0.29
2026-06-10,BENGALURU_STORE_003,SKU_008_Maggi_Noodles_12Pack,27,168.0,4536.0,47,0.26
2026-06-10,BENGALURU_STORE_003,SKU_009_Cadbury_Dairy_Milk_Silk,26,95.0,2470.0,31,0.22
2026-06-10,BENGALURU_STORE_003,SKU_010_Surf_Excel_Matic_2kg,5,390.0,1950.0,27,0.45
2026-06-10,HYDERABAD_STORE_004,SKU_001_Aashirvaad_Atta_5kg,12,265.0,3180.0,20,0.32
2026-06-10,HYDERABAD_STORE_004,SKU_002_IndiaGate_Basmati_5kg,5,480.0,2400.0,58,0.36
2026-06-10,HYDERABAD_STORE_004,SKU_003_Fortune_Sunflower_Oil_1L,24,145.0,3480.0,49,0.43
2026-06-10,HYDERABAD_STORE_004,SKU_004_Amul_Butter_500g,12,275.0,3300.0,49,0.44
2026-06-10,HYDERABAD_STORE_004,SKU_005_Tata_Tea_Gold_500g,7,320.0,2240.0,15,0.29
2026-06-10,HYDERABAD_STORE_004,SKU_006_Tata_Salt_1kg,40,28.0,1120.0,30,0.31
2026-06-10,HYDERABAD_STORE_004,SKU_007_Toor_Dal_Premium_1kg,21,165.0,3465.0,55,0.43
2026-06-10,HYDERABAD_STORE_004,SKU_008_Maggi_Noodles_12Pack,29,168.0,4872.0,32,0.29
2026-06-10,HYDERABAD_STORE_004,SKU_009_Cadbury_Dairy_Milk_Silk,11,95.0,1045.0,26,0.35
2026-06-10,HYDERABAD_STORE_004,SKU_010_Surf_Excel_Matic_2kg,12,390.0,4680.0,17,0.49
2026-06-10,CHENNAI_STORE_005,SKU_001_Aashirvaad_Atta_5kg,24,265.0,6360.0,31,0.27
2026-06-10,CHENNAI_STORE_005,SKU_002_IndiaGate_Basmati_5kg,8,480.0,3840.0,45,0.28
2026-06-10,CHENNAI_STORE_005,SKU_003_Fortune_Sunflower_Oil_1L,20,145.0,2900.0,28,0.34
2026-06-10,CHENNAI_STORE_005,SKU_004_Amul_Butter_500g,24,275.0,6600.0,17,0.24
2026-06-10,CHENNAI_STORE_005,SKU_005_Tata_Tea_Gold_500g,11,320.0,3520.0,58,0.36
2026-06-10,CHENNAI_STORE_005,SKU_006_Tata_Salt_1kg,30,28.0,840.0,45,0.22
2026-06-10,CHENNAI_STORE_005,SKU_007_Toor_Dal_Premium_1kg,13,165.0,2145.0,35,0.36
2026-06-10,CHENNAI_STORE_005,SKU_008_Maggi_Noodles_12Pack,24,168.0,4032.0,22,0.33
2026-06-10,CHENNAI_STORE_005,SKU_009_Cadbury_Dairy_Milk_Silk,16,95.0,1520.0,52,0.49
2026-06-10,CHENNAI_STORE_005,SKU_010_Surf_Excel_Matic_2kg,7,390.0,2730.0,41,0.22
2026-06-11,MUMBAI_STORE_001,SKU_001_Aashirvaad_Atta_5kg,10,265.0,2650.0,55,0.48
2026-06-11,MUMBAI_STORE_001,SKU_002_IndiaGate_Basmati_5kg,11,480.0,5280.0,49,0.35
2026-06-11,MUMBAI_STORE_001,SKU_003_Fortune_Sunflower_Oil_1L,20,145.0,2900.0,25,0.39
2026-06-11,MUMBAI_STORE_001,SKU_004_Amul_Butter_500g,14,275.0,3850.0,53,0.42
2026-06-11,MUMBAI_STORE_001,SKU_005_Tata_Tea_Gold_500g,6,320.0,1920.0,16,0.34
2026-06-11,MUMBAI_STORE_001,SKU_006_Tata_Salt_1kg,38,28.0,1064.0,27,0.32
2026-06-11,MUMBAI_STORE_001,SKU_007_Toor_Dal_Premium_1kg,14,165.0,2310.0,48,0.48
2026-06-11,MUMBAI_STORE_001,SKU_008_Maggi_Noodles_12Pack,36,168.0,6048.0,31,0.44
2026-06-11,MUMBAI_STORE_001,SKU_009_Cadbury_Dairy_Milk_Silk,16,95.0,1520.0,31,0.4
2026-06-11,MUMBAI_STORE_001,SKU_010_Surf_Excel_Matic_2kg,7,390.0,2730.0,56,0.23
2026-06-11,DELHI_STORE_002,SKU_001_Aashirvaad_Atta_5kg,14,265.0,3710.0,16,0.21
2026-06-11,DELHI_STORE_002,SKU_002_IndiaGate_Basmati_5kg,10,480.0,4800.0,55,0.48
2026-06-11,DELHI_STORE_002,SKU_003_Fortune_Sunflower_Oil_1L,29,145.0,4205.0,50,0.34
2026-06-11,DELHI_STORE_002,SKU_004_Amul_Butter_500g,18,275.0,4950.0,41,0.26
2026-06-11,DELHI_STORE_002,SKU_005_Tata_Tea_Gold_500g,10,320.0,3200.0,24,0.22
2026-06-11,DELHI_STORE_002,SKU_006_Tata_Salt_1kg,35,28.0,980.0,51,0.45
2026-06-11,DELHI_STORE_002,SKU_007_Toor_Dal_Premium_1kg,14,165.0,2310.0,49,0.4
2026-06-11,DELHI_STORE_002,SKU_008_Maggi_Noodles_12Pack,26,168.0,4368.0,34,0.21
2026-06-11,DELHI_STORE_002,SKU_009_Cadbury_Dairy_Milk_Silk,14,95.0,1330.0,15,0.32
2026-06-11,DELHI_STORE_002,SKU_010_Surf_Excel_Matic_2kg,10,390.0,3900.0,58,0.27
2026-06-11,BENGALURU_STORE_003,SKU_001_Aashirvaad_Atta_5kg,12,265.0,3180.0,25,0.2
2026-06-11,BENGALURU_STORE_003,SKU_002_IndiaGate_Basmati_5kg,11,480.0,5280.0,31,0.47
2026-06-11,BENGALURU_STORE_003,SKU_003_Fortune_Sunflower_Oil_1L,26,145.0,3770.0,41,0.4
2026-06-11,BENGALURU_STORE_003,SKU_004_Amul_Butter_500g,11,275.0,3025.0,46,0.25
2026-06-11,BENGALURU_STORE_003,SKU_005_Tata_Tea_Gold_500g,15,320.0,4800.0,57,0.21
2026-06-11,BENGALURU_STORE_003,SKU_006_Tata_Salt_1kg,31,28.0,868.0,28,0.41
2026-06-11,BENGALURU_STORE_003,SKU_007_Toor_Dal_Premium_1kg,19,165.0,3135.0,38,0.35
2026-06-11,BENGALURU_STORE_003,SKU_008_Maggi_Noodles_12Pack,23,168.0,3864.0,52,0.41
2026-06-11,BENGALURU_STORE_003,SKU_009_Cadbury_Dairy_Milk_Silk,23,95.0,2185.0,56,0.41
2026-06-11,BENGALURU_STORE_003,SKU_010_Surf_Excel_Matic_2kg,8,390.0,3120.0,23,0.3
2026-06-11,HYDERABAD_STORE_004,SKU_001_Aashirvaad_Atta_5kg,17,265.0,4505.0,57,0.35
2026-06-11,HYDERABAD_STORE_004,SKU_002_IndiaGate_Basmati_5kg,6,480.0,2880.0,15,0.41
2026-06-11,HYDERABAD_STORE_004,SKU_003_Fortune_Sunflower_Oil_1L,18,145.0,2610.0,51,0.36
2026-06-11,HYDERABAD_STORE_004,SKU_004_Amul_Butter_500g,30,275.0,8250.0,37,0.42
2026-06-11,HYDERABAD_STORE_004,SKU_005_Tata_Tea_Gold_500g,16,320.0,5120.0,51,0.37
2026-06-11,HYDERABAD_STORE_004,SKU_006_Tata_Salt_1kg,33,28.0,924.0,53,0.25
2026-06-11,HYDERABAD_STORE_004,SKU_007_Toor_Dal_Premium_1kg,14,165.0,2310.0,54,0.4
2026-06-11,HYDERABAD_STORE_004,SKU_008_Maggi_Noodles_12Pack,30,168.0,5040.0,43,0.37
2026-06-11,HYDERABAD_STORE_004,SKU_009_Cadbury_Dairy_Milk_Silk,17,95.0,1615.0,30,0.39
2026-06-11,HYDERABAD_STORE_004,SKU_010_Surf_Excel_Matic_2kg,8,390.0,3120.0,33,0.22
2026-06-11,CHENNAI_STORE_005,SKU_001_Aashirvaad_Atta_5kg,17,265.0,4505.0,34,0.41
2026-06-11,CHENNAI_STORE_005,SKU_002_IndiaGate_Basmati_5kg,8,480.0,3840.0,48,0.23
2026-06-11,CHENNAI_STORE_005,SKU_003_Fortune_Sunflower_Oil_1L,19,145.0,2755.0,34,0.49
2026-06-11,CHENNAI_STORE_005,SKU_004_Amul_Butter_500g,10,275.0,2750.0,23,0.49
2026-06-11,CHENNAI_STORE_005,SKU_005_Tata_Tea_Gold_500g,7,320.0,2240.0,48,0.41
2026-06-11,CHENNAI_STORE_005,SKU_006_Tata_Salt_1kg,34,28.0,952.0,32,0.28
2026-06-11,CHENNAI_STORE_005,SKU_007_Toor_Dal_Premium_1kg,12,165.0,1980.0,27,0.29
2026-06-11,CHENNAI_STORE_005,SKU_008_Maggi_Noodles_12Pack,26,168.0,4368.0,18,0.49
2026-06-11,CHENNAI_STORE_005,SKU_009_Cadbury_Dairy_Milk_Silk,17,95.0,1615.0,41,0.39
2026-06-11,CHENNAI_STORE_005,SKU_010_Surf_Excel_Matic_2kg,11,390.0,4290.0,15,0.49
2026-06-12,MUMBAI_STORE_001,SKU_001_Aashirvaad_Atta_5kg,11,265.0,2915.0,46,0.38
2026-06-12,MUMBAI_STORE_001,SKU_002_IndiaGate_Basmati_5kg,10,480.0,4800.0,41,0.41
2026-06-12,MUMBAI_STORE_001,SKU_003_Fortune_Sunflower_Oil_1L,25,145.0,3625.0,15,0.37
2026-06-12,MUMBAI_STORE_001,SKU_004_Amul_Butter_500g,15,275.0,4125.0,58,0.32
2026-06-12,MUMBAI_STORE_001,SKU_005_Tata_Tea_Gold_500g,16,320.0,5120.0,45,0.49
2026-06-12,MUMBAI_STORE_001,SKU_006_Tata_Salt_1kg,26,28.0,728.0,34,0.23
2026-06-12,MUMBAI_STORE_001,SKU_007_Toor_Dal_Premium_1kg,15,165.0,2475.0,34,0.42
2026-06-12,MUMBAI_STORE_001,SKU_008_Maggi_Noodles_12Pack,27,168.0,4536.0,25,0.41
2026-06-12,MUMBAI_STORE_001,SKU_009_Cadbury_Dairy_Milk_Silk,13,95.0,1235.0,54,0.42
2026-06-12,MUMBAI_STORE_001,SKU_010_Surf_Excel_Matic_2kg,7,390.0,2730.0,26,0.22
2026-06-12,DELHI_STORE_002,SKU_001_Aashirvaad_Atta_5kg,13,265.0,3445.0,42,0.4
2026-06-12,DELHI_STORE_002,SKU_002_IndiaGate_Basmati_5kg,12,480.0,5760.0,31,0.48
2026-06-12,DELHI_STORE_002,SKU_003_Fortune_Sunflower_Oil_1L,23,145.0,3335.0,27,0.31
2026-06-12,DELHI_STORE_002,SKU_004_Amul_Butter_500g,24,275.0,6600.0,50,0.34
2026-06-12,DELHI_STORE_002,SKU_005_Tata_Tea_Gold_500g,13,320.0,4160.0,46,0.33
2026-06-12,DELHI_STORE_002,SKU_006_Tata_Salt_1kg,34,28.0,952.0,57,0.22
2026-06-12,DELHI_STORE_002,SKU_007_Toor_Dal_Premium_1kg,20,165.0,3300.0,34,0.21
2026-06-12,DELHI_STORE_002,SKU_008_Maggi_Noodles_12Pack,22,168.0,3696.0,17,0.35
2026-06-12,DELHI_STORE_002,SKU_009_Cadbury_Dairy_Milk_Silk,28,95.0,2660.0,49,0.32
2026-06-12,DELHI_STORE_002,SKU_010_Surf_Excel_Matic_2kg,11,390.0,4290.0,22,0.25
2026-06-12,BENGALURU_STORE_003,SKU_001_Aashirvaad_Atta_5kg,7,265.0,1855.0,44,0.46
2026-06-12,BENGALURU_STORE_003,SKU_002_IndiaGate_Basmati_5kg,8,480.0,3840.0,30,0.45
2026-06-12,BENGALURU_STORE_003,SKU_003_Fortune_Sunflower_Oil_1L,26,145.0,3770.0,56,0.49
2026-06-12,BENGALURU_STORE_003,SKU_004_Amul_Butter_500g,16,275.0,4400.0,37,0.48
2026-06-12,BENGALURU_STORE_003,SKU_005_Tata_Tea_Gold_500g,17,320.0,5440.0,32,0.37
2026-06-12,BENGALURU_STORE_003,SKU_006_Tata_Salt_1kg,35,28.0,980.0,53,0.4
2026-06-12,BENGALURU_STORE_003,SKU_007_Toor_Dal_Premium_1kg,19,165.0,3135.0,42,0.25
2026-06-12,BENGALURU_STORE_003,SKU_008_Maggi_Noodles_12Pack,28,168.0,4704.0,46,0.27
2026-06-12,BENGALURU_STORE_003,SKU_009_Cadbury_Dairy_Milk_Silk,14,95.0,1330.0,15,0.42
2026-06-12,BENGALURU_STORE_003,SKU_010_Surf_Excel_Matic_2kg,12,390.0,4680.0,22,0.23
2026-06-12,HYDERABAD_STORE_004,SKU_001_Aashirvaad_Atta_5kg,19,265.0,5035.0,30,0.23
2026-06-12,HYDERABAD_STORE_004,SKU_002_IndiaGate_Basmati_5kg,6,480.0,2880.0,24,0.49
2026-06-12,HYDERABAD_STORE_004,SKU_003_Fortune_Sunflower_Oil_1L,24,145.0,3480.0,33,0.33
2026-06-12,HYDERABAD_STORE_004,SKU_004_Amul_Butter_500g,18,275.0,4950.0,46,0.25
2026-06-12,HYDERABAD_STORE_004,SKU_005_Tata_Tea_Gold_500g,12,320.0,3840.0,54,0.39
2026-06-12,HYDERABAD_STORE_004,SKU_006_Tata_Salt_1kg,35,28.0,980.0,42,0.24
2026-06-12,HYDERABAD_STORE_004,SKU_007_Toor_Dal_Premium_1kg,14,165.0,2310.0,46,0.26
2026-06-12,HYDERABAD_STORE_004,SKU_008_Maggi_Noodles_12Pack,23,168.0,3864.0,24,0.35
2026-06-12,HYDERABAD_STORE_004,SKU_009_Cadbury_Dairy_Milk_Silk,19,95.0,1805.0,50,0.22
2026-06-12,HYDERABAD_STORE_004,SKU_010_Surf_Excel_Matic_2kg,10,390.0,3900.0,43,0.41
2026-06-12,CHENNAI_STORE_005,SKU_001_Aashirvaad_Atta_5kg,11,265.0,2915.0,47,0.36
2026-06-12,CHENNAI_STORE_005,SKU_002_IndiaGate_Basmati_5kg,11,480.0,5280.0,32,0.44
2026-06-12,CHENNAI_STORE_005,SKU_003_Fortune_Sunflower_Oil_1L,29,145.0,4205.0,18,0.46
2026-06-12,CHENNAI_STORE_005,SKU_004_Amul_Butter_500g,17,275.0,4675.0,58,0.22
2026-06-12,CHENNAI_STORE_005,SKU_005_Tata_Tea_Gold_500g,14,320.0,4480.0,31,0.44
2026-06-12,CHENNAI_STORE_005,SKU_006_Tata_Salt_1kg,36,28.0,1008.0,24,0.31
2026-06-12,CHENNAI_STORE_005,SKU_007_Toor_Dal_Premium_1kg,14,165.0,2310.0,31,0.34
2026-06-12,CHENNAI_STORE_005,SKU_008_Maggi_Noodles_12Pack,28,168.0,4704.0,46,0.2
2026-06-12,CHENNAI_STORE_005,SKU_009_Cadbury_Dairy_Milk_Silk,16,95.0,1520.0,36,0.2
2026-06-12,CHENNAI_STORE_005,SKU_010_Surf_Excel_Matic_2kg,10,390.0,3900.0,49,0.38
2026-06-13,MUMBAI_STORE_001,SKU_001_Aashirvaad_Atta_5kg,24,265.0,6360.0,51,0.36
2026-06-13,MUMBAI_STORE_001,SKU_002_IndiaGate_Basmati_5kg,7,480.0,3360.0,42,0.42
2026-06-13,MUMBAI_STORE_001,SKU_003_Fortune_Sunflower_Oil_1L,25,145.0,3625.0,55,0.42
2026-06-13,MUMBAI_STORE_001,SKU_004_Amul_Butter_500g,34,275.0,9350.0,41,0.4
2026-06-13,MUMBAI_STORE_001,SKU_005_Tata_Tea_Gold_500g,23,320.0,7360.0,43,0.25
2026-06-13,MUMBAI_STORE_001,SKU_006_Tata_Salt_1kg,49,28.0,1372.0,27,0.26
2026-06-13,MUMBAI_STORE_001,SKU_007_Toor_Dal_Premium_1kg,20,165.0,3300.0,24,0.33
2026-06-13,MUMBAI_STORE_001,SKU_008_Maggi_Noodles_12Pack,46,168.0,7728.0,23,0.22
2026-06-13,MUMBAI_STORE_001,SKU_009_Cadbury_Dairy_Milk_Silk,32,95.0,3040.0,51,0.4
2026-06-13,MUMBAI_STORE_001,SKU_010_Surf_Excel_Matic_2kg,18,390.0,7020.0,46,0.28
2026-06-13,DELHI_STORE_002,SKU_001_Aashirvaad_Atta_5kg,29,265.0,7685.0,29,0.28
2026-06-13,DELHI_STORE_002,SKU_002_IndiaGate_Basmati_5kg,8,480.0,3840.0,26,0.4
2026-06-13,DELHI_STORE_002,SKU_003_Fortune_Sunflower_Oil_1L,36,145.0,5220.0,18,0.41
2026-06-13,DELHI_STORE_002,SKU_004_Amul_Butter_500g,24,275.0,6600.0,16,0.28
2026-06-13,DELHI_STORE_002,SKU_005_Tata_Tea_Gold_500g,14,320.0,4480.0,16,0.4
2026-06-13,DELHI_STORE_002,SKU_006_Tata_Salt_1kg,46,28.0,1288.0,54,0.3
2026-06-13,DELHI_STORE_002,SKU_007_Toor_Dal_Premium_1kg,19,165.0,3135.0,18,0.23
2026-06-13,DELHI_STORE_002,SKU_008_Maggi_Noodles_12Pack,31,168.0,5208.0,33,0.24
2026-06-13,DELHI_STORE_002,SKU_009_Cadbury_Dairy_Milk_Silk,34,95.0,3230.0,29,0.4
2026-06-13,DELHI_STORE_002,SKU_010_Surf_Excel_Matic_2kg,11,390.0,4290.0,49,0.39
2026-06-13,BENGALURU_STORE_003,SKU_001_Aashirvaad_Atta_5kg,24,265.0,6360.0,52,0.39
2026-06-13,BENGALURU_STORE_003,SKU_002_IndiaGate_Basmati_5kg,12,480.0,5760.0,53,0.38
2026-06-13,BENGALURU_STORE_003,SKU_003_Fortune_Sunflower_Oil_1L,35,145.0,5075.0,46,0.32
2026-06-13,BENGALURU_STORE_003,SKU_004_Amul_Butter_500g,22,275.0,6050.0,56,0.48
2026-06-13,BENGALURU_STORE_003,SKU_005_Tata_Tea_Gold_500g,15,320.0,4800.0,24,0.5
2026-06-13,BENGALURU_STORE_003,SKU_006_Tata_Salt_1kg,57,28.0,1596.0,41,0.22
2026-06-13,BENGALURU_STORE_003,SKU_007_Toor_Dal_Premium_1kg,22,165.0,3630.0,45,0.31
2026-06-13,BENGALURU_STORE_003,SKU_008_Maggi_Noodles_12Pack,48,168.0,8064.0,37,0.41
2026-06-13,BENGALURU_STORE_003,SKU_009_Cadbury_Dairy_Milk_Silk,32,95.0,3040.0,27,0.25
2026-06-13,BENGALURU_STORE_003,SKU_010_Surf_Excel_Matic_2kg,15,390.0,5850.0,23,0.41
2026-06-13,HYDERABAD_STORE_004,SKU_001_Aashirvaad_Atta_5kg,19,265.0,5035.0,52,0.25
2026-06-13,HYDERABAD_STORE_004,SKU_002_IndiaGate_Basmati_5kg,12,480.0,5760.0,52,0.44
2026-06-13,HYDERABAD_STORE_004,SKU_003_Fortune_Sunflower_Oil_1L,45,145.0,6525.0,36,0.32
2026-06-13,HYDERABAD_STORE_004,SKU_004_Amul_Butter_500g,20,275.0,5500.0,27,0.48
2026-06-13,HYDERABAD_STORE_004,SKU_005_Tata_Tea_Gold_500g,18,320.0,5760.0,30,0.22
2026-06-13,HYDERABAD_STORE_004,SKU_006_Tata_Salt_1kg,38,28.0,1064.0,54,0.46
2026-06-13,HYDERABAD_STORE_004,SKU_007_Toor_Dal_Premium_1kg,25,165.0,4125.0,53,0.47
2026-06-13,HYDERABAD_STORE_004,SKU_008_Maggi_Noodles_12Pack,30,168.0,5040.0,27,0.44
2026-06-13,HYDERABAD_STORE_004,SKU_009_Cadbury_Dairy_Milk_Silk,37,95.0,3515.0,58,0.34
2026-06-13,HYDERABAD_STORE_004,SKU_010_Surf_Excel_Matic_2kg,18,390.0,7020.0,30,0.22
2026-06-13,CHENNAI_STORE_005,SKU_001_Aashirvaad_Atta_5kg,12,265.0,3180.0,18,0.26
2026-06-13,CHENNAI_STORE_005,SKU_002_IndiaGate_Basmati_5kg,8,480.0,3840.0,27,0.23
2026-06-13,CHENNAI_STORE_005,SKU_003_Fortune_Sunflower_Oil_1L,25,145.0,3625.0,58,0.43
2026-06-13,CHENNAI_STORE_005,SKU_004_Amul_Butter_500g,22,275.0,6050.0,29,0.29
2026-06-13,CHENNAI_STORE_005,SKU_005_Tata_Tea_Gold_500g,13,320.0,4160.0,26,0.31
2026-06-13,CHENNAI_STORE_005,SKU_006_Tata_Salt_1kg,54,28.0,1512.0,24,0.44
2026-06-13,CHENNAI_STORE_005,SKU_007_Toor_Dal_Premium_1kg,17,165.0,2805.0,53,0.25
2026-06-13,CHENNAI_STORE_005,SKU_008_Maggi_Noodles_12Pack,26,168.0,4368.0,28,0.37
2026-06-13,CHENNAI_STORE_005,SKU_009_Cadbury_Dairy_Milk_Silk,34,95.0,3230.0,41,0.35
2026-06-13,CHENNAI_STORE_005,SKU_010_Surf_Excel_Matic_2kg,9,390.0,3510.0,27,0.35
2026-06-14,MUMBAI_STORE_001,SKU_001_Aashirvaad_Atta_5kg,12,265.0,3180.0,28,0.45
2026-06-14,MUMBAI_STORE_001,SKU_002_IndiaGate_Basmati_5kg,4,480.0,1920.0,35,0.42
2026-06-14,MUMBAI_STORE_001,SKU_003_Fortune_Sunflower_Oil_1L,32,145.0,4640.0,49,0.46
2026-06-14,MUMBAI_STORE_001,SKU_004_Amul_Butter_500g,23,275.0,6325.0,52,0.5
2026-06-14,MUMBAI_STORE_001,SKU_005_Tata_Tea_Gold_500g,23,320.0,7360.0,23,0.35
2026-06-14,MUMBAI_STORE_001,SKU_006_Tata_Salt_1kg,55,28.0,1540.0,36,0.45
2026-06-14,MUMBAI_STORE_001,SKU_007_Toor_Dal_Premium_1kg,21,165.0,3465.0,33,0.3
2026-06-14,MUMBAI_STORE_001,SKU_008_Maggi_Noodles_12Pack,35,168.0,5880.0,20,0.26
2026-06-14,MUMBAI_STORE_001,SKU_009_Cadbury_Dairy_Milk_Silk,41,95.0,3895.0,40,0.37
2026-06-14,MUMBAI_STORE_001,SKU_010_Surf_Excel_Matic_2kg,14,390.0,5460.0,25,0.37
2026-06-14,DELHI_STORE_002,SKU_001_Aashirvaad_Atta_5kg,18,265.0,4770.0,21,0.37
2026-06-14,DELHI_STORE_002,SKU_002_IndiaGate_Basmati_5kg,7,480.0,3360.0,24,0.25
2026-06-14,DELHI_STORE_002,SKU_003_Fortune_Sunflower_Oil_1L,37,145.0,5365.0,56,0.49
2026-06-14,DELHI_STORE_002,SKU_004_Amul_Butter_500g,27,275.0,7425.0,31,0.44
2026-06-14,DELHI_STORE_002,SKU_005_Tata_Tea_Gold_500g,15,320.0,4800.0,40,0.45
2026-06-14,DELHI_STORE_002,SKU_006_Tata_Salt_1kg,57,28.0,1596.0,45,0.27
2026-06-14,DELHI_STORE_002,SKU_007_Toor_Dal_Premium_1kg,19,165.0,3135.0,26,0.28
2026-06-14,DELHI_STORE_002,SKU_008_Maggi_Noodles_12Pack,42,168.0,7056.0,48,0.25
2026-06-14,DELHI_STORE_002,SKU_009_Cadbury_Dairy_Milk_Silk,28,95.0,2660.0,19,0.35
2026-06-14,DELHI_STORE_002,SKU_010_Surf_Excel_Matic_2kg,20,390.0,7800.0,28,0.26
2026-06-14,BENGALURU_STORE_003,SKU_001_Aashirvaad_Atta_5kg,20,265.0,5300.0,49,0.25
2026-06-14,BENGALURU_STORE_003,SKU_002_IndiaGate_Basmati_5kg,11,480.0,5280.0,41,0.5
2026-06-14,BENGALURU_STORE_003,SKU_003_Fortune_Sunflower_Oil_1L,36,145.0,5220.0,52,0.25
2026-06-14,BENGALURU_STORE_003,SKU_004_Amul_Butter_500g,23,275.0,6325.0,42,0.47
2026-06-14,BENGALURU_STORE_003,SKU_005_Tata_Tea_Gold_500g,17,320.0,5440.0,17,0.21
2026-06-14,BENGALURU_STORE_003,SKU_006_Tata_Salt_1kg,51,28.0,1428.0,52,0.25
2026-06-14,BENGALURU_STORE_003,SKU_007_Toor_Dal_Premium_1kg,19,165.0,3135.0,47,0.23
2026-06-14,BENGALURU_STORE_003,SKU_008_Maggi_Noodles_12Pack,38,168.0,6384.0,22,0.31
2026-06-14,BENGALURU_STORE_003,SKU_009_Cadbury_Dairy_Milk_Silk,34,95.0,3230.0,48,0.24
2026-06-14,BENGALURU_STORE_003,SKU_010_Surf_Excel_Matic_2kg,17,390.0,6630.0,45,0.37
2026-06-14,HYDERABAD_STORE_004,SKU_001_Aashirvaad_Atta_5kg,28,265.0,7420.0,17,0.21
2026-06-14,HYDERABAD_STORE_004,SKU_002_IndiaGate_Basmati_5kg,15,480.0,7200.0,49,0.27
2026-06-14,HYDERABAD_STORE_004,SKU_003_Fortune_Sunflower_Oil_1L,28,145.0,4060.0,58,0.4
2026-06-14,HYDERABAD_STORE_004,SKU_004_Amul_Butter_500g,36,275.0,9900.0,42,0.4
2026-06-14,HYDERABAD_STORE_004,SKU_005_Tata_Tea_Gold_500g,15,320.0,4800.0,57,0.47
2026-06-14,HYDERABAD_STORE_004,SKU_006_Tata_Salt_1kg,55,28.0,1540.0,27,0.49
2026-06-14,HYDERABAD_STORE_004,SKU_007_Toor_Dal_Premium_1kg,26,165.0,4290.0,59,0.29
2026-06-14,HYDERABAD_STORE_004,SKU_008_Maggi_Noodles_12Pack,33,168.0,5544.0,34,0.28
2026-06-14,HYDERABAD_STORE_004,SKU_009_Cadbury_Dairy_Milk_Silk,26,95.0,2470.0,57,0.26
2026-06-14,HYDERABAD_STORE_004,SKU_010_Surf_Excel_Matic_2kg,7,390.0,2730.0,22,0.38
2026-06-14,CHENNAI_STORE_005,SKU_001_Aashirvaad_Atta_5kg,19,265.0,5035.0,26,0.34
2026-06-14,CHENNAI_STORE_005,SKU_002_IndiaGate_Basmati_5kg,13,480.0,6240.0,48,0.37
2026-06-14,CHENNAI_STORE_005,SKU_003_Fortune_Sunflower_Oil_1L,35,145.0,5075.0,15,0.26
2026-06-14,CHENNAI_STORE_005,SKU_004_Amul_Butter_500g,28,275.0,7700.0,33,0.47
2026-06-14,CHENNAI_STORE_005,SKU_005_Tata_Tea_Gold_500g,15,320.0,4800.0,27,0.26
2026-06-14,CHENNAI_STORE_005,SKU_006_Tata_Salt_1kg,43,28.0,1204.0,34,0.45
2026-06-14,CHENNAI_STORE_005,SKU_007_Toor_Dal_Premium_1kg,16,165.0,2640.0,38,0.29
2026-06-14,CHENNAI_STORE_005,SKU_008_Maggi_Noodles_12Pack,36,168.0,6048.0,41,0.33
2026-06-14,CHENNAI_STORE_005,SKU_009_Cadbury_Dairy_Milk_Silk,23,95.0,2185.0,39,0.47
2026-06-14,CHENNAI_STORE_005,SKU_010_Surf_Excel_Matic_2kg,12,390.0,4680.0,44,0.48
2026-06-15,MUMBAI_STORE_001,SKU_001_Aashirvaad_Atta_5kg,18,265.0,4770.0,44,0.47
2026-06-15,MUMBAI_STORE_001,SKU_002_IndiaGate_Basmati_5kg,5,480.0,2400.0,40,0.34
2026-06-15,MUMBAI_STORE_001,SKU_003_Fortune_Sunflower_Oil_1L,18,145.0,2610.0,41,0.42
2026-06-15,MUMBAI_STORE_001,SKU_004_Amul_Butter_500g,18,275.0,4950.0,22,0.37
2026-06-15,MUMBAI_STORE_001,SKU_005_Tata_Tea_Gold_500g,10,320.0,3200.0,51,0.5
2026-06-15,MUMBAI_STORE_001,SKU_006_Tata_Salt_1kg,34,28.0,952.0,17,0.22
2026-06-15,MUMBAI_STORE_001,SKU_007_Toor_Dal_Premium_1kg,18,165.0,2970.0,25,0.38
2026-06-15,MUMBAI_STORE_001,SKU_008_Maggi_Noodles_12Pack,21,168.0,3528.0,31,0.45
2026-06-15,MUMBAI_STORE_001,SKU_009_Cadbury_Dairy_Milk_Silk,25,95.0,2375.0,30,0.31
2026-06-15,MUMBAI_STORE_001,SKU_010_Surf_Excel_Matic_2kg,13,390.0,5070.0,24,0.23
2026-06-15,DELHI_STORE_002,SKU_001_Aashirvaad_Atta_5kg,14,265.0,3710.0,52,0.27
2026-06-15,DELHI_STORE_002,SKU_002_IndiaGate_Basmati_5kg,11,480.0,5280.0,36,0.32
2026-06-15,DELHI_STORE_002,SKU_003_Fortune_Sunflower_Oil_1L,17,145.0,2465.0,58,0.37
2026-06-15,DELHI_STORE_002,SKU_004_Amul_Butter_500g,21,275.0,5775.0,33,0.23
2026-06-15,DELHI_STORE_002,SKU_005_Tata_Tea_Gold_500g,14,320.0,4480.0,30,0.37
2026-06-15,DELHI_STORE_002,SKU_006_Tata_Salt_1kg,33,28.0,924.0,51,0.38
2026-06-15,DELHI_STORE_002,SKU_007_Toor_Dal_Premium_1kg,14,165.0,2310.0,19,0.31
2026-06-15,DELHI_STORE_002,SKU_008_Maggi_Noodles_12Pack,24,168.0,4032.0,44,0.22
2026-06-15,DELHI_STORE_002,SKU_009_Cadbury_Dairy_Milk_Silk,19,95.0,1805.0,22,0.45
2026-06-15,DELHI_STORE_002,SKU_010_Surf_Excel_Matic_2kg,10,390.0,3900.0,37,0.42
2026-06-15,BENGALURU_STORE_003,SKU_001_Aashirvaad_Atta_5kg,23,265.0,6095.0,54,0.48
2026-06-15,BENGALURU_STORE_003,SKU_002_IndiaGate_Basmati_5kg,14,480.0,6720.0,32,0.47
2026-06-15,BENGALURU_STORE_003,SKU_003_Fortune_Sunflower_Oil_1L,18,145.0,2610.0,36,0.35
2026-06-15,BENGALURU_STORE_003,SKU_004_Amul_Butter_500g,15,275.0,4125.0,29,0.21
2026-06-15,BENGALURU_STORE_003,SKU_005_Tata_Tea_Gold_500g,9,320.0,2880.0,59,0.49
2026-06-15,BENGALURU_STORE_003,SKU_006_Tata_Salt_1kg,33,28.0,924.0,30,0.4
2026-06-15,BENGALURU_STORE_003,SKU_007_Toor_Dal_Premium_1kg,15,165.0,2475.0,26,0.5
2026-06-15,BENGALURU_STORE_003,SKU_008_Maggi_Noodles_12Pack,27,168.0,4536.0,20,0.48
2026-06-15,BENGALURU_STORE_003,SKU_009_Cadbury_Dairy_Milk_Silk,15,95.0,1425.0,25,0.29
2026-06-15,BENGALURU_STORE_003,SKU_010_Surf_Excel_Matic_2kg,10,390.0,3900.0,22,0.25
2026-06-15,HYDERABAD_STORE_004,SKU_001_Aashirvaad_Atta_5kg,13,265.0,3445.0,55,0.23
2026-06-15,HYDERABAD_STORE_004,SKU_002_IndiaGate_Basmati_5kg,4,480.0,1920.0,22,0.27
2026-06-15,HYDERABAD_STORE_004,SKU_003_Fortune_Sunflower_Oil_1L,38,145.0,5510.0,25,0.46
2026-06-15,HYDERABAD_STORE_004,SKU_004_Amul_Butter_500g,26,275.0,7150.0,17,0.21
2026-06-15,HYDERABAD_STORE_004,SKU_005_Tata_Tea_Gold_500g,13,320.0,4160.0,16,0.37
2026-06-15,HYDERABAD_STORE_004,SKU_006_Tata_Salt_1kg,31,28.0,868.0,41,0.32
2026-06-15,HYDERABAD_STORE_004,SKU_007_Toor_Dal_Premium_1kg,13,165.0,2145.0,27,0.47
2026-06-15,HYDERABAD_STORE_004,SKU_008_Maggi_Noodles_12Pack,23,168.0,3864.0,17,0.33
2026-06-15,HYDERABAD_STORE_004,SKU_009_Cadbury_Dairy_Milk_Silk,16,95.0,1520.0,51,0.48
2026-06-15,HYDERABAD_STORE_004,SKU_010_Surf_Excel_Matic_2kg,5,390.0,1950.0,30,0.46
2026-06-15,CHENNAI_STORE_005,SKU_001_Aashirvaad_Atta_5kg,8,265.0,2120.0,48,0.22
2026-06-15,CHENNAI_STORE_005,SKU_002_IndiaGate_Basmati_5kg,9,480.0,4320.0,21,0.28
2026-06-15,CHENNAI_STORE_005,SKU_003_Fortune_Sunflower_Oil_1L,20,145.0,2900.0,45,0.22
2026-06-15,CHENNAI_STORE_005,SKU_004_Amul_Butter_500g,21,275.0,5775.0,43,0.28
2026-06-15,CHENNAI_STORE_005,SKU_005_Tata_Tea_Gold_500g,10,320.0,3200.0,33,0.27
2026-06-15,CHENNAI_STORE_005,SKU_006_Tata_Salt_1kg,38,28.0,1064.0,45,0.45
2026-06-15,CHENNAI_STORE_005,SKU_007_Toor_Dal_Premium_1kg,15,165.0,2475.0,48,0.31
2026-06-15,CHENNAI_STORE_005,SKU_008_Maggi_Noodles_12Pack,28,168.0,4704.0,18,0.5
2026-06-15,CHENNAI_STORE_005,SKU_009_Cadbury_Dairy_Milk_Silk,22,95.0,2090.0,53,0.29
2026-06-15,CHENNAI_STORE_005,SKU_010_Surf_Excel_Matic_2kg,10,390.0,3900.0,33,0.33
2026-06-16,MUMBAI_STORE_001,SKU_001_Aashirvaad_Atta_5kg,12,265.0,3180.0,53,0.26
2026-06-16,MUMBAI_STORE_001,SKU_002_IndiaGate_Basmati_5kg,7,480.0,3360.0,55,0.5
2026-06-16,MUMBAI_STORE_001,SKU_003_Fortune_Sunflower_Oil_1L,19,145.0,2755.0,49,0.28
2026-06-16,MUMBAI_STORE_001,SKU_004_Amul_Butter_500g,23,275.0,6325.0,20,0.49
2026-06-16,MUMBAI_STORE_001,SKU_005_Tata_Tea_Gold_500g,10,320.0,3200.0,41,0.38
2026-06-16,MUMBAI_STORE_001,SKU_006_Tata_Salt_1kg,38,28.0,1064.0,34,0.28
2026-06-16,MUMBAI_STORE_001,SKU_007_Toor_Dal_Premium_1kg,19,165.0,3135.0,46,0.27
2026-06-16,MUMBAI_STORE_001,SKU_008_Maggi_Noodles_12Pack,27,168.0,4536.0,24,0.22
2026-06-16,MUMBAI_STORE_001,SKU_009_Cadbury_Dairy_Milk_Silk,14,95.0,1330.0,53,0.21
2026-06-16,MUMBAI_STORE_001,SKU_010_Surf_Excel_Matic_2kg,12,390.0,4680.0,36,0.48
2026-06-16,DELHI_STORE_002,SKU_001_Aashirvaad_Atta_5kg,12,265.0,3180.0,15,0.22
2026-06-16,DELHI_STORE_002,SKU_002_IndiaGate_Basmati_5kg,5,480.0,2400.0,28,0.4
2026-06-16,DELHI_STORE_002,SKU_003_Fortune_Sunflower_Oil_1L,35,145.0,5075.0,55,0.37
2026-06-16,DELHI_STORE_002,SKU_004_Amul_Butter_500g,19,275.0,5225.0,18,0.23
2026-06-16,DELHI_STORE_002,SKU_005_Tata_Tea_Gold_500g,13,320.0,4160.0,56,0.32
2026-06-16,DELHI_STORE_002,SKU_006_Tata_Salt_1kg,28,28.0,784.0,28,0.36
2026-06-16,DELHI_STORE_002,SKU_007_Toor_Dal_Premium_1kg,20,165.0,3300.0,45,0.48
2026-06-16,DELHI_STORE_002,SKU_008_Maggi_Noodles_12Pack,22,168.0,3696.0,27,0.27
2026-06-16,DELHI_STORE_002,SKU_009_Cadbury_Dairy_Milk_Silk,22,95.0,2090.0,41,0.2
2026-06-16,DELHI_STORE_002,SKU_010_Surf_Excel_Matic_2kg,12,390.0,4680.0,44,0.37
2026-06-16,BENGALURU_STORE_003,SKU_001_Aashirvaad_Atta_5kg,12,265.0,3180.0,19,0.45
2026-06-16,BENGALURU_STORE_003,SKU_002_IndiaGate_Basmati_5kg,7,480.0,3360.0,47,0.31
2026-06-16,BENGALURU_STORE_003,SKU_003_Fortune_Sunflower_Oil_1L,18,145.0,2610.0,39,0.46
2026-06-16,BENGALURU_STORE_003,SKU_004_Amul_Butter_500g,28,275.0,7700.0,38,0.23
2026-06-16,BENGALURU_STORE_003,SKU_005_Tata_Tea_Gold_500g,12,320.0,3840.0,42,0.32
2026-06-16,BENGALURU_STORE_003,SKU_006_Tata_Salt_1kg,30,28.0,840.0,29,0.23
2026-06-16,BENGALURU_STORE_003,SKU_007_Toor_Dal_Premium_1kg,15,165.0,2475.0,54,0.5
2026-06-16,BENGALURU_STORE_003,SKU_008_Maggi_Noodles_12Pack,26,168.0,4368.0,29,0.29
2026-06-16,BENGALURU_STORE_003,SKU_009_Cadbury_Dairy_Milk_Silk,19,95.0,1805.0,45,0.29
2026-06-16,BENGALURU_STORE_003,SKU_010_Surf_Excel_Matic_2kg,6,390.0,2340.0,20,0.37
2026-06-16,HYDERABAD_STORE_004,SKU_001_Aashirvaad_Atta_5kg,16,265.0,4240.0,48,0.46
2026-06-16,HYDERABAD_STORE_004,SKU_002_IndiaGate_Basmati_5kg,5,480.0,2400.0,34,0.39
2026-06-16,HYDERABAD_STORE_004,SKU_003_Fortune_Sunflower_Oil_1L,28,145.0,4060.0,20,0.49
2026-06-16,HYDERABAD_STORE_004,SKU_004_Amul_Butter_500g,12,275.0,3300.0,41,0.36
2026-06-16,HYDERABAD_STORE_004,SKU_005_Tata_Tea_Gold_500g,6,320.0,1920.0,19,0.38
2026-06-16,HYDERABAD_STORE_004,SKU_006_Tata_Salt_1kg,36,28.0,1008.0,43,0.45
2026-06-16,HYDERABAD_STORE_004,SKU_007_Toor_Dal_Premium_1kg,18,165.0,2970.0,28,0.38
2026-06-16,HYDERABAD_STORE_004,SKU_008_Maggi_Noodles_12Pack,26,168.0,4368.0,31,0.39
2026-06-16,HYDERABAD_STORE_004,SKU_009_Cadbury_Dairy_Milk_Silk,19,95.0,1805.0,46,0.37
2026-06-16,HYDERABAD_STORE_004,SKU_010_Surf_Excel_Matic_2kg,9,390.0,3510.0,15,0.29
2026-06-16,CHENNAI_STORE_005,SKU_001_Aashirvaad_Atta_5kg,16,265.0,4240.0,45,0.32
2026-06-16,CHENNAI_STORE_005,SKU_002_IndiaGate_Basmati_5kg,9,480.0,4320.0,30,0.35
2026-06-16,CHENNAI_STORE_005,SKU_003_Fortune_Sunflower_Oil_1L,17,145.0,2465.0,59,0.34
2026-06-16,CHENNAI_STORE_005,SKU_004_Amul_Butter_500g,16,275.0,4400.0,20,0.46
2026-06-16,CHENNAI_STORE_005,SKU_005_Tata_Tea_Gold_500g,11,320.0,3520.0,44,0.33
2026-06-16,CHENNAI_STORE_005,SKU_006_Tata_Salt_1kg,38,28.0,1064.0,51,0.48
2026-06-16,CHENNAI_STORE_005,SKU_007_Toor_Dal_Premium_1kg,11,165.0,1815.0,42,0.37
2026-06-16,CHENNAI_STORE_005,SKU_008_Maggi_Noodles_12Pack,23,168.0,3864.0,20,0.32
2026-06-16,CHENNAI_STORE_005,SKU_009_Cadbury_Dairy_Milk_Silk,15,95.0,1425.0,24,0.22
2026-06-16,CHENNAI_STORE_005,SKU_010_Surf_Excel_Matic_2kg,10,390.0,3900.0,54,0.37
2026-06-17,MUMBAI_STORE_001,SKU_001_Aashirvaad_Atta_5kg,12,265.0,3180.0,39,0.22
2026-06-17,MUMBAI_STORE_001,SKU_002_IndiaGate_Basmati_5kg,8,480.0,3840.0,57,0.43
2026-06-17,MUMBAI_STORE_001,SKU_003_Fortune_Sunflower_Oil_1L,23,145.0,3335.0,18,0.34
2026-06-17,MUMBAI_STORE_001,SKU_004_Amul_Butter_500g,20,275.0,5500.0,50,0.28
2026-06-17,MUMBAI_STORE_001,SKU_005_Tata_Tea_Gold_500g,19,320.0,6080.0,54,0.49
2026-06-17,MUMBAI_STORE_001,SKU_006_Tata_Salt_1kg,29,28.0,812.0,16,0.32
2026-06-17,MUMBAI_STORE_001,SKU_007_Toor_Dal_Premium_1kg,16,165.0,2640.0,57,0.4
2026-06-17,MUMBAI_STORE_001,SKU_008_Maggi_Noodles_12Pack,25,168.0,4200.0,57,0.21
2026-06-17,MUMBAI_STORE_001,SKU_009_Cadbury_Dairy_Milk_Silk,25,95.0,2375.0,20,0.33
2026-06-17,MUMBAI_STORE_001,SKU_010_Surf_Excel_Matic_2kg,11,390.0,4290.0,17,0.38
2026-06-17,DELHI_STORE_002,SKU_001_Aashirvaad_Atta_5kg,20,265.0,5300.0,24,0.33
2026-06-17,DELHI_STORE_002,SKU_002_IndiaGate_Basmati_5kg,11,480.0,5280.0,58,0.36
2026-06-17,DELHI_STORE_002,SKU_003_Fortune_Sunflower_Oil_1L,23,145.0,3335.0,43,0.37
2026-06-17,DELHI_STORE_002,SKU_004_Amul_Butter_500g,13,275.0,3575.0,42,0.43
2026-06-17,DELHI_STORE_002,SKU_005_Tata_Tea_Gold_500g,12,320.0,3840.0,44,0.22
2026-06-17,DELHI_STORE_002,SKU_006_Tata_Salt_1kg,34,28.0,952.0,23,0.26
2026-06-17,DELHI_STORE_002,SKU_007_Toor_Dal_Premium_1kg,15,165.0,2475.0,32,0.35
2026-06-17,DELHI_STORE_002,SKU_008_Maggi_Noodles_12Pack,25,168.0,4200.0,52,0.24
2026-06-17,DELHI_STORE_002,SKU_009_Cadbury_Dairy_Milk_Silk,20,95.0,1900.0,18,0.37
2026-06-17,DELHI_STORE_002,SKU_010_Surf_Excel_Matic_2kg,3,390.0,1170.0,16,0.26
2026-06-17,BENGALURU_STORE_003,SKU_001_Aashirvaad_Atta_5kg,14,265.0,3710.0,17,0.48
2026-06-17,BENGALURU_STORE_003,SKU_002_IndiaGate_Basmati_5kg,5,480.0,2400.0,38,0.27
2026-06-17,BENGALURU_STORE_003,SKU_003_Fortune_Sunflower_Oil_1L,16,145.0,2320.0,39,0.22
2026-06-17,BENGALURU_STORE_003,SKU_004_Amul_Butter_500g,20,275.0,5500.0,37,0.32
2026-06-17,BENGALURU_STORE_003,SKU_005_Tata_Tea_Gold_500g,8,320.0,2560.0,58,0.38
2026-06-17,BENGALURU_STORE_003,SKU_006_Tata_Salt_1kg,39,28.0,1092.0,32,0.27
2026-06-17,BENGALURU_STORE_003,SKU_007_Toor_Dal_Premium_1kg,10,165.0,1650.0,50,0.4
2026-06-17,BENGALURU_STORE_003,SKU_008_Maggi_Noodles_12Pack,26,168.0,4368.0,56,0.22
2026-06-17,BENGALURU_STORE_003,SKU_009_Cadbury_Dairy_Milk_Silk,17,95.0,1615.0,50,0.5
2026-06-17,BENGALURU_STORE_003,SKU_010_Surf_Excel_Matic_2kg,14,390.0,5460.0,32,0.32
2026-06-17,HYDERABAD_STORE_004,SKU_001_Aashirvaad_Atta_5kg,18,265.0,4770.0,47,0.33
2026-06-17,HYDERABAD_STORE_004,SKU_002_IndiaGate_Basmati_5kg,9,480.0,4320.0,38,0.5
2026-06-17,HYDERABAD_STORE_004,SKU_003_Fortune_Sunflower_Oil_1L,16,145.0,2320.0,32,0.24
2026-06-17,HYDERABAD_STORE_004,SKU_004_Amul_Butter_500g,16,275.0,4400.0,36,0.33
2026-06-17,HYDERABAD_STORE_004,SKU_005_Tata_Tea_Gold_500g,10,320.0,3200.0,40,0.25
2026-06-17,HYDERABAD_STORE_004,SKU_006_Tata_Salt_1kg,34,28.0,952.0,40,0.26
2026-06-17,HYDERABAD_STORE_004,SKU_007_Toor_Dal_Premium_1kg,19,165.0,3135.0,30,0.43
2026-06-17,HYDERABAD_STORE_004,SKU_008_Maggi_Noodles_12Pack,26,168.0,4368.0,46,0.37
2026-06-17,HYDERABAD_STORE_004,SKU_009_Cadbury_Dairy_Milk_Silk,24,95.0,2280.0,42,0.35
2026-06-17,HYDERABAD_STORE_004,SKU_010_Surf_Excel_Matic_2kg,6,390.0,2340.0,33,0.38
2026-06-17,CHENNAI_STORE_005,SKU_001_Aashirvaad_Atta_5kg,14,265.0,3710.0,15,0.35
2026-06-17,CHENNAI_STORE_005,SKU_002_IndiaGate_Basmati_5kg,6,480.0,2880.0,19,0.39
2026-06-17,CHENNAI_STORE_005,SKU_003_Fortune_Sunflower_Oil_1L,23,145.0,3335.0,38,0.47
2026-06-17,CHENNAI_STORE_005,SKU_004_Amul_Butter_500g,14,275.0,3850.0,53,0.37
2026-06-17,CHENNAI_STORE_005,SKU_005_Tata_Tea_Gold_500g,17,320.0,5440.0,51,0.33
2026-06-17,CHENNAI_STORE_005,SKU_006_Tata_Salt_1kg,36,28.0,1008.0,27,0.26
2026-06-17,CHENNAI_STORE_005,SKU_007_Toor_Dal_Premium_1kg,13,165.0,2145.0,39,0.38
2026-06-17,CHENNAI_STORE_005,SKU_008_Maggi_Noodles_12Pack,24,168.0,4032.0,18,0.23
2026-06-17,CHENNAI_STORE_005,SKU_009_Cadbury_Dairy_Milk_Silk,15,95.0,1425.0,24,0.28
2026-06-17,CHENNAI_STORE_005,SKU_010_Surf_Excel_Matic_2kg,9,390.0,3510.0,15,0.39
2026-06-18,MUMBAI_STORE_001,SKU_001_Aashirvaad_Atta_5kg,16,265.0,4240.0,56,0.21
2026-06-18,MUMBAI_STORE_001,SKU_002_IndiaGate_Basmati_5kg,11,480.0,5280.0,25,0.47
2026-06-18,MUMBAI_STORE_001,SKU_003_Fortune_Sunflower_Oil_1L,18,145.0,2610.0,21,0.46
2026-06-18,MUMBAI_STORE_001,SKU_004_Amul_Butter_500g,18,275.0,4950.0,25,0.43
2026-06-18,MUMBAI_STORE_001,SKU_005_Tata_Tea_Gold_500g,15,320.0,4800.0,33,0.26
2026-06-18,MUMBAI_STORE_001,SKU_006_Tata_Salt_1kg,46,28.0,1288.0,50,0.43
2026-06-18,MUMBAI_STORE_001,SKU_007_Toor_Dal_Premium_1kg,15,165.0,2475.0,45,0.42
2026-06-18,MUMBAI_STORE_001,SKU_008_Maggi_Noodles_12Pack,26,168.0,4368.0,37,0.29
2026-06-18,MUMBAI_STORE_001,SKU_009_Cadbury_Dairy_Milk_Silk,19,95.0,1805.0,48,0.27
2026-06-18,MUMBAI_STORE_001,SKU_010_Surf_Excel_Matic_2kg,9,390.0,3510.0,23,0.44
2026-06-18,DELHI_STORE_002,SKU_001_Aashirvaad_Atta_5kg,20,265.0,5300.0,48,0.47
2026-06-18,DELHI_STORE_002,SKU_002_IndiaGate_Basmati_5kg,7,480.0,3360.0,26,0.3
2026-06-18,DELHI_STORE_002,SKU_003_Fortune_Sunflower_Oil_1L,19,145.0,2755.0,53,0.43
2026-06-18,DELHI_STORE_002,SKU_004_Amul_Butter_500g,13,275.0,3575.0,57,0.4
2026-06-18,DELHI_STORE_002,SKU_005_Tata_Tea_Gold_500g,10,320.0,3200.0,44,0.35
2026-06-18,DELHI_STORE_002,SKU_006_Tata_Salt_1kg,27,28.0,756.0,51,0.46
2026-06-18,DELHI_STORE_002,SKU_007_Toor_Dal_Premium_1kg,14,165.0,2310.0,48,0.44
2026-06-18,DELHI_STORE_002,SKU_008_Maggi_Noodles_12Pack,36,168.0,6048.0,53,0.24
2026-06-18,DELHI_STORE_002,SKU_009_Cadbury_Dairy_Milk_Silk,23,95.0,2185.0,45,0.28
2026-06-18,DELHI_STORE_002,SKU_010_Surf_Excel_Matic_2kg,14,390.0,5460.0,17,0.42
2026-06-18,BENGALURU_STORE_003,SKU_001_Aashirvaad_Atta_5kg,14,265.0,3710.0,32,0.25
2026-06-18,BENGALURU_STORE_003,SKU_002_IndiaGate_Basmati_5kg,12,480.0,5760.0,46,0.31
2026-06-18,BENGALURU_STORE_003,SKU_003_Fortune_Sunflower_Oil_1L,28,145.0,4060.0,20,0.32
2026-06-18,BENGALURU_STORE_003,SKU_004_Amul_Butter_500g,24,275.0,6600.0,58,0.4
2026-06-18,BENGALURU_STORE_003,SKU_005_Tata_Tea_Gold_500g,13,320.0,4160.0,26,0.48
2026-06-18,BENGALURU_STORE_003,SKU_006_Tata_Salt_1kg,31,28.0,868.0,32,0.24
2026-06-18,BENGALURU_STORE_003,SKU_007_Toor_Dal_Premium_1kg,14,165.0,2310.0,38,0.33
2026-06-18,BENGALURU_STORE_003,SKU_008_Maggi_Noodles_12Pack,32,168.0,5376.0,37,0.24
2026-06-18,BENGALURU_STORE_003,SKU_009_Cadbury_Dairy_Milk_Silk,12,95.0,1140.0,41,0.32
2026-06-18,BENGALURU_STORE_003,SKU_010_Surf_Excel_Matic_2kg,9,390.0,3510.0,23,0.45
2026-06-18,HYDERABAD_STORE_004,SKU_001_Aashirvaad_Atta_5kg,16,265.0,4240.0,35,0.28
2026-06-18,HYDERABAD_STORE_004,SKU_002_IndiaGate_Basmati_5kg,9,480.0,4320.0,33,0.27
2026-06-18,HYDERABAD_STORE_004,SKU_003_Fortune_Sunflower_Oil_1L,27,145.0,3915.0,22,0.24
2026-06-18,HYDERABAD_STORE_004,SKU_004_Amul_Butter_500g,10,275.0,2750.0,56,0.33
2026-06-18,HYDERABAD_STORE_004,SKU_005_Tata_Tea_Gold_500g,7,320.0,2240.0,30,0.31
2026-06-18,HYDERABAD_STORE_004,SKU_006_Tata_Salt_1kg,37,28.0,1036.0,19,0.21
2026-06-18,HYDERABAD_STORE_004,SKU_007_Toor_Dal_Premium_1kg,7,165.0,1155.0,16,0.32
2026-06-18,HYDERABAD_STORE_004,SKU_008_Maggi_Noodles_12Pack,30,168.0,5040.0,34,0.4
2026-06-18,HYDERABAD_STORE_004,SKU_009_Cadbury_Dairy_Milk_Silk,20,95.0,1900.0,53,0.2
2026-06-18,HYDERABAD_STORE_004,SKU_010_Surf_Excel_Matic_2kg,13,390.0,5070.0,59,0.34
2026-06-18,CHENNAI_STORE_005,SKU_001_Aashirvaad_Atta_5kg,11,265.0,2915.0,59,0.46
2026-06-18,CHENNAI_STORE_005,SKU_002_IndiaGate_Basmati_5kg,3,480.0,1440.0,33,0.27
2026-06-18,CHENNAI_STORE_005,SKU_003_Fortune_Sunflower_Oil_1L,27,145.0,3915.0,52,0.2
2026-06-18,CHENNAI_STORE_005,SKU_004_Amul_Butter_500g,15,275.0,4125.0,25,0.22
2026-06-18,CHENNAI_STORE_005,SKU_005_Tata_Tea_Gold_500g,8,320.0,2560.0,28,0.33
2026-06-18,CHENNAI_STORE_005,SKU_006_Tata_Salt_1kg,33,28.0,924.0,55,0.35
2026-06-18,CHENNAI_STORE_005,SKU_007_Toor_Dal_Premium_1kg,14,165.0,2310.0,57,0.22
2026-06-18,CHENNAI_STORE_005,SKU_008_Maggi_Noodles_12Pack,22,168.0,3696.0,29,0.25
2026-06-18,CHENNAI_STORE_005,SKU_009_Cadbury_Dairy_Milk_Silk,24,95.0,2280.0,43,0.24
2026-06-18,CHENNAI_STORE_005,SKU_010_Surf_Excel_Matic_2kg,7,390.0,2730.0,39,0.22
2026-06-19,MUMBAI_STORE_001,SKU_001_Aashirvaad_Atta_5kg,23,265.0,6095.0,53,0.25
2026-06-19,MUMBAI_STORE_001,SKU_002_IndiaGate_Basmati_5kg,9,480.0,4320.0,28,0.31
2026-06-19,MUMBAI_STORE_001,SKU_003_Fortune_Sunflower_Oil_1L,20,145.0,2900.0,22,0.41
2026-06-19,MUMBAI_STORE_001,SKU_004_Amul_Butter_500g,13,275.0,3575.0,37,0.44
2026-06-19,MUMBAI_STORE_001,SKU_005_Tata_Tea_Gold_500g,15,320.0,4800.0,22,0.36
2026-06-19,MUMBAI_STORE_001,SKU_006_Tata_Salt_1kg,25,28.0,700.0,33,0.21
2026-06-19,MUMBAI_STORE_001,SKU_007_Toor_Dal_Premium_1kg,25,165.0,4125.0,16,0.25
2026-06-19,MUMBAI_STORE_001,SKU_008_Maggi_Noodles_12Pack,23,168.0,3864.0,21,0.43
2026-06-19,MUMBAI_STORE_001,SKU_009_Cadbury_Dairy_Milk_Silk,18,95.0,1710.0,30,0.39
2026-06-19,MUMBAI_STORE_001,SKU_010_Surf_Excel_Matic_2kg,7,390.0,2730.0,57,0.48
2026-06-19,DELHI_STORE_002,SKU_001_Aashirvaad_Atta_5kg,19,265.0,5035.0,51,0.22
2026-06-19,DELHI_STORE_002,SKU_002_IndiaGate_Basmati_5kg,8,480.0,3840.0,23,0.27
2026-06-19,DELHI_STORE_002,SKU_003_Fortune_Sunflower_Oil_1L,19,145.0,2755.0,42,0.41
2026-06-19,DELHI_STORE_002,SKU_004_Amul_Butter_500g,16,275.0,4400.0,24,0.34
2026-06-19,DELHI_STORE_002,SKU_005_Tata_Tea_Gold_500g,15,320.0,4800.0,19,0.47
2026-06-19,DELHI_STORE_002,SKU_006_Tata_Salt_1kg,32,28.0,896.0,16,0.41
2026-06-19,DELHI_STORE_002,SKU_007_Toor_Dal_Premium_1kg,14,165.0,2310.0,42,0.27
2026-06-19,DELHI_STORE_002,SKU_008_Maggi_Noodles_12Pack,23,168.0,3864.0,21,0.29
2026-06-19,DELHI_STORE_002,SKU_009_Cadbury_Dairy_Milk_Silk,13,95.0,1235.0,15,0.35
2026-06-19,DELHI_STORE_002,SKU_010_Surf_Excel_Matic_2kg,6,390.0,2340.0,56,0.25
2026-06-19,BENGALURU_STORE_003,SKU_001_Aashirvaad_Atta_5kg,24,265.0,6360.0,48,0.36
2026-06-19,BENGALURU_STORE_003,SKU_002_IndiaGate_Basmati_5kg,9,480.0,4320.0,57,0.42
2026-06-19,BENGALURU_STORE_003,SKU_003_Fortune_Sunflower_Oil_1L,23,145.0,3335.0,17,0.28
2026-06-19,BENGALURU_STORE_003,SKU_004_Amul_Butter_500g,17,275.0,4675.0,48,0.48
2026-06-19,BENGALURU_STORE_003,SKU_005_Tata_Tea_Gold_500g,11,320.0,3520.0,58,0.33
2026-06-19,BENGALURU_STORE_003,SKU_006_Tata_Salt_1kg,35,28.0,980.0,55,0.37
2026-06-19,BENGALURU_STORE_003,SKU_007_Toor_Dal_Premium_1kg,19,165.0,3135.0,30,0.33
2026-06-19,BENGALURU_STORE_003,SKU_008_Maggi_Noodles_12Pack,31,168.0,5208.0,50,0.48
2026-06-19,BENGALURU_STORE_003,SKU_009_Cadbury_Dairy_Milk_Silk,22,95.0,2090.0,51,0.45
2026-06-19,BENGALURU_STORE_003,SKU_010_Surf_Excel_Matic_2kg,9,390.0,3510.0,33,0.4
2026-06-19,HYDERABAD_STORE_004,SKU_001_Aashirvaad_Atta_5kg,13,265.0,3445.0,31,0.39
2026-06-19,HYDERABAD_STORE_004,SKU_002_IndiaGate_Basmati_5kg,9,480.0,4320.0,58,0.33
2026-06-19,HYDERABAD_STORE_004,SKU_003_Fortune_Sunflower_Oil_1L,22,145.0,3190.0,38,0.41
2026-06-19,HYDERABAD_STORE_004,SKU_004_Amul_Butter_500g,15,275.0,4125.0,20,0.26
2026-06-19,HYDERABAD_STORE_004,SKU_005_Tata_Tea_Gold_500g,12,320.0,3840.0,47,0.38
2026-06-19,HYDERABAD_STORE_004,SKU_006_Tata_Salt_1kg,39,28.0,1092.0,58,0.37
2026-06-19,HYDERABAD_STORE_004,SKU_007_Toor_Dal_Premium_1kg,14,165.0,2310.0,18,0.47
2026-06-19,HYDERABAD_STORE_004,SKU_008_Maggi_Noodles_12Pack,18,168.0,3024.0,51,0.38
2026-06-19,HYDERABAD_STORE_004,SKU_009_Cadbury_Dairy_Milk_Silk,18,95.0,1710.0,53,0.3
2026-06-19,HYDERABAD_STORE_004,SKU_010_Surf_Excel_Matic_2kg,14,390.0,5460.0,49,0.45
2026-06-19,CHENNAI_STORE_005,SKU_001_Aashirvaad_Atta_5kg,10,265.0,2650.0,22,0.41
2026-06-19,CHENNAI_STORE_005,SKU_002_IndiaGate_Basmati_5kg,5,480.0,2400.0,40,0.46
2026-06-19,CHENNAI_STORE_005,SKU_003_Fortune_Sunflower_Oil_1L,24,145.0,3480.0,57,0.42
2026-06-19,CHENNAI_STORE_005,SKU_004_Amul_Butter_500g,26,275.0,7150.0,26,0.22
2026-06-19,CHENNAI_STORE_005,SKU_005_Tata_Tea_Gold_500g,14,320.0,4480.0,28,0.36
2026-06-19,CHENNAI_STORE_005,SKU_006_Tata_Salt_1kg,36,28.0,1008.0,22,0.31
2026-06-19,CHENNAI_STORE_005,SKU_007_Toor_Dal_Premium_1kg,19,165.0,3135.0,23,0.4
2026-06-19,CHENNAI_STORE_005,SKU_008_Maggi_Noodles_12Pack,27,168.0,4536.0,37,0.36
2026-06-19,CHENNAI_STORE_005,SKU_009_Cadbury_Dairy_Milk_Silk,18,95.0,1710.0,23,0.44
2026-06-19,CHENNAI_STORE_005,SKU_010_Surf_Excel_Matic_2kg,7,390.0,2730.0,34,0.4
2026-06-20,MUMBAI_STORE_001,SKU_001_Aashirvaad_Atta_5kg,19,265.0,5035.0,40,0.3
2026-06-20,MUMBAI_STORE_001,SKU_002_IndiaGate_Basmati_5kg,11,480.0,5280.0,48,0.21
2026-06-20,MUMBAI_STORE_001,SKU_003_Fortune_Sunflower_Oil_1L,31,145.0,4495.0,56,0.2
2026-06-20,MUMBAI_STORE_001,SKU_004_Amul_Butter_500g,27,275.0,7425.0,36,0.23
2026-06-20,MUMBAI_STORE_001,SKU_005_Tata_Tea_Gold_500g,18,320.0,5760.0,36,0.33
2026-06-20,MUMBAI_STORE_001,SKU_006_Tata_Salt_1kg,37,28.0,1036.0,52,0.27
2026-06-20,MUMBAI_STORE_001,SKU_007_Toor_Dal_Premium_1kg,18,165.0,2970.0,49,0.22
2026-06-20,MUMBAI_STORE_001,SKU_008_Maggi_Noodles_12Pack,37,168.0,6216.0,16,0.22
2026-06-20,MUMBAI_STORE_001,SKU_009_Cadbury_Dairy_Milk_Silk,35,95.0,3325.0,17,0.33
2026-06-20,MUMBAI_STORE_001,SKU_010_Surf_Excel_Matic_2kg,18,390.0,7020.0,33,0.21
2026-06-20,DELHI_STORE_002,SKU_001_Aashirvaad_Atta_5kg,19,265.0,5035.0,40,0.3
2026-06-20,DELHI_STORE_002,SKU_002_IndiaGate_Basmati_5kg,9,480.0,4320.0,31,0.23
2026-06-20,DELHI_STORE_002,SKU_003_Fortune_Sunflower_Oil_1L,33,145.0,4785.0,27,0.39
2026-06-20,DELHI_STORE_002,SKU_004_Amul_Butter_500g,25,275.0,6875.0,49,0.28
2026-06-20,DELHI_STORE_002,SKU_005_Tata_Tea_Gold_500g,15,320.0,4800.0,17,0.35
2026-06-20,DELHI_STORE_002,SKU_006_Tata_Salt_1kg,62,28.0,1736.0,39,0.27
2026-06-20,DELHI_STORE_002,SKU_007_Toor_Dal_Premium_1kg,21,165.0,3465.0,40,0.35
2026-06-20,DELHI_STORE_002,SKU_008_Maggi_Noodles_12Pack,27,168.0,4536.0,58,0.31
2026-06-20,DELHI_STORE_002,SKU_009_Cadbury_Dairy_Milk_Silk,31,95.0,2945.0,45,0.48
2026-06-20,DELHI_STORE_002,SKU_010_Surf_Excel_Matic_2kg,15,390.0,5850.0,41,0.43
2026-06-20,BENGALURU_STORE_003,SKU_001_Aashirvaad_Atta_5kg,19,265.0,5035.0,44,0.47
2026-06-20,BENGALURU_STORE_003,SKU_002_IndiaGate_Basmati_5kg,12,480.0,5760.0,28,0.26
2026-06-20,BENGALURU_STORE_003,SKU_003_Fortune_Sunflower_Oil_1L,40,145.0,5800.0,45,0.29
2026-06-20,BENGALURU_STORE_003,SKU_004_Amul_Butter_500g,21,275.0,5775.0,36,0.27
2026-06-20,BENGALURU_STORE_003,SKU_005_Tata_Tea_Gold_500g,18,320.0,5760.0,29,0.34
2026-06-20,BENGALURU_STORE_003,SKU_006_Tata_Salt_1kg,43,28.0,1204.0,24,0.43
2026-06-20,BENGALURU_STORE_003,SKU_007_Toor_Dal_Premium_1kg,22,165.0,3630.0,15,0.21
2026-06-20,BENGALURU_STORE_003,SKU_008_Maggi_Noodles_12Pack,35,168.0,5880.0,54,0.23
2026-06-20,BENGALURU_STORE_003,SKU_009_Cadbury_Dairy_Milk_Silk,30,95.0,2850.0,32,0.45
2026-06-20,BENGALURU_STORE_003,SKU_010_Surf_Excel_Matic_2kg,16,390.0,6240.0,57,0.28
2026-06-20,HYDERABAD_STORE_004,SKU_001_Aashirvaad_Atta_5kg,18,265.0,4770.0,49,0.48
2026-06-20,HYDERABAD_STORE_004,SKU_002_IndiaGate_Basmati_5kg,8,480.0,3840.0,48,0.22
2026-06-20,HYDERABAD_STORE_004,SKU_003_Fortune_Sunflower_Oil_1L,29,145.0,4205.0,28,0.49
2026-06-20,HYDERABAD_STORE_004,SKU_004_Amul_Butter_500g,28,275.0,7700.0,58,0.31
2026-06-20,HYDERABAD_STORE_004,SKU_005_Tata_Tea_Gold_500g,21,320.0,6720.0,54,0.25
2026-06-20,HYDERABAD_STORE_004,SKU_006_Tata_Salt_1kg,65,28.0,1820.0,29,0.43
2026-06-20,HYDERABAD_STORE_004,SKU_007_Toor_Dal_Premium_1kg,21,165.0,3465.0,35,0.42
2026-06-20,HYDERABAD_STORE_004,SKU_008_Maggi_Noodles_12Pack,31,168.0,5208.0,28,0.34
2026-06-20,HYDERABAD_STORE_004,SKU_009_Cadbury_Dairy_Milk_Silk,23,95.0,2185.0,32,0.22
2026-06-20,HYDERABAD_STORE_004,SKU_010_Surf_Excel_Matic_2kg,15,390.0,5850.0,21,0.38
2026-06-20,CHENNAI_STORE_005,SKU_001_Aashirvaad_Atta_5kg,22,265.0,5830.0,46,0.32
2026-06-20,CHENNAI_STORE_005,SKU_002_IndiaGate_Basmati_5kg,11,480.0,5280.0,46,0.4
2026-06-20,CHENNAI_STORE_005,SKU_003_Fortune_Sunflower_Oil_1L,31,145.0,4495.0,47,0.37
2026-06-20,CHENNAI_STORE_005,SKU_004_Amul_Butter_500g,25,275.0,6875.0,32,0.49
2026-06-20,CHENNAI_STORE_005,SKU_005_Tata_Tea_Gold_500g,19,320.0,6080.0,53,0.34
2026-06-20,CHENNAI_STORE_005,SKU_006_Tata_Salt_1kg,37,28.0,1036.0,33,0.46
2026-06-20,CHENNAI_STORE_005,SKU_007_Toor_Dal_Premium_1kg,24,165.0,3960.0,58,0.35
2026-06-20,CHENNAI_STORE_005,SKU_008_Maggi_Noodles_12Pack,32,168.0,5376.0,53,0.29
2026-06-20,CHENNAI_STORE_005,SKU_009_Cadbury_Dairy_Milk_Silk,23,95.0,2185.0,28,0.43
2026-06-20,CHENNAI_STORE_005,SKU_010_Surf_Excel_Matic_2kg,14,390.0,5460.0,22,0.3
2026-06-21,MUMBAI_STORE_001,SKU_001_Aashirvaad_Atta_5kg,29,265.0,7685.0,59,0.35
2026-06-21,MUMBAI_STORE_001,SKU_002_IndiaGate_Basmati_5kg,11,480.0,5280.0,59,0.22
2026-06-21,MUMBAI_STORE_001,SKU_003_Fortune_Sunflower_Oil_1L,22,145.0,3190.0,27,0.26
2026-06-21,MUMBAI_STORE_001,SKU_004_Amul_Butter_500g,13,275.0,3575.0,49,0.24
2026-06-21,MUMBAI_STORE_001,SKU_005_Tata_Tea_Gold_500g,17,320.0,5440.0,34,0.21
2026-06-21,MUMBAI_STORE_001,SKU_006_Tata_Salt_1kg,56,28.0,1568.0,49,0.47
2026-06-21,MUMBAI_STORE_001,SKU_007_Toor_Dal_Premium_1kg,22,165.0,3630.0,36,0.32
2026-06-21,MUMBAI_STORE_001,SKU_008_Maggi_Noodles_12Pack,33,168.0,5544.0,56,0.49
2026-06-21,MUMBAI_STORE_001,SKU_009_Cadbury_Dairy_Milk_Silk,29,95.0,2755.0,27,0.49
2026-06-21,MUMBAI_STORE_001,SKU_010_Surf_Excel_Matic_2kg,9,390.0,3510.0,27,0.28
2026-06-21,DELHI_STORE_002,SKU_001_Aashirvaad_Atta_5kg,11,265.0,2915.0,18,0.25
2026-06-21,DELHI_STORE_002,SKU_002_IndiaGate_Basmati_5kg,10,480.0,4800.0,26,0.29
2026-06-21,DELHI_STORE_002,SKU_003_Fortune_Sunflower_Oil_1L,22,145.0,3190.0,58,0.48
2026-06-21,DELHI_STORE_002,SKU_004_Amul_Butter_500g,23,275.0,6325.0,55,0.2
2026-06-21,DELHI_STORE_002,SKU_005_Tata_Tea_Gold_500g,10,320.0,3200.0,58,0.36
2026-06-21,DELHI_STORE_002,SKU_006_Tata_Salt_1kg,49,28.0,1372.0,47,0.5
2026-06-21,DELHI_STORE_002,SKU_007_Toor_Dal_Premium_1kg,20,165.0,3300.0,38,0.32
2026-06-21,DELHI_STORE_002,SKU_008_Maggi_Noodles_12Pack,43,168.0,7224.0,42,0.27
2026-06-21,DELHI_STORE_002,SKU_009_Cadbury_Dairy_Milk_Silk,30,95.0,2850.0,38,0.5
2026-06-21,DELHI_STORE_002,SKU_010_Surf_Excel_Matic_2kg,15,390.0,5850.0,49,0.25
2026-06-21,BENGALURU_STORE_003,SKU_001_Aashirvaad_Atta_5kg,18,265.0,4770.0,34,0.43
2026-06-21,BENGALURU_STORE_003,SKU_002_IndiaGate_Basmati_5kg,11,480.0,5280.0,40,0.3
2026-06-21,BENGALURU_STORE_003,SKU_003_Fortune_Sunflower_Oil_1L,37,145.0,5365.0,25,0.35
2026-06-21,BENGALURU_STORE_003,SKU_004_Amul_Butter_500g,22,275.0,6050.0,44,0.35
2026-06-21,BENGALURU_STORE_003,SKU_005_Tata_Tea_Gold_500g,18,320.0,5760.0,21,0.37
2026-06-21,BENGALURU_STORE_003,SKU_006_Tata_Salt_1kg,59,28.0,1652.0,47,0.31
2026-06-21,BENGALURU_STORE_003,SKU_007_Toor_Dal_Premium_1kg,15,165.0,2475.0,32,0.46
2026-06-21,BENGALURU_STORE_003,SKU_008_Maggi_Noodles_12Pack,51,168.0,8568.0,30,0.47
2026-06-21,BENGALURU_STORE_003,SKU_009_Cadbury_Dairy_Milk_Silk,44,95.0,4180.0,29,0.36
2026-06-21,BENGALURU_STORE_003,SKU_010_Surf_Excel_Matic_2kg,16,390.0,6240.0,48,0.22
2026-06-21,HYDERABAD_STORE_004,SKU_001_Aashirvaad_Atta_5kg,10,265.0,2650.0,30,0.29
2026-06-21,HYDERABAD_STORE_004,SKU_002_IndiaGate_Basmati_5kg,11,480.0,5280.0,23,0.29
2026-06-21,HYDERABAD_STORE_004,SKU_003_Fortune_Sunflower_Oil_1L,30,145.0,4350.0,59,0.27
2026-06-21,HYDERABAD_STORE_004,SKU_004_Amul_Butter_500g,29,275.0,7975.0,42,0.23
2026-06-21,HYDERABAD_STORE_004,SKU_005_Tata_Tea_Gold_500g,19,320.0,6080.0,41,0.42
2026-06-21,HYDERABAD_STORE_004,SKU_006_Tata_Salt_1kg,43,28.0,1204.0,16,0.45
2026-06-21,HYDERABAD_STORE_004,SKU_007_Toor_Dal_Premium_1kg,22,165.0,3630.0,21,0.49
2026-06-21,HYDERABAD_STORE_004,SKU_008_Maggi_Noodles_12Pack,25,168.0,4200.0,30,0.39
2026-06-21,HYDERABAD_STORE_004,SKU_009_Cadbury_Dairy_Milk_Silk,30,95.0,2850.0,28,0.27
2026-06-21,HYDERABAD_STORE_004,SKU_010_Surf_Excel_Matic_2kg,10,390.0,3900.0,46,0.27
2026-06-21,CHENNAI_STORE_005,SKU_001_Aashirvaad_Atta_5kg,18,265.0,4770.0,58,0.49
2026-06-21,CHENNAI_STORE_005,SKU_002_IndiaGate_Basmati_5kg,14,480.0,6720.0,18,0.3
2026-06-21,CHENNAI_STORE_005,SKU_003_Fortune_Sunflower_Oil_1L,27,145.0,3915.0,49,0.46
2026-06-21,CHENNAI_STORE_005,SKU_004_Amul_Butter_500g,32,275.0,8800.0,45,0.29
2026-06-21,CHENNAI_STORE_005,SKU_005_Tata_Tea_Gold_500g,9,320.0,2880.0,15,0.32
2026-06-21,CHENNAI_STORE_005,SKU_006_Tata_Salt_1kg,46,28.0,1288.0,49,0.29
2026-06-21,CHENNAI_STORE_005,SKU_007_Toor_Dal_Premium_1kg,28,165.0,4620.0,35,0.42
2026-06-21,CHENNAI_STORE_005,SKU_008_Maggi_Noodles_12Pack,31,168.0,5208.0,42,0.47
2026-06-21,CHENNAI_STORE_005,SKU_009_Cadbury_Dairy_Milk_Silk,23,95.0,2185.0,40,0.28
2026-06-21,CHENNAI_STORE_005,SKU_010_Surf_Excel_Matic_2kg,14,390.0,5460.0,41,0.47
2026-06-22,MUMBAI_STORE_001,SKU_001_Aashirvaad_Atta_5kg,15,265.0,3975.0,38,0.22
2026-06-22,MUMBAI_STORE_001,SKU_002_IndiaGate_Basmati_5kg,6,480.0,2880.0,35,0.24
2026-06-22,MUMBAI_STORE_001,SKU_003_Fortune_Sunflower_Oil_1L,30,145.0,4350.0,46,0.23
2026-06-22,MUMBAI_STORE_001,SKU_004_Amul_Butter_500g,22,275.0,6050.0,43,0.45
2026-06-22,MUMBAI_STORE_001,SKU_005_Tata_Tea_Gold_500g,13,320.0,4160.0,35,0.36
2026-06-22,MUMBAI_STORE_001,SKU_006_Tata_Salt_1kg,25,28.0,700.0,28,0.36
2026-06-22,MUMBAI_STORE_001,SKU_007_Toor_Dal_Premium_1kg,11,165.0,1815.0,50,0.25
2026-06-22,MUMBAI_STORE_001,SKU_008_Maggi_Noodles_12Pack,17,168.0,2856.0,54,0.36
2026-06-22,MUMBAI_STORE_001,SKU_009_Cadbury_Dairy_Milk_Silk,19,95.0,1805.0,44,0.46
2026-06-22,MUMBAI_STORE_001,SKU_010_Surf_Excel_Matic_2kg,13,390.0,5070.0,18,0.23
2026-06-22,DELHI_STORE_002,SKU_001_Aashirvaad_Atta_5kg,6,265.0,1590.0,21,0.28
2026-06-22,DELHI_STORE_002,SKU_002_IndiaGate_Basmati_5kg,11,480.0,5280.0,27,0.48
2026-06-22,DELHI_STORE_002,SKU_003_Fortune_Sunflower_Oil_1L,25,145.0,3625.0,58,0.49
2026-06-22,DELHI_STORE_002,SKU_004_Amul_Butter_500g,20,275.0,5500.0,20,0.4
2026-06-22,DELHI_STORE_002,SKU_005_Tata_Tea_Gold_500g,11,320.0,3520.0,31,0.45
2026-06-22,DELHI_STORE_002,SKU_006_Tata_Salt_1kg,39,28.0,1092.0,17,0.33
2026-06-22,DELHI_STORE_002,SKU_007_Toor_Dal_Premium_1kg,16,165.0,2640.0,43,0.29
2026-06-22,DELHI_STORE_002,SKU_008_Maggi_Noodles_12Pack,25,168.0,4200.0,58,0.31
2026-06-22,DELHI_STORE_002,SKU_009_Cadbury_Dairy_Milk_Silk,20,95.0,1900.0,45,0.4
2026-06-22,DELHI_STORE_002,SKU_010_Surf_Excel_Matic_2kg,12,390.0,4680.0,29,0.24
2026-06-22,BENGALURU_STORE_003,SKU_001_Aashirvaad_Atta_5kg,16,265.0,4240.0,41,0.46
2026-06-22,BENGALURU_STORE_003,SKU_002_IndiaGate_Basmati_5kg,10,480.0,4800.0,39,0.26
2026-06-22,BENGALURU_STORE_003,SKU_003_Fortune_Sunflower_Oil_1L,21,145.0,3045.0,39,0.23
2026-06-22,BENGALURU_STORE_003,SKU_004_Amul_Butter_500g,21,275.0,5775.0,23,0.26
2026-06-22,BENGALURU_STORE_003,SKU_005_Tata_Tea_Gold_500g,8,320.0,2560.0,41,0.45
2026-06-22,BENGALURU_STORE_003,SKU_006_Tata_Salt_1kg,36,28.0,1008.0,29,0.3
2026-06-22,BENGALURU_STORE_003,SKU_007_Toor_Dal_Premium_1kg,17,165.0,2805.0,16,0.42
2026-06-22,BENGALURU_STORE_003,SKU_008_Maggi_Noodles_12Pack,27,168.0,4536.0,48,0.4
2026-06-22,BENGALURU_STORE_003,SKU_009_Cadbury_Dairy_Milk_Silk,16,95.0,1520.0,20,0.24
2026-06-22,BENGALURU_STORE_003,SKU_010_Surf_Excel_Matic_2kg,18,390.0,7020.0,23,0.23
2026-06-22,HYDERABAD_STORE_004,SKU_001_Aashirvaad_Atta_5kg,18,265.0,4770.0,42,0.43
2026-06-22,HYDERABAD_STORE_004,SKU_002_IndiaGate_Basmati_5kg,9,480.0,4320.0,41,0.25
2026-06-22,HYDERABAD_STORE_004,SKU_003_Fortune_Sunflower_Oil_1L,25,145.0,3625.0,25,0.35
2026-06-22,HYDERABAD_STORE_004,SKU_004_Amul_Butter_500g,25,275.0,6875.0,21,0.43
2026-06-22,HYDERABAD_STORE_004,SKU_005_Tata_Tea_Gold_500g,12,320.0,3840.0,21,0.39
2026-06-22,HYDERABAD_STORE_004,SKU_006_Tata_Salt_1kg,30,28.0,840.0,45,0.38
2026-06-22,HYDERABAD_STORE_004,SKU_007_Toor_Dal_Premium_1kg,19,165.0,3135.0,35,0.32
2026-06-22,HYDERABAD_STORE_004,SKU_008_Maggi_Noodles_12Pack,22,168.0,3696.0,40,0.28
2026-06-22,HYDERABAD_STORE_004,SKU_009_Cadbury_Dairy_Milk_Silk,27,95.0,2565.0,55,0.23
2026-06-22,HYDERABAD_STORE_004,SKU_010_Surf_Excel_Matic_2kg,12,390.0,4680.0,23,0.29
2026-06-22,CHENNAI_STORE_005,SKU_001_Aashirvaad_Atta_5kg,8,265.0,2120.0,19,0.33
2026-06-22,CHENNAI_STORE_005,SKU_002_IndiaGate_Basmati_5kg,5,480.0,2400.0,22,0.48
2026-06-22,CHENNAI_STORE_005,SKU_003_Fortune_Sunflower_Oil_1L,27,145.0,3915.0,44,0.36
2026-06-22,CHENNAI_STORE_005,SKU_004_Amul_Butter_500g,20,275.0,5500.0,43,0.28
2026-06-22,CHENNAI_STORE_005,SKU_005_Tata_Tea_Gold_500g,17,320.0,5440.0,52,0.5
2026-06-22,CHENNAI_STORE_005,SKU_006_Tata_Salt_1kg,28,28.0,784.0,45,0.49
2026-06-22,CHENNAI_STORE_005,SKU_007_Toor_Dal_Premium_1kg,13,165.0,2145.0,19,0.43
2026-06-22,CHENNAI_STORE_005,SKU_008_Maggi_Noodles_12Pack,33,168.0,5544.0,43,0.33
2026-06-22,CHENNAI_STORE_005,SKU_009_Cadbury_Dairy_Milk_Silk,19,95.0,1805.0,49,0.48
2026-06-22,CHENNAI_STORE_005,SKU_010_Surf_Excel_Matic_2kg,16,390.0,6240.0,54,0.42
2026-06-23,MUMBAI_STORE_001,SKU_001_Aashirvaad_Atta_5kg,11,265.0,2915.0,27,0.47
2026-06-23,MUMBAI_STORE_001,SKU_002_IndiaGate_Basmati_5kg,7,480.0,3360.0,52,0.27
2026-06-23,MUMBAI_STORE_001,SKU_003_Fortune_Sunflower_Oil_1L,24,145.0,3480.0,41,0.23
2026-06-23,MUMBAI_STORE_001,SKU_004_Amul_Butter_500g,15,275.0,4125.0,59,0.26
2026-06-23,MUMBAI_STORE_001,SKU_005_Tata_Tea_Gold_500g,9,320.0,2880.0,58,0.47
2026-06-23,MUMBAI_STORE_001,SKU_006_Tata_Salt_1kg,35,28.0,980.0,21,0.49
2026-06-23,MUMBAI_STORE_001,SKU_007_Toor_Dal_Premium_1kg,27,165.0,4455.0,28,0.23
2026-06-23,MUMBAI_STORE_001,SKU_008_Maggi_Noodles_12Pack,21,168.0,3528.0,32,0.23
2026-06-23,MUMBAI_STORE_001,SKU_009_Cadbury_Dairy_Milk_Silk,22,95.0,2090.0,22,0.5
2026-06-23,MUMBAI_STORE_001,SKU_010_Surf_Excel_Matic_2kg,13,390.0,5070.0,18,0.22
2026-06-23,DELHI_STORE_002,SKU_001_Aashirvaad_Atta_5kg,9,265.0,2385.0,56,0.35
2026-06-23,DELHI_STORE_002,SKU_002_IndiaGate_Basmati_5kg,8,480.0,3840.0,39,0.5
2026-06-23,DELHI_STORE_002,SKU_003_Fortune_Sunflower_Oil_1L,22,145.0,3190.0,34,0.44
2026-06-23,DELHI_STORE_002,SKU_004_Amul_Butter_500g,19,275.0,5225.0,33,0.38
2026-06-23,DELHI_STORE_002,SKU_005_Tata_Tea_Gold_500g,13,320.0,4160.0,21,0.23
2026-06-23,DELHI_STORE_002,SKU_006_Tata_Salt_1kg,30,28.0,840.0,48,0.3
2026-06-23,DELHI_STORE_002,SKU_007_Toor_Dal_Premium_1kg,16,165.0,2640.0,58,0.46
2026-06-23,DELHI_STORE_002,SKU_008_Maggi_Noodles_12Pack,31,168.0,5208.0,49,0.24
2026-06-23,DELHI_STORE_002,SKU_009_Cadbury_Dairy_Milk_Silk,21,95.0,1995.0,38,0.2
2026-06-23,DELHI_STORE_002,SKU_010_Surf_Excel_Matic_2kg,9,390.0,3510.0,34,0.42
2026-06-23,BENGALURU_STORE_003,SKU_001_Aashirvaad_Atta_5kg,11,265.0,2915.0,41,0.26
2026-06-23,BENGALURU_STORE_003,SKU_002_IndiaGate_Basmati_5kg,10,480.0,4800.0,31,0.5
2026-06-23,BENGALURU_STORE_003,SKU_003_Fortune_Sunflower_Oil_1L,22,145.0,3190.0,40,0.48
2026-06-23,BENGALURU_STORE_003,SKU_004_Amul_Butter_500g,22,275.0,6050.0,47,0.38
2026-06-23,BENGALURU_STORE_003,SKU_005_Tata_Tea_Gold_500g,12,320.0,3840.0,35,0.27
2026-06-23,BENGALURU_STORE_003,SKU_006_Tata_Salt_1kg,45,28.0,1260.0,57,0.36
2026-06-23,BENGALURU_STORE_003,SKU_007_Toor_Dal_Premium_1kg,18,165.0,2970.0,20,0.31
2026-06-23,BENGALURU_STORE_003,SKU_008_Maggi_Noodles_12Pack,17,168.0,2856.0,35,0.43
2026-06-23,BENGALURU_STORE_003,SKU_009_Cadbury_Dairy_Milk_Silk,16,95.0,1520.0,33,0.48
2026-06-23,BENGALURU_STORE_003,SKU_010_Surf_Excel_Matic_2kg,12,390.0,4680.0,38,0.23
2026-06-23,HYDERABAD_STORE_004,SKU_001_Aashirvaad_Atta_5kg,11,265.0,2915.0,19,0.49
2026-06-23,HYDERABAD_STORE_004,SKU_002_IndiaGate_Basmati_5kg,9,480.0,4320.0,26,0.5
2026-06-23,HYDERABAD_STORE_004,SKU_003_Fortune_Sunflower_Oil_1L,20,145.0,2900.0,45,0.26
2026-06-23,HYDERABAD_STORE_004,SKU_004_Amul_Butter_500g,14,275.0,3850.0,33,0.27
2026-06-23,HYDERABAD_STORE_004,SKU_005_Tata_Tea_Gold_500g,21,320.0,6720.0,30,0.2
2026-06-23,HYDERABAD_STORE_004,SKU_006_Tata_Salt_1kg,38,28.0,1064.0,21,0.25
2026-06-23,HYDERABAD_STORE_004,SKU_007_Toor_Dal_Premium_1kg,20,165.0,3300.0,17,0.39
2026-06-23,HYDERABAD_STORE_004,SKU_008_Maggi_Noodles_12Pack,22,168.0,3696.0,49,0.44
2026-06-23,HYDERABAD_STORE_004,SKU_009_Cadbury_Dairy_Milk_Silk,19,95.0,1805.0,33,0.43
2026-06-23,HYDERABAD_STORE_004,SKU_010_Surf_Excel_Matic_2kg,10,390.0,3900.0,55,0.23
2026-06-23,CHENNAI_STORE_005,SKU_001_Aashirvaad_Atta_5kg,21,265.0,5565.0,50,0.26
2026-06-23,CHENNAI_STORE_005,SKU_002_IndiaGate_Basmati_5kg,8,480.0,3840.0,15,0.49
2026-06-23,CHENNAI_STORE_005,SKU_003_Fortune_Sunflower_Oil_1L,11,145.0,1595.0,15,0.37
2026-06-23,CHENNAI_STORE_005,SKU_004_Amul_Butter_500g,26,275.0,7150.0,52,0.2
2026-06-23,CHENNAI_STORE_005,SKU_005_Tata_Tea_Gold_500g,12,320.0,3840.0,37,0.22
2026-06-23,CHENNAI_STORE_005,SKU_006_Tata_Salt_1kg,38,28.0,1064.0,49,0.35
2026-06-23,CHENNAI_STORE_005,SKU_007_Toor_Dal_Premium_1kg,11,165.0,1815.0,22,0.46
2026-06-23,CHENNAI_STORE_005,SKU_008_Maggi_Noodles_12Pack,27,168.0,4536.0,58,0.36
2026-06-23,CHENNAI_STORE_005,SKU_009_Cadbury_Dairy_Milk_Silk,12,95.0,1140.0,26,0.44
2026-06-23,CHENNAI_STORE_005,SKU_010_Surf_Excel_Matic_2kg,10,390.0,3900.0,48,0.24
2026-06-24,MUMBAI_STORE_001,SKU_001_Aashirvaad_Atta_5kg,14,265.0,3710.0,19,0.33
2026-06-24,MUMBAI_STORE_001,SKU_002_IndiaGate_Basmati_5kg,6,480.0,2880.0,47,0.23
2026-06-24,MUMBAI_STORE_001,SKU_003_Fortune_Sunflower_Oil_1L,24,145.0,3480.0,50,0.27
2026-06-24,MUMBAI_STORE_001,SKU_004_Amul_Butter_500g,20,275.0,5500.0,47,0.46
2026-06-24,MUMBAI_STORE_001,SKU_005_Tata_Tea_Gold_500g,13,320.0,4160.0,34,0.25
2026-06-24,MUMBAI_STORE_001,SKU_006_Tata_Salt_1kg,39,28.0,1092.0,19,0.35
2026-06-24,MUMBAI_STORE_001,SKU_007_Toor_Dal_Premium_1kg,16,165.0,2640.0,53,0.35
2026-06-24,MUMBAI_STORE_001,SKU_008_Maggi_Noodles_12Pack,25,168.0,4200.0,53,0.45
2026-06-24,MUMBAI_STORE_001,SKU_009_Cadbury_Dairy_Milk_Silk,19,95.0,1805.0,37,0.37
2026-06-24,MUMBAI_STORE_001,SKU_010_Surf_Excel_Matic_2kg,7,390.0,2730.0,36,0.3
2026-06-24,DELHI_STORE_002,SKU_001_Aashirvaad_Atta_5kg,8,265.0,2120.0,57,0.29
2026-06-24,DELHI_STORE_002,SKU_002_IndiaGate_Basmati_5kg,4,480.0,1920.0,39,0.37
2026-06-24,DELHI_STORE_002,SKU_003_Fortune_Sunflower_Oil_1L,20,145.0,2900.0,58,0.31
2026-06-24,DELHI_STORE_002,SKU_004_Amul_Butter_500g,15,275.0,4125.0,35,0.43
2026-06-24,DELHI_STORE_002,SKU_005_Tata_Tea_Gold_500g,9,320.0,2880.0,15,0.33
2026-06-24,DELHI_STORE_002,SKU_006_Tata_Salt_1kg,40,28.0,1120.0,40,0.26
2026-06-24,DELHI_STORE_002,SKU_007_Toor_Dal_Premium_1kg,19,165.0,3135.0,53,0.26
2026-06-24,DELHI_STORE_002,SKU_008_Maggi_Noodles_12Pack,32,168.0,5376.0,47,0.3
2026-06-24,DELHI_STORE_002,SKU_009_Cadbury_Dairy_Milk_Silk,27,95.0,2565.0,23,0.35
2026-06-24,DELHI_STORE_002,SKU_010_Surf_Excel_Matic_2kg,5,390.0,1950.0,57,0.49
2026-06-24,BENGALURU_STORE_003,SKU_001_Aashirvaad_Atta_5kg,13,265.0,3445.0,39,0.28
2026-06-24,BENGALURU_STORE_003,SKU_002_IndiaGate_Basmati_5kg,7,480.0,3360.0,59,0.44
2026-06-24,BENGALURU_STORE_003,SKU_003_Fortune_Sunflower_Oil_1L,26,145.0,3770.0,28,0.25
2026-06-24,BENGALURU_STORE_003,SKU_004_Amul_Butter_500g,15,275.0,4125.0,49,0.36
2026-06-24,BENGALURU_STORE_003,SKU_005_Tata_Tea_Gold_500g,6,320.0,1920.0,19,0.32
2026-06-24,BENGALURU_STORE_003,SKU_006_Tata_Salt_1kg,46,28.0,1288.0,51,0.34
2026-06-24,BENGALURU_STORE_003,SKU_007_Toor_Dal_Premium_1kg,14,165.0,2310.0,54,0.43
2026-06-24,BENGALURU_STORE_003,SKU_008_Maggi_Noodles_12Pack,19,168.0,3192.0,36,0.39
2026-06-24,BENGALURU_STORE_003,SKU_009_Cadbury_Dairy_Milk_Silk,29,95.0,2755.0,39,0.22
2026-06-24,BENGALURU_STORE_003,SKU_010_Surf_Excel_Matic_2kg,4,390.0,1560.0,16,0.42
2026-06-24,HYDERABAD_STORE_004,SKU_001_Aashirvaad_Atta_5kg,17,265.0,4505.0,52,0.25
2026-06-24,HYDERABAD_STORE_004,SKU_002_IndiaGate_Basmati_5kg,7,480.0,3360.0,21,0.22
2026-06-24,HYDERABAD_STORE_004,SKU_003_Fortune_Sunflower_Oil_1L,24,145.0,3480.0,52,0.35
2026-06-24,HYDERABAD_STORE_004,SKU_004_Amul_Butter_500g,18,275.0,4950.0,22,0.26
2026-06-24,HYDERABAD_STORE_004,SKU_005_Tata_Tea_Gold_500g,10,320.0,3200.0,24,0.23
2026-06-24,HYDERABAD_STORE_004,SKU_006_Tata_Salt_1kg,53,28.0,1484.0,51,0.44
2026-06-24,HYDERABAD_STORE_004,SKU_007_Toor_Dal_Premium_1kg,13,165.0,2145.0,21,0.41
2026-06-24,HYDERABAD_STORE_004,SKU_008_Maggi_Noodles_12Pack,27,168.0,4536.0,57,0.41
2026-06-24,HYDERABAD_STORE_004,SKU_009_Cadbury_Dairy_Milk_Silk,15,95.0,1425.0,52,0.26
2026-06-24,HYDERABAD_STORE_004,SKU_010_Surf_Excel_Matic_2kg,9,390.0,3510.0,44,0.23
2026-06-24,CHENNAI_STORE_005,SKU_001_Aashirvaad_Atta_5kg,22,265.0,5830.0,30,0.32
2026-06-24,CHENNAI_STORE_005,SKU_002_IndiaGate_Basmati_5kg,6,480.0,2880.0,21,0.31
2026-06-24,CHENNAI_STORE_005,SKU_003_Fortune_Sunflower_Oil_1L,20,145.0,2900.0,50,0.41
2026-06-24,CHENNAI_STORE_005,SKU_004_Amul_Butter_500g,14,275.0,3850.0,19,0.39
2026-06-24,CHENNAI_STORE_005,SKU_005_Tata_Tea_Gold_500g,15,320.0,4800.0,41,0.47
2026-06-24,CHENNAI_STORE_005,SKU_006_Tata_Salt_1kg,36,28.0,1008.0,32,0.45
2026-06-24,CHENNAI_STORE_005,SKU_007_Toor_Dal_Premium_1kg,18,165.0,2970.0,54,0.47
2026-06-24,CHENNAI_STORE_005,SKU_008_Maggi_Noodles_12Pack,34,168.0,5712.0,39,0.42
2026-06-24,CHENNAI_STORE_005,SKU_009_Cadbury_Dairy_Milk_Silk,24,95.0,2280.0,22,0.44
2026-06-24,CHENNAI_STORE_005,SKU_010_Surf_Excel_Matic_2kg,12,390.0,4680.0,35,0.25
2026-06-25,MUMBAI_STORE_001,SKU_001_Aashirvaad_Atta_5kg,12,265.0,3180.0,33,0.36
2026-06-25,MUMBAI_STORE_001,SKU_002_IndiaGate_Basmati_5kg,11,480.0,5280.0,28,0.39
2026-06-25,MUMBAI_STORE_001,SKU_003_Fortune_Sunflower_Oil_1L,20,145.0,2900.0,17,0.36
2026-06-25,MUMBAI_STORE_001,SKU_004_Amul_Butter_500g,19,275.0,5225.0,26,0.31
2026-06-25,MUMBAI_STORE_001,SKU_005_Tata_Tea_Gold_500g,16,320.0,5120.0,52,0.37
2026-06-25,MUMBAI_STORE_001,SKU_006_Tata_Salt_1kg,40,28.0,1120.0,24,0.37
2026-06-25,MUMBAI_STORE_001,SKU_007_Toor_Dal_Premium_1kg,21,165.0,3465.0,58,0.34
2026-06-25,MUMBAI_STORE_001,SKU_008_Maggi_Noodles_12Pack,19,168.0,3192.0,57,0.3
2026-06-25,MUMBAI_STORE_001,SKU_009_Cadbury_Dairy_Milk_Silk,18,95.0,1710.0,47,0.29
2026-06-25,MUMBAI_STORE_001,SKU_010_Surf_Excel_Matic_2kg,13,390.0,5070.0,36,0.43
2026-06-25,DELHI_STORE_002,SKU_001_Aashirvaad_Atta_5kg,13,265.0,3445.0,31,0.31
2026-06-25,DELHI_STORE_002,SKU_002_IndiaGate_Basmati_5kg,11,480.0,5280.0,42,0.35
2026-06-25,DELHI_STORE_002,SKU_003_Fortune_Sunflower_Oil_1L,23,145.0,3335.0,18,0.26
2026-06-25,DELHI_STORE_002,SKU_004_Amul_Butter_500g,27,275.0,7425.0,36,0.22
2026-06-25,DELHI_STORE_002,SKU_005_Tata_Tea_Gold_500g,12,320.0,3840.0,25,0.42
2026-06-25,DELHI_STORE_002,SKU_006_Tata_Salt_1kg,28,28.0,784.0,35,0.29
2026-06-25,DELHI_STORE_002,SKU_007_Toor_Dal_Premium_1kg,13,165.0,2145.0,44,0.45
2026-06-25,DELHI_STORE_002,SKU_008_Maggi_Noodles_12Pack,24,168.0,4032.0,27,0.49
2026-06-25,DELHI_STORE_002,SKU_009_Cadbury_Dairy_Milk_Silk,21,95.0,1995.0,15,0.36
2026-06-25,DELHI_STORE_002,SKU_010_Surf_Excel_Matic_2kg,10,390.0,3900.0,57,0.4
2026-06-25,BENGALURU_STORE_003,SKU_001_Aashirvaad_Atta_5kg,7,265.0,1855.0,25,0.34
2026-06-25,BENGALURU_STORE_003,SKU_002_IndiaGate_Basmati_5kg,10,480.0,4800.0,16,0.42
2026-06-25,BENGALURU_STORE_003,SKU_003_Fortune_Sunflower_Oil_1L,29,145.0,4205.0,38,0.21
2026-06-25,BENGALURU_STORE_003,SKU_004_Amul_Butter_500g,15,275.0,4125.0,43,0.37
2026-06-25,BENGALURU_STORE_003,SKU_005_Tata_Tea_Gold_500g,15,320.0,4800.0,40,0.23
2026-06-25,BENGALURU_STORE_003,SKU_006_Tata_Salt_1kg,33,28.0,924.0,46,0.5
2026-06-25,BENGALURU_STORE_003,SKU_007_Toor_Dal_Premium_1kg,13,165.0,2145.0,29,0.33
2026-06-25,BENGALURU_STORE_003,SKU_008_Maggi_Noodles_12Pack,31,168.0,5208.0,54,0.26
2026-06-25,BENGALURU_STORE_003,SKU_009_Cadbury_Dairy_Milk_Silk,26,95.0,2470.0,54,0.3
2026-06-25,BENGALURU_STORE_003,SKU_010_Surf_Excel_Matic_2kg,8,390.0,3120.0,57,0.21
2026-06-25,HYDERABAD_STORE_004,SKU_001_Aashirvaad_Atta_5kg,12,265.0,3180.0,32,0.26
2026-06-25,HYDERABAD_STORE_004,SKU_002_IndiaGate_Basmati_5kg,9,480.0,4320.0,22,0.48
2026-06-25,HYDERABAD_STORE_004,SKU_003_Fortune_Sunflower_Oil_1L,26,145.0,3770.0,41,0.42
2026-06-25,HYDERABAD_STORE_004,SKU_004_Amul_Butter_500g,18,275.0,4950.0,40,0.37
2026-06-25,HYDERABAD_STORE_004,SKU_005_Tata_Tea_Gold_500g,7,320.0,2240.0,38,0.28
2026-06-25,HYDERABAD_STORE_004,SKU_006_Tata_Salt_1kg,35,28.0,980.0,39,0.45
2026-06-25,HYDERABAD_STORE_004,SKU_007_Toor_Dal_Premium_1kg,14,165.0,2310.0,23,0.38
2026-06-25,HYDERABAD_STORE_004,SKU_008_Maggi_Noodles_12Pack,24,168.0,4032.0,30,0.28
2026-06-25,HYDERABAD_STORE_004,SKU_009_Cadbury_Dairy_Milk_Silk,17,95.0,1615.0,17,0.36
2026-06-25,HYDERABAD_STORE_004,SKU_010_Surf_Excel_Matic_2kg,13,390.0,5070.0,58,0.41
2026-06-25,CHENNAI_STORE_005,SKU_001_Aashirvaad_Atta_5kg,21,265.0,5565.0,20,0.36
2026-06-25,CHENNAI_STORE_005,SKU_002_IndiaGate_Basmati_5kg,4,480.0,1920.0,23,0.35
2026-06-25,CHENNAI_STORE_005,SKU_003_Fortune_Sunflower_Oil_1L,32,145.0,4640.0,34,0.41
2026-06-25,CHENNAI_STORE_005,SKU_004_Amul_Butter_500g,19,275.0,5225.0,33,0.27
2026-06-25,CHENNAI_STORE_005,SKU_005_Tata_Tea_Gold_500g,21,320.0,6720.0,31,0.21
2026-06-25,CHENNAI_STORE_005,SKU_006_Tata_Salt_1kg,30,28.0,840.0,24,0.22
2026-06-25,CHENNAI_STORE_005,SKU_007_Toor_Dal_Premium_1kg,16,165.0,2640.0,18,0.44
2026-06-25,CHENNAI_STORE_005,SKU_008_Maggi_Noodles_12Pack,31,168.0,5208.0,17,0.43
2026-06-25,CHENNAI_STORE_005,SKU_009_Cadbury_Dairy_Milk_Silk,25,95.0,2375.0,37,0.27
2026-06-25,CHENNAI_STORE_005,SKU_010_Surf_Excel_Matic_2kg,7,390.0,2730.0,50,0.26
2026-06-26,MUMBAI_STORE_001,SKU_001_Aashirvaad_Atta_5kg,12,265.0,3180.0,39,0.47
2026-06-26,MUMBAI_STORE_001,SKU_002_IndiaGate_Basmati_5kg,3,480.0,1440.0,45,0.47
2026-06-26,MUMBAI_STORE_001,SKU_003_Fortune_Sunflower_Oil_1L,21,145.0,3045.0,23,0.44
2026-06-26,MUMBAI_STORE_001,SKU_004_Amul_Butter_500g,30,275.0,8250.0,37,0.23
2026-06-26,MUMBAI_STORE_001,SKU_005_Tata_Tea_Gold_500g,13,320.0,4160.0,21,0.33
2026-06-26,MUMBAI_STORE_001,SKU_006_Tata_Salt_1kg,32,28.0,896.0,41,0.2
2026-06-26,MUMBAI_STORE_001,SKU_007_Toor_Dal_Premium_1kg,19,165.0,3135.0,31,0.22
2026-06-26,MUMBAI_STORE_001,SKU_008_Maggi_Noodles_12Pack,21,168.0,3528.0,23,0.37
2026-06-26,MUMBAI_STORE_001,SKU_009_Cadbury_Dairy_Milk_Silk,15,95.0,1425.0,46,0.37
2026-06-26,MUMBAI_STORE_001,SKU_010_Surf_Excel_Matic_2kg,9,390.0,3510.0,40,0.2
2026-06-26,DELHI_STORE_002,SKU_001_Aashirvaad_Atta_5kg,20,265.0,5300.0,31,0.37
2026-06-26,DELHI_STORE_002,SKU_002_IndiaGate_Basmati_5kg,8,480.0,3840.0,50,0.34
2026-06-26,DELHI_STORE_002,SKU_003_Fortune_Sunflower_Oil_1L,19,145.0,2755.0,53,0.42
2026-06-26,DELHI_STORE_002,SKU_004_Amul_Butter_500g,15,275.0,4125.0,26,0.48
2026-06-26,DELHI_STORE_002,SKU_005_Tata_Tea_Gold_500g,13,320.0,4160.0,41,0.31
2026-06-26,DELHI_STORE_002,SKU_006_Tata_Salt_1kg,41,28.0,1148.0,20,0.24
2026-06-26,DELHI_STORE_002,SKU_007_Toor_Dal_Premium_1kg,16,165.0,2640.0,28,0.46
2026-06-26,DELHI_STORE_002,SKU_008_Maggi_Noodles_12Pack,29,168.0,4872.0,16,0.23
2026-06-26,DELHI_STORE_002,SKU_009_Cadbury_Dairy_Milk_Silk,23,95.0,2185.0,31,0.35
2026-06-26,DELHI_STORE_002,SKU_010_Surf_Excel_Matic_2kg,12,390.0,4680.0,33,0.35
2026-06-26,BENGALURU_STORE_003,SKU_001_Aashirvaad_Atta_5kg,14,265.0,3710.0,22,0.44
2026-06-26,BENGALURU_STORE_003,SKU_002_IndiaGate_Basmati_5kg,11,480.0,5280.0,35,0.43
2026-06-26,BENGALURU_STORE_003,SKU_003_Fortune_Sunflower_Oil_1L,26,145.0,3770.0,55,0.28
2026-06-26,BENGALURU_STORE_003,SKU_004_Amul_Butter_500g,17,275.0,4675.0,55,0.41
2026-06-26,BENGALURU_STORE_003,SKU_005_Tata_Tea_Gold_500g,16,320.0,5120.0,53,0.3
2026-06-26,BENGALURU_STORE_003,SKU_006_Tata_Salt_1kg,29,28.0,812.0,33,0.28
2026-06-26,BENGALURU_STORE_003,SKU_007_Toor_Dal_Premium_1kg,14,165.0,2310.0,28,0.37
2026-06-26,BENGALURU_STORE_003,SKU_008_Maggi_Noodles_12Pack,24,168.0,4032.0,48,0.47
2026-06-26,BENGALURU_STORE_003,SKU_009_Cadbury_Dairy_Milk_Silk,24,95.0,2280.0,48,0.25
2026-06-26,BENGALURU_STORE_003,SKU_010_Surf_Excel_Matic_2kg,6,390.0,2340.0,51,0.27
2026-06-26,HYDERABAD_STORE_004,SKU_001_Aashirvaad_Atta_5kg,7,265.0,1855.0,53,0.39
2026-06-26,HYDERABAD_STORE_004,SKU_002_IndiaGate_Basmati_5kg,8,480.0,3840.0,31,0.31
2026-06-26,HYDERABAD_STORE_004,SKU_003_Fortune_Sunflower_Oil_1L,23,145.0,3335.0,50,0.27
2026-06-26,HYDERABAD_STORE_004,SKU_004_Amul_Butter_500g,20,275.0,5500.0,40,0.42
2026-06-26,HYDERABAD_STORE_004,SKU_005_Tata_Tea_Gold_500g,14,320.0,4480.0,51,0.29
2026-06-26,HYDERABAD_STORE_004,SKU_006_Tata_Salt_1kg,36,28.0,1008.0,32,0.29
2026-06-26,HYDERABAD_STORE_004,SKU_007_Toor_Dal_Premium_1kg,15,165.0,2475.0,56,0.36
2026-06-26,HYDERABAD_STORE_004,SKU_008_Maggi_Noodles_12Pack,27,168.0,4536.0,19,0.27
2026-06-26,HYDERABAD_STORE_004,SKU_009_Cadbury_Dairy_Milk_Silk,26,95.0,2470.0,19,0.33
2026-06-26,HYDERABAD_STORE_004,SKU_010_Surf_Excel_Matic_2kg,7,390.0,2730.0,49,0.22
2026-06-26,CHENNAI_STORE_005,SKU_001_Aashirvaad_Atta_5kg,18,265.0,4770.0,41,0.23
2026-06-26,CHENNAI_STORE_005,SKU_002_IndiaGate_Basmati_5kg,8,480.0,3840.0,40,0.48
2026-06-26,CHENNAI_STORE_005,SKU_003_Fortune_Sunflower_Oil_1L,31,145.0,4495.0,20,0.37
2026-06-26,CHENNAI_STORE_005,SKU_004_Amul_Butter_500g,23,275.0,6325.0,59,0.4
2026-06-26,CHENNAI_STORE_005,SKU_005_Tata_Tea_Gold_500g,11,320.0,3520.0,40,0.29
2026-06-26,CHENNAI_STORE_005,SKU_006_Tata_Salt_1kg,25,28.0,700.0,35,0.45
2026-06-26,CHENNAI_STORE_005,SKU_007_Toor_Dal_Premium_1kg,13,165.0,2145.0,22,0.25
2026-06-26,CHENNAI_STORE_005,SKU_008_Maggi_Noodles_12Pack,22,168.0,3696.0,55,0.49
2026-06-26,CHENNAI_STORE_005,SKU_009_Cadbury_Dairy_Milk_Silk,18,95.0,1710.0,54,0.39
2026-06-26,CHENNAI_STORE_005,SKU_010_Surf_Excel_Matic_2kg,6,390.0,2340.0,27,0.42
2026-06-27,MUMBAI_STORE_001,SKU_001_Aashirvaad_Atta_5kg,10,265.0,2650.0,36,0.35
2026-06-27,MUMBAI_STORE_001,SKU_002_IndiaGate_Basmati_5kg,9,480.0,4320.0,54,0.48
2026-06-27,MUMBAI_STORE_001,SKU_003_Fortune_Sunflower_Oil_1L,36,145.0,5220.0,39,0.45
2026-06-27,MUMBAI_STORE_001,SKU_004_Amul_Butter_500g,23,275.0,6325.0,29,0.34
2026-06-27,MUMBAI_STORE_001,SKU_005_Tata_Tea_Gold_500g,15,320.0,4800.0,38,0.22
2026-06-27,MUMBAI_STORE_001,SKU_006_Tata_Salt_1kg,40,28.0,1120.0,35,0.33
2026-06-27,MUMBAI_STORE_001,SKU_007_Toor_Dal_Premium_1kg,22,165.0,3630.0,29,0.43
2026-06-27,MUMBAI_STORE_001,SKU_008_Maggi_Noodles_12Pack,23,168.0,3864.0,50,0.34
2026-06-27,MUMBAI_STORE_001,SKU_009_Cadbury_Dairy_Milk_Silk,22,95.0,2090.0,56,0.46
2026-06-27,MUMBAI_STORE_001,SKU_010_Surf_Excel_Matic_2kg,16,390.0,6240.0,38,0.49
2026-06-27,DELHI_STORE_002,SKU_001_Aashirvaad_Atta_5kg,32,265.0,8480.0,51,0.26
2026-06-27,DELHI_STORE_002,SKU_002_IndiaGate_Basmati_5kg,8,480.0,3840.0,33,0.48
2026-06-27,DELHI_STORE_002,SKU_003_Fortune_Sunflower_Oil_1L,22,145.0,3190.0,56,0.47
2026-06-27,DELHI_STORE_002,SKU_004_Amul_Butter_500g,20,275.0,5500.0,42,0.25
2026-06-27,DELHI_STORE_002,SKU_005_Tata_Tea_Gold_500g,12,320.0,3840.0,18,0.47
2026-06-27,DELHI_STORE_002,SKU_006_Tata_Salt_1kg,43,28.0,1204.0,35,0.38
2026-06-27,DELHI_STORE_002,SKU_007_Toor_Dal_Premium_1kg,14,165.0,2310.0,56,0.47
2026-06-27,DELHI_STORE_002,SKU_008_Maggi_Noodles_12Pack,41,168.0,6888.0,29,0.39
2026-06-27,DELHI_STORE_002,SKU_009_Cadbury_Dairy_Milk_Silk,31,95.0,2945.0,55,0.49
2026-06-27,DELHI_STORE_002,SKU_010_Surf_Excel_Matic_2kg,7,390.0,2730.0,28,0.32
2026-06-27,BENGALURU_STORE_003,SKU_001_Aashirvaad_Atta_5kg,15,265.0,3975.0,58,0.35
2026-06-27,BENGALURU_STORE_003,SKU_002_IndiaGate_Basmati_5kg,9,480.0,4320.0,34,0.26
2026-06-27,BENGALURU_STORE_003,SKU_003_Fortune_Sunflower_Oil_1L,25,145.0,3625.0,26,0.43
2026-06-27,BENGALURU_STORE_003,SKU_004_Amul_Butter_500g,21,275.0,5775.0,35,0.48
2026-06-27,BENGALURU_STORE_003,SKU_005_Tata_Tea_Gold_500g,25,320.0,8000.0,31,0.24
2026-06-27,BENGALURU_STORE_003,SKU_006_Tata_Salt_1kg,50,28.0,1400.0,55,0.48
2026-06-27,BENGALURU_STORE_003,SKU_007_Toor_Dal_Premium_1kg,21,165.0,3465.0,55,0.44
2026-06-27,BENGALURU_STORE_003,SKU_008_Maggi_Noodles_12Pack,35,168.0,5880.0,23,0.21
2026-06-27,BENGALURU_STORE_003,SKU_009_Cadbury_Dairy_Milk_Silk,31,95.0,2945.0,17,0.27
2026-06-27,BENGALURU_STORE_003,SKU_010_Surf_Excel_Matic_2kg,14,390.0,5460.0,59,0.26
2026-06-27,HYDERABAD_STORE_004,SKU_001_Aashirvaad_Atta_5kg,16,265.0,4240.0,22,0.31
2026-06-27,HYDERABAD_STORE_004,SKU_002_IndiaGate_Basmati_5kg,16,480.0,7680.0,33,0.48
2026-06-27,HYDERABAD_STORE_004,SKU_003_Fortune_Sunflower_Oil_1L,18,145.0,2610.0,40,0.38
2026-06-27,HYDERABAD_STORE_004,SKU_004_Amul_Butter_500g,28,275.0,7700.0,43,0.3
2026-06-27,HYDERABAD_STORE_004,SKU_005_Tata_Tea_Gold_500g,10,320.0,3200.0,20,0.48
2026-06-27,HYDERABAD_STORE_004,SKU_006_Tata_Salt_1kg,49,28.0,1372.0,49,0.35
2026-06-27,HYDERABAD_STORE_004,SKU_007_Toor_Dal_Premium_1kg,20,165.0,3300.0,54,0.4
2026-06-27,HYDERABAD_STORE_004,SKU_008_Maggi_Noodles_12Pack,41,168.0,6888.0,25,0.46
2026-06-27,HYDERABAD_STORE_004,SKU_009_Cadbury_Dairy_Milk_Silk,29,95.0,2755.0,15,0.45
2026-06-27,HYDERABAD_STORE_004,SKU_010_Surf_Excel_Matic_2kg,12,390.0,4680.0,45,0.41
2026-06-27,CHENNAI_STORE_005,SKU_001_Aashirvaad_Atta_5kg,31,265.0,8215.0,32,0.49
2026-06-27,CHENNAI_STORE_005,SKU_002_IndiaGate_Basmati_5kg,12,480.0,5760.0,20,0.45
2026-06-27,CHENNAI_STORE_005,SKU_003_Fortune_Sunflower_Oil_1L,29,145.0,4205.0,36,0.26
2026-06-27,CHENNAI_STORE_005,SKU_004_Amul_Butter_500g,27,275.0,7425.0,33,0.36
2026-06-27,CHENNAI_STORE_005,SKU_005_Tata_Tea_Gold_500g,16,320.0,5120.0,52,0.43
2026-06-27,CHENNAI_STORE_005,SKU_006_Tata_Salt_1kg,32,28.0,896.0,39,0.48
2026-06-27,CHENNAI_STORE_005,SKU_007_Toor_Dal_Premium_1kg,20,165.0,3300.0,36,0.25
2026-06-27,CHENNAI_STORE_005,SKU_008_Maggi_Noodles_12Pack,31,168.0,5208.0,18,0.48
2026-06-27,CHENNAI_STORE_005,SKU_009_Cadbury_Dairy_Milk_Silk,30,95.0,2850.0,56,0.3
2026-06-27,CHENNAI_STORE_005,SKU_010_Surf_Excel_Matic_2kg,15,390.0,5850.0,23,0.45
2026-06-28,MUMBAI_STORE_001,SKU_001_Aashirvaad_Atta_5kg,24,265.0,6360.0,31,0.36
2026-06-28,MUMBAI_STORE_001,SKU_002_IndiaGate_Basmati_5kg,8,480.0,3840.0,51,0.28
2026-06-28,MUMBAI_STORE_001,SKU_003_Fortune_Sunflower_Oil_1L,25,145.0,3625.0,53,0.27
2026-06-28,MUMBAI_STORE_001,SKU_004_Amul_Butter_500g,17,275.0,4675.0,48,0.37
2026-06-28,MUMBAI_STORE_001,SKU_005_Tata_Tea_Gold_500g,21,320.0,6720.0,37,0.21
2026-06-28,MUMBAI_STORE_001,SKU_006_Tata_Salt_1kg,42,28.0,1176.0,27,0.38
2026-06-28,MUMBAI_STORE_001,SKU_007_Toor_Dal_Premium_1kg,24,165.0,3960.0,52,0.28
2026-06-28,MUMBAI_STORE_001,SKU_008_Maggi_Noodles_12Pack,35,168.0,5880.0,44,0.44
2026-06-28,MUMBAI_STORE_001,SKU_009_Cadbury_Dairy_Milk_Silk,27,95.0,2565.0,21,0.48
2026-06-28,MUMBAI_STORE_001,SKU_010_Surf_Excel_Matic_2kg,13,390.0,5070.0,15,0.26
2026-06-28,DELHI_STORE_002,SKU_001_Aashirvaad_Atta_5kg,20,265.0,5300.0,38,0.48
2026-06-28,DELHI_STORE_002,SKU_002_IndiaGate_Basmati_5kg,11,480.0,5280.0,20,0.44
2026-06-28,DELHI_STORE_002,SKU_003_Fortune_Sunflower_Oil_1L,31,145.0,4495.0,50,0.24
2026-06-28,DELHI_STORE_002,SKU_004_Amul_Butter_500g,27,275.0,7425.0,37,0.25
2026-06-28,DELHI_STORE_002,SKU_005_Tata_Tea_Gold_500g,13,320.0,4160.0,34,0.39
2026-06-28,DELHI_STORE_002,SKU_006_Tata_Salt_1kg,37,28.0,1036.0,23,0.37
2026-06-28,DELHI_STORE_002,SKU_007_Toor_Dal_Premium_1kg,25,165.0,4125.0,48,0.3
2026-06-28,DELHI_STORE_002,SKU_008_Maggi_Noodles_12Pack,41,168.0,6888.0,36,0.39
2026-06-28,DELHI_STORE_002,SKU_009_Cadbury_Dairy_Milk_Silk,31,95.0,2945.0,18,0.23
2026-06-28,DELHI_STORE_002,SKU_010_Surf_Excel_Matic_2kg,9,390.0,3510.0,41,0.45
2026-06-28,BENGALURU_STORE_003,SKU_001_Aashirvaad_Atta_5kg,9,265.0,2385.0,55,0.2
2026-06-28,BENGALURU_STORE_003,SKU_002_IndiaGate_Basmati_5kg,12,480.0,5760.0,18,0.21
2026-06-28,BENGALURU_STORE_003,SKU_003_Fortune_Sunflower_Oil_1L,30,145.0,4350.0,56,0.32
2026-06-28,BENGALURU_STORE_003,SKU_004_Amul_Butter_500g,21,275.0,5775.0,55,0.44
2026-06-28,BENGALURU_STORE_003,SKU_005_Tata_Tea_Gold_500g,11,320.0,3520.0,54,0.32
2026-06-28,BENGALURU_STORE_003,SKU_006_Tata_Salt_1kg,50,28.0,1400.0,27,0.3
2026-06-28,BENGALURU_STORE_003,SKU_007_Toor_Dal_Premium_1kg,33,165.0,5445.0,35,0.4
2026-06-28,BENGALURU_STORE_003,SKU_008_Maggi_Noodles_12Pack,29,168.0,4872.0,48,0.46
2026-06-28,BENGALURU_STORE_003,SKU_009_Cadbury_Dairy_Milk_Silk,31,95.0,2945.0,20,0.48
2026-06-28,BENGALURU_STORE_003,SKU_010_Surf_Excel_Matic_2kg,9,390.0,3510.0,26,0.48
2026-06-28,HYDERABAD_STORE_004,SKU_001_Aashirvaad_Atta_5kg,23,265.0,6095.0,24,0.33
2026-06-28,HYDERABAD_STORE_004,SKU_002_IndiaGate_Basmati_5kg,12,480.0,5760.0,19,0.49
2026-06-28,HYDERABAD_STORE_004,SKU_003_Fortune_Sunflower_Oil_1L,39,145.0,5655.0,52,0.36
2026-06-28,HYDERABAD_STORE_004,SKU_004_Amul_Butter_500g,25,275.0,6875.0,41,0.42
2026-06-28,HYDERABAD_STORE_004,SKU_005_Tata_Tea_Gold_500g,16,320.0,5120.0,46,0.41
2026-06-28,HYDERABAD_STORE_004,SKU_006_Tata_Salt_1kg,49,28.0,1372.0,25,0.34
2026-06-28,HYDERABAD_STORE_004,SKU_007_Toor_Dal_Premium_1kg,30,165.0,4950.0,48,0.23
2026-06-28,HYDERABAD_STORE_004,SKU_008_Maggi_Noodles_12Pack,41,168.0,6888.0,37,0.27
2026-06-28,HYDERABAD_STORE_004,SKU_009_Cadbury_Dairy_Milk_Silk,27,95.0,2565.0,49,0.27
2026-06-28,HYDERABAD_STORE_004,SKU_010_Surf_Excel_Matic_2kg,20,390.0,7800.0,32,0.35
2026-06-28,CHENNAI_STORE_005,SKU_001_Aashirvaad_Atta_5kg,21,265.0,5565.0,36,0.35
2026-06-28,CHENNAI_STORE_005,SKU_002_IndiaGate_Basmati_5kg,11,480.0,5280.0,49,0.48
2026-06-28,CHENNAI_STORE_005,SKU_003_Fortune_Sunflower_Oil_1L,43,145.0,6235.0,21,0.36
2026-06-28,CHENNAI_STORE_005,SKU_004_Amul_Butter_500g,19,275.0,5225.0,23,0.28
2026-06-28,CHENNAI_STORE_005,SKU_005_Tata_Tea_Gold_500g,16,320.0,5120.0,50,0.34
2026-06-28,CHENNAI_STORE_005,SKU_006_Tata_Salt_1kg,42,28.0,1176.0,37,0.24
2026-06-28,CHENNAI_STORE_005,SKU_007_Toor_Dal_Premium_1kg,25,165.0,4125.0,47,0.48
2026-06-28,CHENNAI_STORE_005,SKU_008_Maggi_Noodles_12Pack,31,168.0,5208.0,28,0.47
2026-06-28,CHENNAI_STORE_005,SKU_009_Cadbury_Dairy_Milk_Silk,28,95.0,2660.0,34,0.21
2026-06-28,CHENNAI_STORE_005,SKU_010_Surf_Excel_Matic_2kg,14,390.0,5460.0,36,0.38
2026-06-29,MUMBAI_STORE_001,SKU_001_Aashirvaad_Atta_5kg,19,265.0,5035.0,34,0.45
2026-06-29,MUMBAI_STORE_001,SKU_002_IndiaGate_Basmati_5kg,7,480.0,3360.0,51,0.46
2026-06-29,MUMBAI_STORE_001,SKU_003_Fortune_Sunflower_Oil_1L,30,145.0,4350.0,55,0.3
2026-06-29,MUMBAI_STORE_001,SKU_004_Amul_Butter_500g,19,275.0,5225.0,16,0.42
2026-06-29,MUMBAI_STORE_001,SKU_005_Tata_Tea_Gold_500g,11,320.0,3520.0,23,0.4
2026-06-29,MUMBAI_STORE_001,SKU_006_Tata_Salt_1kg,25,28.0,700.0,32,0.35
2026-06-29,MUMBAI_STORE_001,SKU_007_Toor_Dal_Premium_1kg,14,165.0,2310.0,58,0.39
2026-06-29,MUMBAI_STORE_001,SKU_008_Maggi_Noodles_12Pack,32,168.0,5376.0,19,0.43
2026-06-29,MUMBAI_STORE_001,SKU_009_Cadbury_Dairy_Milk_Silk,21,95.0,1995.0,17,0.24
2026-06-29,MUMBAI_STORE_001,SKU_010_Surf_Excel_Matic_2kg,11,390.0,4290.0,37,0.36
2026-06-29,DELHI_STORE_002,SKU_001_Aashirvaad_Atta_5kg,18,265.0,4770.0,18,0.23
2026-06-29,DELHI_STORE_002,SKU_002_IndiaGate_Basmati_5kg,7,480.0,3360.0,34,0.28
2026-06-29,DELHI_STORE_002,SKU_003_Fortune_Sunflower_Oil_1L,29,145.0,4205.0,56,0.45
2026-06-29,DELHI_STORE_002,SKU_004_Amul_Butter_500g,15,275.0,4125.0,16,0.49
2026-06-29,DELHI_STORE_002,SKU_005_Tata_Tea_Gold_500g,12,320.0,3840.0,31,0.22
2026-06-29,DELHI_STORE_002,SKU_006_Tata_Salt_1kg,38,28.0,1064.0,57,0.27
2026-06-29,DELHI_STORE_002,SKU_007_Toor_Dal_Premium_1kg,16,165.0,2640.0,46,0.22
2026-06-29,DELHI_STORE_002,SKU_008_Maggi_Noodles_12Pack,20,168.0,3360.0,48,0.26
2026-06-29,DELHI_STORE_002,SKU_009_Cadbury_Dairy_Milk_Silk,21,95.0,1995.0,53,0.48
2026-06-29,DELHI_STORE_002,SKU_010_Surf_Excel_Matic_2kg,10,390.0,3900.0,25,0.21
2026-06-29,BENGALURU_STORE_003,SKU_001_Aashirvaad_Atta_5kg,11,265.0,2915.0,39,0.48
2026-06-29,BENGALURU_STORE_003,SKU_002_IndiaGate_Basmati_5kg,10,480.0,4800.0,37,0.36
2026-06-29,BENGALURU_STORE_003,SKU_003_Fortune_Sunflower_Oil_1L,17,145.0,2465.0,59,0.48
2026-06-29,BENGALURU_STORE_003,SKU_004_Amul_Butter_500g,14,275.0,3850.0,46,0.34
2026-06-29,BENGALURU_STORE_003,SKU_005_Tata_Tea_Gold_500g,12,320.0,3840.0,36,0.31
2026-06-29,BENGALURU_STORE_003,SKU_006_Tata_Salt_1kg,35,28.0,980.0,23,0.47
2026-06-29,BENGALURU_STORE_003,SKU_007_Toor_Dal_Premium_1kg,18,165.0,2970.0,19,0.38
2026-06-29,BENGALURU_STORE_003,SKU_008_Maggi_Noodles_12Pack,18,168.0,3024.0,38,0.32
2026-06-29,BENGALURU_STORE_003,SKU_009_Cadbury_Dairy_Milk_Silk,21,95.0,1995.0,34,0.25
2026-06-29,BENGALURU_STORE_003,SKU_010_Surf_Excel_Matic_2kg,12,390.0,4680.0,19,0.49
2026-06-29,HYDERABAD_STORE_004,SKU_001_Aashirvaad_Atta_5kg,11,265.0,2915.0,44,0.21
2026-06-29,HYDERABAD_STORE_004,SKU_002_IndiaGate_Basmati_5kg,7,480.0,3360.0,17,0.41
2026-06-29,HYDERABAD_STORE_004,SKU_003_Fortune_Sunflower_Oil_1L,23,145.0,3335.0,31,0.27
2026-06-29,HYDERABAD_STORE_004,SKU_004_Amul_Butter_500g,13,275.0,3575.0,34,0.33
2026-06-29,HYDERABAD_STORE_004,SKU_005_Tata_Tea_Gold_500g,9,320.0,2880.0,36,0.36
2026-06-29,HYDERABAD_STORE_004,SKU_006_Tata_Salt_1kg,31,28.0,868.0,18,0.41
2026-06-29,HYDERABAD_STORE_004,SKU_007_Toor_Dal_Premium_1kg,12,165.0,1980.0,32,0.32
2026-06-29,HYDERABAD_STORE_004,SKU_008_Maggi_Noodles_12Pack,24,168.0,4032.0,19,0.29
2026-06-29,HYDERABAD_STORE_004,SKU_009_Cadbury_Dairy_Milk_Silk,22,95.0,2090.0,27,0.34
2026-06-29,HYDERABAD_STORE_004,SKU_010_Surf_Excel_Matic_2kg,7,390.0,2730.0,16,0.47
2026-06-29,CHENNAI_STORE_005,SKU_001_Aashirvaad_Atta_5kg,10,265.0,2650.0,27,0.24
2026-06-29,CHENNAI_STORE_005,SKU_002_IndiaGate_Basmati_5kg,7,480.0,3360.0,44,0.23
2026-06-29,CHENNAI_STORE_005,SKU_003_Fortune_Sunflower_Oil_1L,22,145.0,3190.0,27,0.38
2026-06-29,CHENNAI_STORE_005,SKU_004_Amul_Butter_500g,19,275.0,5225.0,25,0.28
2026-06-29,CHENNAI_STORE_005,SKU_005_Tata_Tea_Gold_500g,12,320.0,3840.0,56,0.31
2026-06-29,CHENNAI_STORE_005,SKU_006_Tata_Salt_1kg,33,28.0,924.0,52,0.4
2026-06-29,CHENNAI_STORE_005,SKU_007_Toor_Dal_Premium_1kg,17,165.0,2805.0,51,0.21
2026-06-29,CHENNAI_STORE_005,SKU_008_Maggi_Noodles_12Pack,32,168.0,5376.0,32,0.35
2026-06-29,CHENNAI_STORE_005,SKU_009_Cadbury_Dairy_Milk_Silk,22,95.0,2090.0,54,0.33
2026-06-29,CHENNAI_STORE_005,SKU_010_Surf_Excel_Matic_2kg,8,390.0,3120.0,34,0.35
2026-06-30,MUMBAI_STORE_001,SKU_001_Aashirvaad_Atta_5kg,13,265.0,3445.0,33,0.49
2026-06-30,MUMBAI_STORE_001,SKU_002_IndiaGate_Basmati_5kg,7,480.0,3360.0,18,0.46
2026-06-30,MUMBAI_STORE_001,SKU_003_Fortune_Sunflower_Oil_1L,18,145.0,2610.0,39,0.45
2026-06-30,MUMBAI_STORE_001,SKU_004_Amul_Butter_500g,12,275.0,3300.0,40,0.48
2026-06-30,MUMBAI_STORE_001,SKU_005_Tata_Tea_Gold_500g,11,320.0,3520.0,42,0.48
2026-06-30,MUMBAI_STORE_001,SKU_006_Tata_Salt_1kg,37,28.0,1036.0,27,0.27
2026-06-30,MUMBAI_STORE_001,SKU_007_Toor_Dal_Premium_1kg,20,165.0,3300.0,31,0.35
2026-06-30,MUMBAI_STORE_001,SKU_008_Maggi_Noodles_12Pack,26,168.0,4368.0,30,0.38
2026-06-30,MUMBAI_STORE_001,SKU_009_Cadbury_Dairy_Milk_Silk,21,95.0,1995.0,43,0.28
2026-06-30,MUMBAI_STORE_001,SKU_010_Surf_Excel_Matic_2kg,5,390.0,1950.0,25,0.35
2026-06-30,DELHI_STORE_002,SKU_001_Aashirvaad_Atta_5kg,18,265.0,4770.0,50,0.31
2026-06-30,DELHI_STORE_002,SKU_002_IndiaGate_Basmati_5kg,6,480.0,2880.0,17,0.43
2026-06-30,DELHI_STORE_002,SKU_003_Fortune_Sunflower_Oil_1L,18,145.0,2610.0,46,0.48
2026-06-30,DELHI_STORE_002,SKU_004_Amul_Butter_500g,17,275.0,4675.0,35,0.39
2026-06-30,DELHI_STORE_002,SKU_005_Tata_Tea_Gold_500g,11,320.0,3520.0,37,0.36
2026-06-30,DELHI_STORE_002,SKU_006_Tata_Salt_1kg,41,28.0,1148.0,44,0.23
2026-06-30,DELHI_STORE_002,SKU_007_Toor_Dal_Premium_1kg,19,165.0,3135.0,55,0.48
2026-06-30,DELHI_STORE_002,SKU_008_Maggi_Noodles_12Pack,26,168.0,4368.0,48,0.2
2026-06-30,DELHI_STORE_002,SKU_009_Cadbury_Dairy_Milk_Silk,15,95.0,1425.0,47,0.47
2026-06-30,DELHI_STORE_002,SKU_010_Surf_Excel_Matic_2kg,12,390.0,4680.0,32,0.2
2026-06-30,BENGALURU_STORE_003,SKU_001_Aashirvaad_Atta_5kg,9,265.0,2385.0,45,0.33
2026-06-30,BENGALURU_STORE_003,SKU_002_IndiaGate_Basmati_5kg,9,480.0,4320.0,15,0.5
2026-06-30,BENGALURU_STORE_003,SKU_003_Fortune_Sunflower_Oil_1L,19,145.0,2755.0,22,0.37
2026-06-30,BENGALURU_STORE_003,SKU_004_Amul_Butter_500g,25,275.0,6875.0,45,0.26
2026-06-30,BENGALURU_STORE_003,SKU_005_Tata_Tea_Gold_500g,13,320.0,4160.0,24,0.29
2026-06-30,BENGALURU_STORE_003,SKU_006_Tata_Salt_1kg,29,28.0,812.0,32,0.27
2026-06-30,BENGALURU_STORE_003,SKU_007_Toor_Dal_Premium_1kg,15,165.0,2475.0,48,0.49
2026-06-30,BENGALURU_STORE_003,SKU_008_Maggi_Noodles_12Pack,24,168.0,4032.0,40,0.25
2026-06-30,BENGALURU_STORE_003,SKU_009_Cadbury_Dairy_Milk_Silk,23,95.0,2185.0,44,0.47
2026-06-30,BENGALURU_STORE_003,SKU_010_Surf_Excel_Matic_2kg,9,390.0,3510.0,48,0.35
2026-06-30,HYDERABAD_STORE_004,SKU_001_Aashirvaad_Atta_5kg,15,265.0,3975.0,59,0.4
2026-06-30,HYDERABAD_STORE_004,SKU_002_IndiaGate_Basmati_5kg,4,480.0,1920.0,35,0.3
2026-06-30,HYDERABAD_STORE_004,SKU_003_Fortune_Sunflower_Oil_1L,21,145.0,3045.0,22,0.41
2026-06-30,HYDERABAD_STORE_004,SKU_004_Amul_Butter_500g,18,275.0,4950.0,29,0.38
2026-06-30,HYDERABAD_STORE_004,SKU_005_Tata_Tea_Gold_500g,6,320.0,1920.0,18,0.44
2026-06-30,HYDERABAD_STORE_004,SKU_006_Tata_Salt_1kg,40,28.0,1120.0,47,0.4
2026-06-30,HYDERABAD_STORE_004,SKU_007_Toor_Dal_Premium_1kg,16,165.0,2640.0,16,0.39
2026-06-30,HYDERABAD_STORE_004,SKU_008_Maggi_Noodles_12Pack,29,168.0,4872.0,31,0.28
2026-06-30,HYDERABAD_STORE_004,SKU_009_Cadbury_Dairy_Milk_Silk,22,95.0,2090.0,54,0.3
2026-06-30,HYDERABAD_STORE_004,SKU_010_Surf_Excel_Matic_2kg,13,390.0,5070.0,54,0.36
2026-06-30,CHENNAI_STORE_005,SKU_001_Aashirvaad_Atta_5kg,14,265.0,3710.0,48,0.49
2026-06-30,CHENNAI_STORE_005,SKU_002_IndiaGate_Basmati_5kg,6,480.0,2880.0,49,0.42
2026-06-30,CHENNAI_STORE_005,SKU_003_Fortune_Sunflower_Oil_1L,19,145.0,2755.0,52,0.22
2026-06-30,CHENNAI_STORE_005,SKU_004_Amul_Butter_500g,24,275.0,6600.0,41,0.48
2026-06-30,CHENNAI_STORE_005,SKU_005_Tata_Tea_Gold_500g,14,320.0,4480.0,46,0.3
2026-06-30,CHENNAI_STORE_005,SKU_006_Tata_Salt_1kg,40,28.0,1120.0,30,0.21
2026-06-30,CHENNAI_STORE_005,SKU_007_Toor_Dal_Premium_1kg,19,165.0,3135.0,52,0.21
2026-06-30,CHENNAI_STORE_005,SKU_008_Maggi_Noodles_12Pack,23,168.0,3864.0,35,0.22
2026-06-30,CHENNAI_STORE_005,SKU_009_Cadbury_Dairy_Milk_Silk,30,95.0,2850.0,56,0.33
2026-06-30,CHENNAI_STORE_005,SKU_010_Surf_Excel_Matic_2kg,16,390.0,6240.0,48,0.47
2026-07-01,MUMBAI_STORE_001,SKU_001_Aashirvaad_Atta_5kg,9,265.0,2385.0,34,0.48
2026-07-01,MUMBAI_STORE_001,SKU_002_IndiaGate_Basmati_5kg,3,480.0,1440.0,51,0.23
2026-07-01,MUMBAI_STORE_001,SKU_003_Fortune_Sunflower_Oil_1L,17,145.0,2465.0,18,0.38
2026-07-01,MUMBAI_STORE_001,SKU_004_Amul_Butter_500g,13,275.0,3575.0,28,0.34
2026-07-01,MUMBAI_STORE_001,SKU_005_Tata_Tea_Gold_500g,13,320.0,4160.0,48,0.29
2026-07-01,MUMBAI_STORE_001,SKU_006_Tata_Salt_1kg,38,28.0,1064.0,45,0.24
2026-07-01,MUMBAI_STORE_001,SKU_007_Toor_Dal_Premium_1kg,15,165.0,2475.0,48,0.28
2026-07-01,MUMBAI_STORE_001,SKU_008_Maggi_Noodles_12Pack,20,168.0,3360.0,18,0.32
2026-07-01,MUMBAI_STORE_001,SKU_009_Cadbury_Dairy_Milk_Silk,23,95.0,2185.0,43,0.28
2026-07-01,MUMBAI_STORE_001,SKU_010_Surf_Excel_Matic_2kg,9,390.0,3510.0,47,0.35
2026-07-01,DELHI_STORE_002,SKU_001_Aashirvaad_Atta_5kg,16,265.0,4240.0,29,0.3
2026-07-01,DELHI_STORE_002,SKU_002_IndiaGate_Basmati_5kg,6,480.0,2880.0,54,0.2
2026-07-01,DELHI_STORE_002,SKU_003_Fortune_Sunflower_Oil_1L,32,145.0,4640.0,30,0.48
2026-07-01,DELHI_STORE_002,SKU_004_Amul_Butter_500g,19,275.0,5225.0,34,0.4
2026-07-01,DELHI_STORE_002,SKU_005_Tata_Tea_Gold_500g,14,320.0,4480.0,57,0.25
2026-07-01,DELHI_STORE_002,SKU_006_Tata_Salt_1kg,30,28.0,840.0,16,0.24
2026-07-01,DELHI_STORE_002,SKU_007_Toor_Dal_Premium_1kg,10,165.0,1650.0,47,0.46
2026-07-01,DELHI_STORE_002,SKU_008_Maggi_Noodles_12Pack,21,168.0,3528.0,25,0.22
2026-07-01,DELHI_STORE_002,SKU_009_Cadbury_Dairy_Milk_Silk,13,95.0,1235.0,25,0.35
2026-07-01,DELHI_STORE_002,SKU_010_Surf_Excel_Matic_2kg,15,390.0,5850.0,30,0.31
2026-07-01,BENGALURU_STORE_003,SKU_001_Aashirvaad_Atta_5kg,13,265.0,3445.0,35,0.46
2026-07-01,BENGALURU_STORE_003,SKU_002_IndiaGate_Basmati_5kg,6,480.0,2880.0,54,0.25
2026-07-01,BENGALURU_STORE_003,SKU_003_Fortune_Sunflower_Oil_1L,21,145.0,3045.0,46,0.31
2026-07-01,BENGALURU_STORE_003,SKU_004_Amul_Butter_500g,24,275.0,6600.0,34,0.22
2026-07-01,BENGALURU_STORE_003,SKU_005_Tata_Tea_Gold_500g,12,320.0,3840.0,42,0.45
2026-07-01,BENGALURU_STORE_003,SKU_006_Tata_Salt_1kg,35,28.0,980.0,15,0.29
2026-07-01,BENGALURU_STORE_003,SKU_007_Toor_Dal_Premium_1kg,18,165.0,2970.0,28,0.35
2026-07-01,BENGALURU_STORE_003,SKU_008_Maggi_Noodles_12Pack,24,168.0,4032.0,25,0.24
2026-07-01,BENGALURU_STORE_003,SKU_009_Cadbury_Dairy_Milk_Silk,15,95.0,1425.0,23,0.2
2026-07-01,BENGALURU_STORE_003,SKU_010_Surf_Excel_Matic_2kg,11,390.0,4290.0,58,0.26
2026-07-01,HYDERABAD_STORE_004,SKU_001_Aashirvaad_Atta_5kg,12,265.0,3180.0,15,0.45
2026-07-01,HYDERABAD_STORE_004,SKU_002_IndiaGate_Basmati_5kg,8,480.0,3840.0,17,0.34
2026-07-01,HYDERABAD_STORE_004,SKU_003_Fortune_Sunflower_Oil_1L,23,145.0,3335.0,19,0.45
2026-07-01,HYDERABAD_STORE_004,SKU_004_Amul_Butter_500g,14,275.0,3850.0,29,0.32
2026-07-01,HYDERABAD_STORE_004,SKU_005_Tata_Tea_Gold_500g,8,320.0,2560.0,51,0.33
2026-07-01,HYDERABAD_STORE_004,SKU_006_Tata_Salt_1kg,35,28.0,980.0,46,0.35
2026-07-01,HYDERABAD_STORE_004,SKU_007_Toor_Dal_Premium_1kg,13,165.0,2145.0,40,0.27
2026-07-01,HYDERABAD_STORE_004,SKU_008_Maggi_Noodles_12Pack,21,168.0,3528.0,16,0.5
2026-07-01,HYDERABAD_STORE_004,SKU_009_Cadbury_Dairy_Milk_Silk,14,95.0,1330.0,32,0.35
2026-07-01,HYDERABAD_STORE_004,SKU_010_Surf_Excel_Matic_2kg,14,390.0,5460.0,39,0.21
2026-07-01,CHENNAI_STORE_005,SKU_001_Aashirvaad_Atta_5kg,16,265.0,4240.0,20,0.32
2026-07-01,CHENNAI_STORE_005,SKU_002_IndiaGate_Basmati_5kg,9,480.0,4320.0,51,0.43
2026-07-01,CHENNAI_STORE_005,SKU_003_Fortune_Sunflower_Oil_1L,23,145.0,3335.0,26,0.24
2026-07-01,CHENNAI_STORE_005,SKU_004_Amul_Butter_500g,18,275.0,4950.0,31,0.34
2026-07-01,CHENNAI_STORE_005,SKU_005_Tata_Tea_Gold_500g,10,320.0,3200.0,55,0.25
2026-07-01,CHENNAI_STORE_005,SKU_006_Tata_Salt_1kg,33,28.0,924.0,43,0.42
2026-07-01,CHENNAI_STORE_005,SKU_007_Toor_Dal_Premium_1kg,23,165.0,3795.0,57,0.22
2026-07-01,CHENNAI_STORE_005,SKU_008_Maggi_Noodles_12Pack,26,168.0,4368.0,55,0.36
2026-07-01,CHENNAI_STORE_005,SKU_009_Cadbury_Dairy_Milk_Silk,22,95.0,2090.0,21,0.21
2026-07-01,CHENNAI_STORE_005,SKU_010_Surf_Excel_Matic_2kg,14,390.0,5460.0,20,0.34
2026-07-02,MUMBAI_STORE_001,SKU_001_Aashirvaad_Atta_5kg,15,265.0,3975.0,27,0.21
2026-07-02,MUMBAI_STORE_001,SKU_002_IndiaGate_Basmati_5kg,12,480.0,5760.0,24,0.41
2026-07-02,MUMBAI_STORE_001,SKU_003_Fortune_Sunflower_Oil_1L,18,145.0,2610.0,50,0.44
2026-07-02,MUMBAI_STORE_001,SKU_004_Amul_Butter_500g,17,275.0,4675.0,52,0.4
2026-07-02,MUMBAI_STORE_001,SKU_005_Tata_Tea_Gold_500g,9,320.0,2880.0,29,0.24
2026-07-02,MUMBAI_STORE_001,SKU_006_Tata_Salt_1kg,31,28.0,868.0,35,0.47
2026-07-02,MUMBAI_STORE_001,SKU_007_Toor_Dal_Premium_1kg,10,165.0,1650.0,45,0.23
2026-07-02,MUMBAI_STORE_001,SKU_008_Maggi_Noodles_12Pack,34,168.0,5712.0,31,0.43
2026-07-02,MUMBAI_STORE_001,SKU_009_Cadbury_Dairy_Milk_Silk,16,95.0,1520.0,16,0.45
2026-07-02,MUMBAI_STORE_001,SKU_010_Surf_Excel_Matic_2kg,9,390.0,3510.0,24,0.4
2026-07-02,DELHI_STORE_002,SKU_001_Aashirvaad_Atta_5kg,17,265.0,4505.0,42,0.34
2026-07-02,DELHI_STORE_002,SKU_002_IndiaGate_Basmati_5kg,11,480.0,5280.0,43,0.27
2026-07-02,DELHI_STORE_002,SKU_003_Fortune_Sunflower_Oil_1L,15,145.0,2175.0,19,0.28
2026-07-02,DELHI_STORE_002,SKU_004_Amul_Butter_500g,23,275.0,6325.0,58,0.49
2026-07-02,DELHI_STORE_002,SKU_005_Tata_Tea_Gold_500g,9,320.0,2880.0,46,0.34
2026-07-02,DELHI_STORE_002,SKU_006_Tata_Salt_1kg,26,28.0,728.0,16,0.46
2026-07-02,DELHI_STORE_002,SKU_007_Toor_Dal_Premium_1kg,11,165.0,1815.0,22,0.49
2026-07-02,DELHI_STORE_002,SKU_008_Maggi_Noodles_12Pack,28,168.0,4704.0,32,0.3
2026-07-02,DELHI_STORE_002,SKU_009_Cadbury_Dairy_Milk_Silk,16,95.0,1520.0,39,0.39
2026-07-02,DELHI_STORE_002,SKU_010_Surf_Excel_Matic_2kg,8,390.0,3120.0,40,0.33
2026-07-02,BENGALURU_STORE_003,SKU_001_Aashirvaad_Atta_5kg,13,265.0,3445.0,45,0.45
2026-07-02,BENGALURU_STORE_003,SKU_002_IndiaGate_Basmati_5kg,7,480.0,3360.0,19,0.4
2026-07-02,BENGALURU_STORE_003,SKU_003_Fortune_Sunflower_Oil_1L,25,145.0,3625.0,54,0.46
2026-07-02,BENGALURU_STORE_003,SKU_004_Amul_Butter_500g,17,275.0,4675.0,58,0.36
2026-07-02,BENGALURU_STORE_003,SKU_005_Tata_Tea_Gold_500g,17,320.0,5440.0,23,0.33
2026-07-02,BENGALURU_STORE_003,SKU_006_Tata_Salt_1kg,36,28.0,1008.0,59,0.32
2026-07-02,BENGALURU_STORE_003,SKU_007_Toor_Dal_Premium_1kg,17,165.0,2805.0,37,0.42
2026-07-02,BENGALURU_STORE_003,SKU_008_Maggi_Noodles_12Pack,29,168.0,4872.0,28,0.49
2026-07-02,BENGALURU_STORE_003,SKU_009_Cadbury_Dairy_Milk_Silk,22,95.0,2090.0,27,0.42
2026-07-02,BENGALURU_STORE_003,SKU_010_Surf_Excel_Matic_2kg,7,390.0,2730.0,38,0.29
2026-07-02,HYDERABAD_STORE_004,SKU_001_Aashirvaad_Atta_5kg,15,265.0,3975.0,44,0.28
2026-07-02,HYDERABAD_STORE_004,SKU_002_IndiaGate_Basmati_5kg,0,480.0,0.0,20,0.48
2026-07-02,HYDERABAD_STORE_004,SKU_003_Fortune_Sunflower_Oil_1L,28,145.0,4060.0,50,0.38
2026-07-02,HYDERABAD_STORE_004,SKU_004_Amul_Butter_500g,20,275.0,5500.0,32,0.49
2026-07-02,HYDERABAD_STORE_004,SKU_005_Tata_Tea_Gold_500g,12,320.0,3840.0,20,0.41
2026-07-02,HYDERABAD_STORE_004,SKU_006_Tata_Salt_1kg,38,28.0,1064.0,57,0.21
2026-07-02,HYDERABAD_STORE_004,SKU_007_Toor_Dal_Premium_1kg,14,165.0,2310.0,39,0.45
2026-07-02,HYDERABAD_STORE_004,SKU_008_Maggi_Noodles_12Pack,30,168.0,5040.0,47,0.32
2026-07-02,HYDERABAD_STORE_004,SKU_009_Cadbury_Dairy_Milk_Silk,19,95.0,1805.0,58,0.24
2026-07-02,HYDERABAD_STORE_004,SKU_010_Surf_Excel_Matic_2kg,9,390.0,3510.0,31,0.31
2026-07-02,CHENNAI_STORE_005,SKU_001_Aashirvaad_Atta_5kg,13,265.0,3445.0,51,0.44
2026-07-02,CHENNAI_STORE_005,SKU_002_IndiaGate_Basmati_5kg,6,480.0,2880.0,19,0.2
2026-07-02,CHENNAI_STORE_005,SKU_003_Fortune_Sunflower_Oil_1L,16,145.0,2320.0,59,0.29
2026-07-02,CHENNAI_STORE_005,SKU_004_Amul_Butter_500g,13,275.0,3575.0,57,0.36
2026-07-02,CHENNAI_STORE_005,SKU_005_Tata_Tea_Gold_500g,10,320.0,3200.0,32,0.3
2026-07-02,CHENNAI_STORE_005,SKU_006_Tata_Salt_1kg,29,28.0,812.0,29,0.4
2026-07-02,CHENNAI_STORE_005,SKU_007_Toor_Dal_Premium_1kg,13,165.0,2145.0,17,0.26
2026-07-02,CHENNAI_STORE_005,SKU_008_Maggi_Noodles_12Pack,24,168.0,4032.0,31,0.4
2026-07-02,CHENNAI_STORE_005,SKU_009_Cadbury_Dairy_Milk_Silk,16,95.0,1520.0,17,0.29
2026-07-02,CHENNAI_STORE_005,SKU_010_Surf_Excel_Matic_2kg,6,390.0,2340.0,49,0.2
2026-07-03,MUMBAI_STORE_001,SKU_001_Aashirvaad_Atta_5kg,15,265.0,3975.0,37,0.37
2026-07-03,MUMBAI_STORE_001,SKU_002_IndiaGate_Basmati_5kg,8,480.0,3840.0,31,0.24
2026-07-03,MUMBAI_STORE_001,SKU_003_Fortune_Sunflower_Oil_1L,23,145.0,3335.0,24,0.34
2026-07-03,MUMBAI_STORE_001,SKU_004_Amul_Butter_500g,22,275.0,6050.0,19,0.36
2026-07-03,MUMBAI_STORE_001,SKU_005_Tata_Tea_Gold_500g,14,320.0,4480.0,43,0.25
2026-07-03,MUMBAI_STORE_001,SKU_006_Tata_Salt_1kg,39,28.0,1092.0,16,0.32
2026-07-03,MUMBAI_STORE_001,SKU_007_Toor_Dal_Premium_1kg,14,165.0,2310.0,24,0.38
2026-07-03,MUMBAI_STORE_001,SKU_008_Maggi_Noodles_12Pack,33,168.0,5544.0,56,0.49
2026-07-03,MUMBAI_STORE_001,SKU_009_Cadbury_Dairy_Milk_Silk,19,95.0,1805.0,26,0.49
2026-07-03,MUMBAI_STORE_001,SKU_010_Surf_Excel_Matic_2kg,11,390.0,4290.0,18,0.26
2026-07-03,DELHI_STORE_002,SKU_001_Aashirvaad_Atta_5kg,17,265.0,4505.0,51,0.2
2026-07-03,DELHI_STORE_002,SKU_002_IndiaGate_Basmati_5kg,6,480.0,2880.0,41,0.36
2026-07-03,DELHI_STORE_002,SKU_003_Fortune_Sunflower_Oil_1L,26,145.0,3770.0,34,0.32
2026-07-03,DELHI_STORE_002,SKU_004_Amul_Butter_500g,16,275.0,4400.0,53,0.33
2026-07-03,DELHI_STORE_002,SKU_005_Tata_Tea_Gold_500g,14,320.0,4480.0,23,0.43
2026-07-03,DELHI_STORE_002,SKU_006_Tata_Salt_1kg,42,28.0,1176.0,43,0.21
2026-07-03,DELHI_STORE_002,SKU_007_Toor_Dal_Premium_1kg,20,165.0,3300.0,26,0.41
2026-07-03,DELHI_STORE_002,SKU_008_Maggi_Noodles_12Pack,20,168.0,3360.0,24,0.25
2026-07-03,DELHI_STORE_002,SKU_009_Cadbury_Dairy_Milk_Silk,18,95.0,1710.0,37,0.34
2026-07-03,DELHI_STORE_002,SKU_010_Surf_Excel_Matic_2kg,8,390.0,3120.0,42,0.32
2026-07-03,BENGALURU_STORE_003,SKU_001_Aashirvaad_Atta_5kg,12,265.0,3180.0,48,0.46
2026-07-03,BENGALURU_STORE_003,SKU_002_IndiaGate_Basmati_5kg,5,480.0,2400.0,52,0.24
2026-07-03,BENGALURU_STORE_003,SKU_003_Fortune_Sunflower_Oil_1L,29,145.0,4205.0,35,0.42
2026-07-03,BENGALURU_STORE_003,SKU_004_Amul_Butter_500g,19,275.0,5225.0,34,0.44
2026-07-03,BENGALURU_STORE_003,SKU_005_Tata_Tea_Gold_500g,12,320.0,3840.0,50,0.45
2026-07-03,BENGALURU_STORE_003,SKU_006_Tata_Salt_1kg,36,28.0,1008.0,36,0.49
2026-07-03,BENGALURU_STORE_003,SKU_007_Toor_Dal_Premium_1kg,18,165.0,2970.0,17,0.46
2026-07-03,BENGALURU_STORE_003,SKU_008_Maggi_Noodles_12Pack,26,168.0,4368.0,29,0.28
2026-07-03,BENGALURU_STORE_003,SKU_009_Cadbury_Dairy_Milk_Silk,20,95.0,1900.0,22,0.44
2026-07-03,BENGALURU_STORE_003,SKU_010_Surf_Excel_Matic_2kg,6,390.0,2340.0,35,0.36
2026-07-03,HYDERABAD_STORE_004,SKU_001_Aashirvaad_Atta_5kg,17,265.0,4505.0,50,0.39
2026-07-03,HYDERABAD_STORE_004,SKU_002_IndiaGate_Basmati_5kg,7,480.0,3360.0,25,0.37
2026-07-03,HYDERABAD_STORE_004,SKU_003_Fortune_Sunflower_Oil_1L,21,145.0,3045.0,22,0.4
2026-07-03,HYDERABAD_STORE_004,SKU_004_Amul_Butter_500g,23,275.0,6325.0,37,0.49
2026-07-03,HYDERABAD_STORE_004,SKU_005_Tata_Tea_Gold_500g,10,320.0,3200.0,19,0.38
2026-07-03,HYDERABAD_STORE_004,SKU_006_Tata_Salt_1kg,39,28.0,1092.0,46,0.38
2026-07-03,HYDERABAD_STORE_004,SKU_007_Toor_Dal_Premium_1kg,15,165.0,2475.0,58,0.35
2026-07-03,HYDERABAD_STORE_004,SKU_008_Maggi_Noodles_12Pack,34,168.0,5712.0,39,0.34
2026-07-03,HYDERABAD_STORE_004,SKU_009_Cadbury_Dairy_Milk_Silk,16,95.0,1520.0,25,0.35
2026-07-03,HYDERABAD_STORE_004,SKU_010_Surf_Excel_Matic_2kg,9,390.0,3510.0,59,0.31
2026-07-03,CHENNAI_STORE_005,SKU_001_Aashirvaad_Atta_5kg,13,265.0,3445.0,17,0.43
2026-07-03,CHENNAI_STORE_005,SKU_002_IndiaGate_Basmati_5kg,6,480.0,2880.0,20,0.29
2026-07-03,CHENNAI_STORE_005,SKU_003_Fortune_Sunflower_Oil_1L,19,145.0,2755.0,23,0.38
2026-07-03,CHENNAI_STORE_005,SKU_004_Amul_Butter_500g,29,275.0,7975.0,35,0.21
2026-07-03,CHENNAI_STORE_005,SKU_005_Tata_Tea_Gold_500g,13,320.0,4160.0,27,0.26
2026-07-03,CHENNAI_STORE_005,SKU_006_Tata_Salt_1kg,38,28.0,1064.0,23,0.41
2026-07-03,CHENNAI_STORE_005,SKU_007_Toor_Dal_Premium_1kg,17,165.0,2805.0,20,0.44
2026-07-03,CHENNAI_STORE_005,SKU_008_Maggi_Noodles_12Pack,28,168.0,4704.0,46,0.33
2026-07-03,CHENNAI_STORE_005,SKU_009_Cadbury_Dairy_Milk_Silk,29,95.0,2755.0,43,0.31
2026-07-03,CHENNAI_STORE_005,SKU_010_Surf_Excel_Matic_2kg,17,390.0,6630.0,58,0.47
2026-07-04,MUMBAI_STORE_001,SKU_001_Aashirvaad_Atta_5kg,17,265.0,4505.0,59,0.28
2026-07-04,MUMBAI_STORE_001,SKU_002_IndiaGate_Basmati_5kg,10,480.0,4800.0,28,0.2
2026-07-04,MUMBAI_STORE_001,SKU_003_Fortune_Sunflower_Oil_1L,26,145.0,3770.0,34,0.25
2026-07-04,MUMBAI_STORE_001,SKU_004_Amul_Butter_500g,33,275.0,9075.0,18,0.4
2026-07-04,MUMBAI_STORE_001,SKU_005_Tata_Tea_Gold_500g,24,320.0,7680.0,47,0.43
2026-07-04,MUMBAI_STORE_001,SKU_006_Tata_Salt_1kg,39,28.0,1092.0,25,0.25
2026-07-04,MUMBAI_STORE_001,SKU_007_Toor_Dal_Premium_1kg,28,165.0,4620.0,36,0.48
2026-07-04,MUMBAI_STORE_001,SKU_008_Maggi_Noodles_12Pack,29,168.0,4872.0,34,0.29
2026-07-04,MUMBAI_STORE_001,SKU_009_Cadbury_Dairy_Milk_Silk,23,95.0,2185.0,15,0.38
2026-07-04,MUMBAI_STORE_001,SKU_010_Surf_Excel_Matic_2kg,20,390.0,7800.0,23,0.4
2026-07-04,DELHI_STORE_002,SKU_001_Aashirvaad_Atta_5kg,23,265.0,6095.0,29,0.28
2026-07-04,DELHI_STORE_002,SKU_002_IndiaGate_Basmati_5kg,10,480.0,4800.0,35,0.33
2026-07-04,DELHI_STORE_002,SKU_003_Fortune_Sunflower_Oil_1L,24,145.0,3480.0,39,0.21
2026-07-04,DELHI_STORE_002,SKU_004_Amul_Butter_500g,25,275.0,6875.0,45,0.39
2026-07-04,DELHI_STORE_002,SKU_005_Tata_Tea_Gold_500g,24,320.0,7680.0,40,0.44
2026-07-04,DELHI_STORE_002,SKU_006_Tata_Salt_1kg,51,28.0,1428.0,21,0.47
2026-07-04,DELHI_STORE_002,SKU_007_Toor_Dal_Premium_1kg,23,165.0,3795.0,41,0.4
2026-07-04,DELHI_STORE_002,SKU_008_Maggi_Noodles_12Pack,42,168.0,7056.0,32,0.35
2026-07-04,DELHI_STORE_002,SKU_009_Cadbury_Dairy_Milk_Silk,34,95.0,3230.0,32,0.23
2026-07-04,DELHI_STORE_002,SKU_010_Surf_Excel_Matic_2kg,20,390.0,7800.0,44,0.32
2026-07-04,BENGALURU_STORE_003,SKU_001_Aashirvaad_Atta_5kg,19,265.0,5035.0,18,0.38
2026-07-04,BENGALURU_STORE_003,SKU_002_IndiaGate_Basmati_5kg,11,480.0,5280.0,56,0.47
2026-07-04,BENGALURU_STORE_003,SKU_003_Fortune_Sunflower_Oil_1L,30,145.0,4350.0,32,0.32
2026-07-04,BENGALURU_STORE_003,SKU_004_Amul_Butter_500g,23,275.0,6325.0,53,0.22
2026-07-04,BENGALURU_STORE_003,SKU_005_Tata_Tea_Gold_500g,19,320.0,6080.0,30,0.22
2026-07-04,BENGALURU_STORE_003,SKU_006_Tata_Salt_1kg,45,28.0,1260.0,54,0.27
2026-07-04,BENGALURU_STORE_003,SKU_007_Toor_Dal_Premium_1kg,22,165.0,3630.0,54,0.43
2026-07-04,BENGALURU_STORE_003,SKU_008_Maggi_Noodles_12Pack,36,168.0,6048.0,53,0.2
2026-07-04,BENGALURU_STORE_003,SKU_009_Cadbury_Dairy_Milk_Silk,27,95.0,2565.0,48,0.36
2026-07-04,BENGALURU_STORE_003,SKU_010_Surf_Excel_Matic_2kg,14,390.0,5460.0,38,0.4
2026-07-04,HYDERABAD_STORE_004,SKU_001_Aashirvaad_Atta_5kg,19,265.0,5035.0,53,0.25
2026-07-04,HYDERABAD_STORE_004,SKU_002_IndiaGate_Basmati_5kg,10,480.0,4800.0,45,0.27
2026-07-04,HYDERABAD_STORE_004,SKU_003_Fortune_Sunflower_Oil_1L,33,145.0,4785.0,33,0.47
2026-07-04,HYDERABAD_STORE_004,SKU_004_Amul_Butter_500g,39,275.0,10725.0,15,0.25
2026-07-04,HYDERABAD_STORE_004,SKU_005_Tata_Tea_Gold_500g,17,320.0,5440.0,15,0.38
2026-07-04,HYDERABAD_STORE_004,SKU_006_Tata_Salt_1kg,45,28.0,1260.0,27,0.41
2026-07-04,HYDERABAD_STORE_004,SKU_007_Toor_Dal_Premium_1kg,25,165.0,4125.0,16,0.32
2026-07-04,HYDERABAD_STORE_004,SKU_008_Maggi_Noodles_12Pack,32,168.0,5376.0,51,0.34
2026-07-04,HYDERABAD_STORE_004,SKU_009_Cadbury_Dairy_Milk_Silk,31,95.0,2945.0,52,0.33
2026-07-04,HYDERABAD_STORE_004,SKU_010_Surf_Excel_Matic_2kg,11,390.0,4290.0,39,0.33
2026-07-04,CHENNAI_STORE_005,SKU_001_Aashirvaad_Atta_5kg,19,265.0,5035.0,47,0.26
2026-07-04,CHENNAI_STORE_005,SKU_002_IndiaGate_Basmati_5kg,8,480.0,3840.0,25,0.38
2026-07-04,CHENNAI_STORE_005,SKU_003_Fortune_Sunflower_Oil_1L,29,145.0,4205.0,39,0.26
2026-07-04,CHENNAI_STORE_005,SKU_004_Amul_Butter_500g,25,275.0,6875.0,16,0.35
2026-07-04,CHENNAI_STORE_005,SKU_005_Tata_Tea_Gold_500g,18,320.0,5760.0,46,0.25
2026-07-04,CHENNAI_STORE_005,SKU_006_Tata_Salt_1kg,44,28.0,1232.0,57,0.24
2026-07-04,CHENNAI_STORE_005,SKU_007_Toor_Dal_Premium_1kg,23,165.0,3795.0,17,0.3
2026-07-04,CHENNAI_STORE_005,SKU_008_Maggi_Noodles_12Pack,28,168.0,4704.0,39,0.24
2026-07-04,CHENNAI_STORE_005,SKU_009_Cadbury_Dairy_Milk_Silk,23,95.0,2185.0,30,0.38
2026-07-04,CHENNAI_STORE_005,SKU_010_Surf_Excel_Matic_2kg,12,390.0,4680.0,25,0.26
2026-07-05,MUMBAI_STORE_001,SKU_001_Aashirvaad_Atta_5kg,19,265.0,5035.0,26,0.2
2026-07-05,MUMBAI_STORE_001,SKU_002_IndiaGate_Basmati_5kg,11,480.0,5280.0,58,0.38
2026-07-05,MUMBAI_STORE_001,SKU_003_Fortune_Sunflower_Oil_1L,30,145.0,4350.0,56,0.45
2026-07-05,MUMBAI_STORE_001,SKU_004_Amul_Butter_500g,23,275.0,6325.0,26,0.35
2026-07-05,MUMBAI_STORE_001,SKU_005_Tata_Tea_Gold_500g,20,320.0,6400.0,18,0.42
2026-07-05,MUMBAI_STORE_001,SKU_006_Tata_Salt_1kg,57,28.0,1596.0,44,0.33
2026-07-05,MUMBAI_STORE_001,SKU_007_Toor_Dal_Premium_1kg,23,165.0,3795.0,54,0.35
2026-07-05,MUMBAI_STORE_001,SKU_008_Maggi_Noodles_12Pack,33,168.0,5544.0,24,0.32
2026-07-05,MUMBAI_STORE_001,SKU_009_Cadbury_Dairy_Milk_Silk,36,95.0,3420.0,33,0.26
2026-07-05,MUMBAI_STORE_001,SKU_010_Surf_Excel_Matic_2kg,12,390.0,4680.0,22,0.42
2026-07-05,DELHI_STORE_002,SKU_001_Aashirvaad_Atta_5kg,16,265.0,4240.0,32,0.49
2026-07-05,DELHI_STORE_002,SKU_002_IndiaGate_Basmati_5kg,10,480.0,4800.0,19,0.38
2026-07-05,DELHI_STORE_002,SKU_003_Fortune_Sunflower_Oil_1L,33,145.0,4785.0,34,0.22
2026-07-05,DELHI_STORE_002,SKU_004_Amul_Butter_500g,26,275.0,7150.0,21,0.23
2026-07-05,DELHI_STORE_002,SKU_005_Tata_Tea_Gold_500g,11,320.0,3520.0,42,0.26
2026-07-05,DELHI_STORE_002,SKU_006_Tata_Salt_1kg,44,28.0,1232.0,58,0.46
2026-07-05,DELHI_STORE_002,SKU_007_Toor_Dal_Premium_1kg,19,165.0,3135.0,24,0.35
2026-07-05,DELHI_STORE_002,SKU_008_Maggi_Noodles_12Pack,36,168.0,6048.0,22,0.44
2026-07-05,DELHI_STORE_002,SKU_009_Cadbury_Dairy_Milk_Silk,34,95.0,3230.0,32,0.25
2026-07-05,DELHI_STORE_002,SKU_010_Surf_Excel_Matic_2kg,11,390.0,4290.0,40,0.32
2026-07-05,BENGALURU_STORE_003,SKU_001_Aashirvaad_Atta_5kg,30,265.0,7950.0,58,0.27
2026-07-05,BENGALURU_STORE_003,SKU_002_IndiaGate_Basmati_5kg,14,480.0,6720.0,21,0.46
2026-07-05,BENGALURU_STORE_003,SKU_003_Fortune_Sunflower_Oil_1L,28,145.0,4060.0,40,0.34
2026-07-05,BENGALURU_STORE_003,SKU_004_Amul_Butter_500g,26,275.0,7150.0,18,0.4
2026-07-05,BENGALURU_STORE_003,SKU_005_Tata_Tea_Gold_500g,23,320.0,7360.0,21,0.41
2026-07-05,BENGALURU_STORE_003,SKU_006_Tata_Salt_1kg,49,28.0,1372.0,21,0.35
2026-07-05,BENGALURU_STORE_003,SKU_007_Toor_Dal_Premium_1kg,16,165.0,2640.0,49,0.28
2026-07-05,BENGALURU_STORE_003,SKU_008_Maggi_Noodles_12Pack,39,168.0,6552.0,33,0.43
2026-07-05,BENGALURU_STORE_003,SKU_009_Cadbury_Dairy_Milk_Silk,15,95.0,1425.0,24,0.32
2026-07-05,BENGALURU_STORE_003,SKU_010_Surf_Excel_Matic_2kg,18,390.0,7020.0,44,0.41
2026-07-05,HYDERABAD_STORE_004,SKU_001_Aashirvaad_Atta_5kg,21,265.0,5565.0,40,0.3
2026-07-05,HYDERABAD_STORE_004,SKU_002_IndiaGate_Basmati_5kg,6,480.0,2880.0,54,0.29
2026-07-05,HYDERABAD_STORE_004,SKU_003_Fortune_Sunflower_Oil_1L,33,145.0,4785.0,32,0.28
2026-07-05,HYDERABAD_STORE_004,SKU_004_Amul_Butter_500g,23,275.0,6325.0,47,0.35
2026-07-05,HYDERABAD_STORE_004,SKU_005_Tata_Tea_Gold_500g,25,320.0,8000.0,37,0.38
2026-07-05,HYDERABAD_STORE_004,SKU_006_Tata_Salt_1kg,62,28.0,1736.0,40,0.46
2026-07-05,HYDERABAD_STORE_004,SKU_007_Toor_Dal_Premium_1kg,19,165.0,3135.0,15,0.42
2026-07-05,HYDERABAD_STORE_004,SKU_008_Maggi_Noodles_12Pack,47,168.0,7896.0,34,0.21
2026-07-05,HYDERABAD_STORE_004,SKU_009_Cadbury_Dairy_Milk_Silk,38,95.0,3610.0,16,0.41
2026-07-05,HYDERABAD_STORE_004,SKU_010_Surf_Excel_Matic_2kg,14,390.0,5460.0,24,0.22
2026-07-05,CHENNAI_STORE_005,SKU_001_Aashirvaad_Atta_5kg,21,265.0,5565.0,37,0.45
2026-07-05,CHENNAI_STORE_005,SKU_002_IndiaGate_Basmati_5kg,15,480.0,7200.0,15,0.41
2026-07-05,CHENNAI_STORE_005,SKU_003_Fortune_Sunflower_Oil_1L,30,145.0,4350.0,44,0.31
2026-07-05,CHENNAI_STORE_005,SKU_004_Amul_Butter_500g,35,275.0,9625.0,45,0.2
2026-07-05,CHENNAI_STORE_005,SKU_005_Tata_Tea_Gold_500g,24,320.0,7680.0,19,0.3
2026-07-05,CHENNAI_STORE_005,SKU_006_Tata_Salt_1kg,47,28.0,1316.0,41,0.33
2026-07-05,CHENNAI_STORE_005,SKU_007_Toor_Dal_Premium_1kg,28,165.0,4620.0,47,0.41
2026-07-05,CHENNAI_STORE_005,SKU_008_Maggi_Noodles_12Pack,32,168.0,5376.0,27,0.45
2026-07-05,CHENNAI_STORE_005,SKU_009_Cadbury_Dairy_Milk_Silk,26,95.0,2470.0,18,0.48
2026-07-05,CHENNAI_STORE_005,SKU_010_Surf_Excel_Matic_2kg,17,390.0,6630.0,42,0.39
2026-07-06,MUMBAI_STORE_001,SKU_001_Aashirvaad_Atta_5kg,16,265.0,4240.0,39,0.5
2026-07-06,MUMBAI_STORE_001,SKU_002_IndiaGate_Basmati_5kg,10,480.0,4800.0,16,0.38
2026-07-06,MUMBAI_STORE_001,SKU_003_Fortune_Sunflower_Oil_1L,27,145.0,3915.0,41,0.38
2026-07-06,MUMBAI_STORE_001,SKU_004_Amul_Butter_500g,13,275.0,3575.0,59,0.32
2026-07-06,MUMBAI_STORE_001,SKU_005_Tata_Tea_Gold_500g,9,320.0,2880.0,45,0.38
2026-07-06,MUMBAI_STORE_001,SKU_006_Tata_Salt_1kg,37,28.0,1036.0,55,0.32
2026-07-06,MUMBAI_STORE_001,SKU_007_Toor_Dal_Premium_1kg,14,165.0,2310.0,32,0.46
2026-07-06,MUMBAI_STORE_001,SKU_008_Maggi_Noodles_12Pack,34,168.0,5712.0,53,0.43
2026-07-06,MUMBAI_STORE_001,SKU_009_Cadbury_Dairy_Milk_Silk,28,95.0,2660.0,40,0.28
2026-07-06,MUMBAI_STORE_001,SKU_010_Surf_Excel_Matic_2kg,13,390.0,5070.0,40,0.3
2026-07-06,DELHI_STORE_002,SKU_001_Aashirvaad_Atta_5kg,12,265.0,3180.0,53,0.38
2026-07-06,DELHI_STORE_002,SKU_002_IndiaGate_Basmati_5kg,6,480.0,2880.0,41,0.42
2026-07-06,DELHI_STORE_002,SKU_003_Fortune_Sunflower_Oil_1L,23,145.0,3335.0,20,0.38
2026-07-06,DELHI_STORE_002,SKU_004_Amul_Butter_500g,15,275.0,4125.0,34,0.37
2026-07-06,DELHI_STORE_002,SKU_005_Tata_Tea_Gold_500g,10,320.0,3200.0,43,0.3
2026-07-06,DELHI_STORE_002,SKU_006_Tata_Salt_1kg,40,28.0,1120.0,43,0.37
2026-07-06,DELHI_STORE_002,SKU_007_Toor_Dal_Premium_1kg,20,165.0,3300.0,26,0.26
2026-07-06,DELHI_STORE_002,SKU_008_Maggi_Noodles_12Pack,23,168.0,3864.0,28,0.35
2026-07-06,DELHI_STORE_002,SKU_009_Cadbury_Dairy_Milk_Silk,27,95.0,2565.0,47,0.33
2026-07-06,DELHI_STORE_002,SKU_010_Surf_Excel_Matic_2kg,11,390.0,4290.0,28,0.37
2026-07-06,BENGALURU_STORE_003,SKU_001_Aashirvaad_Atta_5kg,14,265.0,3710.0,27,0.31
2026-07-06,BENGALURU_STORE_003,SKU_002_IndiaGate_Basmati_5kg,3,480.0,1440.0,19,0.44
2026-07-06,BENGALURU_STORE_003,SKU_003_Fortune_Sunflower_Oil_1L,19,145.0,2755.0,36,0.29
2026-07-06,BENGALURU_STORE_003,SKU_004_Amul_Butter_500g,18,275.0,4950.0,40,0.23
2026-07-06,BENGALURU_STORE_003,SKU_005_Tata_Tea_Gold_500g,10,320.0,3200.0,31,0.45
2026-07-06,BENGALURU_STORE_003,SKU_006_Tata_Salt_1kg,34,28.0,952.0,19,0.45
2026-07-06,BENGALURU_STORE_003,SKU_007_Toor_Dal_Premium_1kg,19,165.0,3135.0,21,0.29
2026-07-06,BENGALURU_STORE_003,SKU_008_Maggi_Noodles_12Pack,24,168.0,4032.0,32,0.37
2026-07-06,BENGALURU_STORE_003,SKU_009_Cadbury_Dairy_Milk_Silk,30,95.0,2850.0,51,0.36
2026-07-06,BENGALURU_STORE_003,SKU_010_Surf_Excel_Matic_2kg,14,390.0,5460.0,24,0.26
2026-07-06,HYDERABAD_STORE_004,SKU_001_Aashirvaad_Atta_5kg,20,265.0,5300.0,49,0.32
2026-07-06,HYDERABAD_STORE_004,SKU_002_IndiaGate_Basmati_5kg,5,480.0,2400.0,54,0.43
2026-07-06,HYDERABAD_STORE_004,SKU_003_Fortune_Sunflower_Oil_1L,21,145.0,3045.0,31,0.42
2026-07-06,HYDERABAD_STORE_004,SKU_004_Amul_Butter_500g,21,275.0,5775.0,30,0.34
2026-07-06,HYDERABAD_STORE_004,SKU_005_Tata_Tea_Gold_500g,10,320.0,3200.0,29,0.24
2026-07-06,HYDERABAD_STORE_004,SKU_006_Tata_Salt_1kg,30,28.0,840.0,34,0.22
2026-07-06,HYDERABAD_STORE_004,SKU_007_Toor_Dal_Premium_1kg,16,165.0,2640.0,38,0.46
2026-07-06,HYDERABAD_STORE_004,SKU_008_Maggi_Noodles_12Pack,22,168.0,3696.0,57,0.31
2026-07-06,HYDERABAD_STORE_004,SKU_009_Cadbury_Dairy_Milk_Silk,21,95.0,1995.0,29,0.41
2026-07-06,HYDERABAD_STORE_004,SKU_010_Surf_Excel_Matic_2kg,6,390.0,2340.0,21,0.44
2026-07-06,CHENNAI_STORE_005,SKU_001_Aashirvaad_Atta_5kg,11,265.0,2915.0,57,0.36
2026-07-06,CHENNAI_STORE_005,SKU_002_IndiaGate_Basmati_5kg,16,480.0,7680.0,57,0.27
2026-07-06,CHENNAI_STORE_005,SKU_003_Fortune_Sunflower_Oil_1L,26,145.0,3770.0,27,0.43
2026-07-06,CHENNAI_STORE_005,SKU_004_Amul_Butter_500g,19,275.0,5225.0,29,0.34
2026-07-06,CHENNAI_STORE_005,SKU_005_Tata_Tea_Gold_500g,13,320.0,4160.0,23,0.49
2026-07-06,CHENNAI_STORE_005,SKU_006_Tata_Salt_1kg,35,28.0,980.0,33,0.31
2026-07-06,CHENNAI_STORE_005,SKU_007_Toor_Dal_Premium_1kg,15,165.0,2475.0,39,0.36
2026-07-06,CHENNAI_STORE_005,SKU_008_Maggi_Noodles_12Pack,25,168.0,4200.0,37,0.25
2026-07-06,CHENNAI_STORE_005,SKU_009_Cadbury_Dairy_Milk_Silk,21,95.0,1995.0,33,0.47
2026-07-06,CHENNAI_STORE_005,SKU_010_Surf_Excel_Matic_2kg,11,390.0,4290.0,31,0.49
2026-07-07,MUMBAI_STORE_001,SKU_001_Aashirvaad_Atta_5kg,10,265.0,2650.0,27,0.28
2026-07-07,MUMBAI_STORE_001,SKU_002_IndiaGate_Basmati_5kg,4,480.0,1920.0,25,0.44
2026-07-07,MUMBAI_STORE_001,SKU_003_Fortune_Sunflower_Oil_1L,23,145.0,3335.0,34,0.32
2026-07-07,MUMBAI_STORE_001,SKU_004_Amul_Butter_500g,12,275.0,3300.0,46,0.42
2026-07-07,MUMBAI_STORE_001,SKU_005_Tata_Tea_Gold_500g,14,320.0,4480.0,57,0.44
2026-07-07,MUMBAI_STORE_001,SKU_006_Tata_Salt_1kg,44,28.0,1232.0,57,0.44
2026-07-07,MUMBAI_STORE_001,SKU_007_Toor_Dal_Premium_1kg,21,165.0,3465.0,48,0.49
2026-07-07,MUMBAI_STORE_001,SKU_008_Maggi_Noodles_12Pack,28,168.0,4704.0,57,0.33
2026-07-07,MUMBAI_STORE_001,SKU_009_Cadbury_Dairy_Milk_Silk,21,95.0,1995.0,56,0.22
2026-07-07,MUMBAI_STORE_001,SKU_010_Surf_Excel_Matic_2kg,10,390.0,3900.0,50,0.37
2026-07-07,DELHI_STORE_002,SKU_001_Aashirvaad_Atta_5kg,7,265.0,1855.0,16,0.3
2026-07-07,DELHI_STORE_002,SKU_002_IndiaGate_Basmati_5kg,10,480.0,4800.0,55,0.32
2026-07-07,DELHI_STORE_002,SKU_003_Fortune_Sunflower_Oil_1L,25,145.0,3625.0,20,0.48
2026-07-07,DELHI_STORE_002,SKU_004_Amul_Butter_500g,17,275.0,4675.0,31,0.21
2026-07-07,DELHI_STORE_002,SKU_005_Tata_Tea_Gold_500g,7,320.0,2240.0,46,0.3
2026-07-07,DELHI_STORE_002,SKU_006_Tata_Salt_1kg,38,28.0,1064.0,46,0.35
2026-07-07,DELHI_STORE_002,SKU_007_Toor_Dal_Premium_1kg,23,165.0,3795.0,35,0.26
2026-07-07,DELHI_STORE_002,SKU_008_Maggi_Noodles_12Pack,22,168.0,3696.0,43,0.27
2026-07-07,DELHI_STORE_002,SKU_009_Cadbury_Dairy_Milk_Silk,17,95.0,1615.0,29,0.27
2026-07-07,DELHI_STORE_002,SKU_010_Surf_Excel_Matic_2kg,6,390.0,2340.0,37,0.41
2026-07-07,BENGALURU_STORE_003,SKU_001_Aashirvaad_Atta_5kg,15,265.0,3975.0,17,0.29
2026-07-07,BENGALURU_STORE_003,SKU_002_IndiaGate_Basmati_5kg,8,480.0,3840.0,28,0.36
2026-07-07,BENGALURU_STORE_003,SKU_003_Fortune_Sunflower_Oil_1L,21,145.0,3045.0,47,0.23
2026-07-07,BENGALURU_STORE_003,SKU_004_Amul_Butter_500g,23,275.0,6325.0,42,0.45
2026-07-07,BENGALURU_STORE_003,SKU_005_Tata_Tea_Gold_500g,11,320.0,3520.0,38,0.36
2026-07-07,BENGALURU_STORE_003,SKU_006_Tata_Salt_1kg,36,28.0,1008.0,57,0.47
2026-07-07,BENGALURU_STORE_003,SKU_007_Toor_Dal_Premium_1kg,21,165.0,3465.0,57,0.23
2026-07-07,BENGALURU_STORE_003,SKU_008_Maggi_Noodles_12Pack,21,168.0,3528.0,53,0.35
2026-07-07,BENGALURU_STORE_003,SKU_009_Cadbury_Dairy_Milk_Silk,23,95.0,2185.0,26,0.42
2026-07-07,BENGALURU_STORE_003,SKU_010_Surf_Excel_Matic_2kg,6,390.0,2340.0,26,0.3
2026-07-07,HYDERABAD_STORE_004,SKU_001_Aashirvaad_Atta_5kg,16,265.0,4240.0,39,0.23
2026-07-07,HYDERABAD_STORE_004,SKU_002_IndiaGate_Basmati_5kg,11,480.0,5280.0,30,0.44
2026-07-07,HYDERABAD_STORE_004,SKU_003_Fortune_Sunflower_Oil_1L,25,145.0,3625.0,34,0.41
2026-07-07,HYDERABAD_STORE_004,SKU_004_Amul_Butter_500g,16,275.0,4400.0,43,0.49
2026-07-07,HYDERABAD_STORE_004,SKU_005_Tata_Tea_Gold_500g,10,320.0,3200.0,45,0.36
2026-07-07,HYDERABAD_STORE_004,SKU_006_Tata_Salt_1kg,42,28.0,1176.0,17,0.5
2026-07-07,HYDERABAD_STORE_004,SKU_007_Toor_Dal_Premium_1kg,10,165.0,1650.0,54,0.26
2026-07-07,HYDERABAD_STORE_004,SKU_008_Maggi_Noodles_12Pack,31,168.0,5208.0,53,0.41
2026-07-07,HYDERABAD_STORE_004,SKU_009_Cadbury_Dairy_Milk_Silk,20,95.0,1900.0,33,0.26
2026-07-07,HYDERABAD_STORE_004,SKU_010_Surf_Excel_Matic_2kg,8,390.0,3120.0,38,0.44
2026-07-07,CHENNAI_STORE_005,SKU_001_Aashirvaad_Atta_5kg,18,265.0,4770.0,50,0.26
2026-07-07,CHENNAI_STORE_005,SKU_002_IndiaGate_Basmati_5kg,5,480.0,2400.0,54,0.29
2026-07-07,CHENNAI_STORE_005,SKU_003_Fortune_Sunflower_Oil_1L,23,145.0,3335.0,39,0.46
2026-07-07,CHENNAI_STORE_005,SKU_004_Amul_Butter_500g,25,275.0,6875.0,35,0.36
2026-07-07,CHENNAI_STORE_005,SKU_005_Tata_Tea_Gold_500g,9,320.0,2880.0,32,0.2
2026-07-07,CHENNAI_STORE_005,SKU_006_Tata_Salt_1kg,35,28.0,980.0,45,0.29
2026-07-07,CHENNAI_STORE_005,SKU_007_Toor_Dal_Premium_1kg,17,165.0,2805.0,22,0.32
2026-07-07,CHENNAI_STORE_005,SKU_008_Maggi_Noodles_12Pack,21,168.0,3528.0,23,0.35
2026-07-07,CHENNAI_STORE_005,SKU_009_Cadbury_Dairy_Milk_Silk,15,95.0,1425.0,48,0.23
2026-07-07,CHENNAI_STORE_005,SKU_010_Surf_Excel_Matic_2kg,10,390.0,3900.0,41,0.28
2026-07-08,MUMBAI_STORE_001,SKU_001_Aashirvaad_Atta_5kg,14,265.0,3710.0,56,0.36
2026-07-08,MUMBAI_STORE_001,SKU_002_IndiaGate_Basmati_5kg,12,480.0,5760.0,28,0.42
2026-07-08,MUMBAI_STORE_001,SKU_003_Fortune_Sunflower_Oil_1L,18,145.0,2610.0,47,0.25
2026-07-08,MUMBAI_STORE_001,SKU_004_Amul_Butter_500g,12,275.0,3300.0,32,0.34
2026-07-08,MUMBAI_STORE_001,SKU_005_Tata_Tea_Gold_500g,14,320.0,4480.0,29,0.33
2026-07-08,MUMBAI_STORE_001,SKU_006_Tata_Salt_1kg,37,28.0,1036.0,23,0.46
2026-07-08,MUMBAI_STORE_001,SKU_007_Toor_Dal_Premium_1kg,13,165.0,2145.0,54,0.4
2026-07-08,MUMBAI_STORE_001,SKU_008_Maggi_Noodles_12Pack,23,168.0,3864.0,15,0.42
2026-07-08,MUMBAI_STORE_001,SKU_009_Cadbury_Dairy_Milk_Silk,20,95.0,1900.0,57,0.48
2026-07-08,MUMBAI_STORE_001,SKU_010_Surf_Excel_Matic_2kg,15,390.0,5850.0,31,0.34
2026-07-08,DELHI_STORE_002,SKU_001_Aashirvaad_Atta_5kg,19,265.0,5035.0,19,0.23
2026-07-08,DELHI_STORE_002,SKU_002_IndiaGate_Basmati_5kg,6,480.0,2880.0,19,0.31
2026-07-08,DELHI_STORE_002,SKU_003_Fortune_Sunflower_Oil_1L,22,145.0,3190.0,30,0.25
2026-07-08,DELHI_STORE_002,SKU_004_Amul_Butter_500g,20,275.0,5500.0,37,0.33
2026-07-08,DELHI_STORE_002,SKU_005_Tata_Tea_Gold_500g,20,320.0,6400.0,38,0.42
2026-07-08,DELHI_STORE_002,SKU_006_Tata_Salt_1kg,36,28.0,1008.0,32,0.34
2026-07-08,DELHI_STORE_002,SKU_007_Toor_Dal_Premium_1kg,9,165.0,1485.0,27,0.25
2026-07-08,DELHI_STORE_002,SKU_008_Maggi_Noodles_12Pack,26,168.0,4368.0,18,0.41
2026-07-08,DELHI_STORE_002,SKU_009_Cadbury_Dairy_Milk_Silk,22,95.0,2090.0,36,0.42
2026-07-08,DELHI_STORE_002,SKU_010_Surf_Excel_Matic_2kg,10,390.0,3900.0,29,0.38
2026-07-08,BENGALURU_STORE_003,SKU_001_Aashirvaad_Atta_5kg,21,265.0,5565.0,18,0.34
2026-07-08,BENGALURU_STORE_003,SKU_002_IndiaGate_Basmati_5kg,9,480.0,4320.0,43,0.43
2026-07-08,BENGALURU_STORE_003,SKU_003_Fortune_Sunflower_Oil_1L,17,145.0,2465.0,30,0.34
2026-07-08,BENGALURU_STORE_003,SKU_004_Amul_Butter_500g,16,275.0,4400.0,21,0.21
2026-07-08,BENGALURU_STORE_003,SKU_005_Tata_Tea_Gold_500g,15,320.0,4800.0,44,0.45
2026-07-08,BENGALURU_STORE_003,SKU_006_Tata_Salt_1kg,26,28.0,728.0,46,0.38
2026-07-08,BENGALURU_STORE_003,SKU_007_Toor_Dal_Premium_1kg,20,165.0,3300.0,46,0.36
2026-07-08,BENGALURU_STORE_003,SKU_008_Maggi_Noodles_12Pack,23,168.0,3864.0,42,0.47
2026-07-08,BENGALURU_STORE_003,SKU_009_Cadbury_Dairy_Milk_Silk,20,95.0,1900.0,33,0.23
2026-07-08,BENGALURU_STORE_003,SKU_010_Surf_Excel_Matic_2kg,4,390.0,1560.0,32,0.3
2026-07-08,HYDERABAD_STORE_004,SKU_001_Aashirvaad_Atta_5kg,6,265.0,1590.0,27,0.36
2026-07-08,HYDERABAD_STORE_004,SKU_002_IndiaGate_Basmati_5kg,7,480.0,3360.0,37,0.24
2026-07-08,HYDERABAD_STORE_004,SKU_003_Fortune_Sunflower_Oil_1L,25,145.0,3625.0,26,0.31
2026-07-08,HYDERABAD_STORE_004,SKU_004_Amul_Butter_500g,18,275.0,4950.0,25,0.32
2026-07-08,HYDERABAD_STORE_004,SKU_005_Tata_Tea_Gold_500g,8,320.0,2560.0,44,0.43
2026-07-08,HYDERABAD_STORE_004,SKU_006_Tata_Salt_1kg,41,28.0,1148.0,24,0.42
2026-07-08,HYDERABAD_STORE_004,SKU_007_Toor_Dal_Premium_1kg,18,165.0,2970.0,55,0.23
2026-07-08,HYDERABAD_STORE_004,SKU_008_Maggi_Noodles_12Pack,28,168.0,4704.0,34,0.22
2026-07-08,HYDERABAD_STORE_004,SKU_009_Cadbury_Dairy_Milk_Silk,18,95.0,1710.0,32,0.3
2026-07-08,HYDERABAD_STORE_004,SKU_010_Surf_Excel_Matic_2kg,3,390.0,1170.0,22,0.41
2026-07-08,CHENNAI_STORE_005,SKU_001_Aashirvaad_Atta_5kg,8,265.0,2120.0,27,0.26
2026-07-08,CHENNAI_STORE_005,SKU_002_IndiaGate_Basmati_5kg,3,480.0,1440.0,36,0.35
2026-07-08,CHENNAI_STORE_005,SKU_003_Fortune_Sunflower_Oil_1L,19,145.0,2755.0,31,0.4
2026-07-08,CHENNAI_STORE_005,SKU_004_Amul_Butter_500g,22,275.0,6050.0,41,0.26
2026-07-08,CHENNAI_STORE_005,SKU_005_Tata_Tea_Gold_500g,10,320.0,3200.0,26,0.27
2026-07-08,CHENNAI_STORE_005,SKU_006_Tata_Salt_1kg,35,28.0,980.0,57,0.26
2026-07-08,CHENNAI_STORE_005,SKU_007_Toor_Dal_Premium_1kg,18,165.0,2970.0,40,0.28
2026-07-08,CHENNAI_STORE_005,SKU_008_Maggi_Noodles_12Pack,21,168.0,3528.0,28,0.42
2026-07-08,CHENNAI_STORE_005,SKU_009_Cadbury_Dairy_Milk_Silk,10,95.0,950.0,46,0.43
2026-07-08,CHENNAI_STORE_005,SKU_010_Surf_Excel_Matic_2kg,9,390.0,3510.0,32,0.25
2026-07-09,MUMBAI_STORE_001,SKU_001_Aashirvaad_Atta_5kg,13,265.0,3445.0,57,0.22
2026-07-09,MUMBAI_STORE_001,SKU_002_IndiaGate_Basmati_5kg,6,480.0,2880.0,35,0.29
2026-07-09,MUMBAI_STORE_001,SKU_003_Fortune_Sunflower_Oil_1L,19,145.0,2755.0,52,0.49
2026-07-09,MUMBAI_STORE_001,SKU_004_Amul_Butter_500g,17,275.0,4675.0,53,0.33
2026-07-09,MUMBAI_STORE_001,SKU_005_Tata_Tea_Gold_500g,12,320.0,3840.0,48,0.36
2026-07-09,MUMBAI_STORE_001,SKU_006_Tata_Salt_1kg,41,28.0,1148.0,24,0.41
2026-07-09,MUMBAI_STORE_001,SKU_007_Toor_Dal_Premium_1kg,20,165.0,3300.0,22,0.2
2026-07-09,MUMBAI_STORE_001,SKU_008_Maggi_Noodles_12Pack,24,168.0,4032.0,39,0.26
2026-07-09,MUMBAI_STORE_001,SKU_009_Cadbury_Dairy_Milk_Silk,26,95.0,2470.0,25,0.34
2026-07-09,MUMBAI_STORE_001,SKU_010_Surf_Excel_Matic_2kg,10,390.0,3900.0,27,0.25
2026-07-09,DELHI_STORE_002,SKU_001_Aashirvaad_Atta_5kg,14,265.0,3710.0,48,0.24
2026-07-09,DELHI_STORE_002,SKU_002_IndiaGate_Basmati_5kg,7,480.0,3360.0,50,0.42
2026-07-09,DELHI_STORE_002,SKU_003_Fortune_Sunflower_Oil_1L,23,145.0,3335.0,15,0.29
2026-07-09,DELHI_STORE_002,SKU_004_Amul_Butter_500g,20,275.0,5500.0,16,0.46
2026-07-09,DELHI_STORE_002,SKU_005_Tata_Tea_Gold_500g,14,320.0,4480.0,45,0.44
2026-07-09,DELHI_STORE_002,SKU_006_Tata_Salt_1kg,31,28.0,868.0,56,0.3
2026-07-09,DELHI_STORE_002,SKU_007_Toor_Dal_Premium_1kg,10,165.0,1650.0,49,0.27
2026-07-09,DELHI_STORE_002,SKU_008_Maggi_Noodles_12Pack,21,168.0,3528.0,59,0.26
2026-07-09,DELHI_STORE_002,SKU_009_Cadbury_Dairy_Milk_Silk,16,95.0,1520.0,49,0.5
2026-07-09,DELHI_STORE_002,SKU_010_Surf_Excel_Matic_2kg,8,390.0,3120.0,33,0.44
2026-07-09,BENGALURU_STORE_003,SKU_001_Aashirvaad_Atta_5kg,14,265.0,3710.0,59,0.32
2026-07-09,BENGALURU_STORE_003,SKU_002_IndiaGate_Basmati_5kg,9,480.0,4320.0,15,0.28
2026-07-09,BENGALURU_STORE_003,SKU_003_Fortune_Sunflower_Oil_1L,22,145.0,3190.0,26,0.35
2026-07-09,BENGALURU_STORE_003,SKU_004_Amul_Butter_500g,20,275.0,5500.0,56,0.44
2026-07-09,BENGALURU_STORE_003,SKU_005_Tata_Tea_Gold_500g,8,320.0,2560.0,45,0.37
2026-07-09,BENGALURU_STORE_003,SKU_006_Tata_Salt_1kg,40,28.0,1120.0,43,0.5
2026-07-09,BENGALURU_STORE_003,SKU_007_Toor_Dal_Premium_1kg,16,165.0,2640.0,52,0.28
2026-07-09,BENGALURU_STORE_003,SKU_008_Maggi_Noodles_12Pack,28,168.0,4704.0,35,0.31
2026-07-09,BENGALURU_STORE_003,SKU_009_Cadbury_Dairy_Milk_Silk,18,95.0,1710.0,48,0.4
2026-07-09,BENGALURU_STORE_003,SKU_010_Surf_Excel_Matic_2kg,7,390.0,2730.0,50,0.34
2026-07-09,HYDERABAD_STORE_004,SKU_001_Aashirvaad_Atta_5kg,14,265.0,3710.0,44,0.32
2026-07-09,HYDERABAD_STORE_004,SKU_002_IndiaGate_Basmati_5kg,4,480.0,1920.0,55,0.27
2026-07-09,HYDERABAD_STORE_004,SKU_003_Fortune_Sunflower_Oil_1L,25,145.0,3625.0,53,0.5
2026-07-09,HYDERABAD_STORE_004,SKU_004_Amul_Butter_500g,15,275.0,4125.0,20,0.32
2026-07-09,HYDERABAD_STORE_004,SKU_005_Tata_Tea_Gold_500g,16,320.0,5120.0,41,0.35
2026-07-09,HYDERABAD_STORE_004,SKU_006_Tata_Salt_1kg,23,28.0,644.0,53,0.34
2026-07-09,HYDERABAD_STORE_004,SKU_007_Toor_Dal_Premium_1kg,9,165.0,1485.0,29,0.25
2026-07-09,HYDERABAD_STORE_004,SKU_008_Maggi_Noodles_12Pack,31,168.0,5208.0,56,0.44
2026-07-09,HYDERABAD_STORE_004,SKU_009_Cadbury_Dairy_Milk_Silk,23,95.0,2185.0,34,0.26
2026-07-09,HYDERABAD_STORE_004,SKU_010_Surf_Excel_Matic_2kg,15,390.0,5850.0,27,0.36
2026-07-09,CHENNAI_STORE_005,SKU_001_Aashirvaad_Atta_5kg,11,265.0,2915.0,41,0.23
2026-07-09,CHENNAI_STORE_005,SKU_002_IndiaGate_Basmati_5kg,8,480.0,3840.0,45,0.47
2026-07-09,CHENNAI_STORE_005,SKU_003_Fortune_Sunflower_Oil_1L,27,145.0,3915.0,28,0.42
2026-07-09,CHENNAI_STORE_005,SKU_004_Amul_Butter_500g,11,275.0,3025.0,47,0.42
2026-07-09,CHENNAI_STORE_005,SKU_005_Tata_Tea_Gold_500g,7,320.0,2240.0,45,0.45
2026-07-09,CHENNAI_STORE_005,SKU_006_Tata_Salt_1kg,20,28.0,560.0,31,0.24
2026-07-09,CHENNAI_STORE_005,SKU_007_Toor_Dal_Premium_1kg,15,165.0,2475.0,15,0.25
2026-07-09,CHENNAI_STORE_005,SKU_008_Maggi_Noodles_12Pack,33,168.0,5544.0,42,0.34
2026-07-09,CHENNAI_STORE_005,SKU_009_Cadbury_Dairy_Milk_Silk,29,95.0,2755.0,24,0.21
2026-07-09,CHENNAI_STORE_005,SKU_010_Surf_Excel_Matic_2kg,9,390.0,3510.0,54,0.38
2026-07-10,MUMBAI_STORE_001,SKU_001_Aashirvaad_Atta_5kg,15,265.0,3975.0,19,0.33
2026-07-10,MUMBAI_STORE_001,SKU_002_IndiaGate_Basmati_5kg,6,480.0,2880.0,28,0.23
2026-07-10,MUMBAI_STORE_001,SKU_003_Fortune_Sunflower_Oil_1L,22,145.0,3190.0,54,0.42
2026-07-10,MUMBAI_STORE_001,SKU_004_Amul_Butter_500g,26,275.0,7150.0,15,0.4
2026-07-10,MUMBAI_STORE_001,SKU_005_Tata_Tea_Gold_500g,10,320.0,3200.0,29,0.28
2026-07-10,MUMBAI_STORE_001,SKU_006_Tata_Salt_1kg,35,28.0,980.0,38,0.4
2026-07-10,MUMBAI_STORE_001,SKU_007_Toor_Dal_Premium_1kg,15,165.0,2475.0,22,0.3
2026-07-10,MUMBAI_STORE_001,SKU_008_Maggi_Noodles_12Pack,29,168.0,4872.0,45,0.27
2026-07-10,MUMBAI_STORE_001,SKU_009_Cadbury_Dairy_Milk_Silk,21,95.0,1995.0,36,0.36
2026-07-10,MUMBAI_STORE_001,SKU_010_Surf_Excel_Matic_2kg,10,390.0,3900.0,47,0.23
2026-07-10,DELHI_STORE_002,SKU_001_Aashirvaad_Atta_5kg,17,265.0,4505.0,17,0.49
2026-07-10,DELHI_STORE_002,SKU_002_IndiaGate_Basmati_5kg,9,480.0,4320.0,29,0.47
2026-07-10,DELHI_STORE_002,SKU_003_Fortune_Sunflower_Oil_1L,28,145.0,4060.0,29,0.29
2026-07-10,DELHI_STORE_002,SKU_004_Amul_Butter_500g,17,275.0,4675.0,36,0.45
2026-07-10,DELHI_STORE_002,SKU_005_Tata_Tea_Gold_500g,11,320.0,3520.0,31,0.3
2026-07-10,DELHI_STORE_002,SKU_006_Tata_Salt_1kg,29,28.0,812.0,36,0.46
2026-07-10,DELHI_STORE_002,SKU_007_Toor_Dal_Premium_1kg,19,165.0,3135.0,54,0.42
2026-07-10,DELHI_STORE_002,SKU_008_Maggi_Noodles_12Pack,34,168.0,5712.0,37,0.2
2026-07-10,DELHI_STORE_002,SKU_009_Cadbury_Dairy_Milk_Silk,13,95.0,1235.0,22,0.21
2026-07-10,DELHI_STORE_002,SKU_010_Surf_Excel_Matic_2kg,15,390.0,5850.0,48,0.25
2026-07-10,BENGALURU_STORE_003,SKU_001_Aashirvaad_Atta_5kg,16,265.0,4240.0,15,0.5
2026-07-10,BENGALURU_STORE_003,SKU_002_IndiaGate_Basmati_5kg,10,480.0,4800.0,40,0.43
2026-07-10,BENGALURU_STORE_003,SKU_003_Fortune_Sunflower_Oil_1L,24,145.0,3480.0,15,0.43
2026-07-10,BENGALURU_STORE_003,SKU_004_Amul_Butter_500g,17,275.0,4675.0,33,0.36
2026-07-10,BENGALURU_STORE_003,SKU_005_Tata_Tea_Gold_500g,12,320.0,3840.0,49,0.36
2026-07-10,BENGALURU_STORE_003,SKU_006_Tata_Salt_1kg,32,28.0,896.0,16,0.37
2026-07-10,BENGALURU_STORE_003,SKU_007_Toor_Dal_Premium_1kg,12,165.0,1980.0,44,0.4
2026-07-10,BENGALURU_STORE_003,SKU_008_Maggi_Noodles_12Pack,29,168.0,4872.0,55,0.48
2026-07-10,BENGALURU_STORE_003,SKU_009_Cadbury_Dairy_Milk_Silk,24,95.0,2280.0,28,0.49
2026-07-10,BENGALURU_STORE_003,SKU_010_Surf_Excel_Matic_2kg,8,390.0,3120.0,34,0.22
2026-07-10,HYDERABAD_STORE_004,SKU_001_Aashirvaad_Atta_5kg,15,265.0,3975.0,37,0.21
2026-07-10,HYDERABAD_STORE_004,SKU_002_IndiaGate_Basmati_5kg,9,480.0,4320.0,32,0.38
2026-07-10,HYDERABAD_STORE_004,SKU_003_Fortune_Sunflower_Oil_1L,25,145.0,3625.0,22,0.49
2026-07-10,HYDERABAD_STORE_004,SKU_004_Amul_Butter_500g,16,275.0,4400.0,25,0.28
2026-07-10,HYDERABAD_STORE_004,SKU_005_Tata_Tea_Gold_500g,12,320.0,3840.0,22,0.28
2026-07-10,HYDERABAD_STORE_004,SKU_006_Tata_Salt_1kg,35,28.0,980.0,22,0.23
2026-07-10,HYDERABAD_STORE_004,SKU_007_Toor_Dal_Premium_1kg,17,165.0,2805.0,48,0.21
2026-07-10,HYDERABAD_STORE_004,SKU_008_Maggi_Noodles_12Pack,21,168.0,3528.0,47,0.22
2026-07-10,HYDERABAD_STORE_004,SKU_009_Cadbury_Dairy_Milk_Silk,25,95.0,2375.0,53,0.38
2026-07-10,HYDERABAD_STORE_004,SKU_010_Surf_Excel_Matic_2kg,7,390.0,2730.0,35,0.21
2026-07-10,CHENNAI_STORE_005,SKU_001_Aashirvaad_Atta_5kg,16,265.0,4240.0,39,0.21
2026-07-10,CHENNAI_STORE_005,SKU_002_IndiaGate_Basmati_5kg,12,480.0,5760.0,50,0.33
2026-07-10,CHENNAI_STORE_005,SKU_003_Fortune_Sunflower_Oil_1L,18,145.0,2610.0,55,0.45
2026-07-10,CHENNAI_STORE_005,SKU_004_Amul_Butter_500g,19,275.0,5225.0,36,0.32
2026-07-10,CHENNAI_STORE_005,SKU_005_Tata_Tea_Gold_500g,18,320.0,5760.0,33,0.3
2026-07-10,CHENNAI_STORE_005,SKU_006_Tata_Salt_1kg,35,28.0,980.0,38,0.24
2026-07-10,CHENNAI_STORE_005,SKU_007_Toor_Dal_Premium_1kg,16,165.0,2640.0,23,0.22
2026-07-10,CHENNAI_STORE_005,SKU_008_Maggi_Noodles_12Pack,29,168.0,4872.0,43,0.42
2026-07-10,CHENNAI_STORE_005,SKU_009_Cadbury_Dairy_Milk_Silk,22,95.0,2090.0,32,0.31
2026-07-10,CHENNAI_STORE_005,SKU_010_Surf_Excel_Matic_2kg,11,390.0,4290.0,53,0.46
2026-07-11,MUMBAI_STORE_001,SKU_001_Aashirvaad_Atta_5kg,15,265.0,3975.0,43,0.29
2026-07-11,MUMBAI_STORE_001,SKU_002_IndiaGate_Basmati_5kg,13,480.0,6240.0,24,0.27
2026-07-11,MUMBAI_STORE_001,SKU_003_Fortune_Sunflower_Oil_1L,31,145.0,4495.0,28,0.3
2026-07-11,MUMBAI_STORE_001,SKU_004_Amul_Butter_500g,20,275.0,5500.0,50,0.25
2026-07-11,MUMBAI_STORE_001,SKU_005_Tata_Tea_Gold_500g,11,320.0,3520.0,55,0.44
2026-07-11,MUMBAI_STORE_001,SKU_006_Tata_Salt_1kg,53,28.0,1484.0,39,0.23
2026-07-11,MUMBAI_STORE_001,SKU_007_Toor_Dal_Premium_1kg,26,165.0,4290.0,58,0.28
2026-07-11,MUMBAI_STORE_001,SKU_008_Maggi_Noodles_12Pack,40,168.0,6720.0,23,0.28
2026-07-11,MUMBAI_STORE_001,SKU_009_Cadbury_Dairy_Milk_Silk,29,95.0,2755.0,53,0.34
2026-07-11,MUMBAI_STORE_001,SKU_010_Surf_Excel_Matic_2kg,18,390.0,7020.0,49,0.3
2026-07-11,DELHI_STORE_002,SKU_001_Aashirvaad_Atta_5kg,25,265.0,6625.0,39,0.26
2026-07-11,DELHI_STORE_002,SKU_002_IndiaGate_Basmati_5kg,11,480.0,5280.0,27,0.49
2026-07-11,DELHI_STORE_002,SKU_003_Fortune_Sunflower_Oil_1L,34,145.0,4930.0,16,0.32
2026-07-11,DELHI_STORE_002,SKU_004_Amul_Butter_500g,36,275.0,9900.0,41,0.35
2026-07-11,DELHI_STORE_002,SKU_005_Tata_Tea_Gold_500g,22,320.0,7040.0,45,0.4
2026-07-11,DELHI_STORE_002,SKU_006_Tata_Salt_1kg,58,28.0,1624.0,36,0.32
2026-07-11,DELHI_STORE_002,SKU_007_Toor_Dal_Premium_1kg,20,165.0,3300.0,32,0.33
2026-07-11,DELHI_STORE_002,SKU_008_Maggi_Noodles_12Pack,46,168.0,7728.0,43,0.45
2026-07-11,DELHI_STORE_002,SKU_009_Cadbury_Dairy_Milk_Silk,27,95.0,2565.0,33,0.31
2026-07-11,DELHI_STORE_002,SKU_010_Surf_Excel_Matic_2kg,8,390.0,3120.0,34,0.23
2026-07-11,BENGALURU_STORE_003,SKU_001_Aashirvaad_Atta_5kg,22,265.0,5830.0,38,0.2
2026-07-11,BENGALURU_STORE_003,SKU_002_IndiaGate_Basmati_5kg,9,480.0,4320.0,36,0.49
2026-07-11,BENGALURU_STORE_003,SKU_003_Fortune_Sunflower_Oil_1L,38,145.0,5510.0,17,0.45
2026-07-11,BENGALURU_STORE_003,SKU_004_Amul_Butter_500g,34,275.0,9350.0,20,0.5
2026-07-11,BENGALURU_STORE_003,SKU_005_Tata_Tea_Gold_500g,14,320.0,4480.0,55,0.27
2026-07-11,BENGALURU_STORE_003,SKU_006_Tata_Salt_1kg,61,28.0,1708.0,58,0.28
2026-07-11,BENGALURU_STORE_003,SKU_007_Toor_Dal_Premium_1kg,34,165.0,5610.0,46,0.36
2026-07-11,BENGALURU_STORE_003,SKU_008_Maggi_Noodles_12Pack,36,168.0,6048.0,46,0.26
2026-07-11,BENGALURU_STORE_003,SKU_009_Cadbury_Dairy_Milk_Silk,30,95.0,2850.0,58,0.21
2026-07-11,BENGALURU_STORE_003,SKU_010_Surf_Excel_Matic_2kg,10,390.0,3900.0,33,0.27
2026-07-11,HYDERABAD_STORE_004,SKU_001_Aashirvaad_Atta_5kg,20,265.0,5300.0,47,0.37
2026-07-11,HYDERABAD_STORE_004,SKU_002_IndiaGate_Basmati_5kg,6,480.0,2880.0,22,0.44
2026-07-11,HYDERABAD_STORE_004,SKU_003_Fortune_Sunflower_Oil_1L,27,145.0,3915.0,30,0.46
2026-07-11,HYDERABAD_STORE_004,SKU_004_Amul_Butter_500g,19,275.0,5225.0,21,0.41
2026-07-11,HYDERABAD_STORE_004,SKU_005_Tata_Tea_Gold_500g,23,320.0,7360.0,36,0.48
2026-07-11,HYDERABAD_STORE_004,SKU_006_Tata_Salt_1kg,50,28.0,1400.0,41,0.41
2026-07-11,HYDERABAD_STORE_004,SKU_007_Toor_Dal_Premium_1kg,16,165.0,2640.0,34,0.22
2026-07-11,HYDERABAD_STORE_004,SKU_008_Maggi_Noodles_12Pack,41,168.0,6888.0,19,0.39
2026-07-11,HYDERABAD_STORE_004,SKU_009_Cadbury_Dairy_Milk_Silk,35,95.0,3325.0,42,0.38
2026-07-11,HYDERABAD_STORE_004,SKU_010_Surf_Excel_Matic_2kg,12,390.0,4680.0,37,0.34
2026-07-11,CHENNAI_STORE_005,SKU_001_Aashirvaad_Atta_5kg,15,265.0,3975.0,51,0.43
2026-07-11,CHENNAI_STORE_005,SKU_002_IndiaGate_Basmati_5kg,14,480.0,6720.0,26,0.46
2026-07-11,CHENNAI_STORE_005,SKU_003_Fortune_Sunflower_Oil_1L,39,145.0,5655.0,20,0.49
2026-07-11,CHENNAI_STORE_005,SKU_004_Amul_Butter_500g,33,275.0,9075.0,44,0.36
2026-07-11,CHENNAI_STORE_005,SKU_005_Tata_Tea_Gold_500g,17,320.0,5440.0,37,0.35
2026-07-11,CHENNAI_STORE_005,SKU_006_Tata_Salt_1kg,42,28.0,1176.0,22,0.26
2026-07-11,CHENNAI_STORE_005,SKU_007_Toor_Dal_Premium_1kg,38,165.0,6270.0,27,0.38
2026-07-11,CHENNAI_STORE_005,SKU_008_Maggi_Noodles_12Pack,38,168.0,6384.0,50,0.44
2026-07-11,CHENNAI_STORE_005,SKU_009_Cadbury_Dairy_Milk_Silk,24,95.0,2280.0,57,0.45
2026-07-11,CHENNAI_STORE_005,SKU_010_Surf_Excel_Matic_2kg,16,390.0,6240.0,33,0.37
2026-07-12,MUMBAI_STORE_001,SKU_001_Aashirvaad_Atta_5kg,15,265.0,3975.0,42,0.3
2026-07-12,MUMBAI_STORE_001,SKU_002_IndiaGate_Basmati_5kg,9,480.0,4320.0,19,0.45
2026-07-12,MUMBAI_STORE_001,SKU_003_Fortune_Sunflower_Oil_1L,24,145.0,3480.0,43,0.34
2026-07-12,MUMBAI_STORE_001,SKU_004_Amul_Butter_500g,34,275.0,9350.0,27,0.35
2026-07-12,MUMBAI_STORE_001,SKU_005_Tata_Tea_Gold_500g,16,320.0,5120.0,46,0.43
2026-07-12,MUMBAI_STORE_001,SKU_006_Tata_Salt_1kg,45,28.0,1260.0,32,0.4
2026-07-12,MUMBAI_STORE_001,SKU_007_Toor_Dal_Premium_1kg,28,165.0,4620.0,26,0.31
2026-07-12,MUMBAI_STORE_001,SKU_008_Maggi_Noodles_12Pack,36,168.0,6048.0,58,0.47
2026-07-12,MUMBAI_STORE_001,SKU_009_Cadbury_Dairy_Milk_Silk,23,95.0,2185.0,34,0.31
2026-07-12,MUMBAI_STORE_001,SKU_010_Surf_Excel_Matic_2kg,18,390.0,7020.0,40,0.46
2026-07-12,DELHI_STORE_002,SKU_001_Aashirvaad_Atta_5kg,24,265.0,6360.0,47,0.33
2026-07-12,DELHI_STORE_002,SKU_002_IndiaGate_Basmati_5kg,9,480.0,4320.0,36,0.31
2026-07-12,DELHI_STORE_002,SKU_003_Fortune_Sunflower_Oil_1L,27,145.0,3915.0,49,0.27
2026-07-12,DELHI_STORE_002,SKU_004_Amul_Butter_500g,28,275.0,7700.0,26,0.2
2026-07-12,DELHI_STORE_002,SKU_005_Tata_Tea_Gold_500g,13,320.0,4160.0,42,0.25
2026-07-12,DELHI_STORE_002,SKU_006_Tata_Salt_1kg,51,28.0,1428.0,28,0.21
2026-07-12,DELHI_STORE_002,SKU_007_Toor_Dal_Premium_1kg,10,165.0,1650.0,48,0.3
2026-07-12,DELHI_STORE_002,SKU_008_Maggi_Noodles_12Pack,42,168.0,7056.0,35,0.35
2026-07-12,DELHI_STORE_002,SKU_009_Cadbury_Dairy_Milk_Silk,32,95.0,3040.0,20,0.37
2026-07-12,DELHI_STORE_002,SKU_010_Surf_Excel_Matic_2kg,12,390.0,4680.0,44,0.35
2026-07-12,BENGALURU_STORE_003,SKU_001_Aashirvaad_Atta_5kg,22,265.0,5830.0,48,0.41
2026-07-12,BENGALURU_STORE_003,SKU_002_IndiaGate_Basmati_5kg,11,480.0,5280.0,54,0.33
2026-07-12,BENGALURU_STORE_003,SKU_003_Fortune_Sunflower_Oil_1L,29,145.0,4205.0,41,0.22
2026-07-12,BENGALURU_STORE_003,SKU_004_Amul_Butter_500g,33,275.0,9075.0,48,0.43
2026-07-12,BENGALURU_STORE_003,SKU_005_Tata_Tea_Gold_500g,26,320.0,8320.0,41,0.33
2026-07-12,BENGALURU_STORE_003,SKU_006_Tata_Salt_1kg,46,28.0,1288.0,40,0.34
2026-07-12,BENGALURU_STORE_003,SKU_007_Toor_Dal_Premium_1kg,16,165.0,2640.0,48,0.43
2026-07-12,BENGALURU_STORE_003,SKU_008_Maggi_Noodles_12Pack,45,168.0,7560.0,57,0.46
2026-07-12,BENGALURU_STORE_003,SKU_009_Cadbury_Dairy_Milk_Silk,26,95.0,2470.0,34,0.32
2026-07-12,BENGALURU_STORE_003,SKU_010_Surf_Excel_Matic_2kg,15,390.0,5850.0,48,0.35
2026-07-12,HYDERABAD_STORE_004,SKU_001_Aashirvaad_Atta_5kg,13,265.0,3445.0,17,0.41
2026-07-12,HYDERABAD_STORE_004,SKU_002_IndiaGate_Basmati_5kg,15,480.0,7200.0,56,0.38
2026-07-12,HYDERABAD_STORE_004,SKU_003_Fortune_Sunflower_Oil_1L,33,145.0,4785.0,28,0.31
2026-07-12,HYDERABAD_STORE_004,SKU_004_Amul_Butter_500g,26,275.0,7150.0,38,0.3
2026-07-12,HYDERABAD_STORE_004,SKU_005_Tata_Tea_Gold_500g,10,320.0,3200.0,51,0.24
2026-07-12,HYDERABAD_STORE_004,SKU_006_Tata_Salt_1kg,56,28.0,1568.0,33,0.28
2026-07-12,HYDERABAD_STORE_004,SKU_007_Toor_Dal_Premium_1kg,29,165.0,4785.0,39,0.38
2026-07-12,HYDERABAD_STORE_004,SKU_008_Maggi_Noodles_12Pack,26,168.0,4368.0,23,0.26
2026-07-12,HYDERABAD_STORE_004,SKU_009_Cadbury_Dairy_Milk_Silk,27,95.0,2565.0,44,0.46
2026-07-12,HYDERABAD_STORE_004,SKU_010_Surf_Excel_Matic_2kg,14,390.0,5460.0,21,0.3
2026-07-12,CHENNAI_STORE_005,SKU_001_Aashirvaad_Atta_5kg,18,265.0,4770.0,56,0.46
2026-07-12,CHENNAI_STORE_005,SKU_002_IndiaGate_Basmati_5kg,7,480.0,3360.0,31,0.29
2026-07-12,CHENNAI_STORE_005,SKU_003_Fortune_Sunflower_Oil_1L,33,145.0,4785.0,58,0.4
2026-07-12,CHENNAI_STORE_005,SKU_004_Amul_Butter_500g,32,275.0,8800.0,24,0.36
2026-07-12,CHENNAI_STORE_005,SKU_005_Tata_Tea_Gold_500g,18,320.0,5760.0,24,0.31
2026-07-12,CHENNAI_STORE_005,SKU_006_Tata_Salt_1kg,47,28.0,1316.0,34,0.43
2026-07-12,CHENNAI_STORE_005,SKU_007_Toor_Dal_Premium_1kg,27,165.0,4455.0,40,0.47
2026-07-12,CHENNAI_STORE_005,SKU_008_Maggi_Noodles_12Pack,35,168.0,5880.0,24,0.22
2026-07-12,CHENNAI_STORE_005,SKU_009_Cadbury_Dairy_Milk_Silk,39,95.0,3705.0,52,0.37
2026-07-12,CHENNAI_STORE_005,SKU_010_Surf_Excel_Matic_2kg,13,390.0,5070.0,34,0.36
2026-07-13,MUMBAI_STORE_001,SKU_001_Aashirvaad_Atta_5kg,13,265.0,3445.0,36,0.21
2026-07-13,MUMBAI_STORE_001,SKU_002_IndiaGate_Basmati_5kg,4,480.0,1920.0,26,0.41
2026-07-13,MUMBAI_STORE_001,SKU_003_Fortune_Sunflower_Oil_1L,15,145.0,2175.0,24,0.26
2026-07-13,MUMBAI_STORE_001,SKU_004_Amul_Butter_500g,13,275.0,3575.0,49,0.46
2026-07-13,MUMBAI_STORE_001,SKU_005_Tata_Tea_Gold_500g,13,320.0,4160.0,27,0.34
2026-07-13,MUMBAI_STORE_001,SKU_006_Tata_Salt_1kg,49,28.0,1372.0,47,0.33
2026-07-13,MUMBAI_STORE_001,SKU_007_Toor_Dal_Premium_1kg,13,165.0,2145.0,18,0.44
2026-07-13,MUMBAI_STORE_001,SKU_008_Maggi_Noodles_12Pack,21,168.0,3528.0,18,0.49
2026-07-13,MUMBAI_STORE_001,SKU_009_Cadbury_Dairy_Milk_Silk,20,95.0,1900.0,31,0.26
2026-07-13,MUMBAI_STORE_001,SKU_010_Surf_Excel_Matic_2kg,9,390.0,3510.0,59,0.23
2026-07-13,DELHI_STORE_002,SKU_001_Aashirvaad_Atta_5kg,15,265.0,3975.0,39,0.4
2026-07-13,DELHI_STORE_002,SKU_002_IndiaGate_Basmati_5kg,7,480.0,3360.0,23,0.2
2026-07-13,DELHI_STORE_002,SKU_003_Fortune_Sunflower_Oil_1L,18,145.0,2610.0,25,0.35
2026-07-13,DELHI_STORE_002,SKU_004_Amul_Butter_500g,24,275.0,6600.0,32,0.31
2026-07-13,DELHI_STORE_002,SKU_005_Tata_Tea_Gold_500g,11,320.0,3520.0,43,0.31
2026-07-13,DELHI_STORE_002,SKU_006_Tata_Salt_1kg,42,28.0,1176.0,42,0.31
2026-07-13,DELHI_STORE_002,SKU_007_Toor_Dal_Premium_1kg,12,165.0,1980.0,36,0.27
2026-07-13,DELHI_STORE_002,SKU_008_Maggi_Noodles_12Pack,20,168.0,3360.0,49,0.27
2026-07-13,DELHI_STORE_002,SKU_009_Cadbury_Dairy_Milk_Silk,20,95.0,1900.0,41,0.46
2026-07-13,DELHI_STORE_002,SKU_010_Surf_Excel_Matic_2kg,14,390.0,5460.0,15,0.33
2026-07-13,BENGALURU_STORE_003,SKU_001_Aashirvaad_Atta_5kg,15,265.0,3975.0,44,0.25
2026-07-13,BENGALURU_STORE_003,SKU_002_IndiaGate_Basmati_5kg,7,480.0,3360.0,25,0.44
2026-07-13,BENGALURU_STORE_003,SKU_003_Fortune_Sunflower_Oil_1L,24,145.0,3480.0,30,0.34
2026-07-13,BENGALURU_STORE_003,SKU_004_Amul_Butter_500g,19,275.0,5225.0,46,0.33
2026-07-13,BENGALURU_STORE_003,SKU_005_Tata_Tea_Gold_500g,9,320.0,2880.0,15,0.29
2026-07-13,BENGALURU_STORE_003,SKU_006_Tata_Salt_1kg,35,28.0,980.0,46,0.42
2026-07-13,BENGALURU_STORE_003,SKU_007_Toor_Dal_Premium_1kg,9,165.0,1485.0,15,0.41
2026-07-13,BENGALURU_STORE_003,SKU_008_Maggi_Noodles_12Pack,23,168.0,3864.0,30,0.45
2026-07-13,BENGALURU_STORE_003,SKU_009_Cadbury_Dairy_Milk_Silk,14,95.0,1330.0,30,0.32
2026-07-13,BENGALURU_STORE_003,SKU_010_Surf_Excel_Matic_2kg,8,390.0,3120.0,19,0.31
2026-07-13,HYDERABAD_STORE_004,SKU_001_Aashirvaad_Atta_5kg,18,265.0,4770.0,57,0.5
2026-07-13,HYDERABAD_STORE_004,SKU_002_IndiaGate_Basmati_5kg,7,480.0,3360.0,52,0.41
2026-07-13,HYDERABAD_STORE_004,SKU_003_Fortune_Sunflower_Oil_1L,23,145.0,3335.0,46,0.26
2026-07-13,HYDERABAD_STORE_004,SKU_004_Amul_Butter_500g,17,275.0,4675.0,17,0.49
2026-07-13,HYDERABAD_STORE_004,SKU_005_Tata_Tea_Gold_500g,12,320.0,3840.0,56,0.46
2026-07-13,HYDERABAD_STORE_004,SKU_006_Tata_Salt_1kg,35,28.0,980.0,20,0.31
2026-07-13,HYDERABAD_STORE_004,SKU_007_Toor_Dal_Premium_1kg,13,165.0,2145.0,58,0.37
2026-07-13,HYDERABAD_STORE_004,SKU_008_Maggi_Noodles_12Pack,32,168.0,5376.0,36,0.46
2026-07-13,HYDERABAD_STORE_004,SKU_009_Cadbury_Dairy_Milk_Silk,20,95.0,1900.0,28,0.24
2026-07-13,HYDERABAD_STORE_004,SKU_010_Surf_Excel_Matic_2kg,14,390.0,5460.0,55,0.48
2026-07-13,CHENNAI_STORE_005,SKU_001_Aashirvaad_Atta_5kg,6,265.0,1590.0,31,0.39
2026-07-13,CHENNAI_STORE_005,SKU_002_IndiaGate_Basmati_5kg,9,480.0,4320.0,37,0.23
2026-07-13,CHENNAI_STORE_005,SKU_003_Fortune_Sunflower_Oil_1L,36,145.0,5220.0,48,0.36
2026-07-13,CHENNAI_STORE_005,SKU_004_Amul_Butter_500g,16,275.0,4400.0,42,0.38
2026-07-13,CHENNAI_STORE_005,SKU_005_Tata_Tea_Gold_500g,10,320.0,3200.0,28,0.33
2026-07-13,CHENNAI_STORE_005,SKU_006_Tata_Salt_1kg,36,28.0,1008.0,56,0.31
2026-07-13,CHENNAI_STORE_005,SKU_007_Toor_Dal_Premium_1kg,9,165.0,1485.0,42,0.35
2026-07-13,CHENNAI_STORE_005,SKU_008_Maggi_Noodles_12Pack,28,168.0,4704.0,27,0.45
2026-07-13,CHENNAI_STORE_005,SKU_009_Cadbury_Dairy_Milk_Silk,13,95.0,1235.0,31,0.38
2026-07-13,CHENNAI_STORE_005,SKU_010_Surf_Excel_Matic_2kg,6,390.0,2340.0,24,0.24
2026-07-14,MUMBAI_STORE_001,SKU_001_Aashirvaad_Atta_5kg,12,265.0,3180.0,41,0.44
2026-07-14,MUMBAI_STORE_001,SKU_002_IndiaGate_Basmati_5kg,7,480.0,3360.0,44,0.26
2026-07-14,MUMBAI_STORE_001,SKU_003_Fortune_Sunflower_Oil_1L,14,145.0,2030.0,37,0.38
2026-07-14,MUMBAI_STORE_001,SKU_004_Amul_Butter_500g,15,275.0,4125.0,41,0.3
2026-07-14,MUMBAI_STORE_001,SKU_005_Tata_Tea_Gold_500g,9,320.0,2880.0,33,0.37
2026-07-14,MUMBAI_STORE_001,SKU_006_Tata_Salt_1kg,33,28.0,924.0,49,0.33
2026-07-14,MUMBAI_STORE_001,SKU_007_Toor_Dal_Premium_1kg,12,165.0,1980.0,15,0.39
2026-07-14,MUMBAI_STORE_001,SKU_008_Maggi_Noodles_12Pack,27,168.0,4536.0,29,0.3
2026-07-14,MUMBAI_STORE_001,SKU_009_Cadbury_Dairy_Milk_Silk,22,95.0,2090.0,56,0.27
2026-07-14,MUMBAI_STORE_001,SKU_010_Surf_Excel_Matic_2kg,13,390.0,5070.0,18,0.46
2026-07-14,DELHI_STORE_002,SKU_001_Aashirvaad_Atta_5kg,19,265.0,5035.0,46,0.37
2026-07-14,DELHI_STORE_002,SKU_002_IndiaGate_Basmati_5kg,8,480.0,3840.0,44,0.26
2026-07-14,DELHI_STORE_002,SKU_003_Fortune_Sunflower_Oil_1L,18,145.0,2610.0,48,0.33
2026-07-14,DELHI_STORE_002,SKU_004_Amul_Butter_500g,26,275.0,7150.0,35,0.37
2026-07-14,DELHI_STORE_002,SKU_005_Tata_Tea_Gold_500g,14,320.0,4480.0,54,0.31
2026-07-14,DELHI_STORE_002,SKU_006_Tata_Salt_1kg,31,28.0,868.0,16,0.21
2026-07-14,DELHI_STORE_002,SKU_007_Toor_Dal_Premium_1kg,21,165.0,3465.0,44,0.38
2026-07-14,DELHI_STORE_002,SKU_008_Maggi_Noodles_12Pack,31,168.0,5208.0,54,0.31
2026-07-14,DELHI_STORE_002,SKU_009_Cadbury_Dairy_Milk_Silk,28,95.0,2660.0,26,0.37
2026-07-14,DELHI_STORE_002,SKU_010_Surf_Excel_Matic_2kg,10,390.0,3900.0,41,0.29
2026-07-14,BENGALURU_STORE_003,SKU_001_Aashirvaad_Atta_5kg,16,265.0,4240.0,38,0.4
2026-07-14,BENGALURU_STORE_003,SKU_002_IndiaGate_Basmati_5kg,12,480.0,5760.0,40,0.24
2026-07-14,BENGALURU_STORE_003,SKU_003_Fortune_Sunflower_Oil_1L,22,145.0,3190.0,15,0.28
2026-07-14,BENGALURU_STORE_003,SKU_004_Amul_Butter_500g,21,275.0,5775.0,57,0.38
2026-07-14,BENGALURU_STORE_003,SKU_005_Tata_Tea_Gold_500g,15,320.0,4800.0,46,0.48
2026-07-14,BENGALURU_STORE_003,SKU_006_Tata_Salt_1kg,39,28.0,1092.0,47,0.21
2026-07-14,BENGALURU_STORE_003,SKU_007_Toor_Dal_Premium_1kg,15,165.0,2475.0,22,0.21
2026-07-14,BENGALURU_STORE_003,SKU_008_Maggi_Noodles_12Pack,18,168.0,3024.0,51,0.5
2026-07-14,BENGALURU_STORE_003,SKU_009_Cadbury_Dairy_Milk_Silk,18,95.0,1710.0,57,0.25
2026-07-14,BENGALURU_STORE_003,SKU_010_Surf_Excel_Matic_2kg,12,390.0,4680.0,19,0.46
2026-07-14,HYDERABAD_STORE_004,SKU_001_Aashirvaad_Atta_5kg,18,265.0,4770.0,19,0.21
2026-07-14,HYDERABAD_STORE_004,SKU_002_IndiaGate_Basmati_5kg,7,480.0,3360.0,38,0.32
2026-07-14,HYDERABAD_STORE_004,SKU_003_Fortune_Sunflower_Oil_1L,19,145.0,2755.0,51,0.5
2026-07-14,HYDERABAD_STORE_004,SKU_004_Amul_Butter_500g,16,275.0,4400.0,42,0.42
2026-07-14,HYDERABAD_STORE_004,SKU_005_Tata_Tea_Gold_500g,11,320.0,3520.0,40,0.34
2026-07-14,HYDERABAD_STORE_004,SKU_006_Tata_Salt_1kg,41,28.0,1148.0,29,0.34
2026-07-14,HYDERABAD_STORE_004,SKU_007_Toor_Dal_Premium_1kg,14,165.0,2310.0,52,0.42
2026-07-14,HYDERABAD_STORE_004,SKU_008_Maggi_Noodles_12Pack,23,168.0,3864.0,19,0.44
2026-07-14,HYDERABAD_STORE_004,SKU_009_Cadbury_Dairy_Milk_Silk,20,95.0,1900.0,44,0.39
2026-07-14,HYDERABAD_STORE_004,SKU_010_Surf_Excel_Matic_2kg,7,390.0,2730.0,34,0.37
2026-07-14,CHENNAI_STORE_005,SKU_001_Aashirvaad_Atta_5kg,14,265.0,3710.0,34,0.42
2026-07-14,CHENNAI_STORE_005,SKU_002_IndiaGate_Basmati_5kg,6,480.0,2880.0,35,0.46
2026-07-14,CHENNAI_STORE_005,SKU_003_Fortune_Sunflower_Oil_1L,26,145.0,3770.0,29,0.4
2026-07-14,CHENNAI_STORE_005,SKU_004_Amul_Butter_500g,19,275.0,5225.0,28,0.47
2026-07-14,CHENNAI_STORE_005,SKU_005_Tata_Tea_Gold_500g,9,320.0,2880.0,15,0.4
2026-07-14,CHENNAI_STORE_005,SKU_006_Tata_Salt_1kg,34,28.0,952.0,53,0.46
2026-07-14,CHENNAI_STORE_005,SKU_007_Toor_Dal_Premium_1kg,14,165.0,2310.0,52,0.29
2026-07-14,CHENNAI_STORE_005,SKU_008_Maggi_Noodles_12Pack,35,168.0,5880.0,44,0.4
2026-07-14,CHENNAI_STORE_005,SKU_009_Cadbury_Dairy_Milk_Silk,16,95.0,1520.0,52,0.43
2026-07-14,CHENNAI_STORE_005,SKU_010_Surf_Excel_Matic_2kg,8,390.0,3120.0,17,0.26
2026-07-15,MUMBAI_STORE_001,SKU_001_Aashirvaad_Atta_5kg,14,265.0,3710.0,52,0.42
2026-07-15,MUMBAI_STORE_001,SKU_002_IndiaGate_Basmati_5kg,14,480.0,6720.0,45,0.29
2026-07-15,MUMBAI_STORE_001,SKU_003_Fortune_Sunflower_Oil_1L,24,145.0,3480.0,21,0.26
2026-07-15,MUMBAI_STORE_001,SKU_004_Amul_Butter_500g,19,275.0,5225.0,26,0.45
2026-07-15,MUMBAI_STORE_001,SKU_005_Tata_Tea_Gold_500g,10,320.0,3200.0,57,0.27
2026-07-15,MUMBAI_STORE_001,SKU_006_Tata_Salt_1kg,33,28.0,924.0,48,0.47
2026-07-15,MUMBAI_STORE_001,SKU_007_Toor_Dal_Premium_1kg,12,165.0,1980.0,32,0.24
2026-07-15,MUMBAI_STORE_001,SKU_008_Maggi_Noodles_12Pack,28,168.0,4704.0,16,0.45
2026-07-15,MUMBAI_STORE_001,SKU_009_Cadbury_Dairy_Milk_Silk,16,95.0,1520.0,45,0.33
2026-07-15,MUMBAI_STORE_001,SKU_010_Surf_Excel_Matic_2kg,9,390.0,3510.0,33,0.43
2026-07-15,DELHI_STORE_002,SKU_001_Aashirvaad_Atta_5kg,20,265.0,5300.0,34,0.41
2026-07-15,DELHI_STORE_002,SKU_002_IndiaGate_Basmati_5kg,9,480.0,4320.0,54,0.34
2026-07-15,DELHI_STORE_002,SKU_003_Fortune_Sunflower_Oil_1L,19,145.0,2755.0,54,0.25
2026-07-15,DELHI_STORE_002,SKU_004_Amul_Butter_500g,17,275.0,4675.0,49,0.34
2026-07-15,DELHI_STORE_002,SKU_005_Tata_Tea_Gold_500g,10,320.0,3200.0,53,0.37
2026-07-15,DELHI_STORE_002,SKU_006_Tata_Salt_1kg,44,28.0,1232.0,57,0.21
2026-07-15,DELHI_STORE_002,SKU_007_Toor_Dal_Premium_1kg,14,165.0,2310.0,27,0.28
2026-07-15,DELHI_STORE_002,SKU_008_Maggi_Noodles_12Pack,22,168.0,3696.0,34,0.42
2026-07-15,DELHI_STORE_002,SKU_009_Cadbury_Dairy_Milk_Silk,27,95.0,2565.0,24,0.48
2026-07-15,DELHI_STORE_002,SKU_010_Surf_Excel_Matic_2kg,8,390.0,3120.0,19,0.37
2026-07-15,BENGALURU_STORE_003,SKU_001_Aashirvaad_Atta_5kg,9,265.0,2385.0,28,0.28
2026-07-15,BENGALURU_STORE_003,SKU_002_IndiaGate_Basmati_5kg,6,480.0,2880.0,54,0.26
2026-07-15,BENGALURU_STORE_003,SKU_003_Fortune_Sunflower_Oil_1L,32,145.0,4640.0,34,0.41
2026-07-15,BENGALURU_STORE_003,SKU_004_Amul_Butter_500g,19,275.0,5225.0,39,0.42
2026-07-15,BENGALURU_STORE_003,SKU_005_Tata_Tea_Gold_500g,4,320.0,1280.0,35,0.24
2026-07-15,BENGALURU_STORE_003,SKU_006_Tata_Salt_1kg,38,28.0,1064.0,34,0.26
2026-07-15,BENGALURU_STORE_003,SKU_007_Toor_Dal_Premium_1kg,17,165.0,2805.0,16,0.22
2026-07-15,BENGALURU_STORE_003,SKU_008_Maggi_Noodles_12Pack,37,168.0,6216.0,46,0.22
2026-07-15,BENGALURU_STORE_003,SKU_009_Cadbury_Dairy_Milk_Silk,13,95.0,1235.0,35,0.49
2026-07-15,BENGALURU_STORE_003,SKU_010_Surf_Excel_Matic_2kg,11,390.0,4290.0,31,0.48
2026-07-15,HYDERABAD_STORE_004,SKU_001_Aashirvaad_Atta_5kg,15,265.0,3975.0,25,0.21
2026-07-15,HYDERABAD_STORE_004,SKU_002_IndiaGate_Basmati_5kg,6,480.0,2880.0,21,0.47
2026-07-15,HYDERABAD_STORE_004,SKU_003_Fortune_Sunflower_Oil_1L,25,145.0,3625.0,40,0.29
2026-07-15,HYDERABAD_STORE_004,SKU_004_Amul_Butter_500g,17,275.0,4675.0,22,0.31
2026-07-15,HYDERABAD_STORE_004,SKU_005_Tata_Tea_Gold_500g,17,320.0,5440.0,57,0.48
2026-07-15,HYDERABAD_STORE_004,SKU_006_Tata_Salt_1kg,28,28.0,784.0,53,0.32
2026-07-15,HYDERABAD_STORE_004,SKU_007_Toor_Dal_Premium_1kg,17,165.0,2805.0,21,0.23
2026-07-15,HYDERABAD_STORE_004,SKU_008_Maggi_Noodles_12Pack,34,168.0,5712.0,41,0.43
2026-07-15,HYDERABAD_STORE_004,SKU_009_Cadbury_Dairy_Milk_Silk,19,95.0,1805.0,31,0.27
2026-07-15,HYDERABAD_STORE_004,SKU_010_Surf_Excel_Matic_2kg,12,390.0,4680.0,59,0.3
2026-07-15,CHENNAI_STORE_005,SKU_001_Aashirvaad_Atta_5kg,20,265.0,5300.0,25,0.44
2026-07-15,CHENNAI_STORE_005,SKU_002_IndiaGate_Basmati_5kg,11,480.0,5280.0,36,0.21
2026-07-15,CHENNAI_STORE_005,SKU_003_Fortune_Sunflower_Oil_1L,21,145.0,3045.0,22,0.4
2026-07-15,CHENNAI_STORE_005,SKU_004_Amul_Butter_500g,19,275.0,5225.0,26,0.43
2026-07-15,CHENNAI_STORE_005,SKU_005_Tata_Tea_Gold_500g,14,320.0,4480.0,39,0.24
2026-07-15,CHENNAI_STORE_005,SKU_006_Tata_Salt_1kg,34,28.0,952.0,33,0.45
2026-07-15,CHENNAI_STORE_005,SKU_007_Toor_Dal_Premium_1kg,17,165.0,2805.0,41,0.35
2026-07-15,CHENNAI_STORE_005,SKU_008_Maggi_Noodles_12Pack,23,168.0,3864.0,33,0.22
2026-07-15,CHENNAI_STORE_005,SKU_009_Cadbury_Dairy_Milk_Silk,13,95.0,1235.0,28,0.48
2026-07-15,CHENNAI_STORE_005,SKU_010_Surf_Excel_Matic_2kg,9,390.0,3510.0,38,0.41
2026-07-16,MUMBAI_STORE_001,SKU_001_Aashirvaad_Atta_5kg,14,265.0,3710.0,31,0.23
2026-07-16,MUMBAI_STORE_001,SKU_002_IndiaGate_Basmati_5kg,4,480.0,1920.0,59,0.34
2026-07-16,MUMBAI_STORE_001,SKU_003_Fortune_Sunflower_Oil_1L,27,145.0,3915.0,37,0.48
2026-07-16,MUMBAI_STORE_001,SKU_004_Amul_Butter_500g,24,275.0,6600.0,28,0.36
2026-07-16,MUMBAI_STORE_001,SKU_005_Tata_Tea_Gold_500g,9,320.0,2880.0,36,0.45
2026-07-16,MUMBAI_STORE_001,SKU_006_Tata_Salt_1kg,44,28.0,1232.0,15,0.46
2026-07-16,MUMBAI_STORE_001,SKU_007_Toor_Dal_Premium_1kg,12,165.0,1980.0,16,0.32
2026-07-16,MUMBAI_STORE_001,SKU_008_Maggi_Noodles_12Pack,24,168.0,4032.0,55,0.46
2026-07-16,MUMBAI_STORE_001,SKU_009_Cadbury_Dairy_Milk_Silk,16,95.0,1520.0,43,0.3
2026-07-16,MUMBAI_STORE_001,SKU_010_Surf_Excel_Matic_2kg,12,390.0,4680.0,21,0.41
2026-07-16,DELHI_STORE_002,SKU_001_Aashirvaad_Atta_5kg,6,265.0,1590.0,59,0.33
2026-07-16,DELHI_STORE_002,SKU_002_IndiaGate_Basmati_5kg,10,480.0,4800.0,33,0.3
2026-07-16,DELHI_STORE_002,SKU_003_Fortune_Sunflower_Oil_1L,21,145.0,3045.0,36,0.48
2026-07-16,DELHI_STORE_002,SKU_004_Amul_Butter_500g,15,275.0,4125.0,50,0.36
2026-07-16,DELHI_STORE_002,SKU_005_Tata_Tea_Gold_500g,12,320.0,3840.0,32,0.28
2026-07-16,DELHI_STORE_002,SKU_006_Tata_Salt_1kg,43,28.0,1204.0,30,0.36
2026-07-16,DELHI_STORE_002,SKU_007_Toor_Dal_Premium_1kg,11,165.0,1815.0,30,0.21
2026-07-16,DELHI_STORE_002,SKU_008_Maggi_Noodles_12Pack,26,168.0,4368.0,32,0.42
2026-07-16,DELHI_STORE_002,SKU_009_Cadbury_Dairy_Milk_Silk,22,95.0,2090.0,21,0.41
2026-07-16,DELHI_STORE_002,SKU_010_Surf_Excel_Matic_2kg,4,390.0,1560.0,49,0.23
2026-07-16,BENGALURU_STORE_003,SKU_001_Aashirvaad_Atta_5kg,18,265.0,4770.0,46,0.49
2026-07-16,BENGALURU_STORE_003,SKU_002_IndiaGate_Basmati_5kg,10,480.0,4800.0,51,0.34
2026-07-16,BENGALURU_STORE_003,SKU_003_Fortune_Sunflower_Oil_1L,21,145.0,3045.0,37,0.48
2026-07-16,BENGALURU_STORE_003,SKU_004_Amul_Butter_500g,13,275.0,3575.0,51,0.4
2026-07-16,BENGALURU_STORE_003,SKU_005_Tata_Tea_Gold_500g,13,320.0,4160.0,53,0.45
2026-07-16,BENGALURU_STORE_003,SKU_006_Tata_Salt_1kg,27,28.0,756.0,33,0.28
2026-07-16,BENGALURU_STORE_003,SKU_007_Toor_Dal_Premium_1kg,21,165.0,3465.0,51,0.28
2026-07-16,BENGALURU_STORE_003,SKU_008_Maggi_Noodles_12Pack,17,168.0,2856.0,27,0.33
2026-07-16,BENGALURU_STORE_003,SKU_009_Cadbury_Dairy_Milk_Silk,13,95.0,1235.0,50,0.25
2026-07-16,BENGALURU_STORE_003,SKU_010_Surf_Excel_Matic_2kg,5,390.0,1950.0,55,0.41
2026-07-16,HYDERABAD_STORE_004,SKU_001_Aashirvaad_Atta_5kg,16,265.0,4240.0,33,0.21
2026-07-16,HYDERABAD_STORE_004,SKU_002_IndiaGate_Basmati_5kg,10,480.0,4800.0,44,0.32
2026-07-16,HYDERABAD_STORE_004,SKU_003_Fortune_Sunflower_Oil_1L,27,145.0,3915.0,50,0.31
2026-07-16,HYDERABAD_STORE_004,SKU_004_Amul_Butter_500g,13,275.0,3575.0,32,0.47
2026-07-16,HYDERABAD_STORE_004,SKU_005_Tata_Tea_Gold_500g,9,320.0,2880.0,58,0.21
2026-07-16,HYDERABAD_STORE_004,SKU_006_Tata_Salt_1kg,40,28.0,1120.0,16,0.48
2026-07-16,HYDERABAD_STORE_004,SKU_007_Toor_Dal_Premium_1kg,11,165.0,1815.0,27,0.22
2026-07-16,HYDERABAD_STORE_004,SKU_008_Maggi_Noodles_12Pack,14,168.0,2352.0,18,0.43
2026-07-16,HYDERABAD_STORE_004,SKU_009_Cadbury_Dairy_Milk_Silk,20,95.0,1900.0,33,0.48
2026-07-16,HYDERABAD_STORE_004,SKU_010_Surf_Excel_Matic_2kg,15,390.0,5850.0,54,0.3
2026-07-16,CHENNAI_STORE_005,SKU_001_Aashirvaad_Atta_5kg,13,265.0,3445.0,43,0.34
2026-07-16,CHENNAI_STORE_005,SKU_002_IndiaGate_Basmati_5kg,9,480.0,4320.0,51,0.31
2026-07-16,CHENNAI_STORE_005,SKU_003_Fortune_Sunflower_Oil_1L,23,145.0,3335.0,22,0.47
2026-07-16,CHENNAI_STORE_005,SKU_004_Amul_Butter_500g,15,275.0,4125.0,59,0.39
2026-07-16,CHENNAI_STORE_005,SKU_005_Tata_Tea_Gold_500g,10,320.0,3200.0,52,0.41
2026-07-16,CHENNAI_STORE_005,SKU_006_Tata_Salt_1kg,28,28.0,784.0,55,0.21
2026-07-16,CHENNAI_STORE_005,SKU_007_Toor_Dal_Premium_1kg,12,165.0,1980.0,42,0.36
2026-07-16,CHENNAI_STORE_005,SKU_008_Maggi_Noodles_12Pack,20,168.0,3360.0,25,0.35
2026-07-16,CHENNAI_STORE_005,SKU_009_Cadbury_Dairy_Milk_Silk,19,95.0,1805.0,47,0.3
2026-07-16,CHENNAI_STORE_005,SKU_010_Surf_Excel_Matic_2kg,11,390.0,4290.0,40,0.43
2026-07-17,MUMBAI_STORE_001,SKU_001_Aashirvaad_Atta_5kg,21,265.0,5565.0,30,0.34
2026-07-17,MUMBAI_STORE_001,SKU_002_IndiaGate_Basmati_5kg,6,480.0,2880.0,21,0.39
2026-07-17,MUMBAI_STORE_001,SKU_003_Fortune_Sunflower_Oil_1L,20,145.0,2900.0,53,0.24
2026-07-17,MUMBAI_STORE_001,SKU_004_Amul_Butter_500g,20,275.0,5500.0,24,0.32
2026-07-17,MUMBAI_STORE_001,SKU_005_Tata_Tea_Gold_500g,6,320.0,1920.0,26,0.29
2026-07-17,MUMBAI_STORE_001,SKU_006_Tata_Salt_1kg,27,28.0,756.0,37,0.37
2026-07-17,MUMBAI_STORE_001,SKU_007_Toor_Dal_Premium_1kg,17,165.0,2805.0,23,0.42
2026-07-17,MUMBAI_STORE_001,SKU_008_Maggi_Noodles_12Pack,18,168.0,3024.0,46,0.26
2026-07-17,MUMBAI_STORE_001,SKU_009_Cadbury_Dairy_Milk_Silk,17,95.0,1615.0,35,0.41
2026-07-17,MUMBAI_STORE_001,SKU_010_Surf_Excel_Matic_2kg,11,390.0,4290.0,47,0.29
2026-07-17,DELHI_STORE_002,SKU_001_Aashirvaad_Atta_5kg,12,265.0,3180.0,28,0.5
2026-07-17,DELHI_STORE_002,SKU_002_IndiaGate_Basmati_5kg,3,480.0,1440.0,25,0.23
2026-07-17,DELHI_STORE_002,SKU_003_Fortune_Sunflower_Oil_1L,22,145.0,3190.0,48,0.26
2026-07-17,DELHI_STORE_002,SKU_004_Amul_Butter_500g,17,275.0,4675.0,51,0.45
2026-07-17,DELHI_STORE_002,SKU_005_Tata_Tea_Gold_500g,18,320.0,5760.0,46,0.23
2026-07-17,DELHI_STORE_002,SKU_006_Tata_Salt_1kg,36,28.0,1008.0,34,0.39
2026-07-17,DELHI_STORE_002,SKU_007_Toor_Dal_Premium_1kg,13,165.0,2145.0,15,0.21
2026-07-17,DELHI_STORE_002,SKU_008_Maggi_Noodles_12Pack,21,168.0,3528.0,59,0.29
2026-07-17,DELHI_STORE_002,SKU_009_Cadbury_Dairy_Milk_Silk,14,95.0,1330.0,53,0.4
2026-07-17,DELHI_STORE_002,SKU_010_Surf_Excel_Matic_2kg,8,390.0,3120.0,47,0.42
2026-07-17,BENGALURU_STORE_003,SKU_001_Aashirvaad_Atta_5kg,19,265.0,5035.0,34,0.39
2026-07-17,BENGALURU_STORE_003,SKU_002_IndiaGate_Basmati_5kg,6,480.0,2880.0,36,0.24
2026-07-17,BENGALURU_STORE_003,SKU_003_Fortune_Sunflower_Oil_1L,20,145.0,2900.0,31,0.31
2026-07-17,BENGALURU_STORE_003,SKU_004_Amul_Butter_500g,12,275.0,3300.0,17,0.21
2026-07-17,BENGALURU_STORE_003,SKU_005_Tata_Tea_Gold_500g,19,320.0,6080.0,22,0.27
2026-07-17,BENGALURU_STORE_003,SKU_006_Tata_Salt_1kg,35,28.0,980.0,24,0.43
2026-07-17,BENGALURU_STORE_003,SKU_007_Toor_Dal_Premium_1kg,14,165.0,2310.0,44,0.33
2026-07-17,BENGALURU_STORE_003,SKU_008_Maggi_Noodles_12Pack,22,168.0,3696.0,57,0.25
2026-07-17,BENGALURU_STORE_003,SKU_009_Cadbury_Dairy_Milk_Silk,24,95.0,2280.0,56,0.36
2026-07-17,BENGALURU_STORE_003,SKU_010_Surf_Excel_Matic_2kg,5,390.0,1950.0,50,0.23
2026-07-17,HYDERABAD_STORE_004,SKU_001_Aashirvaad_Atta_5kg,10,265.0,2650.0,41,0.47
2026-07-17,HYDERABAD_STORE_004,SKU_002_IndiaGate_Basmati_5kg,12,480.0,5760.0,38,0.31
2026-07-17,HYDERABAD_STORE_004,SKU_003_Fortune_Sunflower_Oil_1L,26,145.0,3770.0,55,0.2
2026-07-17,HYDERABAD_STORE_004,SKU_004_Amul_Butter_500g,22,275.0,6050.0,18,0.21
2026-07-17,HYDERABAD_STORE_004,SKU_005_Tata_Tea_Gold_500g,13,320.0,4160.0,59,0.32
2026-07-17,HYDERABAD_STORE_004,SKU_006_Tata_Salt_1kg,32,28.0,896.0,52,0.48
2026-07-17,HYDERABAD_STORE_004,SKU_007_Toor_Dal_Premium_1kg,20,165.0,3300.0,43,0.46
2026-07-17,HYDERABAD_STORE_004,SKU_008_Maggi_Noodles_12Pack,25,168.0,4200.0,22,0.2
2026-07-17,HYDERABAD_STORE_004,SKU_009_Cadbury_Dairy_Milk_Silk,23,95.0,2185.0,25,0.29
2026-07-17,HYDERABAD_STORE_004,SKU_010_Surf_Excel_Matic_2kg,11,390.0,4290.0,45,0.22
2026-07-17,CHENNAI_STORE_005,SKU_001_Aashirvaad_Atta_5kg,9,265.0,2385.0,30,0.29
2026-07-17,CHENNAI_STORE_005,SKU_002_IndiaGate_Basmati_5kg,4,480.0,1920.0,58,0.4
2026-07-17,CHENNAI_STORE_005,SKU_003_Fortune_Sunflower_Oil_1L,21,145.0,3045.0,49,0.43
2026-07-17,CHENNAI_STORE_005,SKU_004_Amul_Butter_500g,18,275.0,4950.0,15,0.48
2026-07-17,CHENNAI_STORE_005,SKU_005_Tata_Tea_Gold_500g,13,320.0,4160.0,56,0.47
2026-07-17,CHENNAI_STORE_005,SKU_006_Tata_Salt_1kg,30,28.0,840.0,59,0.29
2026-07-17,CHENNAI_STORE_005,SKU_007_Toor_Dal_Premium_1kg,21,165.0,3465.0,15,0.34
2026-07-17,CHENNAI_STORE_005,SKU_008_Maggi_Noodles_12Pack,21,168.0,3528.0,40,0.22
2026-07-17,CHENNAI_STORE_005,SKU_009_Cadbury_Dairy_Milk_Silk,15,95.0,1425.0,23,0.44
2026-07-17,CHENNAI_STORE_005,SKU_010_Surf_Excel_Matic_2kg,9,390.0,3510.0,36,0.23
2026-07-18,MUMBAI_STORE_001,SKU_001_Aashirvaad_Atta_5kg,14,265.0,3710.0,53,0.48
2026-07-18,MUMBAI_STORE_001,SKU_002_IndiaGate_Basmati_5kg,15,480.0,7200.0,27,0.36
2026-07-18,MUMBAI_STORE_001,SKU_003_Fortune_Sunflower_Oil_1L,24,145.0,3480.0,46,0.45
2026-07-18,MUMBAI_STORE_001,SKU_004_Amul_Butter_500g,32,275.0,8800.0,57,0.35
2026-07-18,MUMBAI_STORE_001,SKU_005_Tata_Tea_Gold_500g,22,320.0,7040.0,23,0.36
2026-07-18,MUMBAI_STORE_001,SKU_006_Tata_Salt_1kg,49,28.0,1372.0,19,0.28
2026-07-18,MUMBAI_STORE_001,SKU_007_Toor_Dal_Premium_1kg,27,165.0,4455.0,29,0.32
2026-07-18,MUMBAI_STORE_001,SKU_008_Maggi_Noodles_12Pack,38,168.0,6384.0,53,0.33
2026-07-18,MUMBAI_STORE_001,SKU_009_Cadbury_Dairy_Milk_Silk,38,95.0,3610.0,27,0.24
2026-07-18,MUMBAI_STORE_001,SKU_010_Surf_Excel_Matic_2kg,8,390.0,3120.0,41,0.28
2026-07-18,DELHI_STORE_002,SKU_001_Aashirvaad_Atta_5kg,15,265.0,3975.0,57,0.23
2026-07-18,DELHI_STORE_002,SKU_002_IndiaGate_Basmati_5kg,9,480.0,4320.0,18,0.27
2026-07-18,DELHI_STORE_002,SKU_003_Fortune_Sunflower_Oil_1L,36,145.0,5220.0,56,0.33
2026-07-18,DELHI_STORE_002,SKU_004_Amul_Butter_500g,33,275.0,9075.0,59,0.49
2026-07-18,DELHI_STORE_002,SKU_005_Tata_Tea_Gold_500g,15,320.0,4800.0,53,0.26
2026-07-18,DELHI_STORE_002,SKU_006_Tata_Salt_1kg,53,28.0,1484.0,52,0.25
2026-07-18,DELHI_STORE_002,SKU_007_Toor_Dal_Premium_1kg,14,165.0,2310.0,40,0.46
2026-07-18,DELHI_STORE_002,SKU_008_Maggi_Noodles_12Pack,24,168.0,4032.0,40,0.33
2026-07-18,DELHI_STORE_002,SKU_009_Cadbury_Dairy_Milk_Silk,26,95.0,2470.0,30,0.43
2026-07-18,DELHI_STORE_002,SKU_010_Surf_Excel_Matic_2kg,14,390.0,5460.0,39,0.27
2026-07-18,BENGALURU_STORE_003,SKU_001_Aashirvaad_Atta_5kg,25,265.0,6625.0,24,0.39
2026-07-18,BENGALURU_STORE_003,SKU_002_IndiaGate_Basmati_5kg,9,480.0,4320.0,35,0.42
2026-07-18,BENGALURU_STORE_003,SKU_003_Fortune_Sunflower_Oil_1L,22,145.0,3190.0,59,0.44
2026-07-18,BENGALURU_STORE_003,SKU_004_Amul_Butter_500g,20,275.0,5500.0,29,0.4
2026-07-18,BENGALURU_STORE_003,SKU_005_Tata_Tea_Gold_500g,20,320.0,6400.0,37,0.44
2026-07-18,BENGALURU_STORE_003,SKU_006_Tata_Salt_1kg,49,28.0,1372.0,40,0.49
2026-07-18,BENGALURU_STORE_003,SKU_007_Toor_Dal_Premium_1kg,28,165.0,4620.0,44,0.48
2026-07-18,BENGALURU_STORE_003,SKU_008_Maggi_Noodles_12Pack,35,168.0,5880.0,58,0.46
2026-07-18,BENGALURU_STORE_003,SKU_009_Cadbury_Dairy_Milk_Silk,26,95.0,2470.0,33,0.24
2026-07-18,BENGALURU_STORE_003,SKU_010_Surf_Excel_Matic_2kg,23,390.0,8970.0,54,0.26
2026-07-18,HYDERABAD_STORE_004,SKU_001_Aashirvaad_Atta_5kg,21,265.0,5565.0,49,0.37
2026-07-18,HYDERABAD_STORE_004,SKU_002_IndiaGate_Basmati_5kg,12,480.0,5760.0,24,0.22
2026-07-18,HYDERABAD_STORE_004,SKU_003_Fortune_Sunflower_Oil_1L,27,145.0,3915.0,40,0.38
2026-07-18,HYDERABAD_STORE_004,SKU_004_Amul_Butter_500g,27,275.0,7425.0,26,0.24
2026-07-18,HYDERABAD_STORE_004,SKU_005_Tata_Tea_Gold_500g,22,320.0,7040.0,23,0.25
2026-07-18,HYDERABAD_STORE_004,SKU_006_Tata_Salt_1kg,59,28.0,1652.0,44,0.32
2026-07-18,HYDERABAD_STORE_004,SKU_007_Toor_Dal_Premium_1kg,28,165.0,4620.0,53,0.43
2026-07-18,HYDERABAD_STORE_004,SKU_008_Maggi_Noodles_12Pack,32,168.0,5376.0,23,0.23
2026-07-18,HYDERABAD_STORE_004,SKU_009_Cadbury_Dairy_Milk_Silk,33,95.0,3135.0,51,0.5
2026-07-18,HYDERABAD_STORE_004,SKU_010_Surf_Excel_Matic_2kg,7,390.0,2730.0,51,0.44
2026-07-18,CHENNAI_STORE_005,SKU_001_Aashirvaad_Atta_5kg,24,265.0,6360.0,35,0.38
2026-07-18,CHENNAI_STORE_005,SKU_002_IndiaGate_Basmati_5kg,17,480.0,8160.0,59,0.4
2026-07-18,CHENNAI_STORE_005,SKU_003_Fortune_Sunflower_Oil_1L,30,145.0,4350.0,27,0.28
2026-07-18,CHENNAI_STORE_005,SKU_004_Amul_Butter_500g,19,275.0,5225.0,30,0.43
2026-07-18,CHENNAI_STORE_005,SKU_005_Tata_Tea_Gold_500g,18,320.0,5760.0,53,0.38
2026-07-18,CHENNAI_STORE_005,SKU_006_Tata_Salt_1kg,42,28.0,1176.0,44,0.21
2026-07-18,CHENNAI_STORE_005,SKU_007_Toor_Dal_Premium_1kg,19,165.0,3135.0,36,0.24
2026-07-18,CHENNAI_STORE_005,SKU_008_Maggi_Noodles_12Pack,39,168.0,6552.0,28,0.2
2026-07-18,CHENNAI_STORE_005,SKU_009_Cadbury_Dairy_Milk_Silk,19,95.0,1805.0,21,0.31
2026-07-18,CHENNAI_STORE_005,SKU_010_Surf_Excel_Matic_2kg,15,390.0,5850.0,25,0.3
2026-07-19,MUMBAI_STORE_001,SKU_001_Aashirvaad_Atta_5kg,21,265.0,5565.0,48,0.37
2026-07-19,MUMBAI_STORE_001,SKU_002_IndiaGate_Basmati_5kg,10,480.0,4800.0,54,0.21
2026-07-19,MUMBAI_STORE_001,SKU_003_Fortune_Sunflower_Oil_1L,34,145.0,4930.0,42,0.35
2026-07-19,MUMBAI_STORE_001,SKU_004_Amul_Butter_500g,18,275.0,4950.0,55,0.36
2026-07-19,MUMBAI_STORE_001,SKU_005_Tata_Tea_Gold_500g,16,320.0,5120.0,47,0.41
2026-07-19,MUMBAI_STORE_001,SKU_006_Tata_Salt_1kg,52,28.0,1456.0,34,0.38
2026-07-19,MUMBAI_STORE_001,SKU_007_Toor_Dal_Premium_1kg,24,165.0,3960.0,35,0.44
2026-07-19,MUMBAI_STORE_001,SKU_008_Maggi_Noodles_12Pack,29,168.0,4872.0,45,0.29
2026-07-19,MUMBAI_STORE_001,SKU_009_Cadbury_Dairy_Milk_Silk,34,95.0,3230.0,49,0.22
2026-07-19,MUMBAI_STORE_001,SKU_010_Surf_Excel_Matic_2kg,15,390.0,5850.0,25,0.39
2026-07-19,DELHI_STORE_002,SKU_001_Aashirvaad_Atta_5kg,19,265.0,5035.0,45,0.23
2026-07-19,DELHI_STORE_002,SKU_002_IndiaGate_Basmati_5kg,9,480.0,4320.0,18,0.26
2026-07-19,DELHI_STORE_002,SKU_003_Fortune_Sunflower_Oil_1L,31,145.0,4495.0,36,0.3
2026-07-19,DELHI_STORE_002,SKU_004_Amul_Butter_500g,17,275.0,4675.0,27,0.38
2026-07-19,DELHI_STORE_002,SKU_005_Tata_Tea_Gold_500g,32,320.0,10240.0,24,0.34
2026-07-19,DELHI_STORE_002,SKU_006_Tata_Salt_1kg,61,28.0,1708.0,59,0.23
2026-07-19,DELHI_STORE_002,SKU_007_Toor_Dal_Premium_1kg,32,165.0,5280.0,20,0.21
2026-07-19,DELHI_STORE_002,SKU_008_Maggi_Noodles_12Pack,27,168.0,4536.0,58,0.4
2026-07-19,DELHI_STORE_002,SKU_009_Cadbury_Dairy_Milk_Silk,29,95.0,2755.0,41,0.29
2026-07-19,DELHI_STORE_002,SKU_010_Surf_Excel_Matic_2kg,15,390.0,5850.0,52,0.49
2026-07-19,BENGALURU_STORE_003,SKU_001_Aashirvaad_Atta_5kg,19,265.0,5035.0,19,0.43
2026-07-19,BENGALURU_STORE_003,SKU_002_IndiaGate_Basmati_5kg,10,480.0,4800.0,31,0.38
2026-07-19,BENGALURU_STORE_003,SKU_003_Fortune_Sunflower_Oil_1L,34,145.0,4930.0,32,0.42
2026-07-19,BENGALURU_STORE_003,SKU_004_Amul_Butter_500g,27,275.0,7425.0,32,0.35
2026-07-19,BENGALURU_STORE_003,SKU_005_Tata_Tea_Gold_500g,16,320.0,5120.0,49,0.43
2026-07-19,BENGALURU_STORE_003,SKU_006_Tata_Salt_1kg,45,28.0,1260.0,15,0.33
2026-07-19,BENGALURU_STORE_003,SKU_007_Toor_Dal_Premium_1kg,23,165.0,3795.0,55,0.35
2026-07-19,BENGALURU_STORE_003,SKU_008_Maggi_Noodles_12Pack,38,168.0,6384.0,32,0.48
2026-07-19,BENGALURU_STORE_003,SKU_009_Cadbury_Dairy_Milk_Silk,30,95.0,2850.0,43,0.47
2026-07-19,BENGALURU_STORE_003,SKU_010_Surf_Excel_Matic_2kg,11,390.0,4290.0,58,0.25
2026-07-19,HYDERABAD_STORE_004,SKU_001_Aashirvaad_Atta_5kg,23,265.0,6095.0,45,0.31
2026-07-19,HYDERABAD_STORE_004,SKU_002_IndiaGate_Basmati_5kg,9,480.0,4320.0,24,0.33
2026-07-19,HYDERABAD_STORE_004,SKU_003_Fortune_Sunflower_Oil_1L,25,145.0,3625.0,58,0.33
2026-07-19,HYDERABAD_STORE_004,SKU_004_Amul_Butter_500g,41,275.0,11275.0,41,0.26
2026-07-19,HYDERABAD_STORE_004,SKU_005_Tata_Tea_Gold_500g,13,320.0,4160.0,59,0.46
2026-07-19,HYDERABAD_STORE_004,SKU_006_Tata_Salt_1kg,67,28.0,1876.0,19,0.26
2026-07-19,HYDERABAD_STORE_004,SKU_007_Toor_Dal_Premium_1kg,23,165.0,3795.0,21,0.4
2026-07-19,HYDERABAD_STORE_004,SKU_008_Maggi_Noodles_12Pack,33,168.0,5544.0,44,0.34
2026-07-19,HYDERABAD_STORE_004,SKU_009_Cadbury_Dairy_Milk_Silk,34,95.0,3230.0,50,0.22
2026-07-19,HYDERABAD_STORE_004,SKU_010_Surf_Excel_Matic_2kg,10,390.0,3900.0,53,0.28
2026-07-19,CHENNAI_STORE_005,SKU_001_Aashirvaad_Atta_5kg,18,265.0,4770.0,24,0.44
2026-07-19,CHENNAI_STORE_005,SKU_002_IndiaGate_Basmati_5kg,14,480.0,6720.0,35,0.43
2026-07-19,CHENNAI_STORE_005,SKU_003_Fortune_Sunflower_Oil_1L,28,145.0,4060.0,17,0.38
2026-07-19,CHENNAI_STORE_005,SKU_004_Amul_Butter_500g,20,275.0,5500.0,30,0.28
2026-07-19,CHENNAI_STORE_005,SKU_005_Tata_Tea_Gold_500g,22,320.0,7040.0,32,0.31
2026-07-19,CHENNAI_STORE_005,SKU_006_Tata_Salt_1kg,45,28.0,1260.0,48,0.22
2026-07-19,CHENNAI_STORE_005,SKU_007_Toor_Dal_Premium_1kg,26,165.0,4290.0,55,0.29
2026-07-19,CHENNAI_STORE_005,SKU_008_Maggi_Noodles_12Pack,37,168.0,6216.0,37,0.34
2026-07-19,CHENNAI_STORE_005,SKU_009_Cadbury_Dairy_Milk_Silk,24,95.0,2280.0,35,0.49
2026-07-19,CHENNAI_STORE_005,SKU_010_Surf_Excel_Matic_2kg,11,390.0,4290.0,57,0.4
2026-07-20,MUMBAI_STORE_001,SKU_001_Aashirvaad_Atta_5kg,12,265.0,3180.0,22,0.36
2026-07-20,MUMBAI_STORE_001,SKU_002_IndiaGate_Basmati_5kg,7,480.0,3360.0,24,0.49
2026-07-20,MUMBAI_STORE_001,SKU_003_Fortune_Sunflower_Oil_1L,28,145.0,4060.0,58,0.24
2026-07-20,MUMBAI_STORE_001,SKU_004_Amul_Butter_500g,11,275.0,3025.0,40,0.43
2026-07-20,MUMBAI_STORE_001,SKU_005_Tata_Tea_Gold_500g,11,320.0,3520.0,35,0.4
2026-07-20,MUMBAI_STORE_001,SKU_006_Tata_Salt_1kg,42,28.0,1176.0,41,0.28
2026-07-20,MUMBAI_STORE_001,SKU_007_Toor_Dal_Premium_1kg,17,165.0,2805.0,57,0.35
2026-07-20,MUMBAI_STORE_001,SKU_008_Maggi_Noodles_12Pack,22,168.0,3696.0,26,0.45
2026-07-20,MUMBAI_STORE_001,SKU_009_Cadbury_Dairy_Milk_Silk,21,95.0,1995.0,25,0.24
2026-07-20,MUMBAI_STORE_001,SKU_010_Surf_Excel_Matic_2kg,8,390.0,3120.0,50,0.2
2026-07-20,DELHI_STORE_002,SKU_001_Aashirvaad_Atta_5kg,18,265.0,4770.0,21,0.27
2026-07-20,DELHI_STORE_002,SKU_002_IndiaGate_Basmati_5kg,9,480.0,4320.0,21,0.37
2026-07-20,DELHI_STORE_002,SKU_003_Fortune_Sunflower_Oil_1L,23,145.0,3335.0,45,0.29
2026-07-20,DELHI_STORE_002,SKU_004_Amul_Butter_500g,16,275.0,4400.0,30,0.26
2026-07-20,DELHI_STORE_002,SKU_005_Tata_Tea_Gold_500g,11,320.0,3520.0,18,0.45
2026-07-20,DELHI_STORE_002,SKU_006_Tata_Salt_1kg,42,28.0,1176.0,17,0.42
2026-07-20,DELHI_STORE_002,SKU_007_Toor_Dal_Premium_1kg,12,165.0,1980.0,17,0.27
2026-07-20,DELHI_STORE_002,SKU_008_Maggi_Noodles_12Pack,20,168.0,3360.0,21,0.22
2026-07-20,DELHI_STORE_002,SKU_009_Cadbury_Dairy_Milk_Silk,20,95.0,1900.0,52,0.44
2026-07-20,DELHI_STORE_002,SKU_010_Surf_Excel_Matic_2kg,11,390.0,4290.0,59,0.4
2026-07-20,BENGALURU_STORE_003,SKU_001_Aashirvaad_Atta_5kg,23,265.0,6095.0,53,0.3
2026-07-20,BENGALURU_STORE_003,SKU_002_IndiaGate_Basmati_5kg,9,480.0,4320.0,52,0.39
2026-07-20,BENGALURU_STORE_003,SKU_003_Fortune_Sunflower_Oil_1L,21,145.0,3045.0,41,0.2
2026-07-20,BENGALURU_STORE_003,SKU_004_Amul_Butter_500g,14,275.0,3850.0,44,0.22
2026-07-20,BENGALURU_STORE_003,SKU_005_Tata_Tea_Gold_500g,10,320.0,3200.0,41,0.4
2026-07-20,BENGALURU_STORE_003,SKU_006_Tata_Salt_1kg,39,28.0,1092.0,19,0.22
2026-07-20,BENGALURU_STORE_003,SKU_007_Toor_Dal_Premium_1kg,15,165.0,2475.0,24,0.28
2026-07-20,BENGALURU_STORE_003,SKU_008_Maggi_Noodles_12Pack,17,168.0,2856.0,45,0.39
2026-07-20,BENGALURU_STORE_003,SKU_009_Cadbury_Dairy_Milk_Silk,26,95.0,2470.0,21,0.29
2026-07-20,BENGALURU_STORE_003,SKU_010_Surf_Excel_Matic_2kg,12,390.0,4680.0,38,0.4
2026-07-20,HYDERABAD_STORE_004,SKU_001_Aashirvaad_Atta_5kg,15,265.0,3975.0,26,0.4
2026-07-20,HYDERABAD_STORE_004,SKU_002_IndiaGate_Basmati_5kg,9,480.0,4320.0,20,0.38
2026-07-20,HYDERABAD_STORE_004,SKU_003_Fortune_Sunflower_Oil_1L,20,145.0,2900.0,39,0.32
2026-07-20,HYDERABAD_STORE_004,SKU_004_Amul_Butter_500g,25,275.0,6875.0,52,0.26
2026-07-20,HYDERABAD_STORE_004,SKU_005_Tata_Tea_Gold_500g,9,320.0,2880.0,49,0.48
2026-07-20,HYDERABAD_STORE_004,SKU_006_Tata_Salt_1kg,37,28.0,1036.0,34,0.22
2026-07-20,HYDERABAD_STORE_004,SKU_007_Toor_Dal_Premium_1kg,15,165.0,2475.0,40,0.28
2026-07-20,HYDERABAD_STORE_004,SKU_008_Maggi_Noodles_12Pack,25,168.0,4200.0,32,0.45
2026-07-20,HYDERABAD_STORE_004,SKU_009_Cadbury_Dairy_Milk_Silk,19,95.0,1805.0,55,0.46
2026-07-20,HYDERABAD_STORE_004,SKU_010_Surf_Excel_Matic_2kg,15,390.0,5850.0,16,0.28
2026-07-20,CHENNAI_STORE_005,SKU_001_Aashirvaad_Atta_5kg,16,265.0,4240.0,21,0.25
2026-07-20,CHENNAI_STORE_005,SKU_002_IndiaGate_Basmati_5kg,12,480.0,5760.0,17,0.36
2026-07-20,CHENNAI_STORE_005,SKU_003_Fortune_Sunflower_Oil_1L,25,145.0,3625.0,47,0.44
2026-07-20,CHENNAI_STORE_005,SKU_004_Amul_Butter_500g,17,275.0,4675.0,33,0.4
2026-07-20,CHENNAI_STORE_005,SKU_005_Tata_Tea_Gold_500g,10,320.0,3200.0,22,0.26
2026-07-20,CHENNAI_STORE_005,SKU_006_Tata_Salt_1kg,33,28.0,924.0,27,0.34
2026-07-20,CHENNAI_STORE_005,SKU_007_Toor_Dal_Premium_1kg,13,165.0,2145.0,48,0.2
2026-07-20,CHENNAI_STORE_005,SKU_008_Maggi_Noodles_12Pack,26,168.0,4368.0,26,0.38
2026-07-20,CHENNAI_STORE_005,SKU_009_Cadbury_Dairy_Milk_Silk,22,95.0,2090.0,35,0.3
2026-07-20,CHENNAI_STORE_005,SKU_010_Surf_Excel_Matic_2kg,8,390.0,3120.0,18,0.23
2026-07-21,MUMBAI_STORE_001,SKU_001_Aashirvaad_Atta_5kg,15,265.0,3975.0,30,0.43
2026-07-21,MUMBAI_STORE_001,SKU_002_IndiaGate_Basmati_5kg,11,480.0,5280.0,45,0.33
2026-07-21,MUMBAI_STORE_001,SKU_003_Fortune_Sunflower_Oil_1L,23,145.0,3335.0,38,0.44
2026-07-21,MUMBAI_STORE_001,SKU_004_Amul_Butter_500g,21,275.0,5775.0,21,0.45
2026-07-21,MUMBAI_STORE_001,SKU_005_Tata_Tea_Gold_500g,19,320.0,6080.0,36,0.28
2026-07-21,MUMBAI_STORE_001,SKU_006_Tata_Salt_1kg,40,28.0,1120.0,21,0.46
2026-07-21,MUMBAI_STORE_001,SKU_007_Toor_Dal_Premium_1kg,12,165.0,1980.0,35,0.3
2026-07-21,MUMBAI_STORE_001,SKU_008_Maggi_Noodles_12Pack,19,168.0,3192.0,44,0.37
2026-07-21,MUMBAI_STORE_001,SKU_009_Cadbury_Dairy_Milk_Silk,14,95.0,1330.0,18,0.42
2026-07-21,MUMBAI_STORE_001,SKU_010_Surf_Excel_Matic_2kg,12,390.0,4680.0,40,0.23
2026-07-21,DELHI_STORE_002,SKU_001_Aashirvaad_Atta_5kg,15,265.0,3975.0,24,0.3
2026-07-21,DELHI_STORE_002,SKU_002_IndiaGate_Basmati_5kg,10,480.0,4800.0,23,0.47
2026-07-21,DELHI_STORE_002,SKU_003_Fortune_Sunflower_Oil_1L,18,145.0,2610.0,48,0.25
2026-07-21,DELHI_STORE_002,SKU_004_Amul_Butter_500g,16,275.0,4400.0,21,0.25
2026-07-21,DELHI_STORE_002,SKU_005_Tata_Tea_Gold_500g,5,320.0,1600.0,52,0.31
2026-07-21,DELHI_STORE_002,SKU_006_Tata_Salt_1kg,43,28.0,1204.0,29,0.25
2026-07-21,DELHI_STORE_002,SKU_007_Toor_Dal_Premium_1kg,17,165.0,2805.0,42,0.43
2026-07-21,DELHI_STORE_002,SKU_008_Maggi_Noodles_12Pack,26,168.0,4368.0,57,0.29
2026-07-21,DELHI_STORE_002,SKU_009_Cadbury_Dairy_Milk_Silk,18,95.0,1710.0,42,0.25
2026-07-21,DELHI_STORE_002,SKU_010_Surf_Excel_Matic_2kg,9,390.0,3510.0,33,0.25
2026-07-21,BENGALURU_STORE_003,SKU_001_Aashirvaad_Atta_5kg,14,265.0,3710.0,55,0.24
2026-07-21,BENGALURU_STORE_003,SKU_002_IndiaGate_Basmati_5kg,7,480.0,3360.0,22,0.44
2026-07-21,BENGALURU_STORE_003,SKU_003_Fortune_Sunflower_Oil_1L,33,145.0,4785.0,57,0.45
2026-07-21,BENGALURU_STORE_003,SKU_004_Amul_Butter_500g,18,275.0,4950.0,34,0.37
2026-07-21,BENGALURU_STORE_003,SKU_005_Tata_Tea_Gold_500g,16,320.0,5120.0,29,0.34
2026-07-21,BENGALURU_STORE_003,SKU_006_Tata_Salt_1kg,37,28.0,1036.0,41,0.29
2026-07-21,BENGALURU_STORE_003,SKU_007_Toor_Dal_Premium_1kg,8,165.0,1320.0,19,0.44
2026-07-21,BENGALURU_STORE_003,SKU_008_Maggi_Noodles_12Pack,38,168.0,6384.0,38,0.24
2026-07-21,BENGALURU_STORE_003,SKU_009_Cadbury_Dairy_Milk_Silk,21,95.0,1995.0,42,0.48
2026-07-21,BENGALURU_STORE_003,SKU_010_Surf_Excel_Matic_2kg,7,390.0,2730.0,16,0.31
2026-07-21,HYDERABAD_STORE_004,SKU_001_Aashirvaad_Atta_5kg,8,265.0,2120.0,22,0.31
2026-07-21,HYDERABAD_STORE_004,SKU_002_IndiaGate_Basmati_5kg,10,480.0,4800.0,35,0.28
2026-07-21,HYDERABAD_STORE_004,SKU_003_Fortune_Sunflower_Oil_1L,14,145.0,2030.0,25,0.32
2026-07-21,HYDERABAD_STORE_004,SKU_004_Amul_Butter_500g,24,275.0,6600.0,30,0.26
2026-07-21,HYDERABAD_STORE_004,SKU_005_Tata_Tea_Gold_500g,15,320.0,4800.0,36,0.27
2026-07-21,HYDERABAD_STORE_004,SKU_006_Tata_Salt_1kg,35,28.0,980.0,38,0.43
2026-07-21,HYDERABAD_STORE_004,SKU_007_Toor_Dal_Premium_1kg,14,165.0,2310.0,41,0.4
2026-07-21,HYDERABAD_STORE_004,SKU_008_Maggi_Noodles_12Pack,23,168.0,3864.0,58,0.33
2026-07-21,HYDERABAD_STORE_004,SKU_009_Cadbury_Dairy_Milk_Silk,22,95.0,2090.0,39,0.26
2026-07-21,HYDERABAD_STORE_004,SKU_010_Surf_Excel_Matic_2kg,10,390.0,3900.0,20,0.23
2026-07-21,CHENNAI_STORE_005,SKU_001_Aashirvaad_Atta_5kg,12,265.0,3180.0,57,0.44
2026-07-21,CHENNAI_STORE_005,SKU_002_IndiaGate_Basmati_5kg,9,480.0,4320.0,54,0.28
2026-07-21,CHENNAI_STORE_005,SKU_003_Fortune_Sunflower_Oil_1L,28,145.0,4060.0,40,0.44
2026-07-21,CHENNAI_STORE_005,SKU_004_Amul_Butter_500g,23,275.0,6325.0,32,0.38
2026-07-21,CHENNAI_STORE_005,SKU_005_Tata_Tea_Gold_500g,5,320.0,1600.0,54,0.26
2026-07-21,CHENNAI_STORE_005,SKU_006_Tata_Salt_1kg,34,28.0,952.0,34,0.31
2026-07-21,CHENNAI_STORE_005,SKU_007_Toor_Dal_Premium_1kg,15,165.0,2475.0,43,0.44
2026-07-21,CHENNAI_STORE_005,SKU_008_Maggi_Noodles_12Pack,24,168.0,4032.0,39,0.3
2026-07-21,CHENNAI_STORE_005,SKU_009_Cadbury_Dairy_Milk_Silk,22,95.0,2090.0,40,0.22
2026-07-21,CHENNAI_STORE_005,SKU_010_Surf_Excel_Matic_2kg,6,390.0,2340.0,27,0.4
2026-07-22,MUMBAI_STORE_001,SKU_001_Aashirvaad_Atta_5kg,11,265.0,2915.0,38,0.26
2026-07-22,MUMBAI_STORE_001,SKU_002_IndiaGate_Basmati_5kg,12,480.0,5760.0,16,0.45
2026-07-22,MUMBAI_STORE_001,SKU_003_Fortune_Sunflower_Oil_1L,17,145.0,2465.0,25,0.33
2026-07-22,MUMBAI_STORE_001,SKU_004_Amul_Butter_500g,21,275.0,5775.0,25,0.35
2026-07-22,MUMBAI_STORE_001,SKU_005_Tata_Tea_Gold_500g,18,320.0,5760.0,29,0.49
2026-07-22,MUMBAI_STORE_001,SKU_006_Tata_Salt_1kg,39,28.0,1092.0,16,0.25
2026-07-22,MUMBAI_STORE_001,SKU_007_Toor_Dal_Premium_1kg,19,165.0,3135.0,38,0.23
2026-07-22,MUMBAI_STORE_001,SKU_008_Maggi_Noodles_12Pack,34,168.0,5712.0,55,0.48
2026-07-22,MUMBAI_STORE_001,SKU_009_Cadbury_Dairy_Milk_Silk,20,95.0,1900.0,19,0.32
2026-07-22,MUMBAI_STORE_001,SKU_010_Surf_Excel_Matic_2kg,16,390.0,6240.0,54,0.31
2026-07-22,DELHI_STORE_002,SKU_001_Aashirvaad_Atta_5kg,12,265.0,3180.0,46,0.49
2026-07-22,DELHI_STORE_002,SKU_002_IndiaGate_Basmati_5kg,11,480.0,5280.0,58,0.37
2026-07-22,DELHI_STORE_002,SKU_003_Fortune_Sunflower_Oil_1L,24,145.0,3480.0,15,0.21
2026-07-22,DELHI_STORE_002,SKU_004_Amul_Butter_500g,14,275.0,3850.0,26,0.29
2026-07-22,DELHI_STORE_002,SKU_005_Tata_Tea_Gold_500g,10,320.0,3200.0,19,0.21
2026-07-22,DELHI_STORE_002,SKU_006_Tata_Salt_1kg,38,28.0,1064.0,34,0.39
2026-07-22,DELHI_STORE_002,SKU_007_Toor_Dal_Premium_1kg,20,165.0,3300.0,43,0.49
2026-07-22,DELHI_STORE_002,SKU_008_Maggi_Noodles_12Pack,31,168.0,5208.0,44,0.25
2026-07-22,DELHI_STORE_002,SKU_009_Cadbury_Dairy_Milk_Silk,20,95.0,1900.0,33,0.5
2026-07-22,DELHI_STORE_002,SKU_010_Surf_Excel_Matic_2kg,11,390.0,4290.0,41,0.28
2026-07-22,BENGALURU_STORE_003,SKU_001_Aashirvaad_Atta_5kg,11,265.0,2915.0,27,0.26
2026-07-22,BENGALURU_STORE_003,SKU_002_IndiaGate_Basmati_5kg,17,480.0,8160.0,22,0.35
2026-07-22,BENGALURU_STORE_003,SKU_003_Fortune_Sunflower_Oil_1L,25,145.0,3625.0,15,0.3
2026-07-22,BENGALURU_STORE_003,SKU_004_Amul_Butter_500g,17,275.0,4675.0,31,0.25
2026-07-22,BENGALURU_STORE_003,SKU_005_Tata_Tea_Gold_500g,5,320.0,1600.0,35,0.26
2026-07-22,BENGALURU_STORE_003,SKU_006_Tata_Salt_1kg,31,28.0,868.0,49,0.41
2026-07-22,BENGALURU_STORE_003,SKU_007_Toor_Dal_Premium_1kg,18,165.0,2970.0,55,0.49
2026-07-22,BENGALURU_STORE_003,SKU_008_Maggi_Noodles_12Pack,19,168.0,3192.0,38,0.23
2026-07-22,BENGALURU_STORE_003,SKU_009_Cadbury_Dairy_Milk_Silk,19,95.0,1805.0,38,0.3
2026-07-22,BENGALURU_STORE_003,SKU_010_Surf_Excel_Matic_2kg,7,390.0,2730.0,16,0.22
2026-07-22,HYDERABAD_STORE_004,SKU_001_Aashirvaad_Atta_5kg,15,265.0,3975.0,16,0.25
2026-07-22,HYDERABAD_STORE_004,SKU_002_IndiaGate_Basmati_5kg,10,480.0,4800.0,54,0.22
2026-07-22,HYDERABAD_STORE_004,SKU_003_Fortune_Sunflower_Oil_1L,33,145.0,4785.0,32,0.23
2026-07-22,HYDERABAD_STORE_004,SKU_004_Amul_Butter_500g,12,275.0,3300.0,57,0.38
2026-07-22,HYDERABAD_STORE_004,SKU_005_Tata_Tea_Gold_500g,14,320.0,4480.0,26,0.21
2026-07-22,HYDERABAD_STORE_004,SKU_006_Tata_Salt_1kg,30,28.0,840.0,23,0.24
2026-07-22,HYDERABAD_STORE_004,SKU_007_Toor_Dal_Premium_1kg,23,165.0,3795.0,39,0.38
2026-07-22,HYDERABAD_STORE_004,SKU_008_Maggi_Noodles_12Pack,26,168.0,4368.0,29,0.22
2026-07-22,HYDERABAD_STORE_004,SKU_009_Cadbury_Dairy_Milk_Silk,19,95.0,1805.0,40,0.41
2026-07-22,HYDERABAD_STORE_004,SKU_010_Surf_Excel_Matic_2kg,10,390.0,3900.0,32,0.45
2026-07-22,CHENNAI_STORE_005,SKU_001_Aashirvaad_Atta_5kg,11,265.0,2915.0,49,0.33
2026-07-22,CHENNAI_STORE_005,SKU_002_IndiaGate_Basmati_5kg,4,480.0,1920.0,23,0.35
2026-07-22,CHENNAI_STORE_005,SKU_003_Fortune_Sunflower_Oil_1L,28,145.0,4060.0,57,0.49
2026-07-22,CHENNAI_STORE_005,SKU_004_Amul_Butter_500g,16,275.0,4400.0,40,0.37
2026-07-22,CHENNAI_STORE_005,SKU_005_Tata_Tea_Gold_500g,12,320.0,3840.0,23,0.2
2026-07-22,CHENNAI_STORE_005,SKU_006_Tata_Salt_1kg,35,28.0,980.0,52,0.35
2026-07-22,CHENNAI_STORE_005,SKU_007_Toor_Dal_Premium_1kg,23,165.0,3795.0,52,0.24
2026-07-22,CHENNAI_STORE_005,SKU_008_Maggi_Noodles_12Pack,31,168.0,5208.0,22,0.26
2026-07-22,CHENNAI_STORE_005,SKU_009_Cadbury_Dairy_Milk_Silk,28,95.0,2660.0,35,0.29
2026-07-22,CHENNAI_STORE_005,SKU_010_Surf_Excel_Matic_2kg,9,390.0,3510.0,59,0.44
2026-07-23,MUMBAI_STORE_001,SKU_001_Aashirvaad_Atta_5kg,20,265.0,5300.0,25,0.32
2026-07-23,MUMBAI_STORE_001,SKU_002_IndiaGate_Basmati_5kg,6,480.0,2880.0,45,0.48
2026-07-23,MUMBAI_STORE_001,SKU_003_Fortune_Sunflower_Oil_1L,18,145.0,2610.0,58,0.49
2026-07-23,MUMBAI_STORE_001,SKU_004_Amul_Butter_500g,14,275.0,3850.0,21,0.41
2026-07-23,MUMBAI_STORE_001,SKU_005_Tata_Tea_Gold_500g,14,320.0,4480.0,30,0.25
2026-07-23,MUMBAI_STORE_001,SKU_006_Tata_Salt_1kg,36,28.0,1008.0,47,0.33
2026-07-23,MUMBAI_STORE_001,SKU_007_Toor_Dal_Premium_1kg,14,165.0,2310.0,24,0.28
2026-07-23,MUMBAI_STORE_001,SKU_008_Maggi_Noodles_12Pack,17,168.0,2856.0,16,0.26
2026-07-23,MUMBAI_STORE_001,SKU_009_Cadbury_Dairy_Milk_Silk,23,95.0,2185.0,45,0.42
2026-07-23,MUMBAI_STORE_001,SKU_010_Surf_Excel_Matic_2kg,6,390.0,2340.0,22,0.38
2026-07-23,DELHI_STORE_002,SKU_001_Aashirvaad_Atta_5kg,16,265.0,4240.0,39,0.41
2026-07-23,DELHI_STORE_002,SKU_002_IndiaGate_Basmati_5kg,10,480.0,4800.0,25,0.36
2026-07-23,DELHI_STORE_002,SKU_003_Fortune_Sunflower_Oil_1L,15,145.0,2175.0,15,0.3
2026-07-23,DELHI_STORE_002,SKU_004_Amul_Butter_500g,21,275.0,5775.0,19,0.36
2026-07-23,DELHI_STORE_002,SKU_005_Tata_Tea_Gold_500g,9,320.0,2880.0,52,0.38
2026-07-23,DELHI_STORE_002,SKU_006_Tata_Salt_1kg,37,28.0,1036.0,56,0.48
2026-07-23,DELHI_STORE_002,SKU_007_Toor_Dal_Premium_1kg,16,165.0,2640.0,35,0.26
2026-07-23,DELHI_STORE_002,SKU_008_Maggi_Noodles_12Pack,27,168.0,4536.0,19,0.26
2026-07-23,DELHI_STORE_002,SKU_009_Cadbury_Dairy_Milk_Silk,20,95.0,1900.0,40,0.4
2026-07-23,DELHI_STORE_002,SKU_010_Surf_Excel_Matic_2kg,8,390.0,3120.0,35,0.4
2026-07-23,BENGALURU_STORE_003,SKU_001_Aashirvaad_Atta_5kg,6,265.0,1590.0,28,0.3
2026-07-23,BENGALURU_STORE_003,SKU_002_IndiaGate_Basmati_5kg,10,480.0,4800.0,52,0.21
2026-07-23,BENGALURU_STORE_003,SKU_003_Fortune_Sunflower_Oil_1L,19,145.0,2755.0,40,0.33
2026-07-23,BENGALURU_STORE_003,SKU_004_Amul_Butter_500g,18,275.0,4950.0,34,0.35
2026-07-23,BENGALURU_STORE_003,SKU_005_Tata_Tea_Gold_500g,17,320.0,5440.0,54,0.39
2026-07-23,BENGALURU_STORE_003,SKU_006_Tata_Salt_1kg,43,28.0,1204.0,26,0.31
2026-07-23,BENGALURU_STORE_003,SKU_007_Toor_Dal_Premium_1kg,14,165.0,2310.0,29,0.39
2026-07-23,BENGALURU_STORE_003,SKU_008_Maggi_Noodles_12Pack,30,168.0,5040.0,53,0.27
2026-07-23,BENGALURU_STORE_003,SKU_009_Cadbury_Dairy_Milk_Silk,19,95.0,1805.0,55,0.49
2026-07-23,BENGALURU_STORE_003,SKU_010_Surf_Excel_Matic_2kg,11,390.0,4290.0,18,0.25
2026-07-23,HYDERABAD_STORE_004,SKU_001_Aashirvaad_Atta_5kg,17,265.0,4505.0,35,0.29
2026-07-23,HYDERABAD_STORE_004,SKU_002_IndiaGate_Basmati_5kg,5,480.0,2400.0,25,0.47
2026-07-23,HYDERABAD_STORE_004,SKU_003_Fortune_Sunflower_Oil_1L,12,145.0,1740.0,39,0.34
2026-07-23,HYDERABAD_STORE_004,SKU_004_Amul_Butter_500g,8,275.0,2200.0,59,0.4
2026-07-23,HYDERABAD_STORE_004,SKU_005_Tata_Tea_Gold_500g,10,320.0,3200.0,26,0.3
2026-07-23,HYDERABAD_STORE_004,SKU_006_Tata_Salt_1kg,29,28.0,812.0,20,0.26
2026-07-23,HYDERABAD_STORE_004,SKU_007_Toor_Dal_Premium_1kg,23,165.0,3795.0,18,0.49
2026-07-23,HYDERABAD_STORE_004,SKU_008_Maggi_Noodles_12Pack,32,168.0,5376.0,57,0.27
2026-07-23,HYDERABAD_STORE_004,SKU_009_Cadbury_Dairy_Milk_Silk,25,95.0,2375.0,54,0.44
2026-07-23,HYDERABAD_STORE_004,SKU_010_Surf_Excel_Matic_2kg,8,390.0,3120.0,26,0.3
2026-07-23,CHENNAI_STORE_005,SKU_001_Aashirvaad_Atta_5kg,11,265.0,2915.0,32,0.49
2026-07-23,CHENNAI_STORE_005,SKU_002_IndiaGate_Basmati_5kg,13,480.0,6240.0,50,0.38
2026-07-23,CHENNAI_STORE_005,SKU_003_Fortune_Sunflower_Oil_1L,29,145.0,4205.0,33,0.45
2026-07-23,CHENNAI_STORE_005,SKU_004_Amul_Butter_500g,32,275.0,8800.0,31,0.43
2026-07-23,CHENNAI_STORE_005,SKU_005_Tata_Tea_Gold_500g,14,320.0,4480.0,38,0.45
2026-07-23,CHENNAI_STORE_005,SKU_006_Tata_Salt_1kg,30,28.0,840.0,21,0.38
2026-07-23,CHENNAI_STORE_005,SKU_007_Toor_Dal_Premium_1kg,13,165.0,2145.0,36,0.21
2026-07-23,CHENNAI_STORE_005,SKU_008_Maggi_Noodles_12Pack,17,168.0,2856.0,34,0.46
2026-07-23,CHENNAI_STORE_005,SKU_009_Cadbury_Dairy_Milk_Silk,23,95.0,2185.0,42,0.23
2026-07-23,CHENNAI_STORE_005,SKU_010_Surf_Excel_Matic_2kg,10,390.0,3900.0,25,0.33
2026-07-24,MUMBAI_STORE_001,SKU_001_Aashirvaad_Atta_5kg,19,265.0,5035.0,26,0.33
2026-07-24,MUMBAI_STORE_001,SKU_002_IndiaGate_Basmati_5kg,8,480.0,3840.0,17,0.24
2026-07-24,MUMBAI_STORE_001,SKU_003_Fortune_Sunflower_Oil_1L,31,145.0,4495.0,50,0.3
2026-07-24,MUMBAI_STORE_001,SKU_004_Amul_Butter_500g,19,275.0,5225.0,57,0.42
2026-07-24,MUMBAI_STORE_001,SKU_005_Tata_Tea_Gold_500g,14,320.0,4480.0,39,0.34
2026-07-24,MUMBAI_STORE_001,SKU_006_Tata_Salt_1kg,46,28.0,1288.0,27,0.32
2026-07-24,MUMBAI_STORE_001,SKU_007_Toor_Dal_Premium_1kg,13,165.0,2145.0,53,0.37
2026-07-24,MUMBAI_STORE_001,SKU_008_Maggi_Noodles_12Pack,31,168.0,5208.0,27,0.36
2026-07-24,MUMBAI_STORE_001,SKU_009_Cadbury_Dairy_Milk_Silk,19,95.0,1805.0,28,0.34
2026-07-24,MUMBAI_STORE_001,SKU_010_Surf_Excel_Matic_2kg,7,390.0,2730.0,50,0.45
2026-07-24,DELHI_STORE_002,SKU_001_Aashirvaad_Atta_5kg,12,265.0,3180.0,54,0.22
2026-07-24,DELHI_STORE_002,SKU_002_IndiaGate_Basmati_5kg,10,480.0,4800.0,51,0.32
2026-07-24,DELHI_STORE_002,SKU_003_Fortune_Sunflower_Oil_1L,17,145.0,2465.0,19,0.35
2026-07-24,DELHI_STORE_002,SKU_004_Amul_Butter_500g,10,275.0,2750.0,42,0.37
2026-07-24,DELHI_STORE_002,SKU_005_Tata_Tea_Gold_500g,11,320.0,3520.0,25,0.34
2026-07-24,DELHI_STORE_002,SKU_006_Tata_Salt_1kg,28,28.0,784.0,57,0.36
2026-07-24,DELHI_STORE_002,SKU_007_Toor_Dal_Premium_1kg,16,165.0,2640.0,29,0.34
2026-07-24,DELHI_STORE_002,SKU_008_Maggi_Noodles_12Pack,19,168.0,3192.0,24,0.43
2026-07-24,DELHI_STORE_002,SKU_009_Cadbury_Dairy_Milk_Silk,17,95.0,1615.0,57,0.25
2026-07-24,DELHI_STORE_002,SKU_010_Surf_Excel_Matic_2kg,7,390.0,2730.0,56,0.46
2026-07-24,BENGALURU_STORE_003,SKU_001_Aashirvaad_Atta_5kg,13,265.0,3445.0,39,0.27
2026-07-24,BENGALURU_STORE_003,SKU_002_IndiaGate_Basmati_5kg,6,480.0,2880.0,21,0.31
2026-07-24,BENGALURU_STORE_003,SKU_003_Fortune_Sunflower_Oil_1L,25,145.0,3625.0,34,0.37
2026-07-24,BENGALURU_STORE_003,SKU_004_Amul_Butter_500g,24,275.0,6600.0,21,0.35
2026-07-24,BENGALURU_STORE_003,SKU_005_Tata_Tea_Gold_500g,15,320.0,4800.0,34,0.21
2026-07-24,BENGALURU_STORE_003,SKU_006_Tata_Salt_1kg,31,28.0,868.0,42,0.34
2026-07-24,BENGALURU_STORE_003,SKU_007_Toor_Dal_Premium_1kg,15,165.0,2475.0,16,0.47
2026-07-24,BENGALURU_STORE_003,SKU_008_Maggi_Noodles_12Pack,18,168.0,3024.0,44,0.4
2026-07-24,BENGALURU_STORE_003,SKU_009_Cadbury_Dairy_Milk_Silk,25,95.0,2375.0,35,0.38
2026-07-24,BENGALURU_STORE_003,SKU_010_Surf_Excel_Matic_2kg,12,390.0,4680.0,36,0.39
2026-07-24,HYDERABAD_STORE_004,SKU_001_Aashirvaad_Atta_5kg,15,265.0,3975.0,42,0.42
2026-07-24,HYDERABAD_STORE_004,SKU_002_IndiaGate_Basmati_5kg,5,480.0,2400.0,40,0.38
2026-07-24,HYDERABAD_STORE_004,SKU_003_Fortune_Sunflower_Oil_1L,20,145.0,2900.0,18,0.43
2026-07-24,HYDERABAD_STORE_004,SKU_004_Amul_Butter_500g,15,275.0,4125.0,45,0.34
2026-07-24,HYDERABAD_STORE_004,SKU_005_Tata_Tea_Gold_500g,17,320.0,5440.0,27,0.47
2026-07-24,HYDERABAD_STORE_004,SKU_006_Tata_Salt_1kg,42,28.0,1176.0,16,0.23
2026-07-24,HYDERABAD_STORE_004,SKU_007_Toor_Dal_Premium_1kg,17,165.0,2805.0,54,0.34
2026-07-24,HYDERABAD_STORE_004,SKU_008_Maggi_Noodles_12Pack,25,168.0,4200.0,23,0.37
2026-07-24,HYDERABAD_STORE_004,SKU_009_Cadbury_Dairy_Milk_Silk,24,95.0,2280.0,16,0.43
2026-07-24,HYDERABAD_STORE_004,SKU_010_Surf_Excel_Matic_2kg,6,390.0,2340.0,18,0.48
2026-07-24,CHENNAI_STORE_005,SKU_001_Aashirvaad_Atta_5kg,11,265.0,2915.0,20,0.48
2026-07-24,CHENNAI_STORE_005,SKU_002_IndiaGate_Basmati_5kg,10,480.0,4800.0,50,0.24
2026-07-24,CHENNAI_STORE_005,SKU_003_Fortune_Sunflower_Oil_1L,17,145.0,2465.0,40,0.44
2026-07-24,CHENNAI_STORE_005,SKU_004_Amul_Butter_500g,15,275.0,4125.0,35,0.42
2026-07-24,CHENNAI_STORE_005,SKU_005_Tata_Tea_Gold_500g,9,320.0,2880.0,57,0.49
2026-07-24,CHENNAI_STORE_005,SKU_006_Tata_Salt_1kg,29,28.0,812.0,30,0.3
2026-07-24,CHENNAI_STORE_005,SKU_007_Toor_Dal_Premium_1kg,25,165.0,4125.0,47,0.26
2026-07-24,CHENNAI_STORE_005,SKU_008_Maggi_Noodles_12Pack,33,168.0,5544.0,22,0.46
2026-07-24,CHENNAI_STORE_005,SKU_009_Cadbury_Dairy_Milk_Silk,17,95.0,1615.0,44,0.4
2026-07-24,CHENNAI_STORE_005,SKU_010_Surf_Excel_Matic_2kg,5,390.0,1950.0,59,0.4
2026-07-25,MUMBAI_STORE_001,SKU_001_Aashirvaad_Atta_5kg,23,265.0,6095.0,18,0.28
2026-07-25,MUMBAI_STORE_001,SKU_002_IndiaGate_Basmati_5kg,8,480.0,3840.0,23,0.37
2026-07-25,MUMBAI_STORE_001,SKU_003_Fortune_Sunflower_Oil_1L,28,145.0,4060.0,23,0.34
2026-07-25,MUMBAI_STORE_001,SKU_004_Amul_Butter_500g,31,275.0,8525.0,18,0.38
2026-07-25,MUMBAI_STORE_001,SKU_005_Tata_Tea_Gold_500g,20,320.0,6400.0,40,0.44
2026-07-25,MUMBAI_STORE_001,SKU_006_Tata_Salt_1kg,56,28.0,1568.0,54,0.48
2026-07-25,MUMBAI_STORE_001,SKU_007_Toor_Dal_Premium_1kg,22,165.0,3630.0,50,0.41
2026-07-25,MUMBAI_STORE_001,SKU_008_Maggi_Noodles_12Pack,33,168.0,5544.0,26,0.27
2026-07-25,MUMBAI_STORE_001,SKU_009_Cadbury_Dairy_Milk_Silk,32,95.0,3040.0,48,0.41
2026-07-25,MUMBAI_STORE_001,SKU_010_Surf_Excel_Matic_2kg,11,390.0,4290.0,43,0.43
2026-07-25,DELHI_STORE_002,SKU_001_Aashirvaad_Atta_5kg,27,265.0,7155.0,55,0.2
2026-07-25,DELHI_STORE_002,SKU_002_IndiaGate_Basmati_5kg,20,480.0,9600.0,50,0.24
2026-07-25,DELHI_STORE_002,SKU_003_Fortune_Sunflower_Oil_1L,29,145.0,4205.0,28,0.24
2026-07-25,DELHI_STORE_002,SKU_004_Amul_Butter_500g,31,275.0,8525.0,29,0.25
2026-07-25,DELHI_STORE_002,SKU_005_Tata_Tea_Gold_500g,18,320.0,5760.0,26,0.35
2026-07-25,DELHI_STORE_002,SKU_006_Tata_Salt_1kg,53,28.0,1484.0,22,0.27
2026-07-25,DELHI_STORE_002,SKU_007_Toor_Dal_Premium_1kg,24,165.0,3960.0,37,0.22
2026-07-25,DELHI_STORE_002,SKU_008_Maggi_Noodles_12Pack,34,168.0,5712.0,45,0.5
2026-07-25,DELHI_STORE_002,SKU_009_Cadbury_Dairy_Milk_Silk,27,95.0,2565.0,58,0.45
2026-07-25,DELHI_STORE_002,SKU_010_Surf_Excel_Matic_2kg,14,390.0,5460.0,20,0.35
2026-07-25,BENGALURU_STORE_003,SKU_001_Aashirvaad_Atta_5kg,17,265.0,4505.0,34,0.24
2026-07-25,BENGALURU_STORE_003,SKU_002_IndiaGate_Basmati_5kg,13,480.0,6240.0,38,0.24
2026-07-25,BENGALURU_STORE_003,SKU_003_Fortune_Sunflower_Oil_1L,24,145.0,3480.0,59,0.23
2026-07-25,BENGALURU_STORE_003,SKU_004_Amul_Butter_500g,23,275.0,6325.0,18,0.46
2026-07-25,BENGALURU_STORE_003,SKU_005_Tata_Tea_Gold_500g,17,320.0,5440.0,28,0.29
2026-07-25,BENGALURU_STORE_003,SKU_006_Tata_Salt_1kg,46,28.0,1288.0,47,0.4
2026-07-25,BENGALURU_STORE_003,SKU_007_Toor_Dal_Premium_1kg,28,165.0,4620.0,42,0.34
2026-07-25,BENGALURU_STORE_003,SKU_008_Maggi_Noodles_12Pack,41,168.0,6888.0,43,0.46
2026-07-25,BENGALURU_STORE_003,SKU_009_Cadbury_Dairy_Milk_Silk,27,95.0,2565.0,38,0.3
2026-07-25,BENGALURU_STORE_003,SKU_010_Surf_Excel_Matic_2kg,14,390.0,5460.0,44,0.23
2026-07-25,HYDERABAD_STORE_004,SKU_001_Aashirvaad_Atta_5kg,22,265.0,5830.0,24,0.4
2026-07-25,HYDERABAD_STORE_004,SKU_002_IndiaGate_Basmati_5kg,9,480.0,4320.0,39,0.41
2026-07-25,HYDERABAD_STORE_004,SKU_003_Fortune_Sunflower_Oil_1L,33,145.0,4785.0,58,0.24
2026-07-25,HYDERABAD_STORE_004,SKU_004_Amul_Butter_500g,22,275.0,6050.0,42,0.45
2026-07-25,HYDERABAD_STORE_004,SKU_005_Tata_Tea_Gold_500g,17,320.0,5440.0,56,0.21
2026-07-25,HYDERABAD_STORE_004,SKU_006_Tata_Salt_1kg,59,28.0,1652.0,53,0.24
2026-07-25,HYDERABAD_STORE_004,SKU_007_Toor_Dal_Premium_1kg,24,165.0,3960.0,36,0.42
2026-07-25,HYDERABAD_STORE_004,SKU_008_Maggi_Noodles_12Pack,42,168.0,7056.0,56,0.33
2026-07-25,HYDERABAD_STORE_004,SKU_009_Cadbury_Dairy_Milk_Silk,23,95.0,2185.0,26,0.24
2026-07-25,HYDERABAD_STORE_004,SKU_010_Surf_Excel_Matic_2kg,15,390.0,5850.0,16,0.21
2026-07-25,CHENNAI_STORE_005,SKU_001_Aashirvaad_Atta_5kg,25,265.0,6625.0,31,0.47
2026-07-25,CHENNAI_STORE_005,SKU_002_IndiaGate_Basmati_5kg,12,480.0,5760.0,45,0.43
2026-07-25,CHENNAI_STORE_005,SKU_003_Fortune_Sunflower_Oil_1L,30,145.0,4350.0,21,0.28
2026-07-25,CHENNAI_STORE_005,SKU_004_Amul_Butter_500g,18,275.0,4950.0,25,0.48
2026-07-25,CHENNAI_STORE_005,SKU_005_Tata_Tea_Gold_500g,10,320.0,3200.0,38,0.47
2026-07-25,CHENNAI_STORE_005,SKU_006_Tata_Salt_1kg,38,28.0,1064.0,44,0.31
2026-07-25,CHENNAI_STORE_005,SKU_007_Toor_Dal_Premium_1kg,20,165.0,3300.0,57,0.21
2026-07-25,CHENNAI_STORE_005,SKU_008_Maggi_Noodles_12Pack,41,168.0,6888.0,58,0.48
2026-07-25,CHENNAI_STORE_005,SKU_009_Cadbury_Dairy_Milk_Silk,33,95.0,3135.0,24,0.36
2026-07-25,CHENNAI_STORE_005,SKU_010_Surf_Excel_Matic_2kg,17,390.0,6630.0,41,0.3
2026-07-26,MUMBAI_STORE_001,SKU_001_Aashirvaad_Atta_5kg,14,265.0,3710.0,26,0.29
2026-07-26,MUMBAI_STORE_001,SKU_002_IndiaGate_Basmati_5kg,19,480.0,9120.0,15,0.29
2026-07-26,MUMBAI_STORE_001,SKU_003_Fortune_Sunflower_Oil_1L,23,145.0,3335.0,18,0.38
2026-07-26,MUMBAI_STORE_001,SKU_004_Amul_Butter_500g,21,275.0,5775.0,53,0.33
2026-07-26,MUMBAI_STORE_001,SKU_005_Tata_Tea_Gold_500g,24,320.0,7680.0,32,0.43
2026-07-26,MUMBAI_STORE_001,SKU_006_Tata_Salt_1kg,37,28.0,1036.0,44,0.35
2026-07-26,MUMBAI_STORE_001,SKU_007_Toor_Dal_Premium_1kg,21,165.0,3465.0,37,0.49
2026-07-26,MUMBAI_STORE_001,SKU_008_Maggi_Noodles_12Pack,31,168.0,5208.0,26,0.26
2026-07-26,MUMBAI_STORE_001,SKU_009_Cadbury_Dairy_Milk_Silk,40,95.0,3800.0,58,0.24
2026-07-26,MUMBAI_STORE_001,SKU_010_Surf_Excel_Matic_2kg,18,390.0,7020.0,30,0.27
2026-07-26,DELHI_STORE_002,SKU_001_Aashirvaad_Atta_5kg,21,265.0,5565.0,44,0.2
2026-07-26,DELHI_STORE_002,SKU_002_IndiaGate_Basmati_5kg,5,480.0,2400.0,33,0.44
2026-07-26,DELHI_STORE_002,SKU_003_Fortune_Sunflower_Oil_1L,39,145.0,5655.0,40,0.43
2026-07-26,DELHI_STORE_002,SKU_004_Amul_Butter_500g,23,275.0,6325.0,38,0.24
2026-07-26,DELHI_STORE_002,SKU_005_Tata_Tea_Gold_500g,19,320.0,6080.0,23,0.3
2026-07-26,DELHI_STORE_002,SKU_006_Tata_Salt_1kg,38,28.0,1064.0,56,0.21
2026-07-26,DELHI_STORE_002,SKU_007_Toor_Dal_Premium_1kg,25,165.0,4125.0,45,0.38
2026-07-26,DELHI_STORE_002,SKU_008_Maggi_Noodles_12Pack,31,168.0,5208.0,37,0.45
2026-07-26,DELHI_STORE_002,SKU_009_Cadbury_Dairy_Milk_Silk,29,95.0,2755.0,48,0.46
2026-07-26,DELHI_STORE_002,SKU_010_Surf_Excel_Matic_2kg,24,390.0,9360.0,50,0.26
2026-07-26,BENGALURU_STORE_003,SKU_001_Aashirvaad_Atta_5kg,21,265.0,5565.0,30,0.48
2026-07-26,BENGALURU_STORE_003,SKU_002_IndiaGate_Basmati_5kg,7,480.0,3360.0,41,0.24
2026-07-26,BENGALURU_STORE_003,SKU_003_Fortune_Sunflower_Oil_1L,28,145.0,4060.0,23,0.44
2026-07-26,BENGALURU_STORE_003,SKU_004_Amul_Butter_500g,42,275.0,11550.0,23,0.34
2026-07-26,BENGALURU_STORE_003,SKU_005_Tata_Tea_Gold_500g,20,320.0,6400.0,15,0.36
2026-07-26,BENGALURU_STORE_003,SKU_006_Tata_Salt_1kg,67,28.0,1876.0,33,0.49
2026-07-26,BENGALURU_STORE_003,SKU_007_Toor_Dal_Premium_1kg,26,165.0,4290.0,40,0.49
2026-07-26,BENGALURU_STORE_003,SKU_008_Maggi_Noodles_12Pack,39,168.0,6552.0,46,0.42
2026-07-26,BENGALURU_STORE_003,SKU_009_Cadbury_Dairy_Milk_Silk,25,95.0,2375.0,50,0.29
2026-07-26,BENGALURU_STORE_003,SKU_010_Surf_Excel_Matic_2kg,15,390.0,5850.0,51,0.23
2026-07-26,HYDERABAD_STORE_004,SKU_001_Aashirvaad_Atta_5kg,25,265.0,6625.0,23,0.36
2026-07-26,HYDERABAD_STORE_004,SKU_002_IndiaGate_Basmati_5kg,9,480.0,4320.0,30,0.22
2026-07-26,HYDERABAD_STORE_004,SKU_003_Fortune_Sunflower_Oil_1L,34,145.0,4930.0,44,0.31
2026-07-26,HYDERABAD_STORE_004,SKU_004_Amul_Butter_500g,29,275.0,7975.0,46,0.23
2026-07-26,HYDERABAD_STORE_004,SKU_005_Tata_Tea_Gold_500g,19,320.0,6080.0,16,0.32
2026-07-26,HYDERABAD_STORE_004,SKU_006_Tata_Salt_1kg,49,28.0,1372.0,46,0.29
2026-07-26,HYDERABAD_STORE_004,SKU_007_Toor_Dal_Premium_1kg,20,165.0,3300.0,45,0.37
2026-07-26,HYDERABAD_STORE_004,SKU_008_Maggi_Noodles_12Pack,33,168.0,5544.0,39,0.34
2026-07-26,HYDERABAD_STORE_004,SKU_009_Cadbury_Dairy_Milk_Silk,29,95.0,2755.0,44,0.29
2026-07-26,HYDERABAD_STORE_004,SKU_010_Surf_Excel_Matic_2kg,9,390.0,3510.0,43,0.46
2026-07-26,CHENNAI_STORE_005,SKU_001_Aashirvaad_Atta_5kg,19,265.0,5035.0,49,0.45
2026-07-26,CHENNAI_STORE_005,SKU_002_IndiaGate_Basmati_5kg,15,480.0,7200.0,19,0.23
2026-07-26,CHENNAI_STORE_005,SKU_003_Fortune_Sunflower_Oil_1L,35,145.0,5075.0,37,0.34
2026-07-26,CHENNAI_STORE_005,SKU_004_Amul_Butter_500g,23,275.0,6325.0,22,0.31
2026-07-26,CHENNAI_STORE_005,SKU_005_Tata_Tea_Gold_500g,21,320.0,6720.0,45,0.44
2026-07-26,CHENNAI_STORE_005,SKU_006_Tata_Salt_1kg,63,28.0,1764.0,29,0.38
2026-07-26,CHENNAI_STORE_005,SKU_007_Toor_Dal_Premium_1kg,15,165.0,2475.0,19,0.29
2026-07-26,CHENNAI_STORE_005,SKU_008_Maggi_Noodles_12Pack,44,168.0,7392.0,40,0.33
2026-07-26,CHENNAI_STORE_005,SKU_009_Cadbury_Dairy_Milk_Silk,26,95.0,2470.0,33,0.22
2026-07-26,CHENNAI_STORE_005,SKU_010_Surf_Excel_Matic_2kg,14,390.0,5460.0,19,0.22
2026-07-27,MUMBAI_STORE_001,SKU_001_Aashirvaad_Atta_5kg,17,265.0,4505.0,36,0.47
2026-07-27,MUMBAI_STORE_001,SKU_002_IndiaGate_Basmati_5kg,8,480.0,3840.0,58,0.28
2026-07-27,MUMBAI_STORE_001,SKU_003_Fortune_Sunflower_Oil_1L,28,145.0,4060.0,20,0.22
2026-07-27,MUMBAI_STORE_001,SKU_004_Amul_Butter_500g,13,275.0,3575.0,36,0.41
2026-07-27,MUMBAI_STORE_001,SKU_005_Tata_Tea_Gold_500g,12,320.0,3840.0,39,0.36
2026-07-27,MUMBAI_STORE_001,SKU_006_Tata_Salt_1kg,26,28.0,728.0,46,0.26
2026-07-27,MUMBAI_STORE_001,SKU_007_Toor_Dal_Premium_1kg,13,165.0,2145.0,22,0.44
2026-07-27,MUMBAI_STORE_001,SKU_008_Maggi_Noodles_12Pack,24,168.0,4032.0,19,0.21
2026-07-27,MUMBAI_STORE_001,SKU_009_Cadbury_Dairy_Milk_Silk,24,95.0,2280.0,59,0.23
2026-07-27,MUMBAI_STORE_001,SKU_010_Surf_Excel_Matic_2kg,14,390.0,5460.0,52,0.45
2026-07-27,DELHI_STORE_002,SKU_001_Aashirvaad_Atta_5kg,20,265.0,5300.0,57,0.25
2026-07-27,DELHI_STORE_002,SKU_002_IndiaGate_Basmati_5kg,8,480.0,3840.0,55,0.29
2026-07-27,DELHI_STORE_002,SKU_003_Fortune_Sunflower_Oil_1L,22,145.0,3190.0,22,0.31
2026-07-27,DELHI_STORE_002,SKU_004_Amul_Butter_500g,14,275.0,3850.0,23,0.35
2026-07-27,DELHI_STORE_002,SKU_005_Tata_Tea_Gold_500g,15,320.0,4800.0,55,0.39
2026-07-27,DELHI_STORE_002,SKU_006_Tata_Salt_1kg,38,28.0,1064.0,35,0.41
2026-07-27,DELHI_STORE_002,SKU_007_Toor_Dal_Premium_1kg,9,165.0,1485.0,50,0.27
2026-07-27,DELHI_STORE_002,SKU_008_Maggi_Noodles_12Pack,29,168.0,4872.0,24,0.22
2026-07-27,DELHI_STORE_002,SKU_009_Cadbury_Dairy_Milk_Silk,24,95.0,2280.0,51,0.2
2026-07-27,DELHI_STORE_002,SKU_010_Surf_Excel_Matic_2kg,10,390.0,3900.0,21,0.39
2026-07-27,BENGALURU_STORE_003,SKU_001_Aashirvaad_Atta_5kg,8,265.0,2120.0,36,0.4
2026-07-27,BENGALURU_STORE_003,SKU_002_IndiaGate_Basmati_5kg,4,480.0,1920.0,32,0.4
2026-07-27,BENGALURU_STORE_003,SKU_003_Fortune_Sunflower_Oil_1L,21,145.0,3045.0,47,0.24
2026-07-27,BENGALURU_STORE_003,SKU_004_Amul_Butter_500g,11,275.0,3025.0,15,0.39
2026-07-27,BENGALURU_STORE_003,SKU_005_Tata_Tea_Gold_500g,17,320.0,5440.0,31,0.29
2026-07-27,BENGALURU_STORE_003,SKU_006_Tata_Salt_1kg,28,28.0,784.0,20,0.23
2026-07-27,BENGALURU_STORE_003,SKU_007_Toor_Dal_Premium_1kg,13,165.0,2145.0,58,0.37
2026-07-27,BENGALURU_STORE_003,SKU_008_Maggi_Noodles_12Pack,24,168.0,4032.0,23,0.24
2026-07-27,BENGALURU_STORE_003,SKU_009_Cadbury_Dairy_Milk_Silk,9,95.0,855.0,34,0.26
2026-07-27,BENGALURU_STORE_003,SKU_010_Surf_Excel_Matic_2kg,9,390.0,3510.0,35,0.28
2026-07-27,HYDERABAD_STORE_004,SKU_001_Aashirvaad_Atta_5kg,12,265.0,3180.0,34,0.49
2026-07-27,HYDERABAD_STORE_004,SKU_002_IndiaGate_Basmati_5kg,19,480.0,9120.0,45,0.29
2026-07-27,HYDERABAD_STORE_004,SKU_003_Fortune_Sunflower_Oil_1L,23,145.0,3335.0,21,0.45
2026-07-27,HYDERABAD_STORE_004,SKU_004_Amul_Butter_500g,20,275.0,5500.0,28,0.2
2026-07-27,HYDERABAD_STORE_004,SKU_005_Tata_Tea_Gold_500g,16,320.0,5120.0,43,0.35
2026-07-27,HYDERABAD_STORE_004,SKU_006_Tata_Salt_1kg,35,28.0,980.0,16,0.43
2026-07-27,HYDERABAD_STORE_004,SKU_007_Toor_Dal_Premium_1kg,7,165.0,1155.0,34,0.22
2026-07-27,HYDERABAD_STORE_004,SKU_008_Maggi_Noodles_12Pack,30,168.0,5040.0,16,0.21
2026-07-27,HYDERABAD_STORE_004,SKU_009_Cadbury_Dairy_Milk_Silk,21,95.0,1995.0,34,0.37
2026-07-27,HYDERABAD_STORE_004,SKU_010_Surf_Excel_Matic_2kg,13,390.0,5070.0,25,0.38
2026-07-27,CHENNAI_STORE_005,SKU_001_Aashirvaad_Atta_5kg,15,265.0,3975.0,42,0.49
2026-07-27,CHENNAI_STORE_005,SKU_002_IndiaGate_Basmati_5kg,8,480.0,3840.0,39,0.23
2026-07-27,CHENNAI_STORE_005,SKU_003_Fortune_Sunflower_Oil_1L,30,145.0,4350.0,47,0.33
2026-07-27,CHENNAI_STORE_005,SKU_004_Amul_Butter_500g,20,275.0,5500.0,29,0.33
2026-07-27,CHENNAI_STORE_005,SKU_005_Tata_Tea_Gold_500g,8,320.0,2560.0,30,0.32
2026-07-27,CHENNAI_STORE_005,SKU_006_Tata_Salt_1kg,44,28.0,1232.0,39,0.49
2026-07-27,CHENNAI_STORE_005,SKU_007_Toor_Dal_Premium_1kg,22,165.0,3630.0,36,0.49
2026-07-27,CHENNAI_STORE_005,SKU_008_Maggi_Noodles_12Pack,23,168.0,3864.0,23,0.23
2026-07-27,CHENNAI_STORE_005,SKU_009_Cadbury_Dairy_Milk_Silk,23,95.0,2185.0,58,0.43
2026-07-27,CHENNAI_STORE_005,SKU_010_Surf_Excel_Matic_2kg,7,390.0,2730.0,59,0.3
2026-07-28,MUMBAI_STORE_001,SKU_001_Aashirvaad_Atta_5kg,12,265.0,3180.0,41,0.26
2026-07-28,MUMBAI_STORE_001,SKU_002_IndiaGate_Basmati_5kg,10,480.0,4800.0,40,0.2
2026-07-28,MUMBAI_STORE_001,SKU_003_Fortune_Sunflower_Oil_1L,21,145.0,3045.0,33,0.21
2026-07-28,MUMBAI_STORE_001,SKU_004_Amul_Butter_500g,23,275.0,6325.0,29,0.46
2026-07-28,MUMBAI_STORE_001,SKU_005_Tata_Tea_Gold_500g,15,320.0,4800.0,18,0.41
2026-07-28,MUMBAI_STORE_001,SKU_006_Tata_Salt_1kg,33,28.0,924.0,35,0.3
2026-07-28,MUMBAI_STORE_001,SKU_007_Toor_Dal_Premium_1kg,15,165.0,2475.0,55,0.21
2026-07-28,MUMBAI_STORE_001,SKU_008_Maggi_Noodles_12Pack,25,168.0,4200.0,36,0.47
2026-07-28,MUMBAI_STORE_001,SKU_009_Cadbury_Dairy_Milk_Silk,18,95.0,1710.0,43,0.48
2026-07-28,MUMBAI_STORE_001,SKU_010_Surf_Excel_Matic_2kg,13,390.0,5070.0,25,0.32
2026-07-28,DELHI_STORE_002,SKU_001_Aashirvaad_Atta_5kg,10,265.0,2650.0,36,0.49
2026-07-28,DELHI_STORE_002,SKU_002_IndiaGate_Basmati_5kg,11,480.0,5280.0,59,0.22
2026-07-28,DELHI_STORE_002,SKU_003_Fortune_Sunflower_Oil_1L,22,145.0,3190.0,21,0.38
2026-07-28,DELHI_STORE_002,SKU_004_Amul_Butter_500g,16,275.0,4400.0,41,0.26
2026-07-28,DELHI_STORE_002,SKU_005_Tata_Tea_Gold_500g,10,320.0,3200.0,30,0.36
2026-07-28,DELHI_STORE_002,SKU_006_Tata_Salt_1kg,37,28.0,1036.0,44,0.29
2026-07-28,DELHI_STORE_002,SKU_007_Toor_Dal_Premium_1kg,11,165.0,1815.0,53,0.28
2026-07-28,DELHI_STORE_002,SKU_008_Maggi_Noodles_12Pack,24,168.0,4032.0,38,0.4
2026-07-28,DELHI_STORE_002,SKU_009_Cadbury_Dairy_Milk_Silk,11,95.0,1045.0,52,0.34
2026-07-28,DELHI_STORE_002,SKU_010_Surf_Excel_Matic_2kg,9,390.0,3510.0,57,0.36
2026-07-28,BENGALURU_STORE_003,SKU_001_Aashirvaad_Atta_5kg,19,265.0,5035.0,30,0.5
2026-07-28,BENGALURU_STORE_003,SKU_002_IndiaGate_Basmati_5kg,4,480.0,1920.0,35,0.33
2026-07-28,BENGALURU_STORE_003,SKU_003_Fortune_Sunflower_Oil_1L,26,145.0,3770.0,59,0.25
2026-07-28,BENGALURU_STORE_003,SKU_004_Amul_Butter_500g,19,275.0,5225.0,48,0.5
2026-07-28,BENGALURU_STORE_003,SKU_005_Tata_Tea_Gold_500g,16,320.0,5120.0,36,0.45
2026-07-28,BENGALURU_STORE_003,SKU_006_Tata_Salt_1kg,28,28.0,784.0,19,0.28
2026-07-28,BENGALURU_STORE_003,SKU_007_Toor_Dal_Premium_1kg,20,165.0,3300.0,38,0.41
2026-07-28,BENGALURU_STORE_003,SKU_008_Maggi_Noodles_12Pack,23,168.0,3864.0,45,0.41
2026-07-28,BENGALURU_STORE_003,SKU_009_Cadbury_Dairy_Milk_Silk,20,95.0,1900.0,26,0.31
2026-07-28,BENGALURU_STORE_003,SKU_010_Surf_Excel_Matic_2kg,13,390.0,5070.0,55,0.3
2026-07-28,HYDERABAD_STORE_004,SKU_001_Aashirvaad_Atta_5kg,12,265.0,3180.0,35,0.35
2026-07-28,HYDERABAD_STORE_004,SKU_002_IndiaGate_Basmati_5kg,9,480.0,4320.0,27,0.32
2026-07-28,HYDERABAD_STORE_004,SKU_003_Fortune_Sunflower_Oil_1L,25,145.0,3625.0,38,0.43
2026-07-28,HYDERABAD_STORE_004,SKU_004_Amul_Butter_500g,21,275.0,5775.0,50,0.3
2026-07-28,HYDERABAD_STORE_004,SKU_005_Tata_Tea_Gold_500g,17,320.0,5440.0,52,0.36
2026-07-28,HYDERABAD_STORE_004,SKU_006_Tata_Salt_1kg,30,28.0,840.0,31,0.41
2026-07-28,HYDERABAD_STORE_004,SKU_007_Toor_Dal_Premium_1kg,16,165.0,2640.0,45,0.41
2026-07-28,HYDERABAD_STORE_004,SKU_008_Maggi_Noodles_12Pack,22,168.0,3696.0,21,0.36
2026-07-28,HYDERABAD_STORE_004,SKU_009_Cadbury_Dairy_Milk_Silk,14,95.0,1330.0,44,0.32
2026-07-28,HYDERABAD_STORE_004,SKU_010_Surf_Excel_Matic_2kg,10,390.0,3900.0,19,0.44
2026-07-28,CHENNAI_STORE_005,SKU_001_Aashirvaad_Atta_5kg,10,265.0,2650.0,23,0.43
2026-07-28,CHENNAI_STORE_005,SKU_002_IndiaGate_Basmati_5kg,5,480.0,2400.0,50,0.25
2026-07-28,CHENNAI_STORE_005,SKU_003_Fortune_Sunflower_Oil_1L,20,145.0,2900.0,57,0.31
2026-07-28,CHENNAI_STORE_005,SKU_004_Amul_Butter_500g,23,275.0,6325.0,51,0.4
2026-07-28,CHENNAI_STORE_005,SKU_005_Tata_Tea_Gold_500g,8,320.0,2560.0,20,0.31
2026-07-28,CHENNAI_STORE_005,SKU_006_Tata_Salt_1kg,29,28.0,812.0,59,0.2
2026-07-28,CHENNAI_STORE_005,SKU_007_Toor_Dal_Premium_1kg,16,165.0,2640.0,56,0.35
2026-07-28,CHENNAI_STORE_005,SKU_008_Maggi_Noodles_12Pack,26,168.0,4368.0,27,0.22
2026-07-28,CHENNAI_STORE_005,SKU_009_Cadbury_Dairy_Milk_Silk,19,95.0,1805.0,39,0.29
2026-07-28,CHENNAI_STORE_005,SKU_010_Surf_Excel_Matic_2kg,10,390.0,3900.0,56,0.47
2026-07-29,MUMBAI_STORE_001,SKU_001_Aashirvaad_Atta_5kg,10,265.0,2650.0,42,0.23
2026-07-29,MUMBAI_STORE_001,SKU_002_IndiaGate_Basmati_5kg,11,480.0,5280.0,39,0.21
2026-07-29,MUMBAI_STORE_001,SKU_003_Fortune_Sunflower_Oil_1L,28,145.0,4060.0,55,0.38
2026-07-29,MUMBAI_STORE_001,SKU_004_Amul_Butter_500g,22,275.0,6050.0,20,0.33
2026-07-29,MUMBAI_STORE_001,SKU_005_Tata_Tea_Gold_500g,11,320.0,3520.0,19,0.5
2026-07-29,MUMBAI_STORE_001,SKU_006_Tata_Salt_1kg,30,28.0,840.0,38,0.36
2026-07-29,MUMBAI_STORE_001,SKU_007_Toor_Dal_Premium_1kg,15,165.0,2475.0,38,0.38
2026-07-29,MUMBAI_STORE_001,SKU_008_Maggi_Noodles_12Pack,28,168.0,4704.0,40,0.47
2026-07-29,MUMBAI_STORE_001,SKU_009_Cadbury_Dairy_Milk_Silk,28,95.0,2660.0,35,0.49
2026-07-29,MUMBAI_STORE_001,SKU_010_Surf_Excel_Matic_2kg,7,390.0,2730.0,53,0.46
2026-07-29,DELHI_STORE_002,SKU_001_Aashirvaad_Atta_5kg,14,265.0,3710.0,52,0.42
2026-07-29,DELHI_STORE_002,SKU_002_IndiaGate_Basmati_5kg,9,480.0,4320.0,48,0.36
2026-07-29,DELHI_STORE_002,SKU_003_Fortune_Sunflower_Oil_1L,21,145.0,3045.0,43,0.4
2026-07-29,DELHI_STORE_002,SKU_004_Amul_Butter_500g,14,275.0,3850.0,28,0.26
2026-07-29,DELHI_STORE_002,SKU_005_Tata_Tea_Gold_500g,11,320.0,3520.0,58,0.44
2026-07-29,DELHI_STORE_002,SKU_006_Tata_Salt_1kg,47,28.0,1316.0,18,0.37
2026-07-29,DELHI_STORE_002,SKU_007_Toor_Dal_Premium_1kg,13,165.0,2145.0,45,0.49
2026-07-29,DELHI_STORE_002,SKU_008_Maggi_Noodles_12Pack,21,168.0,3528.0,37,0.27
2026-07-29,DELHI_STORE_002,SKU_009_Cadbury_Dairy_Milk_Silk,21,95.0,1995.0,35,0.31
2026-07-29,DELHI_STORE_002,SKU_010_Surf_Excel_Matic_2kg,8,390.0,3120.0,28,0.28
2026-07-29,BENGALURU_STORE_003,SKU_001_Aashirvaad_Atta_5kg,13,265.0,3445.0,37,0.41
2026-07-29,BENGALURU_STORE_003,SKU_002_IndiaGate_Basmati_5kg,11,480.0,5280.0,25,0.31
2026-07-29,BENGALURU_STORE_003,SKU_003_Fortune_Sunflower_Oil_1L,18,145.0,2610.0,50,0.44
2026-07-29,BENGALURU_STORE_003,SKU_004_Amul_Butter_500g,19,275.0,5225.0,52,0.42
2026-07-29,BENGALURU_STORE_003,SKU_005_Tata_Tea_Gold_500g,15,320.0,4800.0,36,0.46
2026-07-29,BENGALURU_STORE_003,SKU_006_Tata_Salt_1kg,35,28.0,980.0,41,0.45
2026-07-29,BENGALURU_STORE_003,SKU_007_Toor_Dal_Premium_1kg,13,165.0,2145.0,20,0.41
2026-07-29,BENGALURU_STORE_003,SKU_008_Maggi_Noodles_12Pack,29,168.0,4872.0,45,0.32
2026-07-29,BENGALURU_STORE_003,SKU_009_Cadbury_Dairy_Milk_Silk,14,95.0,1330.0,23,0.32
2026-07-29,BENGALURU_STORE_003,SKU_010_Surf_Excel_Matic_2kg,9,390.0,3510.0,49,0.38
2026-07-29,HYDERABAD_STORE_004,SKU_001_Aashirvaad_Atta_5kg,16,265.0,4240.0,51,0.26
2026-07-29,HYDERABAD_STORE_004,SKU_002_IndiaGate_Basmati_5kg,10,480.0,4800.0,50,0.22
2026-07-29,HYDERABAD_STORE_004,SKU_003_Fortune_Sunflower_Oil_1L,13,145.0,1885.0,22,0.2
2026-07-29,HYDERABAD_STORE_004,SKU_004_Amul_Butter_500g,17,275.0,4675.0,22,0.22
2026-07-29,HYDERABAD_STORE_004,SKU_005_Tata_Tea_Gold_500g,9,320.0,2880.0,51,0.34
2026-07-29,HYDERABAD_STORE_004,SKU_006_Tata_Salt_1kg,35,28.0,980.0,18,0.28
2026-07-29,HYDERABAD_STORE_004,SKU_007_Toor_Dal_Premium_1kg,16,165.0,2640.0,42,0.32
2026-07-29,HYDERABAD_STORE_004,SKU_008_Maggi_Noodles_12Pack,18,168.0,3024.0,31,0.42
2026-07-29,HYDERABAD_STORE_004,SKU_009_Cadbury_Dairy_Milk_Silk,20,95.0,1900.0,55,0.48
2026-07-29,HYDERABAD_STORE_004,SKU_010_Surf_Excel_Matic_2kg,10,390.0,3900.0,26,0.48
2026-07-29,CHENNAI_STORE_005,SKU_001_Aashirvaad_Atta_5kg,13,265.0,3445.0,34,0.24
2026-07-29,CHENNAI_STORE_005,SKU_002_IndiaGate_Basmati_5kg,10,480.0,4800.0,20,0.3
2026-07-29,CHENNAI_STORE_005,SKU_003_Fortune_Sunflower_Oil_1L,21,145.0,3045.0,40,0.24
2026-07-29,CHENNAI_STORE_005,SKU_004_Amul_Butter_500g,22,275.0,6050.0,41,0.41
2026-07-29,CHENNAI_STORE_005,SKU_005_Tata_Tea_Gold_500g,13,320.0,4160.0,37,0.43
2026-07-29,CHENNAI_STORE_005,SKU_006_Tata_Salt_1kg,43,28.0,1204.0,32,0.43
2026-07-29,CHENNAI_STORE_005,SKU_007_Toor_Dal_Premium_1kg,15,165.0,2475.0,33,0.38
2026-07-29,CHENNAI_STORE_005,SKU_008_Maggi_Noodles_12Pack,20,168.0,3360.0,16,0.37
2026-07-29,CHENNAI_STORE_005,SKU_009_Cadbury_Dairy_Milk_Silk,21,95.0,1995.0,46,0.42
2026-07-29,CHENNAI_STORE_005,SKU_010_Surf_Excel_Matic_2kg,7,390.0,2730.0,59,0.31
2026-07-30,MUMBAI_STORE_001,SKU_001_Aashirvaad_Atta_5kg,17,265.0,4505.0,50,0.43
2026-07-30,MUMBAI_STORE_001,SKU_002_IndiaGate_Basmati_5kg,9,480.0,4320.0,45,0.28
2026-07-30,MUMBAI_STORE_001,SKU_003_Fortune_Sunflower_Oil_1L,22,145.0,3190.0,40,0.22
2026-07-30,MUMBAI_STORE_001,SKU_004_Amul_Butter_500g,13,275.0,3575.0,26,0.37
2026-07-30,MUMBAI_STORE_001,SKU_005_Tata_Tea_Gold_500g,12,320.0,3840.0,18,0.25
2026-07-30,MUMBAI_STORE_001,SKU_006_Tata_Salt_1kg,35,28.0,980.0,23,0.41
2026-07-30,MUMBAI_STORE_001,SKU_007_Toor_Dal_Premium_1kg,13,165.0,2145.0,18,0.43
2026-07-30,MUMBAI_STORE_001,SKU_008_Maggi_Noodles_12Pack,22,168.0,3696.0,36,0.31
2026-07-30,MUMBAI_STORE_001,SKU_009_Cadbury_Dairy_Milk_Silk,21,95.0,1995.0,32,0.34
2026-07-30,MUMBAI_STORE_001,SKU_010_Surf_Excel_Matic_2kg,14,390.0,5460.0,39,0.21
2026-07-30,DELHI_STORE_002,SKU_001_Aashirvaad_Atta_5kg,10,265.0,2650.0,47,0.37
2026-07-30,DELHI_STORE_002,SKU_002_IndiaGate_Basmati_5kg,8,480.0,3840.0,48,0.24
2026-07-30,DELHI_STORE_002,SKU_003_Fortune_Sunflower_Oil_1L,24,145.0,3480.0,34,0.21
2026-07-30,DELHI_STORE_002,SKU_004_Amul_Butter_500g,13,275.0,3575.0,25,0.23
2026-07-30,DELHI_STORE_002,SKU_005_Tata_Tea_Gold_500g,14,320.0,4480.0,42,0.24
2026-07-30,DELHI_STORE_002,SKU_006_Tata_Salt_1kg,47,28.0,1316.0,25,0.38
2026-07-30,DELHI_STORE_002,SKU_007_Toor_Dal_Premium_1kg,16,165.0,2640.0,30,0.22
2026-07-30,DELHI_STORE_002,SKU_008_Maggi_Noodles_12Pack,23,168.0,3864.0,36,0.32
2026-07-30,DELHI_STORE_002,SKU_009_Cadbury_Dairy_Milk_Silk,14,95.0,1330.0,19,0.44
2026-07-30,DELHI_STORE_002,SKU_010_Surf_Excel_Matic_2kg,6,390.0,2340.0,30,0.27
2026-07-30,BENGALURU_STORE_003,SKU_001_Aashirvaad_Atta_5kg,16,265.0,4240.0,33,0.38
2026-07-30,BENGALURU_STORE_003,SKU_002_IndiaGate_Basmati_5kg,6,480.0,2880.0,23,0.37
2026-07-30,BENGALURU_STORE_003,SKU_003_Fortune_Sunflower_Oil_1L,13,145.0,1885.0,41,0.24
2026-07-30,BENGALURU_STORE_003,SKU_004_Amul_Butter_500g,25,275.0,6875.0,24,0.45
2026-07-30,BENGALURU_STORE_003,SKU_005_Tata_Tea_Gold_500g,5,320.0,1600.0,40,0.21
2026-07-30,BENGALURU_STORE_003,SKU_006_Tata_Salt_1kg,35,28.0,980.0,23,0.28
2026-07-30,BENGALURU_STORE_003,SKU_007_Toor_Dal_Premium_1kg,18,165.0,2970.0,53,0.3
2026-07-30,BENGALURU_STORE_003,SKU_008_Maggi_Noodles_12Pack,33,168.0,5544.0,49,0.23
2026-07-30,BENGALURU_STORE_003,SKU_009_Cadbury_Dairy_Milk_Silk,17,95.0,1615.0,46,0.49
2026-07-30,BENGALURU_STORE_003,SKU_010_Surf_Excel_Matic_2kg,12,390.0,4680.0,46,0.5
2026-07-30,HYDERABAD_STORE_004,SKU_001_Aashirvaad_Atta_5kg,16,265.0,4240.0,57,0.23
2026-07-30,HYDERABAD_STORE_004,SKU_002_IndiaGate_Basmati_5kg,10,480.0,4800.0,38,0.33
2026-07-30,HYDERABAD_STORE_004,SKU_003_Fortune_Sunflower_Oil_1L,22,145.0,3190.0,22,0.21
2026-07-30,HYDERABAD_STORE_004,SKU_004_Amul_Butter_500g,14,275.0,3850.0,50,0.25
2026-07-30,HYDERABAD_STORE_004,SKU_005_Tata_Tea_Gold_500g,7,320.0,2240.0,28,0.49
2026-07-30,HYDERABAD_STORE_004,SKU_006_Tata_Salt_1kg,39,28.0,1092.0,28,0.36
2026-07-30,HYDERABAD_STORE_004,SKU_007_Toor_Dal_Premium_1kg,9,165.0,1485.0,22,0.43
2026-07-30,HYDERABAD_STORE_004,SKU_008_Maggi_Noodles_12Pack,25,168.0,4200.0,45,0.33
2026-07-30,HYDERABAD_STORE_004,SKU_009_Cadbury_Dairy_Milk_Silk,20,95.0,1900.0,39,0.49
2026-07-30,HYDERABAD_STORE_004,SKU_010_Surf_Excel_Matic_2kg,4,390.0,1560.0,25,0.27
2026-07-30,CHENNAI_STORE_005,SKU_001_Aashirvaad_Atta_5kg,13,265.0,3445.0,56,0.26
2026-07-30,CHENNAI_STORE_005,SKU_002_IndiaGate_Basmati_5kg,9,480.0,4320.0,18,0.47
2026-07-30,CHENNAI_STORE_005,SKU_003_Fortune_Sunflower_Oil_1L,22,145.0,3190.0,17,0.36
2026-07-30,CHENNAI_STORE_005,SKU_004_Amul_Butter_500g,18,275.0,4950.0,19,0.27
2026-07-30,CHENNAI_STORE_005,SKU_005_Tata_Tea_Gold_500g,11,320.0,3520.0,57,0.5
2026-07-30,CHENNAI_STORE_005,SKU_006_Tata_Salt_1kg,50,28.0,1400.0,17,0.24
2026-07-30,CHENNAI_STORE_005,SKU_007_Toor_Dal_Premium_1kg,14,165.0,2310.0,55,0.26
2026-07-30,CHENNAI_STORE_005,SKU_008_Maggi_Noodles_12Pack,24,168.0,4032.0,35,0.31
2026-07-30,CHENNAI_STORE_005,SKU_009_Cadbury_Dairy_Milk_Silk,21,95.0,1995.0,15,0.5
2026-07-30,CHENNAI_STORE_005,SKU_010_Surf_Excel_Matic_2kg,10,390.0,3900.0,57,0.25
2026-07-31,MUMBAI_STORE_001,SKU_001_Aashirvaad_Atta_5kg,10,265.0,2650.0,26,0.44
2026-07-31,MUMBAI_STORE_001,SKU_002_IndiaGate_Basmati_5kg,7,480.0,3360.0,23,0.44
2026-07-31,MUMBAI_STORE_001,SKU_003_Fortune_Sunflower_Oil_1L,24,145.0,3480.0,52,0.37
2026-07-31,MUMBAI_STORE_001,SKU_004_Amul_Butter_500g,17,275.0,4675.0,28,0.25
2026-07-31,MUMBAI_STORE_001,SKU_005_Tata_Tea_Gold_500g,13,320.0,4160.0,18,0.2
2026-07-31,MUMBAI_STORE_001,SKU_006_Tata_Salt_1kg,37,28.0,1036.0,48,0.31
2026-07-31,MUMBAI_STORE_001,SKU_007_Toor_Dal_Premium_1kg,16,165.0,2640.0,44,0.31
2026-07-31,MUMBAI_STORE_001,SKU_008_Maggi_Noodles_12Pack,24,168.0,4032.0,48,0.41
2026-07-31,MUMBAI_STORE_001,SKU_009_Cadbury_Dairy_Milk_Silk,26,95.0,2470.0,59,0.3
2026-07-31,MUMBAI_STORE_001,SKU_010_Surf_Excel_Matic_2kg,12,390.0,4680.0,50,0.47
2026-07-31,DELHI_STORE_002,SKU_001_Aashirvaad_Atta_5kg,10,265.0,2650.0,32,0.5
2026-07-31,DELHI_STORE_002,SKU_002_IndiaGate_Basmati_5kg,8,480.0,3840.0,59,0.41
2026-07-31,DELHI_STORE_002,SKU_003_Fortune_Sunflower_Oil_1L,17,145.0,2465.0,22,0.45
2026-07-31,DELHI_STORE_002,SKU_004_Amul_Butter_500g,21,275.0,5775.0,50,0.42
2026-07-31,DELHI_STORE_002,SKU_005_Tata_Tea_Gold_500g,9,320.0,2880.0,43,0.25
2026-07-31,DELHI_STORE_002,SKU_006_Tata_Salt_1kg,36,28.0,1008.0,38,0.45
2026-07-31,DELHI_STORE_002,SKU_007_Toor_Dal_Premium_1kg,16,165.0,2640.0,46,0.32
2026-07-31,DELHI_STORE_002,SKU_008_Maggi_Noodles_12Pack,21,168.0,3528.0,47,0.45
2026-07-31,DELHI_STORE_002,SKU_009_Cadbury_Dairy_Milk_Silk,19,95.0,1805.0,25,0.39
2026-07-31,DELHI_STORE_002,SKU_010_Surf_Excel_Matic_2kg,9,390.0,3510.0,41,0.48
2026-07-31,BENGALURU_STORE_003,SKU_001_Aashirvaad_Atta_5kg,13,265.0,3445.0,54,0.21
2026-07-31,BENGALURU_STORE_003,SKU_002_IndiaGate_Basmati_5kg,3,480.0,1440.0,53,0.34
2026-07-31,BENGALURU_STORE_003,SKU_003_Fortune_Sunflower_Oil_1L,17,145.0,2465.0,45,0.35
2026-07-31,BENGALURU_STORE_003,SKU_004_Amul_Butter_500g,23,275.0,6325.0,52,0.26
2026-07-31,BENGALURU_STORE_003,SKU_005_Tata_Tea_Gold_500g,17,320.0,5440.0,15,0.45
2026-07-31,BENGALURU_STORE_003,SKU_006_Tata_Salt_1kg,47,28.0,1316.0,25,0.28
2026-07-31,BENGALURU_STORE_003,SKU_007_Toor_Dal_Premium_1kg,16,165.0,2640.0,21,0.45
2026-07-31,BENGALURU_STORE_003,SKU_008_Maggi_Noodles_12Pack,22,168.0,3696.0,56,0.33
2026-07-31,BENGALURU_STORE_003,SKU_009_Cadbury_Dairy_Milk_Silk,18,95.0,1710.0,38,0.41
2026-07-31,BENGALURU_STORE_003,SKU_010_Surf_Excel_Matic_2kg,11,390.0,4290.0,53,0.26
2026-07-31,HYDERABAD_STORE_004,SKU_001_Aashirvaad_Atta_5kg,21,265.0,5565.0,48,0.29
2026-07-31,HYDERABAD_STORE_004,SKU_002_IndiaGate_Basmati_5kg,10,480.0,4800.0,31,0.3
2026-07-31,HYDERABAD_STORE_004,SKU_003_Fortune_Sunflower_Oil_1L,25,145.0,3625.0,46,0.48
2026-07-31,HYDERABAD_STORE_004,SKU_004_Amul_Butter_500g,19,275.0,5225.0,18,0.46
2026-07-31,HYDERABAD_STORE_004,SKU_005_Tata_Tea_Gold_500g,10,320.0,3200.0,59,0.38
2026-07-31,HYDERABAD_STORE_004,SKU_006_Tata_Salt_1kg,39,28.0,1092.0,17,0.44
2026-07-31,HYDERABAD_STORE_004,SKU_007_Toor_Dal_Premium_1kg,11,165.0,1815.0,41,0.34
2026-07-31,HYDERABAD_STORE_004,SKU_008_Maggi_Noodles_12Pack,23,168.0,3864.0,29,0.33
2026-07-31,HYDERABAD_STORE_004,SKU_009_Cadbury_Dairy_Milk_Silk,18,95.0,1710.0,25,0.5
2026-07-31,HYDERABAD_STORE_004,SKU_010_Surf_Excel_Matic_2kg,10,390.0,3900.0,36,0.46
2026-07-31,CHENNAI_STORE_005,SKU_001_Aashirvaad_Atta_5kg,14,265.0,3710.0,51,0.31
2026-07-31,CHENNAI_STORE_005,SKU_002_IndiaGate_Basmati_5kg,10,480.0,4800.0,37,0.22
2026-07-31,CHENNAI_STORE_005,SKU_003_Fortune_Sunflower_Oil_1L,25,145.0,3625.0,57,0.25
2026-07-31,CHENNAI_STORE_005,SKU_004_Amul_Butter_500g,19,275.0,5225.0,42,0.42
2026-07-31,CHENNAI_STORE_005,SKU_005_Tata_Tea_Gold_500g,14,320.0,4480.0,53,0.22
2026-07-31,CHENNAI_STORE_005,SKU_006_Tata_Salt_1kg,32,28.0,896.0,37,0.26
2026-07-31,CHENNAI_STORE_005,SKU_007_Toor_Dal_Premium_1kg,17,165.0,2805.0,32,0.44
2026-07-31,CHENNAI_STORE_005,SKU_008_Maggi_Noodles_12Pack,24,168.0,4032.0,17,0.46
2026-07-31,CHENNAI_STORE_005,SKU_009_Cadbury_Dairy_Milk_Silk,31,95.0,2945.0,31,0.48
2026-07-31,CHENNAI_STORE_005,SKU_010_Surf_Excel_Matic_2kg,13,390.0,5070.0,36,0.26
2026-08-01,MUMBAI_STORE_001,SKU_001_Aashirvaad_Atta_5kg,17,265.0,4505.0,55,0.42
2026-08-01,MUMBAI_STORE_001,SKU_002_IndiaGate_Basmati_5kg,11,480.0,5280.0,17,0.31
2026-08-01,MUMBAI_STORE_001,SKU_003_Fortune_Sunflower_Oil_1L,30,145.0,4350.0,15,0.5
2026-08-01,MUMBAI_STORE_001,SKU_004_Amul_Butter_500g,24,275.0,6600.0,39,0.24
2026-08-01,MUMBAI_STORE_001,SKU_005_Tata_Tea_Gold_500g,21,320.0,6720.0,38,0.35
2026-08-01,MUMBAI_STORE_001,SKU_006_Tata_Salt_1kg,38,28.0,1064.0,56,0.23
2026-08-01,MUMBAI_STORE_001,SKU_007_Toor_Dal_Premium_1kg,20,165.0,3300.0,39,0.38
2026-08-01,MUMBAI_STORE_001,SKU_008_Maggi_Noodles_12Pack,34,168.0,5712.0,17,0.42
2026-08-01,MUMBAI_STORE_001,SKU_009_Cadbury_Dairy_Milk_Silk,33,95.0,3135.0,43,0.27
2026-08-01,MUMBAI_STORE_001,SKU_010_Surf_Excel_Matic_2kg,14,390.0,5460.0,19,0.22
2026-08-01,DELHI_STORE_002,SKU_001_Aashirvaad_Atta_5kg,18,265.0,4770.0,56,0.47
2026-08-01,DELHI_STORE_002,SKU_002_IndiaGate_Basmati_5kg,11,480.0,5280.0,50,0.26
2026-08-01,DELHI_STORE_002,SKU_003_Fortune_Sunflower_Oil_1L,27,145.0,3915.0,38,0.3
2026-08-01,DELHI_STORE_002,SKU_004_Amul_Butter_500g,20,275.0,5500.0,54,0.37
2026-08-01,DELHI_STORE_002,SKU_005_Tata_Tea_Gold_500g,23,320.0,7360.0,22,0.37
2026-08-01,DELHI_STORE_002,SKU_006_Tata_Salt_1kg,49,28.0,1372.0,50,0.43
2026-08-01,DELHI_STORE_002,SKU_007_Toor_Dal_Premium_1kg,33,165.0,5445.0,24,0.37
2026-08-01,DELHI_STORE_002,SKU_008_Maggi_Noodles_12Pack,27,168.0,4536.0,24,0.32
2026-08-01,DELHI_STORE_002,SKU_009_Cadbury_Dairy_Milk_Silk,21,95.0,1995.0,44,0.38
2026-08-01,DELHI_STORE_002,SKU_010_Surf_Excel_Matic_2kg,16,390.0,6240.0,20,0.29
2026-08-01,BENGALURU_STORE_003,SKU_001_Aashirvaad_Atta_5kg,23,265.0,6095.0,30,0.49
2026-08-01,BENGALURU_STORE_003,SKU_002_IndiaGate_Basmati_5kg,12,480.0,5760.0,26,0.26
2026-08-01,BENGALURU_STORE_003,SKU_003_Fortune_Sunflower_Oil_1L,36,145.0,5220.0,45,0.37
2026-08-01,BENGALURU_STORE_003,SKU_004_Amul_Butter_500g,27,275.0,7425.0,27,0.31
2026-08-01,BENGALURU_STORE_003,SKU_005_Tata_Tea_Gold_500g,22,320.0,7040.0,39,0.41
2026-08-01,BENGALURU_STORE_003,SKU_006_Tata_Salt_1kg,48,28.0,1344.0,51,0.42
2026-08-01,BENGALURU_STORE_003,SKU_007_Toor_Dal_Premium_1kg,22,165.0,3630.0,42,0.46
2026-08-01,BENGALURU_STORE_003,SKU_008_Maggi_Noodles_12Pack,44,168.0,7392.0,34,0.34
2026-08-01,BENGALURU_STORE_003,SKU_009_Cadbury_Dairy_Milk_Silk,27,95.0,2565.0,40,0.23
2026-08-01,BENGALURU_STORE_003,SKU_010_Surf_Excel_Matic_2kg,18,390.0,7020.0,35,0.33
2026-08-01,HYDERABAD_STORE_004,SKU_001_Aashirvaad_Atta_5kg,27,265.0,7155.0,26,0.48
2026-08-01,HYDERABAD_STORE_004,SKU_002_IndiaGate_Basmati_5kg,8,480.0,3840.0,16,0.27
2026-08-01,HYDERABAD_STORE_004,SKU_003_Fortune_Sunflower_Oil_1L,36,145.0,5220.0,47,0.28
2026-08-01,HYDERABAD_STORE_004,SKU_004_Amul_Butter_500g,22,275.0,6050.0,28,0.23
2026-08-01,HYDERABAD_STORE_004,SKU_005_Tata_Tea_Gold_500g,17,320.0,5440.0,46,0.45
2026-08-01,HYDERABAD_STORE_004,SKU_006_Tata_Salt_1kg,51,28.0,1428.0,42,0.22
2026-08-01,HYDERABAD_STORE_004,SKU_007_Toor_Dal_Premium_1kg,25,165.0,4125.0,23,0.45
2026-08-01,HYDERABAD_STORE_004,SKU_008_Maggi_Noodles_12Pack,32,168.0,5376.0,56,0.3
2026-08-01,HYDERABAD_STORE_004,SKU_009_Cadbury_Dairy_Milk_Silk,35,95.0,3325.0,15,0.43
2026-08-01,HYDERABAD_STORE_004,SKU_010_Surf_Excel_Matic_2kg,21,390.0,8190.0,25,0.47
2026-08-01,CHENNAI_STORE_005,SKU_001_Aashirvaad_Atta_5kg,15,265.0,3975.0,38,0.22
2026-08-01,CHENNAI_STORE_005,SKU_002_IndiaGate_Basmati_5kg,9,480.0,4320.0,53,0.41
2026-08-01,CHENNAI_STORE_005,SKU_003_Fortune_Sunflower_Oil_1L,33,145.0,4785.0,28,0.24
2026-08-01,CHENNAI_STORE_005,SKU_004_Amul_Butter_500g,25,275.0,6875.0,24,0.33
2026-08-01,CHENNAI_STORE_005,SKU_005_Tata_Tea_Gold_500g,16,320.0,5120.0,41,0.36
2026-08-01,CHENNAI_STORE_005,SKU_006_Tata_Salt_1kg,38,28.0,1064.0,19,0.46
2026-08-01,CHENNAI_STORE_005,SKU_007_Toor_Dal_Premium_1kg,21,165.0,3465.0,33,0.22
2026-08-01,CHENNAI_STORE_005,SKU_008_Maggi_Noodles_12Pack,41,168.0,6888.0,56,0.22
2026-08-01,CHENNAI_STORE_005,SKU_009_Cadbury_Dairy_Milk_Silk,29,95.0,2755.0,32,0.27
2026-08-01,CHENNAI_STORE_005,SKU_010_Surf_Excel_Matic_2kg,21,390.0,8190.0,37,0.31
2026-08-02,MUMBAI_STORE_001,SKU_001_Aashirvaad_Atta_5kg,16,265.0,4240.0,30,0.33
2026-08-02,MUMBAI_STORE_001,SKU_002_IndiaGate_Basmati_5kg,10,480.0,4800.0,56,0.4
2026-08-02,MUMBAI_STORE_001,SKU_003_Fortune_Sunflower_Oil_1L,30,145.0,4350.0,43,0.22
2026-08-02,MUMBAI_STORE_001,SKU_004_Amul_Butter_500g,18,275.0,4950.0,35,0.45
2026-08-02,MUMBAI_STORE_001,SKU_005_Tata_Tea_Gold_500g,15,320.0,4800.0,55,0.45
2026-08-02,MUMBAI_STORE_001,SKU_006_Tata_Salt_1kg,53,28.0,1484.0,20,0.2
2026-08-02,MUMBAI_STORE_001,SKU_007_Toor_Dal_Premium_1kg,16,165.0,2640.0,39,0.22
2026-08-02,MUMBAI_STORE_001,SKU_008_Maggi_Noodles_12Pack,28,168.0,4704.0,43,0.38
2026-08-02,MUMBAI_STORE_001,SKU_009_Cadbury_Dairy_Milk_Silk,30,95.0,2850.0,31,0.23
2026-08-02,MUMBAI_STORE_001,SKU_010_Surf_Excel_Matic_2kg,11,390.0,4290.0,59,0.39
2026-08-02,DELHI_STORE_002,SKU_001_Aashirvaad_Atta_5kg,27,265.0,7155.0,16,0.5
2026-08-02,DELHI_STORE_002,SKU_002_IndiaGate_Basmati_5kg,6,480.0,2880.0,26,0.32
2026-08-02,DELHI_STORE_002,SKU_003_Fortune_Sunflower_Oil_1L,33,145.0,4785.0,26,0.3
2026-08-02,DELHI_STORE_002,SKU_004_Amul_Butter_500g,31,275.0,8525.0,23,0.44
2026-08-02,DELHI_STORE_002,SKU_005_Tata_Tea_Gold_500g,12,320.0,3840.0,31,0.46
2026-08-02,DELHI_STORE_002,SKU_006_Tata_Salt_1kg,41,28.0,1148.0,37,0.28
2026-08-02,DELHI_STORE_002,SKU_007_Toor_Dal_Premium_1kg,24,165.0,3960.0,34,0.23
2026-08-02,DELHI_STORE_002,SKU_008_Maggi_Noodles_12Pack,44,168.0,7392.0,20,0.22
2026-08-02,DELHI_STORE_002,SKU_009_Cadbury_Dairy_Milk_Silk,31,95.0,2945.0,31,0.4
2026-08-02,DELHI_STORE_002,SKU_010_Surf_Excel_Matic_2kg,7,390.0,2730.0,18,0.46
2026-08-02,BENGALURU_STORE_003,SKU_001_Aashirvaad_Atta_5kg,24,265.0,6360.0,18,0.28
2026-08-02,BENGALURU_STORE_003,SKU_002_IndiaGate_Basmati_5kg,9,480.0,4320.0,26,0.22
2026-08-02,BENGALURU_STORE_003,SKU_003_Fortune_Sunflower_Oil_1L,35,145.0,5075.0,35,0.24
2026-08-02,BENGALURU_STORE_003,SKU_004_Amul_Butter_500g,31,275.0,8525.0,55,0.35
2026-08-02,BENGALURU_STORE_003,SKU_005_Tata_Tea_Gold_500g,25,320.0,8000.0,40,0.48
2026-08-02,BENGALURU_STORE_003,SKU_006_Tata_Salt_1kg,46,28.0,1288.0,17,0.38
2026-08-02,BENGALURU_STORE_003,SKU_007_Toor_Dal_Premium_1kg,26,165.0,4290.0,21,0.33
2026-08-02,BENGALURU_STORE_003,SKU_008_Maggi_Noodles_12Pack,29,168.0,4872.0,22,0.47
2026-08-02,BENGALURU_STORE_003,SKU_009_Cadbury_Dairy_Milk_Silk,24,95.0,2280.0,53,0.34
2026-08-02,BENGALURU_STORE_003,SKU_010_Surf_Excel_Matic_2kg,15,390.0,5850.0,40,0.22
2026-08-02,HYDERABAD_STORE_004,SKU_001_Aashirvaad_Atta_5kg,26,265.0,6890.0,29,0.21
2026-08-02,HYDERABAD_STORE_004,SKU_002_IndiaGate_Basmati_5kg,12,480.0,5760.0,35,0.47
2026-08-02,HYDERABAD_STORE_004,SKU_003_Fortune_Sunflower_Oil_1L,25,145.0,3625.0,18,0.27
2026-08-02,HYDERABAD_STORE_004,SKU_004_Amul_Butter_500g,23,275.0,6325.0,48,0.26
2026-08-02,HYDERABAD_STORE_004,SKU_005_Tata_Tea_Gold_500g,19,320.0,6080.0,38,0.48
2026-08-02,HYDERABAD_STORE_004,SKU_006_Tata_Salt_1kg,59,28.0,1652.0,27,0.32
2026-08-02,HYDERABAD_STORE_004,SKU_007_Toor_Dal_Premium_1kg,11,165.0,1815.0,29,0.27
2026-08-02,HYDERABAD_STORE_004,SKU_008_Maggi_Noodles_12Pack,32,168.0,5376.0,23,0.24
2026-08-02,HYDERABAD_STORE_004,SKU_009_Cadbury_Dairy_Milk_Silk,39,95.0,3705.0,24,0.27
2026-08-02,HYDERABAD_STORE_004,SKU_010_Surf_Excel_Matic_2kg,21,390.0,8190.0,50,0.23
2026-08-02,CHENNAI_STORE_005,SKU_001_Aashirvaad_Atta_5kg,25,265.0,6625.0,26,0.37
2026-08-02,CHENNAI_STORE_005,SKU_002_IndiaGate_Basmati_5kg,8,480.0,3840.0,15,0.46
2026-08-02,CHENNAI_STORE_005,SKU_003_Fortune_Sunflower_Oil_1L,28,145.0,4060.0,16,0.3
2026-08-02,CHENNAI_STORE_005,SKU_004_Amul_Butter_500g,33,275.0,9075.0,33,0.21
2026-08-02,CHENNAI_STORE_005,SKU_005_Tata_Tea_Gold_500g,15,320.0,4800.0,26,0.46
2026-08-02,CHENNAI_STORE_005,SKU_006_Tata_Salt_1kg,49,28.0,1372.0,41,0.24
2026-08-02,CHENNAI_STORE_005,SKU_007_Toor_Dal_Premium_1kg,19,165.0,3135.0,25,0.4
2026-08-02,CHENNAI_STORE_005,SKU_008_Maggi_Noodles_12Pack,36,168.0,6048.0,57,0.23
2026-08-02,CHENNAI_STORE_005,SKU_009_Cadbury_Dairy_Milk_Silk,26,95.0,2470.0,21,0.44
2026-08-02,CHENNAI_STORE_005,SKU_010_Surf_Excel_Matic_2kg,17,390.0,6630.0,39,0.22
2026-08-03,MUMBAI_STORE_001,SKU_001_Aashirvaad_Atta_5kg,15,265.0,3975.0,40,0.28
2026-08-03,MUMBAI_STORE_001,SKU_002_IndiaGate_Basmati_5kg,7,480.0,3360.0,57,0.35
2026-08-03,MUMBAI_STORE_001,SKU_003_Fortune_Sunflower_Oil_1L,21,145.0,3045.0,22,0.25
2026-08-03,MUMBAI_STORE_001,SKU_004_Amul_Butter_500g,24,275.0,6600.0,38,0.3
2026-08-03,MUMBAI_STORE_001,SKU_005_Tata_Tea_Gold_500g,15,320.0,4800.0,42,0.32
2026-08-03,MUMBAI_STORE_001,SKU_006_Tata_Salt_1kg,47,28.0,1316.0,40,0.42
2026-08-03,MUMBAI_STORE_001,SKU_007_Toor_Dal_Premium_1kg,16,165.0,2640.0,58,0.27
2026-08-03,MUMBAI_STORE_001,SKU_008_Maggi_Noodles_12Pack,25,168.0,4200.0,38,0.31
2026-08-03,MUMBAI_STORE_001,SKU_009_Cadbury_Dairy_Milk_Silk,16,95.0,1520.0,59,0.44
2026-08-03,MUMBAI_STORE_001,SKU_010_Surf_Excel_Matic_2kg,10,390.0,3900.0,19,0.33
2026-08-03,DELHI_STORE_002,SKU_001_Aashirvaad_Atta_5kg,18,265.0,4770.0,46,0.42
2026-08-03,DELHI_STORE_002,SKU_002_IndiaGate_Basmati_5kg,11,480.0,5280.0,19,0.47
2026-08-03,DELHI_STORE_002,SKU_003_Fortune_Sunflower_Oil_1L,20,145.0,2900.0,56,0.25
2026-08-03,DELHI_STORE_002,SKU_004_Amul_Butter_500g,19,275.0,5225.0,49,0.36
2026-08-03,DELHI_STORE_002,SKU_005_Tata_Tea_Gold_500g,13,320.0,4160.0,52,0.43
2026-08-03,DELHI_STORE_002,SKU_006_Tata_Salt_1kg,34,28.0,952.0,31,0.24
2026-08-03,DELHI_STORE_002,SKU_007_Toor_Dal_Premium_1kg,10,165.0,1650.0,17,0.41
2026-08-03,DELHI_STORE_002,SKU_008_Maggi_Noodles_12Pack,16,168.0,2688.0,19,0.22
2026-08-03,DELHI_STORE_002,SKU_009_Cadbury_Dairy_Milk_Silk,17,95.0,1615.0,58,0.46
2026-08-03,DELHI_STORE_002,SKU_010_Surf_Excel_Matic_2kg,14,390.0,5460.0,26,0.22
2026-08-03,BENGALURU_STORE_003,SKU_001_Aashirvaad_Atta_5kg,17,265.0,4505.0,40,0.27
2026-08-03,BENGALURU_STORE_003,SKU_002_IndiaGate_Basmati_5kg,16,480.0,7680.0,53,0.39
2026-08-03,BENGALURU_STORE_003,SKU_003_Fortune_Sunflower_Oil_1L,19,145.0,2755.0,50,0.21
2026-08-03,BENGALURU_STORE_003,SKU_004_Amul_Butter_500g,13,275.0,3575.0,25,0.3
2026-08-03,BENGALURU_STORE_003,SKU_005_Tata_Tea_Gold_500g,10,320.0,3200.0,25,0.45
2026-08-03,BENGALURU_STORE_003,SKU_006_Tata_Salt_1kg,38,28.0,1064.0,31,0.35
2026-08-03,BENGALURU_STORE_003,SKU_007_Toor_Dal_Premium_1kg,16,165.0,2640.0,32,0.47
2026-08-03,BENGALURU_STORE_003,SKU_008_Maggi_Noodles_12Pack,24,168.0,4032.0,56,0.47
2026-08-03,BENGALURU_STORE_003,SKU_009_Cadbury_Dairy_Milk_Silk,11,95.0,1045.0,36,0.33
2026-08-03,BENGALURU_STORE_003,SKU_010_Surf_Excel_Matic_2kg,5,390.0,1950.0,23,0.47
2026-08-03,HYDERABAD_STORE_004,SKU_001_Aashirvaad_Atta_5kg,24,265.0,6360.0,19,0.44
2026-08-03,HYDERABAD_STORE_004,SKU_002_IndiaGate_Basmati_5kg,10,480.0,4800.0,26,0.26
2026-08-03,HYDERABAD_STORE_004,SKU_003_Fortune_Sunflower_Oil_1L,23,145.0,3335.0,42,0.32
2026-08-03,HYDERABAD_STORE_004,SKU_004_Amul_Butter_500g,17,275.0,4675.0,36,0.5
2026-08-03,HYDERABAD_STORE_004,SKU_005_Tata_Tea_Gold_500g,11,320.0,3520.0,17,0.4
2026-08-03,HYDERABAD_STORE_004,SKU_006_Tata_Salt_1kg,36,28.0,1008.0,40,0.25
2026-08-03,HYDERABAD_STORE_004,SKU_007_Toor_Dal_Premium_1kg,15,165.0,2475.0,21,0.41
2026-08-03,HYDERABAD_STORE_004,SKU_008_Maggi_Noodles_12Pack,22,168.0,3696.0,45,0.39
2026-08-03,HYDERABAD_STORE_004,SKU_009_Cadbury_Dairy_Milk_Silk,21,95.0,1995.0,56,0.39
2026-08-03,HYDERABAD_STORE_004,SKU_010_Surf_Excel_Matic_2kg,12,390.0,4680.0,43,0.43
2026-08-03,CHENNAI_STORE_005,SKU_001_Aashirvaad_Atta_5kg,17,265.0,4505.0,25,0.49
2026-08-03,CHENNAI_STORE_005,SKU_002_IndiaGate_Basmati_5kg,8,480.0,3840.0,34,0.3
2026-08-03,CHENNAI_STORE_005,SKU_003_Fortune_Sunflower_Oil_1L,24,145.0,3480.0,47,0.49
2026-08-03,CHENNAI_STORE_005,SKU_004_Amul_Butter_500g,16,275.0,4400.0,38,0.21
2026-08-03,CHENNAI_STORE_005,SKU_005_Tata_Tea_Gold_500g,19,320.0,6080.0,55,0.23
2026-08-03,CHENNAI_STORE_005,SKU_006_Tata_Salt_1kg,41,28.0,1148.0,16,0.42
2026-08-03,CHENNAI_STORE_005,SKU_007_Toor_Dal_Premium_1kg,13,165.0,2145.0,39,0.23
2026-08-03,CHENNAI_STORE_005,SKU_008_Maggi_Noodles_12Pack,34,168.0,5712.0,48,0.35
2026-08-03,CHENNAI_STORE_005,SKU_009_Cadbury_Dairy_Milk_Silk,21,95.0,1995.0,24,0.36
2026-08-03,CHENNAI_STORE_005,SKU_010_Surf_Excel_Matic_2kg,9,390.0,3510.0,45,0.41
2026-08-04,MUMBAI_STORE_001,SKU_001_Aashirvaad_Atta_5kg,13,265.0,3445.0,25,0.22
2026-08-04,MUMBAI_STORE_001,SKU_002_IndiaGate_Basmati_5kg,6,480.0,2880.0,56,0.38
2026-08-04,MUMBAI_STORE_001,SKU_003_Fortune_Sunflower_Oil_1L,17,145.0,2465.0,58,0.37
2026-08-04,MUMBAI_STORE_001,SKU_004_Amul_Butter_500g,20,275.0,5500.0,32,0.42
2026-08-04,MUMBAI_STORE_001,SKU_005_Tata_Tea_Gold_500g,18,320.0,5760.0,50,0.25
2026-08-04,MUMBAI_STORE_001,SKU_006_Tata_Salt_1kg,29,28.0,812.0,22,0.39
2026-08-04,MUMBAI_STORE_001,SKU_007_Toor_Dal_Premium_1kg,13,165.0,2145.0,51,0.34
2026-08-04,MUMBAI_STORE_001,SKU_008_Maggi_Noodles_12Pack,20,168.0,3360.0,59,0.39
2026-08-04,MUMBAI_STORE_001,SKU_009_Cadbury_Dairy_Milk_Silk,8,95.0,760.0,29,0.26
2026-08-04,MUMBAI_STORE_001,SKU_010_Surf_Excel_Matic_2kg,7,390.0,2730.0,25,0.47
2026-08-04,DELHI_STORE_002,SKU_001_Aashirvaad_Atta_5kg,14,265.0,3710.0,33,0.39
2026-08-04,DELHI_STORE_002,SKU_002_IndiaGate_Basmati_5kg,7,480.0,3360.0,43,0.47
2026-08-04,DELHI_STORE_002,SKU_003_Fortune_Sunflower_Oil_1L,17,145.0,2465.0,34,0.42
2026-08-04,DELHI_STORE_002,SKU_004_Amul_Butter_500g,14,275.0,3850.0,54,0.47
2026-08-04,DELHI_STORE_002,SKU_005_Tata_Tea_Gold_500g,20,320.0,6400.0,55,0.27
2026-08-04,DELHI_STORE_002,SKU_006_Tata_Salt_1kg,29,28.0,812.0,46,0.48
2026-08-04,DELHI_STORE_002,SKU_007_Toor_Dal_Premium_1kg,12,165.0,1980.0,48,0.48
2026-08-04,DELHI_STORE_002,SKU_008_Maggi_Noodles_12Pack,23,168.0,3864.0,39,0.32
2026-08-04,DELHI_STORE_002,SKU_009_Cadbury_Dairy_Milk_Silk,18,95.0,1710.0,31,0.2
2026-08-04,DELHI_STORE_002,SKU_010_Surf_Excel_Matic_2kg,11,390.0,4290.0,18,0.43
2026-08-04,BENGALURU_STORE_003,SKU_001_Aashirvaad_Atta_5kg,12,265.0,3180.0,31,0.28
2026-08-04,BENGALURU_STORE_003,SKU_002_IndiaGate_Basmati_5kg,6,480.0,2880.0,17,0.38
2026-08-04,BENGALURU_STORE_003,SKU_003_Fortune_Sunflower_Oil_1L,26,145.0,3770.0,33,0.23
2026-08-04,BENGALURU_STORE_003,SKU_004_Amul_Butter_500g,14,275.0,3850.0,36,0.36
2026-08-04,BENGALURU_STORE_003,SKU_005_Tata_Tea_Gold_500g,19,320.0,6080.0,41,0.36
2026-08-04,BENGALURU_STORE_003,SKU_006_Tata_Salt_1kg,35,28.0,980.0,24,0.21
2026-08-04,BENGALURU_STORE_003,SKU_007_Toor_Dal_Premium_1kg,18,165.0,2970.0,15,0.28
2026-08-04,BENGALURU_STORE_003,SKU_008_Maggi_Noodles_12Pack,22,168.0,3696.0,22,0.32
2026-08-04,BENGALURU_STORE_003,SKU_009_Cadbury_Dairy_Milk_Silk,20,95.0,1900.0,58,0.21
2026-08-04,BENGALURU_STORE_003,SKU_010_Surf_Excel_Matic_2kg,17,390.0,6630.0,50,0.33
2026-08-04,HYDERABAD_STORE_004,SKU_001_Aashirvaad_Atta_5kg,13,265.0,3445.0,55,0.27
2026-08-04,HYDERABAD_STORE_004,SKU_002_IndiaGate_Basmati_5kg,13,480.0,6240.0,26,0.27
2026-08-04,HYDERABAD_STORE_004,SKU_003_Fortune_Sunflower_Oil_1L,25,145.0,3625.0,45,0.28
2026-08-04,HYDERABAD_STORE_004,SKU_004_Amul_Butter_500g,19,275.0,5225.0,41,0.29
2026-08-04,HYDERABAD_STORE_004,SKU_005_Tata_Tea_Gold_500g,14,320.0,4480.0,26,0.29
2026-08-04,HYDERABAD_STORE_004,SKU_006_Tata_Salt_1kg,38,28.0,1064.0,46,0.4
2026-08-04,HYDERABAD_STORE_004,SKU_007_Toor_Dal_Premium_1kg,15,165.0,2475.0,26,0.25
2026-08-04,HYDERABAD_STORE_004,SKU_008_Maggi_Noodles_12Pack,28,168.0,4704.0,57,0.45
2026-08-04,HYDERABAD_STORE_004,SKU_009_Cadbury_Dairy_Milk_Silk,19,95.0,1805.0,22,0.21
2026-08-04,HYDERABAD_STORE_004,SKU_010_Surf_Excel_Matic_2kg,13,390.0,5070.0,59,0.4
2026-08-04,CHENNAI_STORE_005,SKU_001_Aashirvaad_Atta_5kg,17,265.0,4505.0,45,0.21
2026-08-04,CHENNAI_STORE_005,SKU_002_IndiaGate_Basmati_5kg,6,480.0,2880.0,47,0.27
2026-08-04,CHENNAI_STORE_005,SKU_003_Fortune_Sunflower_Oil_1L,20,145.0,2900.0,27,0.31
2026-08-04,CHENNAI_STORE_005,SKU_004_Amul_Butter_500g,22,275.0,6050.0,18,0.3
2026-08-04,CHENNAI_STORE_005,SKU_005_Tata_Tea_Gold_500g,11,320.0,3520.0,31,0.44
2026-08-04,CHENNAI_STORE_005,SKU_006_Tata_Salt_1kg,33,28.0,924.0,58,0.35
2026-08-04,CHENNAI_STORE_005,SKU_007_Toor_Dal_Premium_1kg,15,165.0,2475.0,19,0.33
2026-08-04,CHENNAI_STORE_005,SKU_008_Maggi_Noodles_12Pack,22,168.0,3696.0,28,0.47
2026-08-04,CHENNAI_STORE_005,SKU_009_Cadbury_Dairy_Milk_Silk,17,95.0,1615.0,42,0.33
2026-08-04,CHENNAI_STORE_005,SKU_010_Surf_Excel_Matic_2kg,7,390.0,2730.0,41,0.31
2026-08-05,MUMBAI_STORE_001,SKU_001_Aashirvaad_Atta_5kg,10,265.0,2650.0,54,0.33
2026-08-05,MUMBAI_STORE_001,SKU_002_IndiaGate_Basmati_5kg,11,480.0,5280.0,39,0.39
2026-08-05,MUMBAI_STORE_001,SKU_003_Fortune_Sunflower_Oil_1L,21,145.0,3045.0,19,0.49
2026-08-05,MUMBAI_STORE_001,SKU_004_Amul_Butter_500g,21,275.0,5775.0,29,0.25
2026-08-05,MUMBAI_STORE_001,SKU_005_Tata_Tea_Gold_500g,11,320.0,3520.0,43,0.31
2026-08-05,MUMBAI_STORE_001,SKU_006_Tata_Salt_1kg,37,28.0,1036.0,16,0.34
2026-08-05,MUMBAI_STORE_001,SKU_007_Toor_Dal_Premium_1kg,19,165.0,3135.0,44,0.36
2026-08-05,MUMBAI_STORE_001,SKU_008_Maggi_Noodles_12Pack,25,168.0,4200.0,22,0.31
2026-08-05,MUMBAI_STORE_001,SKU_009_Cadbury_Dairy_Milk_Silk,30,95.0,2850.0,43,0.36
2026-08-05,MUMBAI_STORE_001,SKU_010_Surf_Excel_Matic_2kg,13,390.0,5070.0,15,0.43
2026-08-05,DELHI_STORE_002,SKU_001_Aashirvaad_Atta_5kg,17,265.0,4505.0,55,0.47
2026-08-05,DELHI_STORE_002,SKU_002_IndiaGate_Basmati_5kg,10,480.0,4800.0,53,0.21
2026-08-05,DELHI_STORE_002,SKU_003_Fortune_Sunflower_Oil_1L,22,145.0,3190.0,39,0.4
2026-08-05,DELHI_STORE_002,SKU_004_Amul_Butter_500g,22,275.0,6050.0,53,0.25
2026-08-05,DELHI_STORE_002,SKU_005_Tata_Tea_Gold_500g,9,320.0,2880.0,31,0.31
2026-08-05,DELHI_STORE_002,SKU_006_Tata_Salt_1kg,41,28.0,1148.0,34,0.4
2026-08-05,DELHI_STORE_002,SKU_007_Toor_Dal_Premium_1kg,7,165.0,1155.0,43,0.39
2026-08-05,DELHI_STORE_002,SKU_008_Maggi_Noodles_12Pack,29,168.0,4872.0,47,0.41
2026-08-05,DELHI_STORE_002,SKU_009_Cadbury_Dairy_Milk_Silk,32,95.0,3040.0,39,0.38
2026-08-05,DELHI_STORE_002,SKU_010_Surf_Excel_Matic_2kg,10,390.0,3900.0,38,0.27
2026-08-05,BENGALURU_STORE_003,SKU_001_Aashirvaad_Atta_5kg,12,265.0,3180.0,29,0.21
2026-08-05,BENGALURU_STORE_003,SKU_002_IndiaGate_Basmati_5kg,12,480.0,5760.0,37,0.23
2026-08-05,BENGALURU_STORE_003,SKU_003_Fortune_Sunflower_Oil_1L,20,145.0,2900.0,52,0.22
2026-08-05,BENGALURU_STORE_003,SKU_004_Amul_Butter_500g,16,275.0,4400.0,44,0.29
2026-08-05,BENGALURU_STORE_003,SKU_005_Tata_Tea_Gold_500g,16,320.0,5120.0,37,0.49
2026-08-05,BENGALURU_STORE_003,SKU_006_Tata_Salt_1kg,48,28.0,1344.0,21,0.3
2026-08-05,BENGALURU_STORE_003,SKU_007_Toor_Dal_Premium_1kg,4,165.0,660.0,32,0.48
2026-08-05,BENGALURU_STORE_003,SKU_008_Maggi_Noodles_12Pack,32,168.0,5376.0,40,0.2
2026-08-05,BENGALURU_STORE_003,SKU_009_Cadbury_Dairy_Milk_Silk,16,95.0,1520.0,48,0.24
2026-08-05,BENGALURU_STORE_003,SKU_010_Surf_Excel_Matic_2kg,14,390.0,5460.0,25,0.25
2026-08-05,HYDERABAD_STORE_004,SKU_001_Aashirvaad_Atta_5kg,15,265.0,3975.0,47,0.3
2026-08-05,HYDERABAD_STORE_004,SKU_002_IndiaGate_Basmati_5kg,8,480.0,3840.0,32,0.48
2026-08-05,HYDERABAD_STORE_004,SKU_003_Fortune_Sunflower_Oil_1L,24,145.0,3480.0,54,0.28
2026-08-05,HYDERABAD_STORE_004,SKU_004_Amul_Butter_500g,14,275.0,3850.0,40,0.36
2026-08-05,HYDERABAD_STORE_004,SKU_005_Tata_Tea_Gold_500g,12,320.0,3840.0,29,0.43
2026-08-05,HYDERABAD_STORE_004,SKU_006_Tata_Salt_1kg,29,28.0,812.0,44,0.4
2026-08-05,HYDERABAD_STORE_004,SKU_007_Toor_Dal_Premium_1kg,16,165.0,2640.0,18,0.46
2026-08-05,HYDERABAD_STORE_004,SKU_008_Maggi_Noodles_12Pack,14,168.0,2352.0,40,0.42
2026-08-05,HYDERABAD_STORE_004,SKU_009_Cadbury_Dairy_Milk_Silk,20,95.0,1900.0,29,0.35
2026-08-05,HYDERABAD_STORE_004,SKU_010_Surf_Excel_Matic_2kg,16,390.0,6240.0,25,0.29
2026-08-05,CHENNAI_STORE_005,SKU_001_Aashirvaad_Atta_5kg,13,265.0,3445.0,31,0.39
2026-08-05,CHENNAI_STORE_005,SKU_002_IndiaGate_Basmati_5kg,6,480.0,2880.0,41,0.22
2026-08-05,CHENNAI_STORE_005,SKU_003_Fortune_Sunflower_Oil_1L,18,145.0,2610.0,53,0.48
2026-08-05,CHENNAI_STORE_005,SKU_004_Amul_Butter_500g,18,275.0,4950.0,52,0.36
2026-08-05,CHENNAI_STORE_005,SKU_005_Tata_Tea_Gold_500g,12,320.0,3840.0,50,0.47
2026-08-05,CHENNAI_STORE_005,SKU_006_Tata_Salt_1kg,30,28.0,840.0,52,0.23
2026-08-05,CHENNAI_STORE_005,SKU_007_Toor_Dal_Premium_1kg,20,165.0,3300.0,51,0.38
2026-08-05,CHENNAI_STORE_005,SKU_008_Maggi_Noodles_12Pack,20,168.0,3360.0,45,0.39
2026-08-05,CHENNAI_STORE_005,SKU_009_Cadbury_Dairy_Milk_Silk,19,95.0,1805.0,38,0.35
2026-08-05,CHENNAI_STORE_005,SKU_010_Surf_Excel_Matic_2kg,6,390.0,2340.0,51,0.26
2026-08-06,MUMBAI_STORE_001,SKU_001_Aashirvaad_Atta_5kg,14,265.0,3710.0,49,0.37
2026-08-06,MUMBAI_STORE_001,SKU_002_IndiaGate_Basmati_5kg,12,480.0,5760.0,37,0.35
2026-08-06,MUMBAI_STORE_001,SKU_003_Fortune_Sunflower_Oil_1L,23,145.0,3335.0,42,0.46
2026-08-06,MUMBAI_STORE_001,SKU_004_Amul_Butter_500g,28,275.0,7700.0,16,0.49
2026-08-06,MUMBAI_STORE_001,SKU_005_Tata_Tea_Gold_500g,14,320.0,4480.0,21,0.24
2026-08-06,MUMBAI_STORE_001,SKU_006_Tata_Salt_1kg,28,28.0,784.0,55,0.36
2026-08-06,MUMBAI_STORE_001,SKU_007_Toor_Dal_Premium_1kg,18,165.0,2970.0,50,0.46
2026-08-06,MUMBAI_STORE_001,SKU_008_Maggi_Noodles_12Pack,39,168.0,6552.0,57,0.42
2026-08-06,MUMBAI_STORE_001,SKU_009_Cadbury_Dairy_Milk_Silk,12,95.0,1140.0,45,0.47
2026-08-06,MUMBAI_STORE_001,SKU_010_Surf_Excel_Matic_2kg,9,390.0,3510.0,15,0.3
2026-08-06,DELHI_STORE_002,SKU_001_Aashirvaad_Atta_5kg,7,265.0,1855.0,51,0.26
2026-08-06,DELHI_STORE_002,SKU_002_IndiaGate_Basmati_5kg,5,480.0,2400.0,16,0.23
2026-08-06,DELHI_STORE_002,SKU_003_Fortune_Sunflower_Oil_1L,23,145.0,3335.0,16,0.37
2026-08-06,DELHI_STORE_002,SKU_004_Amul_Butter_500g,12,275.0,3300.0,45,0.21
2026-08-06,DELHI_STORE_002,SKU_005_Tata_Tea_Gold_500g,15,320.0,4800.0,45,0.44
2026-08-06,DELHI_STORE_002,SKU_006_Tata_Salt_1kg,38,28.0,1064.0,31,0.47
2026-08-06,DELHI_STORE_002,SKU_007_Toor_Dal_Premium_1kg,25,165.0,4125.0,59,0.41
2026-08-06,DELHI_STORE_002,SKU_008_Maggi_Noodles_12Pack,22,168.0,3696.0,29,0.28
2026-08-06,DELHI_STORE_002,SKU_009_Cadbury_Dairy_Milk_Silk,19,95.0,1805.0,43,0.44
2026-08-06,DELHI_STORE_002,SKU_010_Surf_Excel_Matic_2kg,8,390.0,3120.0,45,0.4
2026-08-06,BENGALURU_STORE_003,SKU_001_Aashirvaad_Atta_5kg,20,265.0,5300.0,53,0.36
2026-08-06,BENGALURU_STORE_003,SKU_002_IndiaGate_Basmati_5kg,8,480.0,3840.0,39,0.33
2026-08-06,BENGALURU_STORE_003,SKU_003_Fortune_Sunflower_Oil_1L,18,145.0,2610.0,42,0.36
2026-08-06,BENGALURU_STORE_003,SKU_004_Amul_Butter_500g,21,275.0,5775.0,18,0.31
2026-08-06,BENGALURU_STORE_003,SKU_005_Tata_Tea_Gold_500g,10,320.0,3200.0,35,0.31
2026-08-06,BENGALURU_STORE_003,SKU_006_Tata_Salt_1kg,32,28.0,896.0,55,0.21
2026-08-06,BENGALURU_STORE_003,SKU_007_Toor_Dal_Premium_1kg,25,165.0,4125.0,57,0.26
2026-08-06,BENGALURU_STORE_003,SKU_008_Maggi_Noodles_12Pack,24,168.0,4032.0,58,0.45
2026-08-06,BENGALURU_STORE_003,SKU_009_Cadbury_Dairy_Milk_Silk,22,95.0,2090.0,48,0.42
2026-08-06,BENGALURU_STORE_003,SKU_010_Surf_Excel_Matic_2kg,9,390.0,3510.0,22,0.28
2026-08-06,HYDERABAD_STORE_004,SKU_001_Aashirvaad_Atta_5kg,7,265.0,1855.0,42,0.29
2026-08-06,HYDERABAD_STORE_004,SKU_002_IndiaGate_Basmati_5kg,4,480.0,1920.0,26,0.46
2026-08-06,HYDERABAD_STORE_004,SKU_003_Fortune_Sunflower_Oil_1L,22,145.0,3190.0,16,0.31
2026-08-06,HYDERABAD_STORE_004,SKU_004_Amul_Butter_500g,18,275.0,4950.0,20,0.46
2026-08-06,HYDERABAD_STORE_004,SKU_005_Tata_Tea_Gold_500g,19,320.0,6080.0,30,0.49
2026-08-06,HYDERABAD_STORE_004,SKU_006_Tata_Salt_1kg,25,28.0,700.0,58,0.49
2026-08-06,HYDERABAD_STORE_004,SKU_007_Toor_Dal_Premium_1kg,16,165.0,2640.0,24,0.47
2026-08-06,HYDERABAD_STORE_004,SKU_008_Maggi_Noodles_12Pack,33,168.0,5544.0,49,0.42
2026-08-06,HYDERABAD_STORE_004,SKU_009_Cadbury_Dairy_Milk_Silk,22,95.0,2090.0,45,0.36
2026-08-06,HYDERABAD_STORE_004,SKU_010_Surf_Excel_Matic_2kg,7,390.0,2730.0,36,0.29
2026-08-06,CHENNAI_STORE_005,SKU_001_Aashirvaad_Atta_5kg,21,265.0,5565.0,44,0.27
2026-08-06,CHENNAI_STORE_005,SKU_002_IndiaGate_Basmati_5kg,8,480.0,3840.0,28,0.28
2026-08-06,CHENNAI_STORE_005,SKU_003_Fortune_Sunflower_Oil_1L,13,145.0,1885.0,39,0.23
2026-08-06,CHENNAI_STORE_005,SKU_004_Amul_Butter_500g,16,275.0,4400.0,39,0.4
2026-08-06,CHENNAI_STORE_005,SKU_005_Tata_Tea_Gold_500g,14,320.0,4480.0,51,0.4
2026-08-06,CHENNAI_STORE_005,SKU_006_Tata_Salt_1kg,43,28.0,1204.0,55,0.46
2026-08-06,CHENNAI_STORE_005,SKU_007_Toor_Dal_Premium_1kg,15,165.0,2475.0,56,0.41
2026-08-06,CHENNAI_STORE_005,SKU_008_Maggi_Noodles_12Pack,34,168.0,5712.0,42,0.23
2026-08-06,CHENNAI_STORE_005,SKU_009_Cadbury_Dairy_Milk_Silk,17,95.0,1615.0,46,0.42
2026-08-06,CHENNAI_STORE_005,SKU_010_Surf_Excel_Matic_2kg,8,390.0,3120.0,36,0.21
2026-08-07,MUMBAI_STORE_001,SKU_001_Aashirvaad_Atta_5kg,17,265.0,4505.0,53,0.44
2026-08-07,MUMBAI_STORE_001,SKU_002_IndiaGate_Basmati_5kg,9,480.0,4320.0,58,0.38
2026-08-07,MUMBAI_STORE_001,SKU_003_Fortune_Sunflower_Oil_1L,22,145.0,3190.0,24,0.42
2026-08-07,MUMBAI_STORE_001,SKU_004_Amul_Butter_500g,11,275.0,3025.0,40,0.47
2026-08-07,MUMBAI_STORE_001,SKU_005_Tata_Tea_Gold_500g,12,320.0,3840.0,40,0.23
2026-08-07,MUMBAI_STORE_001,SKU_006_Tata_Salt_1kg,29,28.0,812.0,38,0.23
2026-08-07,MUMBAI_STORE_001,SKU_007_Toor_Dal_Premium_1kg,16,165.0,2640.0,47,0.22
2026-08-07,MUMBAI_STORE_001,SKU_008_Maggi_Noodles_12Pack,21,168.0,3528.0,55,0.21
2026-08-07,MUMBAI_STORE_001,SKU_009_Cadbury_Dairy_Milk_Silk,25,95.0,2375.0,39,0.49
2026-08-07,MUMBAI_STORE_001,SKU_010_Surf_Excel_Matic_2kg,8,390.0,3120.0,42,0.3
2026-08-07,DELHI_STORE_002,SKU_001_Aashirvaad_Atta_5kg,15,265.0,3975.0,21,0.31
2026-08-07,DELHI_STORE_002,SKU_002_IndiaGate_Basmati_5kg,12,480.0,5760.0,45,0.49
2026-08-07,DELHI_STORE_002,SKU_003_Fortune_Sunflower_Oil_1L,19,145.0,2755.0,57,0.42
2026-08-07,DELHI_STORE_002,SKU_004_Amul_Butter_500g,14,275.0,3850.0,16,0.45
2026-08-07,DELHI_STORE_002,SKU_005_Tata_Tea_Gold_500g,16,320.0,5120.0,30,0.22
2026-08-07,DELHI_STORE_002,SKU_006_Tata_Salt_1kg,40,28.0,1120.0,56,0.42
2026-08-07,DELHI_STORE_002,SKU_007_Toor_Dal_Premium_1kg,20,165.0,3300.0,43,0.33
2026-08-07,DELHI_STORE_002,SKU_008_Maggi_Noodles_12Pack,33,168.0,5544.0,32,0.23
2026-08-07,DELHI_STORE_002,SKU_009_Cadbury_Dairy_Milk_Silk,17,95.0,1615.0,27,0.27
2026-08-07,DELHI_STORE_002,SKU_010_Surf_Excel_Matic_2kg,10,390.0,3900.0,51,0.35
2026-08-07,BENGALURU_STORE_003,SKU_001_Aashirvaad_Atta_5kg,15,265.0,3975.0,29,0.32
2026-08-07,BENGALURU_STORE_003,SKU_002_IndiaGate_Basmati_5kg,18,480.0,8640.0,31,0.24
2026-08-07,BENGALURU_STORE_003,SKU_003_Fortune_Sunflower_Oil_1L,22,145.0,3190.0,59,0.38
2026-08-07,BENGALURU_STORE_003,SKU_004_Amul_Butter_500g,22,275.0,6050.0,52,0.38
2026-08-07,BENGALURU_STORE_003,SKU_005_Tata_Tea_Gold_500g,14,320.0,4480.0,39,0.39
2026-08-07,BENGALURU_STORE_003,SKU_006_Tata_Salt_1kg,36,28.0,1008.0,55,0.49
2026-08-07,BENGALURU_STORE_003,SKU_007_Toor_Dal_Premium_1kg,20,165.0,3300.0,34,0.27
2026-08-07,BENGALURU_STORE_003,SKU_008_Maggi_Noodles_12Pack,24,168.0,4032.0,49,0.45
2026-08-07,BENGALURU_STORE_003,SKU_009_Cadbury_Dairy_Milk_Silk,19,95.0,1805.0,25,0.26
2026-08-07,BENGALURU_STORE_003,SKU_010_Surf_Excel_Matic_2kg,7,390.0,2730.0,30,0.34
2026-08-07,HYDERABAD_STORE_004,SKU_001_Aashirvaad_Atta_5kg,9,265.0,2385.0,19,0.36
2026-08-07,HYDERABAD_STORE_004,SKU_002_IndiaGate_Basmati_5kg,7,480.0,3360.0,38,0.34
2026-08-07,HYDERABAD_STORE_004,SKU_003_Fortune_Sunflower_Oil_1L,25,145.0,3625.0,48,0.24
2026-08-07,HYDERABAD_STORE_004,SKU_004_Amul_Butter_500g,20,275.0,5500.0,46,0.31
2026-08-07,HYDERABAD_STORE_004,SKU_005_Tata_Tea_Gold_500g,13,320.0,4160.0,16,0.36
2026-08-07,HYDERABAD_STORE_004,SKU_006_Tata_Salt_1kg,45,28.0,1260.0,58,0.24
2026-08-07,HYDERABAD_STORE_004,SKU_007_Toor_Dal_Premium_1kg,17,165.0,2805.0,38,0.23
2026-08-07,HYDERABAD_STORE_004,SKU_008_Maggi_Noodles_12Pack,26,168.0,4368.0,47,0.43
2026-08-07,HYDERABAD_STORE_004,SKU_009_Cadbury_Dairy_Milk_Silk,24,95.0,2280.0,24,0.32
2026-08-07,HYDERABAD_STORE_004,SKU_010_Surf_Excel_Matic_2kg,8,390.0,3120.0,37,0.38
2026-08-07,CHENNAI_STORE_005,SKU_001_Aashirvaad_Atta_5kg,10,265.0,2650.0,34,0.3
2026-08-07,CHENNAI_STORE_005,SKU_002_IndiaGate_Basmati_5kg,11,480.0,5280.0,28,0.37
2026-08-07,CHENNAI_STORE_005,SKU_003_Fortune_Sunflower_Oil_1L,19,145.0,2755.0,37,0.46
2026-08-07,CHENNAI_STORE_005,SKU_004_Amul_Butter_500g,18,275.0,4950.0,26,0.32
2026-08-07,CHENNAI_STORE_005,SKU_005_Tata_Tea_Gold_500g,12,320.0,3840.0,20,0.27
2026-08-07,CHENNAI_STORE_005,SKU_006_Tata_Salt_1kg,33,28.0,924.0,32,0.44
2026-08-07,CHENNAI_STORE_005,SKU_007_Toor_Dal_Premium_1kg,14,165.0,2310.0,43,0.27
2026-08-07,CHENNAI_STORE_005,SKU_008_Maggi_Noodles_12Pack,28,168.0,4704.0,35,0.44
2026-08-07,CHENNAI_STORE_005,SKU_009_Cadbury_Dairy_Milk_Silk,21,95.0,1995.0,54,0.45
2026-08-07,CHENNAI_STORE_005,SKU_010_Surf_Excel_Matic_2kg,11,390.0,4290.0,34,0.36
2026-08-08,MUMBAI_STORE_001,SKU_001_Aashirvaad_Atta_5kg,11,265.0,2915.0,52,0.22
2026-08-08,MUMBAI_STORE_001,SKU_002_IndiaGate_Basmati_5kg,12,480.0,5760.0,49,0.35
2026-08-08,MUMBAI_STORE_001,SKU_003_Fortune_Sunflower_Oil_1L,31,145.0,4495.0,37,0.38
2026-08-08,MUMBAI_STORE_001,SKU_004_Amul_Butter_500g,34,275.0,9350.0,32,0.2
2026-08-08,MUMBAI_STORE_001,SKU_005_Tata_Tea_Gold_500g,18,320.0,5760.0,37,0.44
2026-08-08,MUMBAI_STORE_001,SKU_006_Tata_Salt_1kg,51,28.0,1428.0,50,0.28
2026-08-08,MUMBAI_STORE_001,SKU_007_Toor_Dal_Premium_1kg,26,165.0,4290.0,22,0.47
2026-08-08,MUMBAI_STORE_001,SKU_008_Maggi_Noodles_12Pack,30,168.0,5040.0,47,0.41
2026-08-08,MUMBAI_STORE_001,SKU_009_Cadbury_Dairy_Milk_Silk,34,95.0,3230.0,34,0.4
2026-08-08,MUMBAI_STORE_001,SKU_010_Surf_Excel_Matic_2kg,13,390.0,5070.0,43,0.23
2026-08-08,DELHI_STORE_002,SKU_001_Aashirvaad_Atta_5kg,24,265.0,6360.0,44,0.25
2026-08-08,DELHI_STORE_002,SKU_002_IndiaGate_Basmati_5kg,8,480.0,3840.0,27,0.27
2026-08-08,DELHI_STORE_002,SKU_003_Fortune_Sunflower_Oil_1L,37,145.0,5365.0,40,0.27
2026-08-08,DELHI_STORE_002,SKU_004_Amul_Butter_500g,35,275.0,9625.0,50,0.49
2026-08-08,DELHI_STORE_002,SKU_005_Tata_Tea_Gold_500g,19,320.0,6080.0,24,0.3
2026-08-08,DELHI_STORE_002,SKU_006_Tata_Salt_1kg,45,28.0,1260.0,31,0.34
2026-08-08,DELHI_STORE_002,SKU_007_Toor_Dal_Premium_1kg,36,165.0,5940.0,47,0.43
2026-08-08,DELHI_STORE_002,SKU_008_Maggi_Noodles_12Pack,31,168.0,5208.0,30,0.43
2026-08-08,DELHI_STORE_002,SKU_009_Cadbury_Dairy_Milk_Silk,31,95.0,2945.0,50,0.27
2026-08-08,DELHI_STORE_002,SKU_010_Surf_Excel_Matic_2kg,13,390.0,5070.0,22,0.49
2026-08-08,BENGALURU_STORE_003,SKU_001_Aashirvaad_Atta_5kg,23,265.0,6095.0,17,0.43
2026-08-08,BENGALURU_STORE_003,SKU_002_IndiaGate_Basmati_5kg,14,480.0,6720.0,28,0.35
2026-08-08,BENGALURU_STORE_003,SKU_003_Fortune_Sunflower_Oil_1L,23,145.0,3335.0,25,0.3
2026-08-08,BENGALURU_STORE_003,SKU_004_Amul_Butter_500g,20,275.0,5500.0,18,0.48
2026-08-08,BENGALURU_STORE_003,SKU_005_Tata_Tea_Gold_500g,17,320.0,5440.0,39,0.39
2026-08-08,BENGALURU_STORE_003,SKU_006_Tata_Salt_1kg,62,28.0,1736.0,28,0.49
2026-08-08,BENGALURU_STORE_003,SKU_007_Toor_Dal_Premium_1kg,21,165.0,3465.0,21,0.21
2026-08-08,BENGALURU_STORE_003,SKU_008_Maggi_Noodles_12Pack,38,168.0,6384.0,18,0.34
2026-08-08,BENGALURU_STORE_003,SKU_009_Cadbury_Dairy_Milk_Silk,27,95.0,2565.0,34,0.48
2026-08-08,BENGALURU_STORE_003,SKU_010_Surf_Excel_Matic_2kg,14,390.0,5460.0,55,0.24
2026-08-08,HYDERABAD_STORE_004,SKU_001_Aashirvaad_Atta_5kg,16,265.0,4240.0,21,0.35
2026-08-08,HYDERABAD_STORE_004,SKU_002_IndiaGate_Basmati_5kg,9,480.0,4320.0,59,0.25
2026-08-08,HYDERABAD_STORE_004,SKU_003_Fortune_Sunflower_Oil_1L,32,145.0,4640.0,29,0.36
2026-08-08,HYDERABAD_STORE_004,SKU_004_Amul_Butter_500g,37,275.0,10175.0,17,0.32
2026-08-08,HYDERABAD_STORE_004,SKU_005_Tata_Tea_Gold_500g,12,320.0,3840.0,42,0.22
2026-08-08,HYDERABAD_STORE_004,SKU_006_Tata_Salt_1kg,49,28.0,1372.0,33,0.21
2026-08-08,HYDERABAD_STORE_004,SKU_007_Toor_Dal_Premium_1kg,27,165.0,4455.0,36,0.32
2026-08-08,HYDERABAD_STORE_004,SKU_008_Maggi_Noodles_12Pack,33,168.0,5544.0,31,0.47
2026-08-08,HYDERABAD_STORE_004,SKU_009_Cadbury_Dairy_Milk_Silk,32,95.0,3040.0,41,0.47
2026-08-08,HYDERABAD_STORE_004,SKU_010_Surf_Excel_Matic_2kg,16,390.0,6240.0,54,0.29
2026-08-08,CHENNAI_STORE_005,SKU_001_Aashirvaad_Atta_5kg,19,265.0,5035.0,53,0.48
2026-08-08,CHENNAI_STORE_005,SKU_002_IndiaGate_Basmati_5kg,17,480.0,8160.0,56,0.22
2026-08-08,CHENNAI_STORE_005,SKU_003_Fortune_Sunflower_Oil_1L,27,145.0,3915.0,36,0.38
2026-08-08,CHENNAI_STORE_005,SKU_004_Amul_Butter_500g,26,275.0,7150.0,25,0.28
2026-08-08,CHENNAI_STORE_005,SKU_005_Tata_Tea_Gold_500g,24,320.0,7680.0,42,0.4
2026-08-08,CHENNAI_STORE_005,SKU_006_Tata_Salt_1kg,50,28.0,1400.0,22,0.46
2026-08-08,CHENNAI_STORE_005,SKU_007_Toor_Dal_Premium_1kg,17,165.0,2805.0,18,0.36
2026-08-08,CHENNAI_STORE_005,SKU_008_Maggi_Noodles_12Pack,40,168.0,6720.0,56,0.34
2026-08-08,CHENNAI_STORE_005,SKU_009_Cadbury_Dairy_Milk_Silk,30,95.0,2850.0,33,0.45
2026-08-08,CHENNAI_STORE_005,SKU_010_Surf_Excel_Matic_2kg,10,390.0,3900.0,47,0.47
2026-08-09,MUMBAI_STORE_001,SKU_001_Aashirvaad_Atta_5kg,26,265.0,6890.0,43,0.32
2026-08-09,MUMBAI_STORE_001,SKU_002_IndiaGate_Basmati_5kg,11,480.0,5280.0,56,0.47
2026-08-09,MUMBAI_STORE_001,SKU_003_Fortune_Sunflower_Oil_1L,24,145.0,3480.0,57,0.31
2026-08-09,MUMBAI_STORE_001,SKU_004_Amul_Butter_500g,26,275.0,7150.0,40,0.5
2026-08-09,MUMBAI_STORE_001,SKU_005_Tata_Tea_Gold_500g,16,320.0,5120.0,50,0.35
2026-08-09,MUMBAI_STORE_001,SKU_006_Tata_Salt_1kg,59,28.0,1652.0,33,0.23
2026-08-09,MUMBAI_STORE_001,SKU_007_Toor_Dal_Premium_1kg,21,165.0,3465.0,56,0.28
2026-08-09,MUMBAI_STORE_001,SKU_008_Maggi_Noodles_12Pack,33,168.0,5544.0,46,0.49
2026-08-09,MUMBAI_STORE_001,SKU_009_Cadbury_Dairy_Milk_Silk,31,95.0,2945.0,39,0.23
2026-08-09,MUMBAI_STORE_001,SKU_010_Surf_Excel_Matic_2kg,17,390.0,6630.0,44,0.47
2026-08-09,DELHI_STORE_002,SKU_001_Aashirvaad_Atta_5kg,21,265.0,5565.0,35,0.44
2026-08-09,DELHI_STORE_002,SKU_002_IndiaGate_Basmati_5kg,5,480.0,2400.0,37,0.31
2026-08-09,DELHI_STORE_002,SKU_003_Fortune_Sunflower_Oil_1L,23,145.0,3335.0,29,0.28
2026-08-09,DELHI_STORE_002,SKU_004_Amul_Butter_500g,28,275.0,7700.0,31,0.39
2026-08-09,DELHI_STORE_002,SKU_005_Tata_Tea_Gold_500g,14,320.0,4480.0,25,0.25
2026-08-09,DELHI_STORE_002,SKU_006_Tata_Salt_1kg,56,28.0,1568.0,23,0.23
2026-08-09,DELHI_STORE_002,SKU_007_Toor_Dal_Premium_1kg,28,165.0,4620.0,29,0.4
2026-08-09,DELHI_STORE_002,SKU_008_Maggi_Noodles_12Pack,28,168.0,4704.0,15,0.32
2026-08-09,DELHI_STORE_002,SKU_009_Cadbury_Dairy_Milk_Silk,19,95.0,1805.0,33,0.33
2026-08-09,DELHI_STORE_002,SKU_010_Surf_Excel_Matic_2kg,17,390.0,6630.0,47,0.31
2026-08-09,BENGALURU_STORE_003,SKU_001_Aashirvaad_Atta_5kg,19,265.0,5035.0,57,0.23
2026-08-09,BENGALURU_STORE_003,SKU_002_IndiaGate_Basmati_5kg,11,480.0,5280.0,44,0.37
2026-08-09,BENGALURU_STORE_003,SKU_003_Fortune_Sunflower_Oil_1L,33,145.0,4785.0,48,0.35
2026-08-09,BENGALURU_STORE_003,SKU_004_Amul_Butter_500g,25,275.0,6875.0,35,0.34
2026-08-09,BENGALURU_STORE_003,SKU_005_Tata_Tea_Gold_500g,17,320.0,5440.0,27,0.36
2026-08-09,BENGALURU_STORE_003,SKU_006_Tata_Salt_1kg,47,28.0,1316.0,58,0.46
2026-08-09,BENGALURU_STORE_003,SKU_007_Toor_Dal_Premium_1kg,15,165.0,2475.0,30,0.5
2026-08-09,BENGALURU_STORE_003,SKU_008_Maggi_Noodles_12Pack,32,168.0,5376.0,40,0.45
2026-08-09,BENGALURU_STORE_003,SKU_009_Cadbury_Dairy_Milk_Silk,23,95.0,2185.0,17,0.48
2026-08-09,BENGALURU_STORE_003,SKU_010_Surf_Excel_Matic_2kg,8,390.0,3120.0,37,0.33
2026-08-09,HYDERABAD_STORE_004,SKU_001_Aashirvaad_Atta_5kg,22,265.0,5830.0,37,0.36
2026-08-09,HYDERABAD_STORE_004,SKU_002_IndiaGate_Basmati_5kg,11,480.0,5280.0,15,0.41
2026-08-09,HYDERABAD_STORE_004,SKU_003_Fortune_Sunflower_Oil_1L,35,145.0,5075.0,40,0.37
2026-08-09,HYDERABAD_STORE_004,SKU_004_Amul_Butter_500g,29,275.0,7975.0,43,0.28
2026-08-09,HYDERABAD_STORE_004,SKU_005_Tata_Tea_Gold_500g,17,320.0,5440.0,46,0.24
2026-08-09,HYDERABAD_STORE_004,SKU_006_Tata_Salt_1kg,42,28.0,1176.0,46,0.43
2026-08-09,HYDERABAD_STORE_004,SKU_007_Toor_Dal_Premium_1kg,20,165.0,3300.0,55,0.31
2026-08-09,HYDERABAD_STORE_004,SKU_008_Maggi_Noodles_12Pack,24,168.0,4032.0,20,0.44
2026-08-09,HYDERABAD_STORE_004,SKU_009_Cadbury_Dairy_Milk_Silk,31,95.0,2945.0,50,0.23
2026-08-09,HYDERABAD_STORE_004,SKU_010_Surf_Excel_Matic_2kg,13,390.0,5070.0,33,0.49
2026-08-09,CHENNAI_STORE_005,SKU_001_Aashirvaad_Atta_5kg,23,265.0,6095.0,54,0.23
2026-08-09,CHENNAI_STORE_005,SKU_002_IndiaGate_Basmati_5kg,7,480.0,3360.0,53,0.36
2026-08-09,CHENNAI_STORE_005,SKU_003_Fortune_Sunflower_Oil_1L,27,145.0,3915.0,30,0.3
2026-08-09,CHENNAI_STORE_005,SKU_004_Amul_Butter_500g,22,275.0,6050.0,55,0.29
2026-08-09,CHENNAI_STORE_005,SKU_005_Tata_Tea_Gold_500g,13,320.0,4160.0,48,0.48
2026-08-09,CHENNAI_STORE_005,SKU_006_Tata_Salt_1kg,42,28.0,1176.0,39,0.38
2026-08-09,CHENNAI_STORE_005,SKU_007_Toor_Dal_Premium_1kg,23,165.0,3795.0,23,0.34
2026-08-09,CHENNAI_STORE_005,SKU_008_Maggi_Noodles_12Pack,39,168.0,6552.0,45,0.34
2026-08-09,CHENNAI_STORE_005,SKU_009_Cadbury_Dairy_Milk_Silk,26,95.0,2470.0,33,0.21
2026-08-09,CHENNAI_STORE_005,SKU_010_Surf_Excel_Matic_2kg,12,390.0,4680.0,59,0.28
2026-08-10,MUMBAI_STORE_001,SKU_001_Aashirvaad_Atta_5kg,9,265.0,2385.0,48,0.29
2026-08-10,MUMBAI_STORE_001,SKU_002_IndiaGate_Basmati_5kg,7,480.0,3360.0,43,0.44
2026-08-10,MUMBAI_STORE_001,SKU_003_Fortune_Sunflower_Oil_1L,20,145.0,2900.0,22,0.29
2026-08-10,MUMBAI_STORE_001,SKU_004_Amul_Butter_500g,17,275.0,4675.0,46,0.45
2026-08-10,MUMBAI_STORE_001,SKU_005_Tata_Tea_Gold_500g,10,320.0,3200.0,58,0.42
2026-08-10,MUMBAI_STORE_001,SKU_006_Tata_Salt_1kg,42,28.0,1176.0,30,0.42
2026-08-10,MUMBAI_STORE_001,SKU_007_Toor_Dal_Premium_1kg,9,165.0,1485.0,34,0.21
2026-08-10,MUMBAI_STORE_001,SKU_008_Maggi_Noodles_12Pack,21,168.0,3528.0,20,0.39
2026-08-10,MUMBAI_STORE_001,SKU_009_Cadbury_Dairy_Milk_Silk,16,95.0,1520.0,55,0.34
2026-08-10,MUMBAI_STORE_001,SKU_010_Surf_Excel_Matic_2kg,9,390.0,3510.0,55,0.21
2026-08-10,DELHI_STORE_002,SKU_001_Aashirvaad_Atta_5kg,13,265.0,3445.0,29,0.43
2026-08-10,DELHI_STORE_002,SKU_002_IndiaGate_Basmati_5kg,9,480.0,4320.0,54,0.25
2026-08-10,DELHI_STORE_002,SKU_003_Fortune_Sunflower_Oil_1L,13,145.0,1885.0,42,0.24
2026-08-10,DELHI_STORE_002,SKU_004_Amul_Butter_500g,18,275.0,4950.0,53,0.27
2026-08-10,DELHI_STORE_002,SKU_005_Tata_Tea_Gold_500g,16,320.0,5120.0,45,0.33
2026-08-10,DELHI_STORE_002,SKU_006_Tata_Salt_1kg,27,28.0,756.0,24,0.25
2026-08-10,DELHI_STORE_002,SKU_007_Toor_Dal_Premium_1kg,14,165.0,2310.0,25,0.26
2026-08-10,DELHI_STORE_002,SKU_008_Maggi_Noodles_12Pack,24,168.0,4032.0,17,0.33
2026-08-10,DELHI_STORE_002,SKU_009_Cadbury_Dairy_Milk_Silk,24,95.0,2280.0,53,0.2
2026-08-10,DELHI_STORE_002,SKU_010_Surf_Excel_Matic_2kg,19,390.0,7410.0,59,0.28
2026-08-10,BENGALURU_STORE_003,SKU_001_Aashirvaad_Atta_5kg,14,265.0,3710.0,31,0.45
2026-08-10,BENGALURU_STORE_003,SKU_002_IndiaGate_Basmati_5kg,11,480.0,5280.0,28,0.25
2026-08-10,BENGALURU_STORE_003,SKU_003_Fortune_Sunflower_Oil_1L,26,145.0,3770.0,18,0.29
2026-08-10,BENGALURU_STORE_003,SKU_004_Amul_Butter_500g,18,275.0,4950.0,17,0.49
2026-08-10,BENGALURU_STORE_003,SKU_005_Tata_Tea_Gold_500g,20,320.0,6400.0,47,0.37
2026-08-10,BENGALURU_STORE_003,SKU_006_Tata_Salt_1kg,30,28.0,840.0,37,0.33
2026-08-10,BENGALURU_STORE_003,SKU_007_Toor_Dal_Premium_1kg,13,165.0,2145.0,36,0.4
2026-08-10,BENGALURU_STORE_003,SKU_008_Maggi_Noodles_12Pack,20,168.0,3360.0,29,0.36
2026-08-10,BENGALURU_STORE_003,SKU_009_Cadbury_Dairy_Milk_Silk,24,95.0,2280.0,30,0.41
2026-08-10,BENGALURU_STORE_003,SKU_010_Surf_Excel_Matic_2kg,16,390.0,6240.0,21,0.4
2026-08-10,HYDERABAD_STORE_004,SKU_001_Aashirvaad_Atta_5kg,14,265.0,3710.0,17,0.31
2026-08-10,HYDERABAD_STORE_004,SKU_002_IndiaGate_Basmati_5kg,8,480.0,3840.0,15,0.38
2026-08-10,HYDERABAD_STORE_004,SKU_003_Fortune_Sunflower_Oil_1L,30,145.0,4350.0,24,0.31
2026-08-10,HYDERABAD_STORE_004,SKU_004_Amul_Butter_500g,22,275.0,6050.0,54,0.22
2026-08-10,HYDERABAD_STORE_004,SKU_005_Tata_Tea_Gold_500g,19,320.0,6080.0,44,0.31
2026-08-10,HYDERABAD_STORE_004,SKU_006_Tata_Salt_1kg,40,28.0,1120.0,17,0.32
2026-08-10,HYDERABAD_STORE_004,SKU_007_Toor_Dal_Premium_1kg,16,165.0,2640.0,20,0.45
2026-08-10,HYDERABAD_STORE_004,SKU_008_Maggi_Noodles_12Pack,30,168.0,5040.0,35,0.49
2026-08-10,HYDERABAD_STORE_004,SKU_009_Cadbury_Dairy_Milk_Silk,26,95.0,2470.0,31,0.39
2026-08-10,HYDERABAD_STORE_004,SKU_010_Surf_Excel_Matic_2kg,11,390.0,4290.0,28,0.32
2026-08-10,CHENNAI_STORE_005,SKU_001_Aashirvaad_Atta_5kg,15,265.0,3975.0,26,0.43
2026-08-10,CHENNAI_STORE_005,SKU_002_IndiaGate_Basmati_5kg,7,480.0,3360.0,58,0.27
2026-08-10,CHENNAI_STORE_005,SKU_003_Fortune_Sunflower_Oil_1L,20,145.0,2900.0,50,0.45
2026-08-10,CHENNAI_STORE_005,SKU_004_Amul_Butter_500g,17,275.0,4675.0,21,0.21
2026-08-10,CHENNAI_STORE_005,SKU_005_Tata_Tea_Gold_500g,13,320.0,4160.0,48,0.36
2026-08-10,CHENNAI_STORE_005,SKU_006_Tata_Salt_1kg,29,28.0,812.0,23,0.33
2026-08-10,CHENNAI_STORE_005,SKU_007_Toor_Dal_Premium_1kg,20,165.0,3300.0,21,0.42
2026-08-10,CHENNAI_STORE_005,SKU_008_Maggi_Noodles_12Pack,20,168.0,3360.0,36,0.34
2026-08-10,CHENNAI_STORE_005,SKU_009_Cadbury_Dairy_Milk_Silk,25,95.0,2375.0,16,0.29
2026-08-10,CHENNAI_STORE_005,SKU_010_Surf_Excel_Matic_2kg,14,390.0,5460.0,39,0.42
2026-08-11,MUMBAI_STORE_001,SKU_001_Aashirvaad_Atta_5kg,15,265.0,3975.0,47,0.41
2026-08-11,MUMBAI_STORE_001,SKU_002_IndiaGate_Basmati_5kg,13,480.0,6240.0,48,0.26
2026-08-11,MUMBAI_STORE_001,SKU_003_Fortune_Sunflower_Oil_1L,28,145.0,4060.0,55,0.3
2026-08-11,MUMBAI_STORE_001,SKU_004_Amul_Butter_500g,10,275.0,2750.0,27,0.41
2026-08-11,MUMBAI_STORE_001,SKU_005_Tata_Tea_Gold_500g,20,320.0,6400.0,54,0.34
2026-08-11,MUMBAI_STORE_001,SKU_006_Tata_Salt_1kg,39,28.0,1092.0,43,0.41
2026-08-11,MUMBAI_STORE_001,SKU_007_Toor_Dal_Premium_1kg,13,165.0,2145.0,57,0.34
2026-08-11,MUMBAI_STORE_001,SKU_008_Maggi_Noodles_12Pack,28,168.0,4704.0,44,0.36
2026-08-11,MUMBAI_STORE_001,SKU_009_Cadbury_Dairy_Milk_Silk,26,95.0,2470.0,17,0.45
2026-08-11,MUMBAI_STORE_001,SKU_010_Surf_Excel_Matic_2kg,6,390.0,2340.0,57,0.24
2026-08-11,DELHI_STORE_002,SKU_001_Aashirvaad_Atta_5kg,16,265.0,4240.0,45,0.47
2026-08-11,DELHI_STORE_002,SKU_002_IndiaGate_Basmati_5kg,10,480.0,4800.0,44,0.47
2026-08-11,DELHI_STORE_002,SKU_003_Fortune_Sunflower_Oil_1L,23,145.0,3335.0,17,0.4
2026-08-11,DELHI_STORE_002,SKU_004_Amul_Butter_500g,16,275.0,4400.0,45,0.47
2026-08-11,DELHI_STORE_002,SKU_005_Tata_Tea_Gold_500g,16,320.0,5120.0,32,0.27
2026-08-11,DELHI_STORE_002,SKU_006_Tata_Salt_1kg,33,28.0,924.0,58,0.37
2026-08-11,DELHI_STORE_002,SKU_007_Toor_Dal_Premium_1kg,11,165.0,1815.0,39,0.36
2026-08-11,DELHI_STORE_002,SKU_008_Maggi_Noodles_12Pack,21,168.0,3528.0,18,0.37
2026-08-11,DELHI_STORE_002,SKU_009_Cadbury_Dairy_Milk_Silk,14,95.0,1330.0,32,0.39
2026-08-11,DELHI_STORE_002,SKU_010_Surf_Excel_Matic_2kg,5,390.0,1950.0,33,0.25
2026-08-11,BENGALURU_STORE_003,SKU_001_Aashirvaad_Atta_5kg,14,265.0,3710.0,17,0.36
2026-08-11,BENGALURU_STORE_003,SKU_002_IndiaGate_Basmati_5kg,11,480.0,5280.0,45,0.5
2026-08-11,BENGALURU_STORE_003,SKU_003_Fortune_Sunflower_Oil_1L,21,145.0,3045.0,37,0.33
2026-08-11,BENGALURU_STORE_003,SKU_004_Amul_Butter_500g,17,275.0,4675.0,31,0.42
2026-08-11,BENGALURU_STORE_003,SKU_005_Tata_Tea_Gold_500g,10,320.0,3200.0,47,0.29
2026-08-11,BENGALURU_STORE_003,SKU_006_Tata_Salt_1kg,22,28.0,616.0,47,0.3
2026-08-11,BENGALURU_STORE_003,SKU_007_Toor_Dal_Premium_1kg,18,165.0,2970.0,48,0.47
2026-08-11,BENGALURU_STORE_003,SKU_008_Maggi_Noodles_12Pack,24,168.0,4032.0,29,0.33
2026-08-11,BENGALURU_STORE_003,SKU_009_Cadbury_Dairy_Milk_Silk,23,95.0,2185.0,29,0.43
2026-08-11,BENGALURU_STORE_003,SKU_010_Surf_Excel_Matic_2kg,12,390.0,4680.0,51,0.43
2026-08-11,HYDERABAD_STORE_004,SKU_001_Aashirvaad_Atta_5kg,16,265.0,4240.0,59,0.37
2026-08-11,HYDERABAD_STORE_004,SKU_002_IndiaGate_Basmati_5kg,8,480.0,3840.0,31,0.4
2026-08-11,HYDERABAD_STORE_004,SKU_003_Fortune_Sunflower_Oil_1L,19,145.0,2755.0,19,0.21
2026-08-11,HYDERABAD_STORE_004,SKU_004_Amul_Butter_500g,14,275.0,3850.0,20,0.22
2026-08-11,HYDERABAD_STORE_004,SKU_005_Tata_Tea_Gold_500g,15,320.0,4800.0,56,0.31
2026-08-11,HYDERABAD_STORE_004,SKU_006_Tata_Salt_1kg,38,28.0,1064.0,25,0.37
2026-08-11,HYDERABAD_STORE_004,SKU_007_Toor_Dal_Premium_1kg,17,165.0,2805.0,49,0.4
2026-08-11,HYDERABAD_STORE_004,SKU_008_Maggi_Noodles_12Pack,24,168.0,4032.0,43,0.5
2026-08-11,HYDERABAD_STORE_004,SKU_009_Cadbury_Dairy_Milk_Silk,25,95.0,2375.0,29,0.37
2026-08-11,HYDERABAD_STORE_004,SKU_010_Surf_Excel_Matic_2kg,12,390.0,4680.0,50,0.28
2026-08-11,CHENNAI_STORE_005,SKU_001_Aashirvaad_Atta_5kg,10,265.0,2650.0,40,0.41
2026-08-11,CHENNAI_STORE_005,SKU_002_IndiaGate_Basmati_5kg,5,480.0,2400.0,45,0.45
2026-08-11,CHENNAI_STORE_005,SKU_003_Fortune_Sunflower_Oil_1L,28,145.0,4060.0,36,0.42
2026-08-11,CHENNAI_STORE_005,SKU_004_Amul_Butter_500g,14,275.0,3850.0,41,0.42
2026-08-11,CHENNAI_STORE_005,SKU_005_Tata_Tea_Gold_500g,10,320.0,3200.0,47,0.29
2026-08-11,CHENNAI_STORE_005,SKU_006_Tata_Salt_1kg,28,28.0,784.0,29,0.38
2026-08-11,CHENNAI_STORE_005,SKU_007_Toor_Dal_Premium_1kg,14,165.0,2310.0,19,0.29
2026-08-11,CHENNAI_STORE_005,SKU_008_Maggi_Noodles_12Pack,27,168.0,4536.0,40,0.24
2026-08-11,CHENNAI_STORE_005,SKU_009_Cadbury_Dairy_Milk_Silk,16,95.0,1520.0,18,0.4
2026-08-11,CHENNAI_STORE_005,SKU_010_Surf_Excel_Matic_2kg,10,390.0,3900.0,19,0.24
2026-08-12,MUMBAI_STORE_001,SKU_001_Aashirvaad_Atta_5kg,12,265.0,3180.0,28,0.32
2026-08-12,MUMBAI_STORE_001,SKU_002_IndiaGate_Basmati_5kg,7,480.0,3360.0,43,0.25
2026-08-12,MUMBAI_STORE_001,SKU_003_Fortune_Sunflower_Oil_1L,21,145.0,3045.0,50,0.41
2026-08-12,MUMBAI_STORE_001,SKU_004_Amul_Butter_500g,20,275.0,5500.0,30,0.21
2026-08-12,MUMBAI_STORE_001,SKU_005_Tata_Tea_Gold_500g,9,320.0,2880.0,36,0.46
2026-08-12,MUMBAI_STORE_001,SKU_006_Tata_Salt_1kg,36,28.0,1008.0,58,0.45
2026-08-12,MUMBAI_STORE_001,SKU_007_Toor_Dal_Premium_1kg,15,165.0,2475.0,35,0.45
2026-08-12,MUMBAI_STORE_001,SKU_008_Maggi_Noodles_12Pack,27,168.0,4536.0,58,0.24
2026-08-12,MUMBAI_STORE_001,SKU_009_Cadbury_Dairy_Milk_Silk,23,95.0,2185.0,23,0.25
2026-08-12,MUMBAI_STORE_001,SKU_010_Surf_Excel_Matic_2kg,14,390.0,5460.0,44,0.35
2026-08-12,DELHI_STORE_002,SKU_001_Aashirvaad_Atta_5kg,17,265.0,4505.0,27,0.31
2026-08-12,DELHI_STORE_002,SKU_002_IndiaGate_Basmati_5kg,9,480.0,4320.0,46,0.43
2026-08-12,DELHI_STORE_002,SKU_003_Fortune_Sunflower_Oil_1L,18,145.0,2610.0,28,0.38
2026-08-12,DELHI_STORE_002,SKU_004_Amul_Butter_500g,13,275.0,3575.0,45,0.43
2026-08-12,DELHI_STORE_002,SKU_005_Tata_Tea_Gold_500g,12,320.0,3840.0,34,0.32
2026-08-12,DELHI_STORE_002,SKU_006_Tata_Salt_1kg,29,28.0,812.0,39,0.38
2026-08-12,DELHI_STORE_002,SKU_007_Toor_Dal_Premium_1kg,16,165.0,2640.0,49,0.35
2026-08-12,DELHI_STORE_002,SKU_008_Maggi_Noodles_12Pack,31,168.0,5208.0,50,0.49
2026-08-12,DELHI_STORE_002,SKU_009_Cadbury_Dairy_Milk_Silk,17,95.0,1615.0,55,0.43
2026-08-12,DELHI_STORE_002,SKU_010_Surf_Excel_Matic_2kg,16,390.0,6240.0,43,0.24
2026-08-12,BENGALURU_STORE_003,SKU_001_Aashirvaad_Atta_5kg,14,265.0,3710.0,20,0.2
2026-08-12,BENGALURU_STORE_003,SKU_002_IndiaGate_Basmati_5kg,7,480.0,3360.0,52,0.39
2026-08-12,BENGALURU_STORE_003,SKU_003_Fortune_Sunflower_Oil_1L,25,145.0,3625.0,57,0.26
2026-08-12,BENGALURU_STORE_003,SKU_004_Amul_Butter_500g,19,275.0,5225.0,44,0.22
2026-08-12,BENGALURU_STORE_003,SKU_005_Tata_Tea_Gold_500g,12,320.0,3840.0,49,0.36
2026-08-12,BENGALURU_STORE_003,SKU_006_Tata_Salt_1kg,39,28.0,1092.0,58,0.27
2026-08-12,BENGALURU_STORE_003,SKU_007_Toor_Dal_Premium_1kg,15,165.0,2475.0,42,0.31
2026-08-12,BENGALURU_STORE_003,SKU_008_Maggi_Noodles_12Pack,23,168.0,3864.0,15,0.44
2026-08-12,BENGALURU_STORE_003,SKU_009_Cadbury_Dairy_Milk_Silk,21,95.0,1995.0,17,0.46
2026-08-12,BENGALURU_STORE_003,SKU_010_Surf_Excel_Matic_2kg,14,390.0,5460.0,42,0.35
2026-08-12,HYDERABAD_STORE_004,SKU_001_Aashirvaad_Atta_5kg,20,265.0,5300.0,52,0.41
2026-08-12,HYDERABAD_STORE_004,SKU_002_IndiaGate_Basmati_5kg,9,480.0,4320.0,20,0.48
2026-08-12,HYDERABAD_STORE_004,SKU_003_Fortune_Sunflower_Oil_1L,26,145.0,3770.0,49,0.42
2026-08-12,HYDERABAD_STORE_004,SKU_004_Amul_Butter_500g,19,275.0,5225.0,50,0.33
2026-08-12,HYDERABAD_STORE_004,SKU_005_Tata_Tea_Gold_500g,9,320.0,2880.0,21,0.3
2026-08-12,HYDERABAD_STORE_004,SKU_006_Tata_Salt_1kg,34,28.0,952.0,35,0.25
2026-08-12,HYDERABAD_STORE_004,SKU_007_Toor_Dal_Premium_1kg,17,165.0,2805.0,17,0.46
2026-08-12,HYDERABAD_STORE_004,SKU_008_Maggi_Noodles_12Pack,20,168.0,3360.0,44,0.34
2026-08-12,HYDERABAD_STORE_004,SKU_009_Cadbury_Dairy_Milk_Silk,20,95.0,1900.0,51,0.39
2026-08-12,HYDERABAD_STORE_004,SKU_010_Surf_Excel_Matic_2kg,6,390.0,2340.0,51,0.37
2026-08-12,CHENNAI_STORE_005,SKU_001_Aashirvaad_Atta_5kg,8,265.0,2120.0,25,0.36
2026-08-12,CHENNAI_STORE_005,SKU_002_IndiaGate_Basmati_5kg,14,480.0,6720.0,23,0.29
2026-08-12,CHENNAI_STORE_005,SKU_003_Fortune_Sunflower_Oil_1L,26,145.0,3770.0,54,0.24
2026-08-12,CHENNAI_STORE_005,SKU_004_Amul_Butter_500g,18,275.0,4950.0,38,0.47
2026-08-12,CHENNAI_STORE_005,SKU_005_Tata_Tea_Gold_500g,7,320.0,2240.0,45,0.31
2026-08-12,CHENNAI_STORE_005,SKU_006_Tata_Salt_1kg,39,28.0,1092.0,43,0.43
2026-08-12,CHENNAI_STORE_005,SKU_007_Toor_Dal_Premium_1kg,17,165.0,2805.0,18,0.32
2026-08-12,CHENNAI_STORE_005,SKU_008_Maggi_Noodles_12Pack,26,168.0,4368.0,55,0.47
2026-08-12,CHENNAI_STORE_005,SKU_009_Cadbury_Dairy_Milk_Silk,25,95.0,2375.0,47,0.32
2026-08-12,CHENNAI_STORE_005,SKU_010_Surf_Excel_Matic_2kg,7,390.0,2730.0,18,0.3
2026-08-13,MUMBAI_STORE_001,SKU_001_Aashirvaad_Atta_5kg,12,265.0,3180.0,25,0.26
2026-08-13,MUMBAI_STORE_001,SKU_002_IndiaGate_Basmati_5kg,7,480.0,3360.0,22,0.47
2026-08-13,MUMBAI_STORE_001,SKU_003_Fortune_Sunflower_Oil_1L,19,145.0,2755.0,50,0.49
2026-08-13,MUMBAI_STORE_001,SKU_004_Amul_Butter_500g,18,275.0,4950.0,30,0.4
2026-08-13,MUMBAI_STORE_001,SKU_005_Tata_Tea_Gold_500g,12,320.0,3840.0,53,0.22
2026-08-13,MUMBAI_STORE_001,SKU_006_Tata_Salt_1kg,43,28.0,1204.0,37,0.35
2026-08-13,MUMBAI_STORE_001,SKU_007_Toor_Dal_Premium_1kg,10,165.0,1650.0,45,0.48
2026-08-13,MUMBAI_STORE_001,SKU_008_Maggi_Noodles_12Pack,29,168.0,4872.0,20,0.31
2026-08-13,MUMBAI_STORE_001,SKU_009_Cadbury_Dairy_Milk_Silk,23,95.0,2185.0,44,0.35
2026-08-13,MUMBAI_STORE_001,SKU_010_Surf_Excel_Matic_2kg,6,390.0,2340.0,21,0.42
2026-08-13,DELHI_STORE_002,SKU_001_Aashirvaad_Atta_5kg,10,265.0,2650.0,46,0.34
2026-08-13,DELHI_STORE_002,SKU_002_IndiaGate_Basmati_5kg,7,480.0,3360.0,47,0.4
2026-08-13,DELHI_STORE_002,SKU_003_Fortune_Sunflower_Oil_1L,26,145.0,3770.0,22,0.27
2026-08-13,DELHI_STORE_002,SKU_004_Amul_Butter_500g,16,275.0,4400.0,48,0.48
2026-08-13,DELHI_STORE_002,SKU_005_Tata_Tea_Gold_500g,5,320.0,1600.0,46,0.28
2026-08-13,DELHI_STORE_002,SKU_006_Tata_Salt_1kg,32,28.0,896.0,19,0.39
2026-08-13,DELHI_STORE_002,SKU_007_Toor_Dal_Premium_1kg,14,165.0,2310.0,52,0.25
2026-08-13,DELHI_STORE_002,SKU_008_Maggi_Noodles_12Pack,34,168.0,5712.0,56,0.26
2026-08-13,DELHI_STORE_002,SKU_009_Cadbury_Dairy_Milk_Silk,21,95.0,1995.0,49,0.38
2026-08-13,DELHI_STORE_002,SKU_010_Surf_Excel_Matic_2kg,9,390.0,3510.0,42,0.39
2026-08-13,BENGALURU_STORE_003,SKU_001_Aashirvaad_Atta_5kg,13,265.0,3445.0,58,0.42
2026-08-13,BENGALURU_STORE_003,SKU_002_IndiaGate_Basmati_5kg,10,480.0,4800.0,36,0.45
2026-08-13,BENGALURU_STORE_003,SKU_003_Fortune_Sunflower_Oil_1L,27,145.0,3915.0,32,0.45
2026-08-13,BENGALURU_STORE_003,SKU_004_Amul_Butter_500g,18,275.0,4950.0,37,0.24
2026-08-13,BENGALURU_STORE_003,SKU_005_Tata_Tea_Gold_500g,14,320.0,4480.0,26,0.49
2026-08-13,BENGALURU_STORE_003,SKU_006_Tata_Salt_1kg,40,28.0,1120.0,43,0.45
2026-08-13,BENGALURU_STORE_003,SKU_007_Toor_Dal_Premium_1kg,19,165.0,3135.0,58,0.26
2026-08-13,BENGALURU_STORE_003,SKU_008_Maggi_Noodles_12Pack,35,168.0,5880.0,38,0.24
2026-08-13,BENGALURU_STORE_003,SKU_009_Cadbury_Dairy_Milk_Silk,20,95.0,1900.0,59,0.49
2026-08-13,BENGALURU_STORE_003,SKU_010_Surf_Excel_Matic_2kg,19,390.0,7410.0,59,0.34
2026-08-13,HYDERABAD_STORE_004,SKU_001_Aashirvaad_Atta_5kg,19,265.0,5035.0,37,0.49
2026-08-13,HYDERABAD_STORE_004,SKU_002_IndiaGate_Basmati_5kg,8,480.0,3840.0,47,0.24
2026-08-13,HYDERABAD_STORE_004,SKU_003_Fortune_Sunflower_Oil_1L,21,145.0,3045.0,39,0.41
2026-08-13,HYDERABAD_STORE_004,SKU_004_Amul_Butter_500g,20,275.0,5500.0,35,0.32
2026-08-13,HYDERABAD_STORE_004,SKU_005_Tata_Tea_Gold_500g,16,320.0,5120.0,26,0.42
2026-08-13,HYDERABAD_STORE_004,SKU_006_Tata_Salt_1kg,32,28.0,896.0,29,0.41
2026-08-13,HYDERABAD_STORE_004,SKU_007_Toor_Dal_Premium_1kg,7,165.0,1155.0,30,0.45
2026-08-13,HYDERABAD_STORE_004,SKU_008_Maggi_Noodles_12Pack,39,168.0,6552.0,52,0.41
2026-08-13,HYDERABAD_STORE_004,SKU_009_Cadbury_Dairy_Milk_Silk,12,95.0,1140.0,39,0.2
2026-08-13,HYDERABAD_STORE_004,SKU_010_Surf_Excel_Matic_2kg,7,390.0,2730.0,53,0.46
2026-08-13,CHENNAI_STORE_005,SKU_001_Aashirvaad_Atta_5kg,14,265.0,3710.0,35,0.28
2026-08-13,CHENNAI_STORE_005,SKU_002_IndiaGate_Basmati_5kg,8,480.0,3840.0,31,0.25
2026-08-13,CHENNAI_STORE_005,SKU_003_Fortune_Sunflower_Oil_1L,26,145.0,3770.0,39,0.29
2026-08-13,CHENNAI_STORE_005,SKU_004_Amul_Butter_500g,14,275.0,3850.0,27,0.38
2026-08-13,CHENNAI_STORE_005,SKU_005_Tata_Tea_Gold_500g,14,320.0,4480.0,25,0.33
2026-08-13,CHENNAI_STORE_005,SKU_006_Tata_Salt_1kg,32,28.0,896.0,50,0.39
2026-08-13,CHENNAI_STORE_005,SKU_007_Toor_Dal_Premium_1kg,14,165.0,2310.0,52,0.38
2026-08-13,CHENNAI_STORE_005,SKU_008_Maggi_Noodles_12Pack,26,168.0,4368.0,48,0.26
2026-08-13,CHENNAI_STORE_005,SKU_009_Cadbury_Dairy_Milk_Silk,25,95.0,2375.0,23,0.23
2026-08-13,CHENNAI_STORE_005,SKU_010_Surf_Excel_Matic_2kg,11,390.0,4290.0,57,0.5
2026-08-14,MUMBAI_STORE_001,SKU_001_Aashirvaad_Atta_5kg,13,265.0,3445.0,49,0.42
2026-08-14,MUMBAI_STORE_001,SKU_002_IndiaGate_Basmati_5kg,14,480.0,6720.0,17,0.44
2026-08-14,MUMBAI_STORE_001,SKU_003_Fortune_Sunflower_Oil_1L,18,145.0,2610.0,37,0.23
2026-08-14,MUMBAI_STORE_001,SKU_004_Amul_Butter_500g,15,275.0,4125.0,25,0.23
2026-08-14,MUMBAI_STORE_001,SKU_005_Tata_Tea_Gold_500g,20,320.0,6400.0,34,0.47
2026-08-14,MUMBAI_STORE_001,SKU_006_Tata_Salt_1kg,38,28.0,1064.0,46,0.45
2026-08-14,MUMBAI_STORE_001,SKU_007_Toor_Dal_Premium_1kg,21,165.0,3465.0,55,0.36
2026-08-14,MUMBAI_STORE_001,SKU_008_Maggi_Noodles_12Pack,26,168.0,4368.0,16,0.32
2026-08-14,MUMBAI_STORE_001,SKU_009_Cadbury_Dairy_Milk_Silk,30,95.0,2850.0,57,0.49
2026-08-14,MUMBAI_STORE_001,SKU_010_Surf_Excel_Matic_2kg,14,390.0,5460.0,44,0.46
2026-08-14,DELHI_STORE_002,SKU_001_Aashirvaad_Atta_5kg,17,265.0,4505.0,59,0.41
2026-08-14,DELHI_STORE_002,SKU_002_IndiaGate_Basmati_5kg,6,480.0,2880.0,58,0.29
2026-08-14,DELHI_STORE_002,SKU_003_Fortune_Sunflower_Oil_1L,21,145.0,3045.0,41,0.22
2026-08-14,DELHI_STORE_002,SKU_004_Amul_Butter_500g,13,275.0,3575.0,23,0.27
2026-08-14,DELHI_STORE_002,SKU_005_Tata_Tea_Gold_500g,15,320.0,4800.0,34,0.21
2026-08-14,DELHI_STORE_002,SKU_006_Tata_Salt_1kg,32,28.0,896.0,19,0.47
2026-08-14,DELHI_STORE_002,SKU_007_Toor_Dal_Premium_1kg,22,165.0,3630.0,59,0.29
2026-08-14,DELHI_STORE_002,SKU_008_Maggi_Noodles_12Pack,17,168.0,2856.0,33,0.39
2026-08-14,DELHI_STORE_002,SKU_009_Cadbury_Dairy_Milk_Silk,18,95.0,1710.0,47,0.31
2026-08-14,DELHI_STORE_002,SKU_010_Surf_Excel_Matic_2kg,5,390.0,1950.0,35,0.35
2026-08-14,BENGALURU_STORE_003,SKU_001_Aashirvaad_Atta_5kg,14,265.0,3710.0,45,0.39
2026-08-14,BENGALURU_STORE_003,SKU_002_IndiaGate_Basmati_5kg,7,480.0,3360.0,34,0.45
2026-08-14,BENGALURU_STORE_003,SKU_003_Fortune_Sunflower_Oil_1L,26,145.0,3770.0,26,0.34
2026-08-14,BENGALURU_STORE_003,SKU_004_Amul_Butter_500g,20,275.0,5500.0,37,0.31
2026-08-14,BENGALURU_STORE_003,SKU_005_Tata_Tea_Gold_500g,16,320.0,5120.0,59,0.34
2026-08-14,BENGALURU_STORE_003,SKU_006_Tata_Salt_1kg,24,28.0,672.0,17,0.28
2026-08-14,BENGALURU_STORE_003,SKU_007_Toor_Dal_Premium_1kg,14,165.0,2310.0,37,0.21
2026-08-14,BENGALURU_STORE_003,SKU_008_Maggi_Noodles_12Pack,27,168.0,4536.0,56,0.35
2026-08-14,BENGALURU_STORE_003,SKU_009_Cadbury_Dairy_Milk_Silk,23,95.0,2185.0,49,0.42
2026-08-14,BENGALURU_STORE_003,SKU_010_Surf_Excel_Matic_2kg,15,390.0,5850.0,35,0.4
2026-08-14,HYDERABAD_STORE_004,SKU_001_Aashirvaad_Atta_5kg,8,265.0,2120.0,57,0.33
2026-08-14,HYDERABAD_STORE_004,SKU_002_IndiaGate_Basmati_5kg,9,480.0,4320.0,55,0.33
2026-08-14,HYDERABAD_STORE_004,SKU_003_Fortune_Sunflower_Oil_1L,27,145.0,3915.0,53,0.39
2026-08-14,HYDERABAD_STORE_004,SKU_004_Amul_Butter_500g,13,275.0,3575.0,23,0.32
2026-08-14,HYDERABAD_STORE_004,SKU_005_Tata_Tea_Gold_500g,8,320.0,2560.0,24,0.36
2026-08-14,HYDERABAD_STORE_004,SKU_006_Tata_Salt_1kg,35,28.0,980.0,26,0.41
2026-08-14,HYDERABAD_STORE_004,SKU_007_Toor_Dal_Premium_1kg,18,165.0,2970.0,54,0.39
2026-08-14,HYDERABAD_STORE_004,SKU_008_Maggi_Noodles_12Pack,28,168.0,4704.0,15,0.46
2026-08-14,HYDERABAD_STORE_004,SKU_009_Cadbury_Dairy_Milk_Silk,25,95.0,2375.0,31,0.4
2026-08-14,HYDERABAD_STORE_004,SKU_010_Surf_Excel_Matic_2kg,11,390.0,4290.0,21,0.33
2026-08-14,CHENNAI_STORE_005,SKU_001_Aashirvaad_Atta_5kg,8,265.0,2120.0,15,0.47
2026-08-14,CHENNAI_STORE_005,SKU_002_IndiaGate_Basmati_5kg,7,480.0,3360.0,24,0.22
2026-08-14,CHENNAI_STORE_005,SKU_003_Fortune_Sunflower_Oil_1L,14,145.0,2030.0,35,0.42
2026-08-14,CHENNAI_STORE_005,SKU_004_Amul_Butter_500g,20,275.0,5500.0,21,0.43
2026-08-14,CHENNAI_STORE_005,SKU_005_Tata_Tea_Gold_500g,14,320.0,4480.0,18,0.2
2026-08-14,CHENNAI_STORE_005,SKU_006_Tata_Salt_1kg,31,28.0,868.0,25,0.33
2026-08-14,CHENNAI_STORE_005,SKU_007_Toor_Dal_Premium_1kg,10,165.0,1650.0,55,0.38
2026-08-14,CHENNAI_STORE_005,SKU_008_Maggi_Noodles_12Pack,35,168.0,5880.0,45,0.26
2026-08-14,CHENNAI_STORE_005,SKU_009_Cadbury_Dairy_Milk_Silk,22,95.0,2090.0,15,0.48
2026-08-14,CHENNAI_STORE_005,SKU_010_Surf_Excel_Matic_2kg,8,390.0,3120.0,33,0.41
2026-08-15,MUMBAI_STORE_001,SKU_001_Aashirvaad_Atta_5kg,18,265.0,4770.0,37,0.35
2026-08-15,MUMBAI_STORE_001,SKU_002_IndiaGate_Basmati_5kg,7,480.0,3360.0,33,0.32
2026-08-15,MUMBAI_STORE_001,SKU_003_Fortune_Sunflower_Oil_1L,28,145.0,4060.0,15,0.49
2026-08-15,MUMBAI_STORE_001,SKU_004_Amul_Butter_500g,37,275.0,10175.0,59,0.4
2026-08-15,MUMBAI_STORE_001,SKU_005_Tata_Tea_Gold_500g,9,320.0,2880.0,56,0.39
2026-08-15,MUMBAI_STORE_001,SKU_006_Tata_Salt_1kg,49,28.0,1372.0,23,0.22
2026-08-15,MUMBAI_STORE_001,SKU_007_Toor_Dal_Premium_1kg,18,165.0,2970.0,20,0.25
2026-08-15,MUMBAI_STORE_001,SKU_008_Maggi_Noodles_12Pack,35,168.0,5880.0,36,0.33
2026-08-15,MUMBAI_STORE_001,SKU_009_Cadbury_Dairy_Milk_Silk,21,95.0,1995.0,53,0.35
2026-08-15,MUMBAI_STORE_001,SKU_010_Surf_Excel_Matic_2kg,17,390.0,6630.0,52,0.48
2026-08-15,DELHI_STORE_002,SKU_001_Aashirvaad_Atta_5kg,22,265.0,5830.0,55,0.44
2026-08-15,DELHI_STORE_002,SKU_002_IndiaGate_Basmati_5kg,14,480.0,6720.0,50,0.24
2026-08-15,DELHI_STORE_002,SKU_003_Fortune_Sunflower_Oil_1L,26,145.0,3770.0,26,0.4
2026-08-15,DELHI_STORE_002,SKU_004_Amul_Butter_500g,28,275.0,7700.0,44,0.48
2026-08-15,DELHI_STORE_002,SKU_005_Tata_Tea_Gold_500g,12,320.0,3840.0,30,0.34
2026-08-15,DELHI_STORE_002,SKU_006_Tata_Salt_1kg,45,28.0,1260.0,16,0.49
2026-08-15,DELHI_STORE_002,SKU_007_Toor_Dal_Premium_1kg,25,165.0,4125.0,32,0.36
2026-08-15,DELHI_STORE_002,SKU_008_Maggi_Noodles_12Pack,34,168.0,5712.0,35,0.28
2026-08-15,DELHI_STORE_002,SKU_009_Cadbury_Dairy_Milk_Silk,23,95.0,2185.0,52,0.25
2026-08-15,DELHI_STORE_002,SKU_010_Surf_Excel_Matic_2kg,12,390.0,4680.0,43,0.31
2026-08-15,BENGALURU_STORE_003,SKU_001_Aashirvaad_Atta_5kg,22,265.0,5830.0,42,0.28
2026-08-15,BENGALURU_STORE_003,SKU_002_IndiaGate_Basmati_5kg,13,480.0,6240.0,40,0.24
2026-08-15,BENGALURU_STORE_003,SKU_003_Fortune_Sunflower_Oil_1L,25,145.0,3625.0,55,0.25
2026-08-15,BENGALURU_STORE_003,SKU_004_Amul_Butter_500g,35,275.0,9625.0,47,0.23
2026-08-15,BENGALURU_STORE_003,SKU_005_Tata_Tea_Gold_500g,14,320.0,4480.0,23,0.24
2026-08-15,BENGALURU_STORE_003,SKU_006_Tata_Salt_1kg,44,28.0,1232.0,35,0.37
2026-08-15,BENGALURU_STORE_003,SKU_007_Toor_Dal_Premium_1kg,27,165.0,4455.0,32,0.22
2026-08-15,BENGALURU_STORE_003,SKU_008_Maggi_Noodles_12Pack,42,168.0,7056.0,55,0.27
2026-08-15,BENGALURU_STORE_003,SKU_009_Cadbury_Dairy_Milk_Silk,28,95.0,2660.0,31,0.36
2026-08-15,BENGALURU_STORE_003,SKU_010_Surf_Excel_Matic_2kg,14,390.0,5460.0,27,0.47
2026-08-15,HYDERABAD_STORE_004,SKU_001_Aashirvaad_Atta_5kg,21,265.0,5565.0,45,0.41
2026-08-15,HYDERABAD_STORE_004,SKU_002_IndiaGate_Basmati_5kg,9,480.0,4320.0,59,0.25
2026-08-15,HYDERABAD_STORE_004,SKU_003_Fortune_Sunflower_Oil_1L,28,145.0,4060.0,22,0.21
2026-08-15,HYDERABAD_STORE_004,SKU_004_Amul_Butter_500g,23,275.0,6325.0,16,0.33
2026-08-15,HYDERABAD_STORE_004,SKU_005_Tata_Tea_Gold_500g,26,320.0,8320.0,48,0.39
2026-08-15,HYDERABAD_STORE_004,SKU_006_Tata_Salt_1kg,44,28.0,1232.0,20,0.46
2026-08-15,HYDERABAD_STORE_004,SKU_007_Toor_Dal_Premium_1kg,21,165.0,3465.0,22,0.26
2026-08-15,HYDERABAD_STORE_004,SKU_008_Maggi_Noodles_12Pack,52,168.0,8736.0,22,0.35
2026-08-15,HYDERABAD_STORE_004,SKU_009_Cadbury_Dairy_Milk_Silk,29,95.0,2755.0,47,0.31
2026-08-15,HYDERABAD_STORE_004,SKU_010_Surf_Excel_Matic_2kg,10,390.0,3900.0,40,0.42
2026-08-15,CHENNAI_STORE_005,SKU_001_Aashirvaad_Atta_5kg,20,265.0,5300.0,21,0.47
2026-08-15,CHENNAI_STORE_005,SKU_002_IndiaGate_Basmati_5kg,17,480.0,8160.0,15,0.36
2026-08-15,CHENNAI_STORE_005,SKU_003_Fortune_Sunflower_Oil_1L,33,145.0,4785.0,33,0.3
2026-08-15,CHENNAI_STORE_005,SKU_004_Amul_Butter_500g,25,275.0,6875.0,31,0.46
2026-08-15,CHENNAI_STORE_005,SKU_005_Tata_Tea_Gold_500g,6,320.0,1920.0,20,0.32
2026-08-15,CHENNAI_STORE_005,SKU_006_Tata_Salt_1kg,60,28.0,1680.0,48,0.4
2026-08-15,CHENNAI_STORE_005,SKU_007_Toor_Dal_Premium_1kg,27,165.0,4455.0,59,0.21
2026-08-15,CHENNAI_STORE_005,SKU_008_Maggi_Noodles_12Pack,31,168.0,5208.0,35,0.48
2026-08-15,CHENNAI_STORE_005,SKU_009_Cadbury_Dairy_Milk_Silk,30,95.0,2850.0,33,0.32
2026-08-15,CHENNAI_STORE_005,SKU_010_Surf_Excel_Matic_2kg,15,390.0,5850.0,49,0.39
2026-08-16,MUMBAI_STORE_001,SKU_001_Aashirvaad_Atta_5kg,23,265.0,6095.0,59,0.44
2026-08-16,MUMBAI_STORE_001,SKU_002_IndiaGate_Basmati_5kg,7,480.0,3360.0,41,0.3
2026-08-16,MUMBAI_STORE_001,SKU_003_Fortune_Sunflower_Oil_1L,37,145.0,5365.0,47,0.5
2026-08-16,MUMBAI_STORE_001,SKU_004_Amul_Butter_500g,22,275.0,6050.0,39,0.29
2026-08-16,MUMBAI_STORE_001,SKU_005_Tata_Tea_Gold_500g,18,320.0,5760.0,39,0.27
2026-08-16,MUMBAI_STORE_001,SKU_006_Tata_Salt_1kg,46,28.0,1288.0,58,0.2
2026-08-16,MUMBAI_STORE_001,SKU_007_Toor_Dal_Premium_1kg,36,165.0,5940.0,16,0.27
2026-08-16,MUMBAI_STORE_001,SKU_008_Maggi_Noodles_12Pack,49,168.0,8232.0,39,0.22
2026-08-16,MUMBAI_STORE_001,SKU_009_Cadbury_Dairy_Milk_Silk,25,95.0,2375.0,53,0.38
2026-08-16,MUMBAI_STORE_001,SKU_010_Surf_Excel_Matic_2kg,20,390.0,7800.0,58,0.35
2026-08-16,DELHI_STORE_002,SKU_001_Aashirvaad_Atta_5kg,22,265.0,5830.0,36,0.45
2026-08-16,DELHI_STORE_002,SKU_002_IndiaGate_Basmati_5kg,12,480.0,5760.0,50,0.26
2026-08-16,DELHI_STORE_002,SKU_003_Fortune_Sunflower_Oil_1L,33,145.0,4785.0,41,0.4
2026-08-16,DELHI_STORE_002,SKU_004_Amul_Butter_500g,18,275.0,4950.0,32,0.45
2026-08-16,DELHI_STORE_002,SKU_005_Tata_Tea_Gold_500g,23,320.0,7360.0,18,0.22
2026-08-16,DELHI_STORE_002,SKU_006_Tata_Salt_1kg,59,28.0,1652.0,46,0.3
2026-08-16,DELHI_STORE_002,SKU_007_Toor_Dal_Premium_1kg,14,165.0,2310.0,28,0.21
2026-08-16,DELHI_STORE_002,SKU_008_Maggi_Noodles_12Pack,40,168.0,6720.0,47,0.41
2026-08-16,DELHI_STORE_002,SKU_009_Cadbury_Dairy_Milk_Silk,29,95.0,2755.0,41,0.29
2026-08-16,DELHI_STORE_002,SKU_010_Surf_Excel_Matic_2kg,17,390.0,6630.0,15,0.47
2026-08-16,BENGALURU_STORE_003,SKU_001_Aashirvaad_Atta_5kg,21,265.0,5565.0,54,0.33
2026-08-16,BENGALURU_STORE_003,SKU_002_IndiaGate_Basmati_5kg,11,480.0,5280.0,35,0.47
2026-08-16,BENGALURU_STORE_003,SKU_003_Fortune_Sunflower_Oil_1L,36,145.0,5220.0,42,0.5
2026-08-16,BENGALURU_STORE_003,SKU_004_Amul_Butter_500g,27,275.0,7425.0,49,0.31
2026-08-16,BENGALURU_STORE_003,SKU_005_Tata_Tea_Gold_500g,15,320.0,4800.0,37,0.37
2026-08-16,BENGALURU_STORE_003,SKU_006_Tata_Salt_1kg,55,28.0,1540.0,27,0.24
2026-08-16,BENGALURU_STORE_003,SKU_007_Toor_Dal_Premium_1kg,20,165.0,3300.0,30,0.37
2026-08-16,BENGALURU_STORE_003,SKU_008_Maggi_Noodles_12Pack,23,168.0,3864.0,31,0.36
2026-08-16,BENGALURU_STORE_003,SKU_009_Cadbury_Dairy_Milk_Silk,28,95.0,2660.0,55,0.26
2026-08-16,BENGALURU_STORE_003,SKU_010_Surf_Excel_Matic_2kg,14,390.0,5460.0,20,0.35
2026-08-16,HYDERABAD_STORE_004,SKU_001_Aashirvaad_Atta_5kg,19,265.0,5035.0,34,0.31
2026-08-16,HYDERABAD_STORE_004,SKU_002_IndiaGate_Basmati_5kg,5,480.0,2400.0,34,0.34
2026-08-16,HYDERABAD_STORE_004,SKU_003_Fortune_Sunflower_Oil_1L,36,145.0,5220.0,16,0.41
2026-08-16,HYDERABAD_STORE_004,SKU_004_Amul_Butter_500g,33,275.0,9075.0,41,0.25
2026-08-16,HYDERABAD_STORE_004,SKU_005_Tata_Tea_Gold_500g,13,320.0,4160.0,34,0.48
2026-08-16,HYDERABAD_STORE_004,SKU_006_Tata_Salt_1kg,50,28.0,1400.0,26,0.32
2026-08-16,HYDERABAD_STORE_004,SKU_007_Toor_Dal_Premium_1kg,25,165.0,4125.0,32,0.37
2026-08-16,HYDERABAD_STORE_004,SKU_008_Maggi_Noodles_12Pack,31,168.0,5208.0,16,0.28
2026-08-16,HYDERABAD_STORE_004,SKU_009_Cadbury_Dairy_Milk_Silk,20,95.0,1900.0,49,0.41
2026-08-16,HYDERABAD_STORE_004,SKU_010_Surf_Excel_Matic_2kg,15,390.0,5850.0,27,0.47
2026-08-16,CHENNAI_STORE_005,SKU_001_Aashirvaad_Atta_5kg,19,265.0,5035.0,33,0.23
2026-08-16,CHENNAI_STORE_005,SKU_002_IndiaGate_Basmati_5kg,22,480.0,10560.0,30,0.3
2026-08-16,CHENNAI_STORE_005,SKU_003_Fortune_Sunflower_Oil_1L,21,145.0,3045.0,17,0.29
2026-08-16,CHENNAI_STORE_005,SKU_004_Amul_Butter_500g,33,275.0,9075.0,20,0.39
2026-08-16,CHENNAI_STORE_005,SKU_005_Tata_Tea_Gold_500g,12,320.0,3840.0,25,0.48
2026-08-16,CHENNAI_STORE_005,SKU_006_Tata_Salt_1kg,46,28.0,1288.0,25,0.47
2026-08-16,CHENNAI_STORE_005,SKU_007_Toor_Dal_Premium_1kg,31,165.0,5115.0,44,0.25
2026-08-16,CHENNAI_STORE_005,SKU_008_Maggi_Noodles_12Pack,35,168.0,5880.0,32,0.31
2026-08-16,CHENNAI_STORE_005,SKU_009_Cadbury_Dairy_Milk_Silk,33,95.0,3135.0,27,0.5
2026-08-16,CHENNAI_STORE_005,SKU_010_Surf_Excel_Matic_2kg,15,390.0,5850.0,45,0.45
2026-08-17,MUMBAI_STORE_001,SKU_001_Aashirvaad_Atta_5kg,16,265.0,4240.0,31,0.42
2026-08-17,MUMBAI_STORE_001,SKU_002_IndiaGate_Basmati_5kg,9,480.0,4320.0,38,0.34
2026-08-17,MUMBAI_STORE_001,SKU_003_Fortune_Sunflower_Oil_1L,26,145.0,3770.0,24,0.48
2026-08-17,MUMBAI_STORE_001,SKU_004_Amul_Butter_500g,19,275.0,5225.0,23,0.5
2026-08-17,MUMBAI_STORE_001,SKU_005_Tata_Tea_Gold_500g,8,320.0,2560.0,33,0.47
2026-08-17,MUMBAI_STORE_001,SKU_006_Tata_Salt_1kg,40,28.0,1120.0,15,0.46
2026-08-17,MUMBAI_STORE_001,SKU_007_Toor_Dal_Premium_1kg,15,165.0,2475.0,37,0.41
2026-08-17,MUMBAI_STORE_001,SKU_008_Maggi_Noodles_12Pack,16,168.0,2688.0,30,0.31
2026-08-17,MUMBAI_STORE_001,SKU_009_Cadbury_Dairy_Milk_Silk,14,95.0,1330.0,23,0.3
2026-08-17,MUMBAI_STORE_001,SKU_010_Surf_Excel_Matic_2kg,15,390.0,5850.0,47,0.22
2026-08-17,DELHI_STORE_002,SKU_001_Aashirvaad_Atta_5kg,15,265.0,3975.0,59,0.45
2026-08-17,DELHI_STORE_002,SKU_002_IndiaGate_Basmati_5kg,6,480.0,2880.0,47,0.35
2026-08-17,DELHI_STORE_002,SKU_003_Fortune_Sunflower_Oil_1L,26,145.0,3770.0,18,0.42
2026-08-17,DELHI_STORE_002,SKU_004_Amul_Butter_500g,19,275.0,5225.0,48,0.25
2026-08-17,DELHI_STORE_002,SKU_005_Tata_Tea_Gold_500g,8,320.0,2560.0,29,0.34
2026-08-17,DELHI_STORE_002,SKU_006_Tata_Salt_1kg,39,28.0,1092.0,24,0.22
2026-08-17,DELHI_STORE_002,SKU_007_Toor_Dal_Premium_1kg,16,165.0,2640.0,59,0.31
2026-08-17,DELHI_STORE_002,SKU_008_Maggi_Noodles_12Pack,32,168.0,5376.0,46,0.38
2026-08-17,DELHI_STORE_002,SKU_009_Cadbury_Dairy_Milk_Silk,10,95.0,950.0,15,0.31
2026-08-17,DELHI_STORE_002,SKU_010_Surf_Excel_Matic_2kg,12,390.0,4680.0,42,0.29
2026-08-17,BENGALURU_STORE_003,SKU_001_Aashirvaad_Atta_5kg,17,265.0,4505.0,27,0.44
2026-08-17,BENGALURU_STORE_003,SKU_002_IndiaGate_Basmati_5kg,7,480.0,3360.0,56,0.35
2026-08-17,BENGALURU_STORE_003,SKU_003_Fortune_Sunflower_Oil_1L,21,145.0,3045.0,23,0.24
2026-08-17,BENGALURU_STORE_003,SKU_004_Amul_Butter_500g,17,275.0,4675.0,25,0.47
2026-08-17,BENGALURU_STORE_003,SKU_005_Tata_Tea_Gold_500g,12,320.0,3840.0,46,0.49
2026-08-17,BENGALURU_STORE_003,SKU_006_Tata_Salt_1kg,36,28.0,1008.0,28,0.34
2026-08-17,BENGALURU_STORE_003,SKU_007_Toor_Dal_Premium_1kg,18,165.0,2970.0,39,0.41
2026-08-17,BENGALURU_STORE_003,SKU_008_Maggi_Noodles_12Pack,24,168.0,4032.0,54,0.34
2026-08-17,BENGALURU_STORE_003,SKU_009_Cadbury_Dairy_Milk_Silk,34,95.0,3230.0,15,0.31
2026-08-17,BENGALURU_STORE_003,SKU_010_Surf_Excel_Matic_2kg,11,390.0,4290.0,36,0.24
2026-08-17,HYDERABAD_STORE_004,SKU_001_Aashirvaad_Atta_5kg,10,265.0,2650.0,54,0.4
2026-08-17,HYDERABAD_STORE_004,SKU_002_IndiaGate_Basmati_5kg,6,480.0,2880.0,57,0.45
2026-08-17,HYDERABAD_STORE_004,SKU_003_Fortune_Sunflower_Oil_1L,18,145.0,2610.0,56,0.23
2026-08-17,HYDERABAD_STORE_004,SKU_004_Amul_Butter_500g,18,275.0,4950.0,33,0.45
2026-08-17,HYDERABAD_STORE_004,SKU_005_Tata_Tea_Gold_500g,11,320.0,3520.0,17,0.21
2026-08-17,HYDERABAD_STORE_004,SKU_006_Tata_Salt_1kg,33,28.0,924.0,24,0.39
2026-08-17,HYDERABAD_STORE_004,SKU_007_Toor_Dal_Premium_1kg,18,165.0,2970.0,42,0.41
2026-08-17,HYDERABAD_STORE_004,SKU_008_Maggi_Noodles_12Pack,24,168.0,4032.0,42,0.49
2026-08-17,HYDERABAD_STORE_004,SKU_009_Cadbury_Dairy_Milk_Silk,19,95.0,1805.0,35,0.22
2026-08-17,HYDERABAD_STORE_004,SKU_010_Surf_Excel_Matic_2kg,10,390.0,3900.0,20,0.34
2026-08-17,CHENNAI_STORE_005,SKU_001_Aashirvaad_Atta_5kg,8,265.0,2120.0,52,0.47
2026-08-17,CHENNAI_STORE_005,SKU_002_IndiaGate_Basmati_5kg,7,480.0,3360.0,17,0.43
2026-08-17,CHENNAI_STORE_005,SKU_003_Fortune_Sunflower_Oil_1L,24,145.0,3480.0,36,0.35
2026-08-17,CHENNAI_STORE_005,SKU_004_Amul_Butter_500g,17,275.0,4675.0,37,0.36
2026-08-17,CHENNAI_STORE_005,SKU_005_Tata_Tea_Gold_500g,14,320.0,4480.0,31,0.32
2026-08-17,CHENNAI_STORE_005,SKU_006_Tata_Salt_1kg,33,28.0,924.0,35,0.47
2026-08-17,CHENNAI_STORE_005,SKU_007_Toor_Dal_Premium_1kg,11,165.0,1815.0,41,0.5
2026-08-17,CHENNAI_STORE_005,SKU_008_Maggi_Noodles_12Pack,24,168.0,4032.0,38,0.39
2026-08-17,CHENNAI_STORE_005,SKU_009_Cadbury_Dairy_Milk_Silk,17,95.0,1615.0,58,0.47
2026-08-17,CHENNAI_STORE_005,SKU_010_Surf_Excel_Matic_2kg,8,390.0,3120.0,31,0.32
2026-08-18,MUMBAI_STORE_001,SKU_001_Aashirvaad_Atta_5kg,12,265.0,3180.0,56,0.21
2026-08-18,MUMBAI_STORE_001,SKU_002_IndiaGate_Basmati_5kg,9,480.0,4320.0,15,0.37
2026-08-18,MUMBAI_STORE_001,SKU_003_Fortune_Sunflower_Oil_1L,23,145.0,3335.0,18,0.47
2026-08-18,MUMBAI_STORE_001,SKU_004_Amul_Butter_500g,19,275.0,5225.0,37,0.35
2026-08-18,MUMBAI_STORE_001,SKU_005_Tata_Tea_Gold_500g,9,320.0,2880.0,30,0.48
2026-08-18,MUMBAI_STORE_001,SKU_006_Tata_Salt_1kg,24,28.0,672.0,41,0.27
2026-08-18,MUMBAI_STORE_001,SKU_007_Toor_Dal_Premium_1kg,19,165.0,3135.0,15,0.38
2026-08-18,MUMBAI_STORE_001,SKU_008_Maggi_Noodles_12Pack,25,168.0,4200.0,59,0.47
2026-08-18,MUMBAI_STORE_001,SKU_009_Cadbury_Dairy_Milk_Silk,17,95.0,1615.0,29,0.43
2026-08-18,MUMBAI_STORE_001,SKU_010_Surf_Excel_Matic_2kg,16,390.0,6240.0,51,0.35
2026-08-18,DELHI_STORE_002,SKU_001_Aashirvaad_Atta_5kg,13,265.0,3445.0,37,0.34
2026-08-18,DELHI_STORE_002,SKU_002_IndiaGate_Basmati_5kg,10,480.0,4800.0,37,0.32
2026-08-18,DELHI_STORE_002,SKU_003_Fortune_Sunflower_Oil_1L,25,145.0,3625.0,22,0.22
2026-08-18,DELHI_STORE_002,SKU_004_Amul_Butter_500g,17,275.0,4675.0,17,0.36
2026-08-18,DELHI_STORE_002,SKU_005_Tata_Tea_Gold_500g,9,320.0,2880.0,15,0.45
2026-08-18,DELHI_STORE_002,SKU_006_Tata_Salt_1kg,40,28.0,1120.0,31,0.36
2026-08-18,DELHI_STORE_002,SKU_007_Toor_Dal_Premium_1kg,18,165.0,2970.0,46,0.22
2026-08-18,DELHI_STORE_002,SKU_008_Maggi_Noodles_12Pack,23,168.0,3864.0,26,0.25
2026-08-18,DELHI_STORE_002,SKU_009_Cadbury_Dairy_Milk_Silk,14,95.0,1330.0,37,0.22
2026-08-18,DELHI_STORE_002,SKU_010_Surf_Excel_Matic_2kg,12,390.0,4680.0,42,0.36
2026-08-18,BENGALURU_STORE_003,SKU_001_Aashirvaad_Atta_5kg,15,265.0,3975.0,21,0.2
2026-08-18,BENGALURU_STORE_003,SKU_002_IndiaGate_Basmati_5kg,7,480.0,3360.0,24,0.23
2026-08-18,BENGALURU_STORE_003,SKU_003_Fortune_Sunflower_Oil_1L,16,145.0,2320.0,18,0.33
2026-08-18,BENGALURU_STORE_003,SKU_004_Amul_Butter_500g,16,275.0,4400.0,54,0.44
2026-08-18,BENGALURU_STORE_003,SKU_005_Tata_Tea_Gold_500g,12,320.0,3840.0,46,0.31
2026-08-18,BENGALURU_STORE_003,SKU_006_Tata_Salt_1kg,32,28.0,896.0,54,0.47
2026-08-18,BENGALURU_STORE_003,SKU_007_Toor_Dal_Premium_1kg,14,165.0,2310.0,41,0.42
2026-08-18,BENGALURU_STORE_003,SKU_008_Maggi_Noodles_12Pack,15,168.0,2520.0,57,0.28
2026-08-18,BENGALURU_STORE_003,SKU_009_Cadbury_Dairy_Milk_Silk,17,95.0,1615.0,25,0.42
2026-08-18,BENGALURU_STORE_003,SKU_010_Surf_Excel_Matic_2kg,13,390.0,5070.0,47,0.44
2026-08-18,HYDERABAD_STORE_004,SKU_001_Aashirvaad_Atta_5kg,12,265.0,3180.0,19,0.37
2026-08-18,HYDERABAD_STORE_004,SKU_002_IndiaGate_Basmati_5kg,12,480.0,5760.0,59,0.43
2026-08-18,HYDERABAD_STORE_004,SKU_003_Fortune_Sunflower_Oil_1L,28,145.0,4060.0,37,0.36
2026-08-18,HYDERABAD_STORE_004,SKU_004_Amul_Butter_500g,14,275.0,3850.0,55,0.25
2026-08-18,HYDERABAD_STORE_004,SKU_005_Tata_Tea_Gold_500g,9,320.0,2880.0,46,0.3
2026-08-18,HYDERABAD_STORE_004,SKU_006_Tata_Salt_1kg,41,28.0,1148.0,54,0.43
2026-08-18,HYDERABAD_STORE_004,SKU_007_Toor_Dal_Premium_1kg,21,165.0,3465.0,25,0.23
2026-08-18,HYDERABAD_STORE_004,SKU_008_Maggi_Noodles_12Pack,24,168.0,4032.0,36,0.45
2026-08-18,HYDERABAD_STORE_004,SKU_009_Cadbury_Dairy_Milk_Silk,18,95.0,1710.0,55,0.33
2026-08-18,HYDERABAD_STORE_004,SKU_010_Surf_Excel_Matic_2kg,13,390.0,5070.0,57,0.37
2026-08-18,CHENNAI_STORE_005,SKU_001_Aashirvaad_Atta_5kg,17,265.0,4505.0,37,0.47
2026-08-18,CHENNAI_STORE_005,SKU_002_IndiaGate_Basmati_5kg,6,480.0,2880.0,30,0.4
2026-08-18,CHENNAI_STORE_005,SKU_003_Fortune_Sunflower_Oil_1L,22,145.0,3190.0,58,0.23
2026-08-18,CHENNAI_STORE_005,SKU_004_Amul_Butter_500g,21,275.0,5775.0,33,0.21
2026-08-18,CHENNAI_STORE_005,SKU_005_Tata_Tea_Gold_500g,7,320.0,2240.0,30,0.47
2026-08-18,CHENNAI_STORE_005,SKU_006_Tata_Salt_1kg,37,28.0,1036.0,29,0.3
2026-08-18,CHENNAI_STORE_005,SKU_007_Toor_Dal_Premium_1kg,14,165.0,2310.0,38,0.32
2026-08-18,CHENNAI_STORE_005,SKU_008_Maggi_Noodles_12Pack,19,168.0,3192.0,24,0.23
2026-08-18,CHENNAI_STORE_005,SKU_009_Cadbury_Dairy_Milk_Silk,24,95.0,2280.0,47,0.32
2026-08-18,CHENNAI_STORE_005,SKU_010_Surf_Excel_Matic_2kg,11,390.0,4290.0,55,0.21
2026-08-19,MUMBAI_STORE_001,SKU_001_Aashirvaad_Atta_5kg,10,265.0,2650.0,46,0.29
2026-08-19,MUMBAI_STORE_001,SKU_002_IndiaGate_Basmati_5kg,6,480.0,2880.0,49,0.37
2026-08-19,MUMBAI_STORE_001,SKU_003_Fortune_Sunflower_Oil_1L,21,145.0,3045.0,58,0.27
2026-08-19,MUMBAI_STORE_001,SKU_004_Amul_Butter_500g,13,275.0,3575.0,45,0.33
2026-08-19,MUMBAI_STORE_001,SKU_005_Tata_Tea_Gold_500g,13,320.0,4160.0,49,0.48
2026-08-19,MUMBAI_STORE_001,SKU_006_Tata_Salt_1kg,34,28.0,952.0,43,0.32
2026-08-19,MUMBAI_STORE_001,SKU_007_Toor_Dal_Premium_1kg,17,165.0,2805.0,21,0.34
2026-08-19,MUMBAI_STORE_001,SKU_008_Maggi_Noodles_12Pack,28,168.0,4704.0,37,0.25
2026-08-19,MUMBAI_STORE_001,SKU_009_Cadbury_Dairy_Milk_Silk,19,95.0,1805.0,33,0.41
2026-08-19,MUMBAI_STORE_001,SKU_010_Surf_Excel_Matic_2kg,10,390.0,3900.0,50,0.23
2026-08-19,DELHI_STORE_002,SKU_001_Aashirvaad_Atta_5kg,14,265.0,3710.0,18,0.35
2026-08-19,DELHI_STORE_002,SKU_002_IndiaGate_Basmati_5kg,12,480.0,5760.0,28,0.29
2026-08-19,DELHI_STORE_002,SKU_003_Fortune_Sunflower_Oil_1L,24,145.0,3480.0,54,0.45
2026-08-19,DELHI_STORE_002,SKU_004_Amul_Butter_500g,20,275.0,5500.0,56,0.45
2026-08-19,DELHI_STORE_002,SKU_005_Tata_Tea_Gold_500g,12,320.0,3840.0,40,0.38
2026-08-19,DELHI_STORE_002,SKU_006_Tata_Salt_1kg,32,28.0,896.0,18,0.31
2026-08-19,DELHI_STORE_002,SKU_007_Toor_Dal_Premium_1kg,26,165.0,4290.0,42,0.26
2026-08-19,DELHI_STORE_002,SKU_008_Maggi_Noodles_12Pack,28,168.0,4704.0,27,0.4
2026-08-19,DELHI_STORE_002,SKU_009_Cadbury_Dairy_Milk_Silk,17,95.0,1615.0,52,0.29
2026-08-19,DELHI_STORE_002,SKU_010_Surf_Excel_Matic_2kg,4,390.0,1560.0,26,0.25
2026-08-19,BENGALURU_STORE_003,SKU_001_Aashirvaad_Atta_5kg,17,265.0,4505.0,51,0.25
2026-08-19,BENGALURU_STORE_003,SKU_002_IndiaGate_Basmati_5kg,9,480.0,4320.0,25,0.39
2026-08-19,BENGALURU_STORE_003,SKU_003_Fortune_Sunflower_Oil_1L,18,145.0,2610.0,35,0.38
2026-08-19,BENGALURU_STORE_003,SKU_004_Amul_Butter_500g,15,275.0,4125.0,42,0.48
2026-08-19,BENGALURU_STORE_003,SKU_005_Tata_Tea_Gold_500g,14,320.0,4480.0,31,0.28
2026-08-19,BENGALURU_STORE_003,SKU_006_Tata_Salt_1kg,34,28.0,952.0,35,0.45
2026-08-19,BENGALURU_STORE_003,SKU_007_Toor_Dal_Premium_1kg,7,165.0,1155.0,32,0.24
2026-08-19,BENGALURU_STORE_003,SKU_008_Maggi_Noodles_12Pack,32,168.0,5376.0,29,0.26
2026-08-19,BENGALURU_STORE_003,SKU_009_Cadbury_Dairy_Milk_Silk,28,95.0,2660.0,56,0.49
2026-08-19,BENGALURU_STORE_003,SKU_010_Surf_Excel_Matic_2kg,10,390.0,3900.0,23,0.27
2026-08-19,HYDERABAD_STORE_004,SKU_001_Aashirvaad_Atta_5kg,16,265.0,4240.0,17,0.38
2026-08-19,HYDERABAD_STORE_004,SKU_002_IndiaGate_Basmati_5kg,8,480.0,3840.0,32,0.35
2026-08-19,HYDERABAD_STORE_004,SKU_003_Fortune_Sunflower_Oil_1L,19,145.0,2755.0,45,0.38
2026-08-19,HYDERABAD_STORE_004,SKU_004_Amul_Butter_500g,14,275.0,3850.0,17,0.27
2026-08-19,HYDERABAD_STORE_004,SKU_005_Tata_Tea_Gold_500g,10,320.0,3200.0,31,0.43
2026-08-19,HYDERABAD_STORE_004,SKU_006_Tata_Salt_1kg,34,28.0,952.0,58,0.27
2026-08-19,HYDERABAD_STORE_004,SKU_007_Toor_Dal_Premium_1kg,21,165.0,3465.0,51,0.4
2026-08-19,HYDERABAD_STORE_004,SKU_008_Maggi_Noodles_12Pack,24,168.0,4032.0,18,0.36
2026-08-19,HYDERABAD_STORE_004,SKU_009_Cadbury_Dairy_Milk_Silk,18,95.0,1710.0,49,0.28
2026-08-19,HYDERABAD_STORE_004,SKU_010_Surf_Excel_Matic_2kg,8,390.0,3120.0,50,0.48
2026-08-19,CHENNAI_STORE_005,SKU_001_Aashirvaad_Atta_5kg,17,265.0,4505.0,25,0.36
2026-08-19,CHENNAI_STORE_005,SKU_002_IndiaGate_Basmati_5kg,9,480.0,4320.0,57,0.37
2026-08-19,CHENNAI_STORE_005,SKU_003_Fortune_Sunflower_Oil_1L,22,145.0,3190.0,53,0.36
2026-08-19,CHENNAI_STORE_005,SKU_004_Amul_Butter_500g,26,275.0,7150.0,20,0.38
2026-08-19,CHENNAI_STORE_005,SKU_005_Tata_Tea_Gold_500g,10,320.0,3200.0,29,0.32
2026-08-19,CHENNAI_STORE_005,SKU_006_Tata_Salt_1kg,41,28.0,1148.0,59,0.44
2026-08-19,CHENNAI_STORE_005,SKU_007_Toor_Dal_Premium_1kg,13,165.0,2145.0,30,0.45
2026-08-19,CHENNAI_STORE_005,SKU_008_Maggi_Noodles_12Pack,33,168.0,5544.0,25,0.27
2026-08-19,CHENNAI_STORE_005,SKU_009_Cadbury_Dairy_Milk_Silk,16,95.0,1520.0,52,0.43
2026-08-19,CHENNAI_STORE_005,SKU_010_Surf_Excel_Matic_2kg,13,390.0,5070.0,56,0.3
2026-08-20,MUMBAI_STORE_001,SKU_001_Aashirvaad_Atta_5kg,14,265.0,3710.0,18,0.45
2026-08-20,MUMBAI_STORE_001,SKU_002_IndiaGate_Basmati_5kg,6,480.0,2880.0,39,0.45
2026-08-20,MUMBAI_STORE_001,SKU_003_Fortune_Sunflower_Oil_1L,19,145.0,2755.0,27,0.48
2026-08-20,MUMBAI_STORE_001,SKU_004_Amul_Butter_500g,16,275.0,4400.0,50,0.41
2026-08-20,MUMBAI_STORE_001,SKU_005_Tata_Tea_Gold_500g,13,320.0,4160.0,32,0.47
2026-08-20,MUMBAI_STORE_001,SKU_006_Tata_Salt_1kg,30,28.0,840.0,20,0.43
2026-08-20,MUMBAI_STORE_001,SKU_007_Toor_Dal_Premium_1kg,17,165.0,2805.0,24,0.4
2026-08-20,MUMBAI_STORE_001,SKU_008_Maggi_Noodles_12Pack,29,168.0,4872.0,51,0.3
2026-08-20,MUMBAI_STORE_001,SKU_009_Cadbury_Dairy_Milk_Silk,24,95.0,2280.0,39,0.49
2026-08-20,MUMBAI_STORE_001,SKU_010_Surf_Excel_Matic_2kg,9,390.0,3510.0,54,0.37
2026-08-20,DELHI_STORE_002,SKU_001_Aashirvaad_Atta_5kg,13,265.0,3445.0,57,0.36
2026-08-20,DELHI_STORE_002,SKU_002_IndiaGate_Basmati_5kg,11,480.0,5280.0,29,0.5
2026-08-20,DELHI_STORE_002,SKU_003_Fortune_Sunflower_Oil_1L,16,145.0,2320.0,57,0.35
2026-08-20,DELHI_STORE_002,SKU_004_Amul_Butter_500g,12,275.0,3300.0,50,0.33
2026-08-20,DELHI_STORE_002,SKU_005_Tata_Tea_Gold_500g,11,320.0,3520.0,41,0.46
2026-08-20,DELHI_STORE_002,SKU_006_Tata_Salt_1kg,31,28.0,868.0,40,0.29
2026-08-20,DELHI_STORE_002,SKU_007_Toor_Dal_Premium_1kg,13,165.0,2145.0,43,0.27
2026-08-20,DELHI_STORE_002,SKU_008_Maggi_Noodles_12Pack,34,168.0,5712.0,56,0.21
2026-08-20,DELHI_STORE_002,SKU_009_Cadbury_Dairy_Milk_Silk,18,95.0,1710.0,27,0.46
2026-08-20,DELHI_STORE_002,SKU_010_Surf_Excel_Matic_2kg,5,390.0,1950.0,52,0.39
2026-08-20,BENGALURU_STORE_003,SKU_001_Aashirvaad_Atta_5kg,17,265.0,4505.0,57,0.41
2026-08-20,BENGALURU_STORE_003,SKU_002_IndiaGate_Basmati_5kg,11,480.0,5280.0,50,0.48
2026-08-20,BENGALURU_STORE_003,SKU_003_Fortune_Sunflower_Oil_1L,29,145.0,4205.0,33,0.44
2026-08-20,BENGALURU_STORE_003,SKU_004_Amul_Butter_500g,19,275.0,5225.0,56,0.36
2026-08-20,BENGALURU_STORE_003,SKU_005_Tata_Tea_Gold_500g,12,320.0,3840.0,18,0.2
2026-08-20,BENGALURU_STORE_003,SKU_006_Tata_Salt_1kg,45,28.0,1260.0,36,0.45
2026-08-20,BENGALURU_STORE_003,SKU_007_Toor_Dal_Premium_1kg,17,165.0,2805.0,28,0.45
2026-08-20,BENGALURU_STORE_003,SKU_008_Maggi_Noodles_12Pack,19,168.0,3192.0,23,0.28
2026-08-20,BENGALURU_STORE_003,SKU_009_Cadbury_Dairy_Milk_Silk,17,95.0,1615.0,24,0.4
2026-08-20,BENGALURU_STORE_003,SKU_010_Surf_Excel_Matic_2kg,5,390.0,1950.0,37,0.48
2026-08-20,HYDERABAD_STORE_004,SKU_001_Aashirvaad_Atta_5kg,16,265.0,4240.0,43,0.39
2026-08-20,HYDERABAD_STORE_004,SKU_002_IndiaGate_Basmati_5kg,6,480.0,2880.0,17,0.49
2026-08-20,HYDERABAD_STORE_004,SKU_003_Fortune_Sunflower_Oil_1L,15,145.0,2175.0,55,0.34
2026-08-20,HYDERABAD_STORE_004,SKU_004_Amul_Butter_500g,12,275.0,3300.0,20,0.26
2026-08-20,HYDERABAD_STORE_004,SKU_005_Tata_Tea_Gold_500g,15,320.0,4800.0,42,0.26
2026-08-20,HYDERABAD_STORE_004,SKU_006_Tata_Salt_1kg,32,28.0,896.0,18,0.46
2026-08-20,HYDERABAD_STORE_004,SKU_007_Toor_Dal_Premium_1kg,16,165.0,2640.0,29,0.3
2026-08-20,HYDERABAD_STORE_004,SKU_008_Maggi_Noodles_12Pack,29,168.0,4872.0,25,0.49
2026-08-20,HYDERABAD_STORE_004,SKU_009_Cadbury_Dairy_Milk_Silk,12,95.0,1140.0,41,0.42
2026-08-20,HYDERABAD_STORE_004,SKU_010_Surf_Excel_Matic_2kg,18,390.0,7020.0,16,0.38
2026-08-20,CHENNAI_STORE_005,SKU_001_Aashirvaad_Atta_5kg,11,265.0,2915.0,36,0.22
2026-08-20,CHENNAI_STORE_005,SKU_002_IndiaGate_Basmati_5kg,7,480.0,3360.0,44,0.5
2026-08-20,CHENNAI_STORE_005,SKU_003_Fortune_Sunflower_Oil_1L,24,145.0,3480.0,33,0.29
2026-08-20,CHENNAI_STORE_005,SKU_004_Amul_Butter_500g,18,275.0,4950.0,49,0.24
2026-08-20,CHENNAI_STORE_005,SKU_005_Tata_Tea_Gold_500g,12,320.0,3840.0,41,0.33
2026-08-20,CHENNAI_STORE_005,SKU_006_Tata_Salt_1kg,29,28.0,812.0,44,0.22
2026-08-20,CHENNAI_STORE_005,SKU_007_Toor_Dal_Premium_1kg,14,165.0,2310.0,48,0.39
2026-08-20,CHENNAI_STORE_005,SKU_008_Maggi_Noodles_12Pack,29,168.0,4872.0,16,0.47
2026-08-20,CHENNAI_STORE_005,SKU_009_Cadbury_Dairy_Milk_Silk,28,95.0,2660.0,36,0.21
2026-08-20,CHENNAI_STORE_005,SKU_010_Surf_Excel_Matic_2kg,11,390.0,4290.0,49,0.32
2026-08-21,MUMBAI_STORE_001,SKU_001_Aashirvaad_Atta_5kg,16,265.0,4240.0,20,0.24
2026-08-21,MUMBAI_STORE_001,SKU_002_IndiaGate_Basmati_5kg,8,480.0,3840.0,47,0.25
2026-08-21,MUMBAI_STORE_001,SKU_003_Fortune_Sunflower_Oil_1L,32,145.0,4640.0,50,0.4
2026-08-21,MUMBAI_STORE_001,SKU_004_Amul_Butter_500g,18,275.0,4950.0,52,0.27
2026-08-21,MUMBAI_STORE_001,SKU_005_Tata_Tea_Gold_500g,10,320.0,3200.0,35,0.47
2026-08-21,MUMBAI_STORE_001,SKU_006_Tata_Salt_1kg,32,28.0,896.0,53,0.35
2026-08-21,MUMBAI_STORE_001,SKU_007_Toor_Dal_Premium_1kg,16,165.0,2640.0,37,0.4
2026-08-21,MUMBAI_STORE_001,SKU_008_Maggi_Noodles_12Pack,17,168.0,2856.0,33,0.35
2026-08-21,MUMBAI_STORE_001,SKU_009_Cadbury_Dairy_Milk_Silk,25,95.0,2375.0,58,0.41
2026-08-21,MUMBAI_STORE_001,SKU_010_Surf_Excel_Matic_2kg,9,390.0,3510.0,15,0.24
2026-08-21,DELHI_STORE_002,SKU_001_Aashirvaad_Atta_5kg,18,265.0,4770.0,31,0.35
2026-08-21,DELHI_STORE_002,SKU_002_IndiaGate_Basmati_5kg,11,480.0,5280.0,32,0.21
2026-08-21,DELHI_STORE_002,SKU_003_Fortune_Sunflower_Oil_1L,27,145.0,3915.0,53,0.38
2026-08-21,DELHI_STORE_002,SKU_004_Amul_Butter_500g,12,275.0,3300.0,58,0.31
2026-08-21,DELHI_STORE_002,SKU_005_Tata_Tea_Gold_500g,17,320.0,5440.0,30,0.31
2026-08-21,DELHI_STORE_002,SKU_006_Tata_Salt_1kg,22,28.0,616.0,23,0.45
2026-08-21,DELHI_STORE_002,SKU_007_Toor_Dal_Premium_1kg,8,165.0,1320.0,15,0.41
2026-08-21,DELHI_STORE_002,SKU_008_Maggi_Noodles_12Pack,27,168.0,4536.0,31,0.26
2026-08-21,DELHI_STORE_002,SKU_009_Cadbury_Dairy_Milk_Silk,23,95.0,2185.0,21,0.35
2026-08-21,DELHI_STORE_002,SKU_010_Surf_Excel_Matic_2kg,7,390.0,2730.0,48,0.36
2026-08-21,BENGALURU_STORE_003,SKU_001_Aashirvaad_Atta_5kg,10,265.0,2650.0,58,0.45
2026-08-21,BENGALURU_STORE_003,SKU_002_IndiaGate_Basmati_5kg,9,480.0,4320.0,31,0.24
2026-08-21,BENGALURU_STORE_003,SKU_003_Fortune_Sunflower_Oil_1L,21,145.0,3045.0,27,0.32
2026-08-21,BENGALURU_STORE_003,SKU_004_Amul_Butter_500g,18,275.0,4950.0,27,0.36
2026-08-21,BENGALURU_STORE_003,SKU_005_Tata_Tea_Gold_500g,12,320.0,3840.0,52,0.36
2026-08-21,BENGALURU_STORE_003,SKU_006_Tata_Salt_1kg,32,28.0,896.0,53,0.49
2026-08-21,BENGALURU_STORE_003,SKU_007_Toor_Dal_Premium_1kg,18,165.0,2970.0,27,0.4
2026-08-21,BENGALURU_STORE_003,SKU_008_Maggi_Noodles_12Pack,32,168.0,5376.0,33,0.47
2026-08-21,BENGALURU_STORE_003,SKU_009_Cadbury_Dairy_Milk_Silk,24,95.0,2280.0,38,0.47
2026-08-21,BENGALURU_STORE_003,SKU_010_Surf_Excel_Matic_2kg,10,390.0,3900.0,34,0.35
2026-08-21,HYDERABAD_STORE_004,SKU_001_Aashirvaad_Atta_5kg,8,265.0,2120.0,19,0.32
2026-08-21,HYDERABAD_STORE_004,SKU_002_IndiaGate_Basmati_5kg,9,480.0,4320.0,59,0.35
2026-08-21,HYDERABAD_STORE_004,SKU_003_Fortune_Sunflower_Oil_1L,32,145.0,4640.0,36,0.33
2026-08-21,HYDERABAD_STORE_004,SKU_004_Amul_Butter_500g,16,275.0,4400.0,35,0.21
2026-08-21,HYDERABAD_STORE_004,SKU_005_Tata_Tea_Gold_500g,9,320.0,2880.0,54,0.38
2026-08-21,HYDERABAD_STORE_004,SKU_006_Tata_Salt_1kg,32,28.0,896.0,33,0.34
2026-08-21,HYDERABAD_STORE_004,SKU_007_Toor_Dal_Premium_1kg,22,165.0,3630.0,28,0.42
2026-08-21,HYDERABAD_STORE_004,SKU_008_Maggi_Noodles_12Pack,25,168.0,4200.0,40,0.47
2026-08-21,HYDERABAD_STORE_004,SKU_009_Cadbury_Dairy_Milk_Silk,25,95.0,2375.0,31,0.23
2026-08-21,HYDERABAD_STORE_004,SKU_010_Surf_Excel_Matic_2kg,10,390.0,3900.0,31,0.27
2026-08-21,CHENNAI_STORE_005,SKU_001_Aashirvaad_Atta_5kg,16,265.0,4240.0,21,0.23
2026-08-21,CHENNAI_STORE_005,SKU_002_IndiaGate_Basmati_5kg,10,480.0,4800.0,48,0.41
2026-08-21,CHENNAI_STORE_005,SKU_003_Fortune_Sunflower_Oil_1L,16,145.0,2320.0,50,0.27
2026-08-21,CHENNAI_STORE_005,SKU_004_Amul_Butter_500g,24,275.0,6600.0,50,0.38
2026-08-21,CHENNAI_STORE_005,SKU_005_Tata_Tea_Gold_500g,10,320.0,3200.0,50,0.48
2026-08-21,CHENNAI_STORE_005,SKU_006_Tata_Salt_1kg,33,28.0,924.0,42,0.36
2026-08-21,CHENNAI_STORE_005,SKU_007_Toor_Dal_Premium_1kg,22,165.0,3630.0,27,0.36
2026-08-21,CHENNAI_STORE_005,SKU_008_Maggi_Noodles_12Pack,20,168.0,3360.0,44,0.34
2026-08-21,CHENNAI_STORE_005,SKU_009_Cadbury_Dairy_Milk_Silk,25,95.0,2375.0,40,0.2
2026-08-21,CHENNAI_STORE_005,SKU_010_Surf_Excel_Matic_2kg,9,390.0,3510.0,46,0.34
2026-08-22,MUMBAI_STORE_001,SKU_001_Aashirvaad_Atta_5kg,17,265.0,4505.0,24,0.48
2026-08-22,MUMBAI_STORE_001,SKU_002_IndiaGate_Basmati_5kg,11,480.0,5280.0,28,0.49
2026-08-22,MUMBAI_STORE_001,SKU_003_Fortune_Sunflower_Oil_1L,27,145.0,3915.0,59,0.46
2026-08-22,MUMBAI_STORE_001,SKU_004_Amul_Butter_500g,29,275.0,7975.0,33,0.3
2026-08-22,MUMBAI_STORE_001,SKU_005_Tata_Tea_Gold_500g,15,320.0,4800.0,41,0.21
2026-08-22,MUMBAI_STORE_001,SKU_006_Tata_Salt_1kg,60,28.0,1680.0,59,0.49
2026-08-22,MUMBAI_STORE_001,SKU_007_Toor_Dal_Premium_1kg,19,165.0,3135.0,25,0.28
2026-08-22,MUMBAI_STORE_001,SKU_008_Maggi_Noodles_12Pack,38,168.0,6384.0,58,0.48
2026-08-22,MUMBAI_STORE_001,SKU_009_Cadbury_Dairy_Milk_Silk,27,95.0,2565.0,35,0.46
2026-08-22,MUMBAI_STORE_001,SKU_010_Surf_Excel_Matic_2kg,16,390.0,6240.0,35,0.33
2026-08-22,DELHI_STORE_002,SKU_001_Aashirvaad_Atta_5kg,31,265.0,8215.0,19,0.46
2026-08-22,DELHI_STORE_002,SKU_002_IndiaGate_Basmati_5kg,11,480.0,5280.0,40,0.22
2026-08-22,DELHI_STORE_002,SKU_003_Fortune_Sunflower_Oil_1L,33,145.0,4785.0,29,0.48
2026-08-22,DELHI_STORE_002,SKU_004_Amul_Butter_500g,23,275.0,6325.0,26,0.29
2026-08-22,DELHI_STORE_002,SKU_005_Tata_Tea_Gold_500g,19,320.0,6080.0,37,0.46
2026-08-22,DELHI_STORE_002,SKU_006_Tata_Salt_1kg,43,28.0,1204.0,33,0.45
2026-08-22,DELHI_STORE_002,SKU_007_Toor_Dal_Premium_1kg,25,165.0,4125.0,56,0.27
2026-08-22,DELHI_STORE_002,SKU_008_Maggi_Noodles_12Pack,31,168.0,5208.0,19,0.27
2026-08-22,DELHI_STORE_002,SKU_009_Cadbury_Dairy_Milk_Silk,29,95.0,2755.0,21,0.36
2026-08-22,DELHI_STORE_002,SKU_010_Surf_Excel_Matic_2kg,16,390.0,6240.0,57,0.44
2026-08-22,BENGALURU_STORE_003,SKU_001_Aashirvaad_Atta_5kg,22,265.0,5830.0,20,0.41
2026-08-22,BENGALURU_STORE_003,SKU_002_IndiaGate_Basmati_5kg,12,480.0,5760.0,47,0.37
2026-08-22,BENGALURU_STORE_003,SKU_003_Fortune_Sunflower_Oil_1L,34,145.0,4930.0,29,0.48
2026-08-22,BENGALURU_STORE_003,SKU_004_Amul_Butter_500g,33,275.0,9075.0,16,0.21
2026-08-22,BENGALURU_STORE_003,SKU_005_Tata_Tea_Gold_500g,14,320.0,4480.0,41,0.39
2026-08-22,BENGALURU_STORE_003,SKU_006_Tata_Salt_1kg,55,28.0,1540.0,19,0.31
2026-08-22,BENGALURU_STORE_003,SKU_007_Toor_Dal_Premium_1kg,17,165.0,2805.0,43,0.44
2026-08-22,BENGALURU_STORE_003,SKU_008_Maggi_Noodles_12Pack,39,168.0,6552.0,27,0.5
2026-08-22,BENGALURU_STORE_003,SKU_009_Cadbury_Dairy_Milk_Silk,23,95.0,2185.0,28,0.49
2026-08-22,BENGALURU_STORE_003,SKU_010_Surf_Excel_Matic_2kg,15,390.0,5850.0,58,0.41
2026-08-22,HYDERABAD_STORE_004,SKU_001_Aashirvaad_Atta_5kg,29,265.0,7685.0,30,0.46
2026-08-22,HYDERABAD_STORE_004,SKU_002_IndiaGate_Basmati_5kg,9,480.0,4320.0,36,0.39
2026-08-22,HYDERABAD_STORE_004,SKU_003_Fortune_Sunflower_Oil_1L,34,145.0,4930.0,55,0.29
2026-08-22,HYDERABAD_STORE_004,SKU_004_Amul_Butter_500g,24,275.0,6600.0,55,0.29
2026-08-22,HYDERABAD_STORE_004,SKU_005_Tata_Tea_Gold_500g,14,320.0,4480.0,51,0.24
2026-08-22,HYDERABAD_STORE_004,SKU_006_Tata_Salt_1kg,38,28.0,1064.0,39,0.4
2026-08-22,HYDERABAD_STORE_004,SKU_007_Toor_Dal_Premium_1kg,23,165.0,3795.0,16,0.43
2026-08-22,HYDERABAD_STORE_004,SKU_008_Maggi_Noodles_12Pack,29,168.0,4872.0,29,0.34
2026-08-22,HYDERABAD_STORE_004,SKU_009_Cadbury_Dairy_Milk_Silk,28,95.0,2660.0,36,0.44
2026-08-22,HYDERABAD_STORE_004,SKU_010_Surf_Excel_Matic_2kg,7,390.0,2730.0,39,0.48
2026-08-22,CHENNAI_STORE_005,SKU_001_Aashirvaad_Atta_5kg,12,265.0,3180.0,22,0.39
2026-08-22,CHENNAI_STORE_005,SKU_002_IndiaGate_Basmati_5kg,10,480.0,4800.0,18,0.26
2026-08-22,CHENNAI_STORE_005,SKU_003_Fortune_Sunflower_Oil_1L,28,145.0,4060.0,45,0.24
2026-08-22,CHENNAI_STORE_005,SKU_004_Amul_Butter_500g,37,275.0,10175.0,47,0.36
2026-08-22,CHENNAI_STORE_005,SKU_005_Tata_Tea_Gold_500g,21,320.0,6720.0,41,0.28
2026-08-22,CHENNAI_STORE_005,SKU_006_Tata_Salt_1kg,54,28.0,1512.0,52,0.27
2026-08-22,CHENNAI_STORE_005,SKU_007_Toor_Dal_Premium_1kg,18,165.0,2970.0,24,0.43
2026-08-22,CHENNAI_STORE_005,SKU_008_Maggi_Noodles_12Pack,31,168.0,5208.0,41,0.5
2026-08-22,CHENNAI_STORE_005,SKU_009_Cadbury_Dairy_Milk_Silk,33,95.0,3135.0,48,0.49
2026-08-22,CHENNAI_STORE_005,SKU_010_Surf_Excel_Matic_2kg,10,390.0,3900.0,35,0.37
2026-08-23,MUMBAI_STORE_001,SKU_001_Aashirvaad_Atta_5kg,21,265.0,5565.0,29,0.33
2026-08-23,MUMBAI_STORE_001,SKU_002_IndiaGate_Basmati_5kg,11,480.0,5280.0,32,0.38
2026-08-23,MUMBAI_STORE_001,SKU_003_Fortune_Sunflower_Oil_1L,32,145.0,4640.0,30,0.29
2026-08-23,MUMBAI_STORE_001,SKU_004_Amul_Butter_500g,28,275.0,7700.0,26,0.21
2026-08-23,MUMBAI_STORE_001,SKU_005_Tata_Tea_Gold_500g,9,320.0,2880.0,15,0.27
2026-08-23,MUMBAI_STORE_001,SKU_006_Tata_Salt_1kg,53,28.0,1484.0,34,0.47
2026-08-23,MUMBAI_STORE_001,SKU_007_Toor_Dal_Premium_1kg,27,165.0,4455.0,56,0.3
2026-08-23,MUMBAI_STORE_001,SKU_008_Maggi_Noodles_12Pack,44,168.0,7392.0,44,0.4
2026-08-23,MUMBAI_STORE_001,SKU_009_Cadbury_Dairy_Milk_Silk,24,95.0,2280.0,36,0.47
2026-08-23,MUMBAI_STORE_001,SKU_010_Surf_Excel_Matic_2kg,16,390.0,6240.0,17,0.33
2026-08-23,DELHI_STORE_002,SKU_001_Aashirvaad_Atta_5kg,21,265.0,5565.0,21,0.4
2026-08-23,DELHI_STORE_002,SKU_002_IndiaGate_Basmati_5kg,11,480.0,5280.0,39,0.47
2026-08-23,DELHI_STORE_002,SKU_003_Fortune_Sunflower_Oil_1L,21,145.0,3045.0,21,0.33
2026-08-23,DELHI_STORE_002,SKU_004_Amul_Butter_500g,31,275.0,8525.0,43,0.32
2026-08-23,DELHI_STORE_002,SKU_005_Tata_Tea_Gold_500g,13,320.0,4160.0,50,0.45
2026-08-23,DELHI_STORE_002,SKU_006_Tata_Salt_1kg,58,28.0,1624.0,50,0.26
2026-08-23,DELHI_STORE_002,SKU_007_Toor_Dal_Premium_1kg,25,165.0,4125.0,22,0.49
2026-08-23,DELHI_STORE_002,SKU_008_Maggi_Noodles_12Pack,38,168.0,6384.0,15,0.43
2026-08-23,DELHI_STORE_002,SKU_009_Cadbury_Dairy_Milk_Silk,20,95.0,1900.0,40,0.38
2026-08-23,DELHI_STORE_002,SKU_010_Surf_Excel_Matic_2kg,16,390.0,6240.0,49,0.49
2026-08-23,BENGALURU_STORE_003,SKU_001_Aashirvaad_Atta_5kg,17,265.0,4505.0,56,0.41
2026-08-23,BENGALURU_STORE_003,SKU_002_IndiaGate_Basmati_5kg,13,480.0,6240.0,39,0.37
2026-08-23,BENGALURU_STORE_003,SKU_003_Fortune_Sunflower_Oil_1L,15,145.0,2175.0,18,0.42
2026-08-23,BENGALURU_STORE_003,SKU_004_Amul_Butter_500g,19,275.0,5225.0,29,0.34
2026-08-23,BENGALURU_STORE_003,SKU_005_Tata_Tea_Gold_500g,18,320.0,5760.0,22,0.5
2026-08-23,BENGALURU_STORE_003,SKU_006_Tata_Salt_1kg,55,28.0,1540.0,46,0.32
2026-08-23,BENGALURU_STORE_003,SKU_007_Toor_Dal_Premium_1kg,20,165.0,3300.0,52,0.22
2026-08-23,BENGALURU_STORE_003,SKU_008_Maggi_Noodles_12Pack,32,168.0,5376.0,22,0.35
2026-08-23,BENGALURU_STORE_003,SKU_009_Cadbury_Dairy_Milk_Silk,39,95.0,3705.0,31,0.34
2026-08-23,BENGALURU_STORE_003,SKU_010_Surf_Excel_Matic_2kg,15,390.0,5850.0,23,0.46
2026-08-23,HYDERABAD_STORE_004,SKU_001_Aashirvaad_Atta_5kg,24,265.0,6360.0,18,0.21
2026-08-23,HYDERABAD_STORE_004,SKU_002_IndiaGate_Basmati_5kg,12,480.0,5760.0,19,0.41
2026-08-23,HYDERABAD_STORE_004,SKU_003_Fortune_Sunflower_Oil_1L,35,145.0,5075.0,16,0.32
2026-08-23,HYDERABAD_STORE_004,SKU_004_Amul_Butter_500g,27,275.0,7425.0,51,0.38
2026-08-23,HYDERABAD_STORE_004,SKU_005_Tata_Tea_Gold_500g,11,320.0,3520.0,59,0.47
2026-08-23,HYDERABAD_STORE_004,SKU_006_Tata_Salt_1kg,59,28.0,1652.0,48,0.46
2026-08-23,HYDERABAD_STORE_004,SKU_007_Toor_Dal_Premium_1kg,26,165.0,4290.0,57,0.34
2026-08-23,HYDERABAD_STORE_004,SKU_008_Maggi_Noodles_12Pack,28,168.0,4704.0,44,0.33
2026-08-23,HYDERABAD_STORE_004,SKU_009_Cadbury_Dairy_Milk_Silk,34,95.0,3230.0,24,0.41
2026-08-23,HYDERABAD_STORE_004,SKU_010_Surf_Excel_Matic_2kg,13,390.0,5070.0,32,0.2
2026-08-23,CHENNAI_STORE_005,SKU_001_Aashirvaad_Atta_5kg,18,265.0,4770.0,57,0.48
2026-08-23,CHENNAI_STORE_005,SKU_002_IndiaGate_Basmati_5kg,7,480.0,3360.0,22,0.44
2026-08-23,CHENNAI_STORE_005,SKU_003_Fortune_Sunflower_Oil_1L,32,145.0,4640.0,19,0.31
2026-08-23,CHENNAI_STORE_005,SKU_004_Amul_Butter_500g,22,275.0,6050.0,59,0.24
2026-08-23,CHENNAI_STORE_005,SKU_005_Tata_Tea_Gold_500g,23,320.0,7360.0,46,0.23
2026-08-23,CHENNAI_STORE_005,SKU_006_Tata_Salt_1kg,51,28.0,1428.0,23,0.39
2026-08-23,CHENNAI_STORE_005,SKU_007_Toor_Dal_Premium_1kg,24,165.0,3960.0,16,0.36
2026-08-23,CHENNAI_STORE_005,SKU_008_Maggi_Noodles_12Pack,38,168.0,6384.0,24,0.28
2026-08-23,CHENNAI_STORE_005,SKU_009_Cadbury_Dairy_Milk_Silk,32,95.0,3040.0,53,0.29
2026-08-23,CHENNAI_STORE_005,SKU_010_Surf_Excel_Matic_2kg,20,390.0,7800.0,32,0.23
2026-08-24,MUMBAI_STORE_001,SKU_001_Aashirvaad_Atta_5kg,12,265.0,3180.0,23,0.44
2026-08-24,MUMBAI_STORE_001,SKU_002_IndiaGate_Basmati_5kg,9,480.0,4320.0,50,0.24
2026-08-24,MUMBAI_STORE_001,SKU_003_Fortune_Sunflower_Oil_1L,16,145.0,2320.0,51,0.37
2026-08-24,MUMBAI_STORE_001,SKU_004_Amul_Butter_500g,19,275.0,5225.0,48,0.27
2026-08-24,MUMBAI_STORE_001,SKU_005_Tata_Tea_Gold_500g,8,320.0,2560.0,30,0.24
2026-08-24,MUMBAI_STORE_001,SKU_006_Tata_Salt_1kg,32,28.0,896.0,58,0.41
2026-08-24,MUMBAI_STORE_001,SKU_007_Toor_Dal_Premium_1kg,22,165.0,3630.0,55,0.32
2026-08-24,MUMBAI_STORE_001,SKU_008_Maggi_Noodles_12Pack,21,168.0,3528.0,44,0.35
2026-08-24,MUMBAI_STORE_001,SKU_009_Cadbury_Dairy_Milk_Silk,22,95.0,2090.0,16,0.22
2026-08-24,MUMBAI_STORE_001,SKU_010_Surf_Excel_Matic_2kg,10,390.0,3900.0,43,0.37
2026-08-24,DELHI_STORE_002,SKU_001_Aashirvaad_Atta_5kg,15,265.0,3975.0,43,0.45
2026-08-24,DELHI_STORE_002,SKU_002_IndiaGate_Basmati_5kg,10,480.0,4800.0,17,0.46
2026-08-24,DELHI_STORE_002,SKU_003_Fortune_Sunflower_Oil_1L,23,145.0,3335.0,30,0.29
2026-08-24,DELHI_STORE_002,SKU_004_Amul_Butter_500g,17,275.0,4675.0,39,0.43
2026-08-24,DELHI_STORE_002,SKU_005_Tata_Tea_Gold_500g,14,320.0,4480.0,38,0.45
2026-08-24,DELHI_STORE_002,SKU_006_Tata_Salt_1kg,24,28.0,672.0,40,0.39
2026-08-24,DELHI_STORE_002,SKU_007_Toor_Dal_Premium_1kg,12,165.0,1980.0,44,0.48
2026-08-24,DELHI_STORE_002,SKU_008_Maggi_Noodles_12Pack,19,168.0,3192.0,18,0.37
2026-08-24,DELHI_STORE_002,SKU_009_Cadbury_Dairy_Milk_Silk,21,95.0,1995.0,53,0.2
2026-08-24,DELHI_STORE_002,SKU_010_Surf_Excel_Matic_2kg,10,390.0,3900.0,48,0.21
2026-08-24,BENGALURU_STORE_003,SKU_001_Aashirvaad_Atta_5kg,18,265.0,4770.0,43,0.2
2026-08-24,BENGALURU_STORE_003,SKU_002_IndiaGate_Basmati_5kg,13,480.0,6240.0,47,0.42
2026-08-24,BENGALURU_STORE_003,SKU_003_Fortune_Sunflower_Oil_1L,15,145.0,2175.0,50,0.26
2026-08-24,BENGALURU_STORE_003,SKU_004_Amul_Butter_500g,18,275.0,4950.0,22,0.43
2026-08-24,BENGALURU_STORE_003,SKU_005_Tata_Tea_Gold_500g,10,320.0,3200.0,40,0.32
2026-08-24,BENGALURU_STORE_003,SKU_006_Tata_Salt_1kg,45,28.0,1260.0,36,0.31
2026-08-24,BENGALURU_STORE_003,SKU_007_Toor_Dal_Premium_1kg,14,165.0,2310.0,39,0.44
2026-08-24,BENGALURU_STORE_003,SKU_008_Maggi_Noodles_12Pack,22,168.0,3696.0,36,0.22
2026-08-24,BENGALURU_STORE_003,SKU_009_Cadbury_Dairy_Milk_Silk,23,95.0,2185.0,37,0.29
2026-08-24,BENGALURU_STORE_003,SKU_010_Surf_Excel_Matic_2kg,15,390.0,5850.0,54,0.31
2026-08-24,HYDERABAD_STORE_004,SKU_001_Aashirvaad_Atta_5kg,19,265.0,5035.0,19,0.45
2026-08-24,HYDERABAD_STORE_004,SKU_002_IndiaGate_Basmati_5kg,9,480.0,4320.0,26,0.47
2026-08-24,HYDERABAD_STORE_004,SKU_003_Fortune_Sunflower_Oil_1L,25,145.0,3625.0,16,0.22
2026-08-24,HYDERABAD_STORE_004,SKU_004_Amul_Butter_500g,19,275.0,5225.0,29,0.28
2026-08-24,HYDERABAD_STORE_004,SKU_005_Tata_Tea_Gold_500g,11,320.0,3520.0,18,0.42
2026-08-24,HYDERABAD_STORE_004,SKU_006_Tata_Salt_1kg,37,28.0,1036.0,48,0.23
2026-08-24,HYDERABAD_STORE_004,SKU_007_Toor_Dal_Premium_1kg,18,165.0,2970.0,47,0.49
2026-08-24,HYDERABAD_STORE_004,SKU_008_Maggi_Noodles_12Pack,29,168.0,4872.0,26,0.48
2026-08-24,HYDERABAD_STORE_004,SKU_009_Cadbury_Dairy_Milk_Silk,17,95.0,1615.0,52,0.2
2026-08-24,HYDERABAD_STORE_004,SKU_010_Surf_Excel_Matic_2kg,14,390.0,5460.0,54,0.41
2026-08-24,CHENNAI_STORE_005,SKU_001_Aashirvaad_Atta_5kg,16,265.0,4240.0,17,0.45
2026-08-24,CHENNAI_STORE_005,SKU_002_IndiaGate_Basmati_5kg,6,480.0,2880.0,53,0.21
2026-08-24,CHENNAI_STORE_005,SKU_003_Fortune_Sunflower_Oil_1L,15,145.0,2175.0,18,0.38
2026-08-24,CHENNAI_STORE_005,SKU_004_Amul_Butter_500g,23,275.0,6325.0,50,0.32
2026-08-24,CHENNAI_STORE_005,SKU_005_Tata_Tea_Gold_500g,8,320.0,2560.0,56,0.23
2026-08-24,CHENNAI_STORE_005,SKU_006_Tata_Salt_1kg,43,28.0,1204.0,16,0.34
2026-08-24,CHENNAI_STORE_005,SKU_007_Toor_Dal_Premium_1kg,20,165.0,3300.0,36,0.46
2026-08-24,CHENNAI_STORE_005,SKU_008_Maggi_Noodles_12Pack,31,168.0,5208.0,51,0.36
2026-08-24,CHENNAI_STORE_005,SKU_009_Cadbury_Dairy_Milk_Silk,22,95.0,2090.0,30,0.37
2026-08-24,CHENNAI_STORE_005,SKU_010_Surf_Excel_Matic_2kg,7,390.0,2730.0,27,0.24
2026-08-25,MUMBAI_STORE_001,SKU_001_Aashirvaad_Atta_5kg,12,265.0,3180.0,32,0.42
2026-08-25,MUMBAI_STORE_001,SKU_002_IndiaGate_Basmati_5kg,6,480.0,2880.0,36,0.46
2026-08-25,MUMBAI_STORE_001,SKU_003_Fortune_Sunflower_Oil_1L,17,145.0,2465.0,44,0.22
2026-08-25,MUMBAI_STORE_001,SKU_004_Amul_Butter_500g,18,275.0,4950.0,40,0.23
2026-08-25,MUMBAI_STORE_001,SKU_005_Tata_Tea_Gold_500g,18,320.0,5760.0,23,0.37
2026-08-25,MUMBAI_STORE_001,SKU_006_Tata_Salt_1kg,27,28.0,756.0,43,0.39
2026-08-25,MUMBAI_STORE_001,SKU_007_Toor_Dal_Premium_1kg,17,165.0,2805.0,42,0.22
2026-08-25,MUMBAI_STORE_001,SKU_008_Maggi_Noodles_12Pack,27,168.0,4536.0,44,0.47
2026-08-25,MUMBAI_STORE_001,SKU_009_Cadbury_Dairy_Milk_Silk,23,95.0,2185.0,17,0.45
2026-08-25,MUMBAI_STORE_001,SKU_010_Surf_Excel_Matic_2kg,10,390.0,3900.0,29,0.32
2026-08-25,DELHI_STORE_002,SKU_001_Aashirvaad_Atta_5kg,18,265.0,4770.0,30,0.21
2026-08-25,DELHI_STORE_002,SKU_002_IndiaGate_Basmati_5kg,3,480.0,1440.0,53,0.37
2026-08-25,DELHI_STORE_002,SKU_003_Fortune_Sunflower_Oil_1L,24,145.0,3480.0,52,0.46
2026-08-25,DELHI_STORE_002,SKU_004_Amul_Butter_500g,18,275.0,4950.0,53,0.42
2026-08-25,DELHI_STORE_002,SKU_005_Tata_Tea_Gold_500g,15,320.0,4800.0,27,0.22
2026-08-25,DELHI_STORE_002,SKU_006_Tata_Salt_1kg,43,28.0,1204.0,58,0.38
2026-08-25,DELHI_STORE_002,SKU_007_Toor_Dal_Premium_1kg,13,165.0,2145.0,24,0.5
2026-08-25,DELHI_STORE_002,SKU_008_Maggi_Noodles_12Pack,31,168.0,5208.0,57,0.42
2026-08-25,DELHI_STORE_002,SKU_009_Cadbury_Dairy_Milk_Silk,12,95.0,1140.0,44,0.27
2026-08-25,DELHI_STORE_002,SKU_010_Surf_Excel_Matic_2kg,13,390.0,5070.0,37,0.2
2026-08-25,BENGALURU_STORE_003,SKU_001_Aashirvaad_Atta_5kg,10,265.0,2650.0,22,0.43
2026-08-25,BENGALURU_STORE_003,SKU_002_IndiaGate_Basmati_5kg,9,480.0,4320.0,30,0.47
2026-08-25,BENGALURU_STORE_003,SKU_003_Fortune_Sunflower_Oil_1L,14,145.0,2030.0,49,0.22
2026-08-25,BENGALURU_STORE_003,SKU_004_Amul_Butter_500g,20,275.0,5500.0,23,0.3
2026-08-25,BENGALURU_STORE_003,SKU_005_Tata_Tea_Gold_500g,14,320.0,4480.0,56,0.42
2026-08-25,BENGALURU_STORE_003,SKU_006_Tata_Salt_1kg,31,28.0,868.0,23,0.49
2026-08-25,BENGALURU_STORE_003,SKU_007_Toor_Dal_Premium_1kg,16,165.0,2640.0,30,0.46
2026-08-25,BENGALURU_STORE_003,SKU_008_Maggi_Noodles_12Pack,33,168.0,5544.0,49,0.43
2026-08-25,BENGALURU_STORE_003,SKU_009_Cadbury_Dairy_Milk_Silk,27,95.0,2565.0,35,0.46
2026-08-25,BENGALURU_STORE_003,SKU_010_Surf_Excel_Matic_2kg,13,390.0,5070.0,53,0.21
2026-08-25,HYDERABAD_STORE_004,SKU_001_Aashirvaad_Atta_5kg,17,265.0,4505.0,27,0.35
2026-08-25,HYDERABAD_STORE_004,SKU_002_IndiaGate_Basmati_5kg,11,480.0,5280.0,52,0.5
2026-08-25,HYDERABAD_STORE_004,SKU_003_Fortune_Sunflower_Oil_1L,23,145.0,3335.0,29,0.4
2026-08-25,HYDERABAD_STORE_004,SKU_004_Amul_Butter_500g,14,275.0,3850.0,16,0.29
2026-08-25,HYDERABAD_STORE_004,SKU_005_Tata_Tea_Gold_500g,11,320.0,3520.0,28,0.5
2026-08-25,HYDERABAD_STORE_004,SKU_006_Tata_Salt_1kg,31,28.0,868.0,19,0.28
2026-08-25,HYDERABAD_STORE_004,SKU_007_Toor_Dal_Premium_1kg,19,165.0,3135.0,31,0.2
2026-08-25,HYDERABAD_STORE_004,SKU_008_Maggi_Noodles_12Pack,15,168.0,2520.0,57,0.32
2026-08-25,HYDERABAD_STORE_004,SKU_009_Cadbury_Dairy_Milk_Silk,20,95.0,1900.0,41,0.49
2026-08-25,HYDERABAD_STORE_004,SKU_010_Surf_Excel_Matic_2kg,9,390.0,3510.0,31,0.5
2026-08-25,CHENNAI_STORE_005,SKU_001_Aashirvaad_Atta_5kg,16,265.0,4240.0,15,0.36
2026-08-25,CHENNAI_STORE_005,SKU_002_IndiaGate_Basmati_5kg,9,480.0,4320.0,41,0.36
2026-08-25,CHENNAI_STORE_005,SKU_003_Fortune_Sunflower_Oil_1L,25,145.0,3625.0,45,0.24
2026-08-25,CHENNAI_STORE_005,SKU_004_Amul_Butter_500g,15,275.0,4125.0,55,0.36
2026-08-25,CHENNAI_STORE_005,SKU_005_Tata_Tea_Gold_500g,14,320.0,4480.0,41,0.33
2026-08-25,CHENNAI_STORE_005,SKU_006_Tata_Salt_1kg,34,28.0,952.0,22,0.23
2026-08-25,CHENNAI_STORE_005,SKU_007_Toor_Dal_Premium_1kg,11,165.0,1815.0,15,0.27
2026-08-25,CHENNAI_STORE_005,SKU_008_Maggi_Noodles_12Pack,22,168.0,3696.0,42,0.37
2026-08-25,CHENNAI_STORE_005,SKU_009_Cadbury_Dairy_Milk_Silk,13,95.0,1235.0,59,0.48
2026-08-25,CHENNAI_STORE_005,SKU_010_Surf_Excel_Matic_2kg,8,390.0,3120.0,28,0.3
2026-08-26,MUMBAI_STORE_001,SKU_001_Aashirvaad_Atta_5kg,14,265.0,3710.0,48,0.27
2026-08-26,MUMBAI_STORE_001,SKU_002_IndiaGate_Basmati_5kg,12,480.0,5760.0,28,0.43
2026-08-26,MUMBAI_STORE_001,SKU_003_Fortune_Sunflower_Oil_1L,28,145.0,4060.0,45,0.22
2026-08-26,MUMBAI_STORE_001,SKU_004_Amul_Butter_500g,18,275.0,4950.0,16,0.38
2026-08-26,MUMBAI_STORE_001,SKU_005_Tata_Tea_Gold_500g,10,320.0,3200.0,55,0.24
2026-08-26,MUMBAI_STORE_001,SKU_006_Tata_Salt_1kg,39,28.0,1092.0,20,0.4
2026-08-26,MUMBAI_STORE_001,SKU_007_Toor_Dal_Premium_1kg,17,165.0,2805.0,56,0.36
2026-08-26,MUMBAI_STORE_001,SKU_008_Maggi_Noodles_12Pack,18,168.0,3024.0,23,0.38
2026-08-26,MUMBAI_STORE_001,SKU_009_Cadbury_Dairy_Milk_Silk,23,95.0,2185.0,19,0.34
2026-08-26,MUMBAI_STORE_001,SKU_010_Surf_Excel_Matic_2kg,5,390.0,1950.0,50,0.49
2026-08-26,DELHI_STORE_002,SKU_001_Aashirvaad_Atta_5kg,9,265.0,2385.0,40,0.48
2026-08-26,DELHI_STORE_002,SKU_002_IndiaGate_Basmati_5kg,8,480.0,3840.0,59,0.46
2026-08-26,DELHI_STORE_002,SKU_003_Fortune_Sunflower_Oil_1L,24,145.0,3480.0,18,0.21
2026-08-26,DELHI_STORE_002,SKU_004_Amul_Butter_500g,11,275.0,3025.0,39,0.26
2026-08-26,DELHI_STORE_002,SKU_005_Tata_Tea_Gold_500g,16,320.0,5120.0,46,0.4
2026-08-26,DELHI_STORE_002,SKU_006_Tata_Salt_1kg,32,28.0,896.0,30,0.44
2026-08-26,DELHI_STORE_002,SKU_007_Toor_Dal_Premium_1kg,17,165.0,2805.0,51,0.22
2026-08-26,DELHI_STORE_002,SKU_008_Maggi_Noodles_12Pack,28,168.0,4704.0,47,0.48
2026-08-26,DELHI_STORE_002,SKU_009_Cadbury_Dairy_Milk_Silk,23,95.0,2185.0,21,0.44
2026-08-26,DELHI_STORE_002,SKU_010_Surf_Excel_Matic_2kg,10,390.0,3900.0,47,0.29
2026-08-26,BENGALURU_STORE_003,SKU_001_Aashirvaad_Atta_5kg,14,265.0,3710.0,47,0.47
2026-08-26,BENGALURU_STORE_003,SKU_002_IndiaGate_Basmati_5kg,0,480.0,0.0,45,0.43
2026-08-26,BENGALURU_STORE_003,SKU_003_Fortune_Sunflower_Oil_1L,18,145.0,2610.0,19,0.42
2026-08-26,BENGALURU_STORE_003,SKU_004_Amul_Butter_500g,23,275.0,6325.0,51,0.43
2026-08-26,BENGALURU_STORE_003,SKU_005_Tata_Tea_Gold_500g,10,320.0,3200.0,15,0.48
2026-08-26,BENGALURU_STORE_003,SKU_006_Tata_Salt_1kg,36,28.0,1008.0,44,0.37
2026-08-26,BENGALURU_STORE_003,SKU_007_Toor_Dal_Premium_1kg,21,165.0,3465.0,55,0.37
2026-08-26,BENGALURU_STORE_003,SKU_008_Maggi_Noodles_12Pack,28,168.0,4704.0,59,0.22
2026-08-26,BENGALURU_STORE_003,SKU_009_Cadbury_Dairy_Milk_Silk,19,95.0,1805.0,43,0.44
2026-08-26,BENGALURU_STORE_003,SKU_010_Surf_Excel_Matic_2kg,12,390.0,4680.0,42,0.49
2026-08-26,HYDERABAD_STORE_004,SKU_001_Aashirvaad_Atta_5kg,19,265.0,5035.0,26,0.49
2026-08-26,HYDERABAD_STORE_004,SKU_002_IndiaGate_Basmati_5kg,9,480.0,4320.0,46,0.4
2026-08-26,HYDERABAD_STORE_004,SKU_003_Fortune_Sunflower_Oil_1L,20,145.0,2900.0,30,0.27
2026-08-26,HYDERABAD_STORE_004,SKU_004_Amul_Butter_500g,17,275.0,4675.0,48,0.43
2026-08-26,HYDERABAD_STORE_004,SKU_005_Tata_Tea_Gold_500g,11,320.0,3520.0,15,0.34
2026-08-26,HYDERABAD_STORE_004,SKU_006_Tata_Salt_1kg,41,28.0,1148.0,36,0.39
2026-08-26,HYDERABAD_STORE_004,SKU_007_Toor_Dal_Premium_1kg,22,165.0,3630.0,50,0.49
2026-08-26,HYDERABAD_STORE_004,SKU_008_Maggi_Noodles_12Pack,28,168.0,4704.0,16,0.31
2026-08-26,HYDERABAD_STORE_004,SKU_009_Cadbury_Dairy_Milk_Silk,21,95.0,1995.0,34,0.49
2026-08-26,HYDERABAD_STORE_004,SKU_010_Surf_Excel_Matic_2kg,8,390.0,3120.0,33,0.35
2026-08-26,CHENNAI_STORE_005,SKU_001_Aashirvaad_Atta_5kg,18,265.0,4770.0,19,0.36
2026-08-26,CHENNAI_STORE_005,SKU_002_IndiaGate_Basmati_5kg,11,480.0,5280.0,41,0.42
2026-08-26,CHENNAI_STORE_005,SKU_003_Fortune_Sunflower_Oil_1L,24,145.0,3480.0,34,0.42
2026-08-26,CHENNAI_STORE_005,SKU_004_Amul_Butter_500g,13,275.0,3575.0,22,0.47
2026-08-26,CHENNAI_STORE_005,SKU_005_Tata_Tea_Gold_500g,6,320.0,1920.0,25,0.34
2026-08-26,CHENNAI_STORE_005,SKU_006_Tata_Salt_1kg,45,28.0,1260.0,24,0.29
2026-08-26,CHENNAI_STORE_005,SKU_007_Toor_Dal_Premium_1kg,23,165.0,3795.0,41,0.34
2026-08-26,CHENNAI_STORE_005,SKU_008_Maggi_Noodles_12Pack,23,168.0,3864.0,45,0.42
2026-08-26,CHENNAI_STORE_005,SKU_009_Cadbury_Dairy_Milk_Silk,17,95.0,1615.0,53,0.48
2026-08-26,CHENNAI_STORE_005,SKU_010_Surf_Excel_Matic_2kg,6,390.0,2340.0,53,0.26
2026-08-27,MUMBAI_STORE_001,SKU_001_Aashirvaad_Atta_5kg,12,265.0,3180.0,35,0.45
2026-08-27,MUMBAI_STORE_001,SKU_002_IndiaGate_Basmati_5kg,11,480.0,5280.0,50,0.33
2026-08-27,MUMBAI_STORE_001,SKU_003_Fortune_Sunflower_Oil_1L,19,145.0,2755.0,41,0.38
2026-08-27,MUMBAI_STORE_001,SKU_004_Amul_Butter_500g,19,275.0,5225.0,29,0.21
2026-08-27,MUMBAI_STORE_001,SKU_005_Tata_Tea_Gold_500g,16,320.0,5120.0,47,0.22
2026-08-27,MUMBAI_STORE_001,SKU_006_Tata_Salt_1kg,33,28.0,924.0,38,0.4
2026-08-27,MUMBAI_STORE_001,SKU_007_Toor_Dal_Premium_1kg,11,165.0,1815.0,56,0.33
2026-08-27,MUMBAI_STORE_001,SKU_008_Maggi_Noodles_12Pack,29,168.0,4872.0,18,0.27
2026-08-27,MUMBAI_STORE_001,SKU_009_Cadbury_Dairy_Milk_Silk,19,95.0,1805.0,18,0.33
2026-08-27,MUMBAI_STORE_001,SKU_010_Surf_Excel_Matic_2kg,9,390.0,3510.0,28,0.26
2026-08-27,DELHI_STORE_002,SKU_001_Aashirvaad_Atta_5kg,10,265.0,2650.0,56,0.35
2026-08-27,DELHI_STORE_002,SKU_002_IndiaGate_Basmati_5kg,12,480.0,5760.0,59,0.32
2026-08-27,DELHI_STORE_002,SKU_003_Fortune_Sunflower_Oil_1L,25,145.0,3625.0,36,0.41
2026-08-27,DELHI_STORE_002,SKU_004_Amul_Butter_500g,17,275.0,4675.0,37,0.36
2026-08-27,DELHI_STORE_002,SKU_005_Tata_Tea_Gold_500g,9,320.0,2880.0,25,0.32
2026-08-27,DELHI_STORE_002,SKU_006_Tata_Salt_1kg,28,28.0,784.0,28,0.35
2026-08-27,DELHI_STORE_002,SKU_007_Toor_Dal_Premium_1kg,12,165.0,1980.0,50,0.39
2026-08-27,DELHI_STORE_002,SKU_008_Maggi_Noodles_12Pack,23,168.0,3864.0,53,0.25
2026-08-27,DELHI_STORE_002,SKU_009_Cadbury_Dairy_Milk_Silk,28,95.0,2660.0,30,0.42
2026-08-27,DELHI_STORE_002,SKU_010_Surf_Excel_Matic_2kg,14,390.0,5460.0,33,0.33
2026-08-27,BENGALURU_STORE_003,SKU_001_Aashirvaad_Atta_5kg,20,265.0,5300.0,26,0.26
2026-08-27,BENGALURU_STORE_003,SKU_002_IndiaGate_Basmati_5kg,6,480.0,2880.0,28,0.22
2026-08-27,BENGALURU_STORE_003,SKU_003_Fortune_Sunflower_Oil_1L,14,145.0,2030.0,52,0.4
2026-08-27,BENGALURU_STORE_003,SKU_004_Amul_Butter_500g,10,275.0,2750.0,27,0.37
2026-08-27,BENGALURU_STORE_003,SKU_005_Tata_Tea_Gold_500g,12,320.0,3840.0,29,0.24
2026-08-27,BENGALURU_STORE_003,SKU_006_Tata_Salt_1kg,39,28.0,1092.0,57,0.22
2026-08-27,BENGALURU_STORE_003,SKU_007_Toor_Dal_Premium_1kg,19,165.0,3135.0,57,0.28
2026-08-27,BENGALURU_STORE_003,SKU_008_Maggi_Noodles_12Pack,29,168.0,4872.0,43,0.31
2026-08-27,BENGALURU_STORE_003,SKU_009_Cadbury_Dairy_Milk_Silk,18,95.0,1710.0,20,0.33
2026-08-27,BENGALURU_STORE_003,SKU_010_Surf_Excel_Matic_2kg,9,390.0,3510.0,55,0.24
2026-08-27,HYDERABAD_STORE_004,SKU_001_Aashirvaad_Atta_5kg,15,265.0,3975.0,56,0.44
2026-08-27,HYDERABAD_STORE_004,SKU_002_IndiaGate_Basmati_5kg,10,480.0,4800.0,57,0.21
2026-08-27,HYDERABAD_STORE_004,SKU_003_Fortune_Sunflower_Oil_1L,24,145.0,3480.0,19,0.21
2026-08-27,HYDERABAD_STORE_004,SKU_004_Amul_Butter_500g,22,275.0,6050.0,19,0.43
2026-08-27,HYDERABAD_STORE_004,SKU_005_Tata_Tea_Gold_500g,16,320.0,5120.0,22,0.2
2026-08-27,HYDERABAD_STORE_004,SKU_006_Tata_Salt_1kg,39,28.0,1092.0,44,0.44
2026-08-27,HYDERABAD_STORE_004,SKU_007_Toor_Dal_Premium_1kg,15,165.0,2475.0,57,0.36
2026-08-27,HYDERABAD_STORE_004,SKU_008_Maggi_Noodles_12Pack,34,168.0,5712.0,28,0.5
2026-08-27,HYDERABAD_STORE_004,SKU_009_Cadbury_Dairy_Milk_Silk,22,95.0,2090.0,40,0.32
2026-08-27,HYDERABAD_STORE_004,SKU_010_Surf_Excel_Matic_2kg,15,390.0,5850.0,52,0.45
2026-08-27,CHENNAI_STORE_005,SKU_001_Aashirvaad_Atta_5kg,18,265.0,4770.0,53,0.32
2026-08-27,CHENNAI_STORE_005,SKU_002_IndiaGate_Basmati_5kg,5,480.0,2400.0,48,0.41
2026-08-27,CHENNAI_STORE_005,SKU_003_Fortune_Sunflower_Oil_1L,19,145.0,2755.0,36,0.42
2026-08-27,CHENNAI_STORE_005,SKU_004_Amul_Butter_500g,16,275.0,4400.0,52,0.21
2026-08-27,CHENNAI_STORE_005,SKU_005_Tata_Tea_Gold_500g,11,320.0,3520.0,20,0.35
2026-08-27,CHENNAI_STORE_005,SKU_006_Tata_Salt_1kg,39,28.0,1092.0,44,0.26
2026-08-27,CHENNAI_STORE_005,SKU_007_Toor_Dal_Premium_1kg,12,165.0,1980.0,40,0.37
2026-08-27,CHENNAI_STORE_005,SKU_008_Maggi_Noodles_12Pack,27,168.0,4536.0,15,0.47
2026-08-27,CHENNAI_STORE_005,SKU_009_Cadbury_Dairy_Milk_Silk,25,95.0,2375.0,33,0.43
2026-08-27,CHENNAI_STORE_005,SKU_010_Surf_Excel_Matic_2kg,15,390.0,5850.0,56,0.46
2026-08-28,MUMBAI_STORE_001,SKU_001_Aashirvaad_Atta_5kg,13,265.0,3445.0,35,0.4
2026-08-28,MUMBAI_STORE_001,SKU_002_IndiaGate_Basmati_5kg,4,480.0,1920.0,49,0.23
2026-08-28,MUMBAI_STORE_001,SKU_003_Fortune_Sunflower_Oil_1L,29,145.0,4205.0,19,0.33
2026-08-28,MUMBAI_STORE_001,SKU_004_Amul_Butter_500g,16,275.0,4400.0,50,0.48
2026-08-28,MUMBAI_STORE_001,SKU_005_Tata_Tea_Gold_500g,15,320.0,4800.0,35,0.38
2026-08-28,MUMBAI_STORE_001,SKU_006_Tata_Salt_1kg,26,28.0,728.0,39,0.21
2026-08-28,MUMBAI_STORE_001,SKU_007_Toor_Dal_Premium_1kg,23,165.0,3795.0,54,0.46
2026-08-28,MUMBAI_STORE_001,SKU_008_Maggi_Noodles_12Pack,30,168.0,5040.0,26,0.46
2026-08-28,MUMBAI_STORE_001,SKU_009_Cadbury_Dairy_Milk_Silk,27,95.0,2565.0,34,0.25
2026-08-28,MUMBAI_STORE_001,SKU_010_Surf_Excel_Matic_2kg,19,390.0,7410.0,23,0.4
2026-08-28,DELHI_STORE_002,SKU_001_Aashirvaad_Atta_5kg,14,265.0,3710.0,22,0.35
2026-08-28,DELHI_STORE_002,SKU_002_IndiaGate_Basmati_5kg,5,480.0,2400.0,17,0.36
2026-08-28,DELHI_STORE_002,SKU_003_Fortune_Sunflower_Oil_1L,18,145.0,2610.0,26,0.4
2026-08-28,DELHI_STORE_002,SKU_004_Amul_Butter_500g,19,275.0,5225.0,38,0.44
2026-08-28,DELHI_STORE_002,SKU_005_Tata_Tea_Gold_500g,13,320.0,4160.0,38,0.21
2026-08-28,DELHI_STORE_002,SKU_006_Tata_Salt_1kg,47,28.0,1316.0,19,0.21
2026-08-28,DELHI_STORE_002,SKU_007_Toor_Dal_Premium_1kg,17,165.0,2805.0,28,0.36
2026-08-28,DELHI_STORE_002,SKU_008_Maggi_Noodles_12Pack,25,168.0,4200.0,27,0.22
2026-08-28,DELHI_STORE_002,SKU_009_Cadbury_Dairy_Milk_Silk,27,95.0,2565.0,59,0.29
2026-08-28,DELHI_STORE_002,SKU_010_Surf_Excel_Matic_2kg,14,390.0,5460.0,35,0.27
2026-08-28,BENGALURU_STORE_003,SKU_001_Aashirvaad_Atta_5kg,11,265.0,2915.0,46,0.49
2026-08-28,BENGALURU_STORE_003,SKU_002_IndiaGate_Basmati_5kg,14,480.0,6720.0,58,0.21
2026-08-28,BENGALURU_STORE_003,SKU_003_Fortune_Sunflower_Oil_1L,20,145.0,2900.0,40,0.43
2026-08-28,BENGALURU_STORE_003,SKU_004_Amul_Butter_500g,23,275.0,6325.0,51,0.29
2026-08-28,BENGALURU_STORE_003,SKU_005_Tata_Tea_Gold_500g,9,320.0,2880.0,45,0.26
2026-08-28,BENGALURU_STORE_003,SKU_006_Tata_Salt_1kg,38,28.0,1064.0,50,0.21
2026-08-28,BENGALURU_STORE_003,SKU_007_Toor_Dal_Premium_1kg,18,165.0,2970.0,57,0.41
2026-08-28,BENGALURU_STORE_003,SKU_008_Maggi_Noodles_12Pack,28,168.0,4704.0,54,0.42
2026-08-28,BENGALURU_STORE_003,SKU_009_Cadbury_Dairy_Milk_Silk,19,95.0,1805.0,54,0.49
2026-08-28,BENGALURU_STORE_003,SKU_010_Surf_Excel_Matic_2kg,17,390.0,6630.0,33,0.23
2026-08-28,HYDERABAD_STORE_004,SKU_001_Aashirvaad_Atta_5kg,11,265.0,2915.0,31,0.39
2026-08-28,HYDERABAD_STORE_004,SKU_002_IndiaGate_Basmati_5kg,12,480.0,5760.0,49,0.34
2026-08-28,HYDERABAD_STORE_004,SKU_003_Fortune_Sunflower_Oil_1L,15,145.0,2175.0,33,0.42
2026-08-28,HYDERABAD_STORE_004,SKU_004_Amul_Butter_500g,21,275.0,5775.0,49,0.25
2026-08-28,HYDERABAD_STORE_004,SKU_005_Tata_Tea_Gold_500g,13,320.0,4160.0,48,0.3
2026-08-28,HYDERABAD_STORE_004,SKU_006_Tata_Salt_1kg,30,28.0,840.0,53,0.45
2026-08-28,HYDERABAD_STORE_004,SKU_007_Toor_Dal_Premium_1kg,15,165.0,2475.0,32,0.31
2026-08-28,HYDERABAD_STORE_004,SKU_008_Maggi_Noodles_12Pack,24,168.0,4032.0,37,0.44
2026-08-28,HYDERABAD_STORE_004,SKU_009_Cadbury_Dairy_Milk_Silk,23,95.0,2185.0,43,0.33
2026-08-28,HYDERABAD_STORE_004,SKU_010_Surf_Excel_Matic_2kg,10,390.0,3900.0,39,0.47
2026-08-28,CHENNAI_STORE_005,SKU_001_Aashirvaad_Atta_5kg,16,265.0,4240.0,48,0.21
2026-08-28,CHENNAI_STORE_005,SKU_002_IndiaGate_Basmati_5kg,3,480.0,1440.0,59,0.36
2026-08-28,CHENNAI_STORE_005,SKU_003_Fortune_Sunflower_Oil_1L,24,145.0,3480.0,29,0.3
2026-08-28,CHENNAI_STORE_005,SKU_004_Amul_Butter_500g,21,275.0,5775.0,38,0.38
2026-08-28,CHENNAI_STORE_005,SKU_005_Tata_Tea_Gold_500g,15,320.0,4800.0,49,0.37
2026-08-28,CHENNAI_STORE_005,SKU_006_Tata_Salt_1kg,38,28.0,1064.0,33,0.27
2026-08-28,CHENNAI_STORE_005,SKU_007_Toor_Dal_Premium_1kg,12,165.0,1980.0,16,0.47
2026-08-28,CHENNAI_STORE_005,SKU_008_Maggi_Noodles_12Pack,30,168.0,5040.0,42,0.37
2026-08-28,CHENNAI_STORE_005,SKU_009_Cadbury_Dairy_Milk_Silk,24,95.0,2280.0,58,0.45
2026-08-28,CHENNAI_STORE_005,SKU_010_Surf_Excel_Matic_2kg,7,390.0,2730.0,47,0.43
2026-08-29,MUMBAI_STORE_001,SKU_001_Aashirvaad_Atta_5kg,15,265.0,3975.0,26,0.31
2026-08-29,MUMBAI_STORE_001,SKU_002_IndiaGate_Basmati_5kg,18,480.0,8640.0,19,0.22
2026-08-29,MUMBAI_STORE_001,SKU_003_Fortune_Sunflower_Oil_1L,31,145.0,4495.0,29,0.41
2026-08-29,MUMBAI_STORE_001,SKU_004_Amul_Butter_500g,36,275.0,9900.0,0,0.42
2026-08-29,MUMBAI_STORE_001,SKU_005_Tata_Tea_Gold_500g,12,320.0,3840.0,20,0.34
2026-08-29,MUMBAI_STORE_001,SKU_006_Tata_Salt_1kg,51,28.0,1428.0,16,0.42
2026-08-29,MUMBAI_STORE_001,SKU_007_Toor_Dal_Premium_1kg,19,165.0,3135.0,34,0.22
2026-08-29,MUMBAI_STORE_001,SKU_008_Maggi_Noodles_12Pack,35,168.0,5880.0,53,0.42
2026-08-29,MUMBAI_STORE_001,SKU_009_Cadbury_Dairy_Milk_Silk,20,95.0,1900.0,29,0.23
2026-08-29,MUMBAI_STORE_001,SKU_010_Surf_Excel_Matic_2kg,14,390.0,5460.0,45,0.45
2026-08-29,DELHI_STORE_002,SKU_001_Aashirvaad_Atta_5kg,16,265.0,4240.0,3,0.25
2026-08-29,DELHI_STORE_002,SKU_002_IndiaGate_Basmati_5kg,14,480.0,6720.0,40,0.32
2026-08-29,DELHI_STORE_002,SKU_003_Fortune_Sunflower_Oil_1L,31,145.0,4495.0,27,0.4
2026-08-29,DELHI_STORE_002,SKU_004_Amul_Butter_500g,20,275.0,5500.0,26,0.33
2026-08-29,DELHI_STORE_002,SKU_005_Tata_Tea_Gold_500g,23,320.0,7360.0,23,0.25
2026-08-29,DELHI_STORE_002,SKU_006_Tata_Salt_1kg,49,28.0,1372.0,59,0.44
2026-08-29,DELHI_STORE_002,SKU_007_Toor_Dal_Premium_1kg,29,165.0,4785.0,55,0.22
2026-08-29,DELHI_STORE_002,SKU_008_Maggi_Noodles_12Pack,47,168.0,7896.0,56,0.22
2026-08-29,DELHI_STORE_002,SKU_009_Cadbury_Dairy_Milk_Silk,33,95.0,3135.0,59,0.43
2026-08-29,DELHI_STORE_002,SKU_010_Surf_Excel_Matic_2kg,13,390.0,5070.0,31,0.26
2026-08-29,BENGALURU_STORE_003,SKU_001_Aashirvaad_Atta_5kg,16,265.0,4240.0,39,0.47
2026-08-29,BENGALURU_STORE_003,SKU_002_IndiaGate_Basmati_5kg,16,480.0,7680.0,18,0.27
2026-08-29,BENGALURU_STORE_003,SKU_003_Fortune_Sunflower_Oil_1L,27,145.0,3915.0,32,0.38
2026-08-29,BENGALURU_STORE_003,SKU_004_Amul_Butter_500g,27,275.0,7425.0,30,0.41
2026-08-29,BENGALURU_STORE_003,SKU_005_Tata_Tea_Gold_500g,21,320.0,6720.0,2,0.29
2026-08-29,BENGALURU_STORE_003,SKU_006_Tata_Salt_1kg,41,28.0,1148.0,22,0.34
2026-08-29,BENGALURU_STORE_003,SKU_007_Toor_Dal_Premium_1kg,19,165.0,3135.0,16,0.37
2026-08-29,BENGALURU_STORE_003,SKU_008_Maggi_Noodles_12Pack,29,168.0,4872.0,54,0.4
2026-08-29,BENGALURU_STORE_003,SKU_009_Cadbury_Dairy_Milk_Silk,21,95.0,1995.0,42,0.34
2026-08-29,BENGALURU_STORE_003,SKU_010_Surf_Excel_Matic_2kg,13,390.0,5070.0,26,0.32
2026-08-29,HYDERABAD_STORE_004,SKU_001_Aashirvaad_Atta_5kg,18,265.0,4770.0,56,0.45
2026-08-29,HYDERABAD_STORE_004,SKU_002_IndiaGate_Basmati_5kg,13,480.0,6240.0,59,0.2
2026-08-29,HYDERABAD_STORE_004,SKU_003_Fortune_Sunflower_Oil_1L,33,145.0,4785.0,56,0.47
2026-08-29,HYDERABAD_STORE_004,SKU_004_Amul_Butter_500g,26,275.0,7150.0,15,0.36
2026-08-29,HYDERABAD_STORE_004,SKU_005_Tata_Tea_Gold_500g,16,320.0,5120.0,33,0.48
2026-08-29,HYDERABAD_STORE_004,SKU_006_Tata_Salt_1kg,47,28.0,1316.0,55,0.35
2026-08-29,HYDERABAD_STORE_004,SKU_007_Toor_Dal_Premium_1kg,22,165.0,3630.0,46,0.3
2026-08-29,HYDERABAD_STORE_004,SKU_008_Maggi_Noodles_12Pack,27,168.0,4536.0,20,0.29
2026-08-29,HYDERABAD_STORE_004,SKU_009_Cadbury_Dairy_Milk_Silk,25,95.0,2375.0,57,0.41
2026-08-29,HYDERABAD_STORE_004,SKU_010_Surf_Excel_Matic_2kg,17,390.0,6630.0,29,0.45
2026-08-29,CHENNAI_STORE_005,SKU_001_Aashirvaad_Atta_5kg,27,265.0,7155.0,15,0.44
2026-08-29,CHENNAI_STORE_005,SKU_002_IndiaGate_Basmati_5kg,9,480.0,4320.0,51,0.36
2026-08-29,CHENNAI_STORE_005,SKU_003_Fortune_Sunflower_Oil_1L,32,145.0,4640.0,28,0.29
2026-08-29,CHENNAI_STORE_005,SKU_004_Amul_Butter_500g,31,275.0,8525.0,22,0.23
2026-08-29,CHENNAI_STORE_005,SKU_005_Tata_Tea_Gold_500g,17,320.0,5440.0,44,0.34
2026-08-29,CHENNAI_STORE_005,SKU_006_Tata_Salt_1kg,41,28.0,1148.0,55,0.25
2026-08-29,CHENNAI_STORE_005,SKU_007_Toor_Dal_Premium_1kg,26,165.0,4290.0,48,0.25
2026-08-29,CHENNAI_STORE_005,SKU_008_Maggi_Noodles_12Pack,48,168.0,8064.0,53,0.27
2026-08-29,CHENNAI_STORE_005,SKU_009_Cadbury_Dairy_Milk_Silk,33,95.0,3135.0,32,0.32
2026-08-29,CHENNAI_STORE_005,SKU_010_Surf_Excel_Matic_2kg,16,390.0,6240.0,48,0.21
