store_id,sku,date,qty_sold,revenue,avg_price,avg_shelf_qty,sentiment_score,graph_co_stock_flag,graph_substitute_available
BENGALURU_STORE_003,SKU_001_Aashirvaad_Atta_5kg,2026-05-31,24,6360.0,265.0,33.44,0.0,False,False
BENGALURU_STORE_003,SKU_001_Aashirvaad_Atta_5kg,2026-06-01,15,3975.0,265.0,36.98,0.0,False,False
BENGALURU_STORE_003,SKU_001_Aashirvaad_Atta_5kg,2026-06-02,18,4770.0,265.0,32.34,0.0,False,False
BENGALURU_STORE_003,SKU_001_Aashirvaad_Atta_5kg,2026-06-03,15,3975.0,265.0,29.79,0.0,False,False
BENGALURU_STORE_003,SKU_001_Aashirvaad_Atta_5kg,2026-06-04,16,4240.0,265.0,32.4,0.0,False,False
BENGALURU_STORE_003,SKU_001_Aashirvaad_Atta_5kg,2026-06-05,21,5565.0,265.0,34.14,0.0,False,False
BENGALURU_STORE_003,SKU_001_Aashirvaad_Atta_5kg,2026-06-06,14,3710.0,265.0,36.56,0.0,False,False
BENGALURU_STORE_003,SKU_001_Aashirvaad_Atta_5kg,2026-06-07,13,3445.0,265.0,34.22,0.0,False,False
BENGALURU_STORE_003,SKU_001_Aashirvaad_Atta_5kg,2026-06-08,16,4240.0,265.0,37.69,0.0,False,False
BENGALURU_STORE_003,SKU_001_Aashirvaad_Atta_5kg,2026-06-09,9,2385.0,265.0,36.36,0.0,False,False
BENGALURU_STORE_003,SKU_001_Aashirvaad_Atta_5kg,2026-06-10,10,2650.0,265.0,27.14,0.0,False,False
BENGALURU_STORE_003,SKU_001_Aashirvaad_Atta_5kg,2026-06-11,12,3180.0,265.0,28.15,0.0,False,False
BENGALURU_STORE_003,SKU_001_Aashirvaad_Atta_5kg,2026-06-12,7,1855.0,265.0,32.97,0.0,False,False
BENGALURU_STORE_003,SKU_001_Aashirvaad_Atta_5kg,2026-06-13,24,6360.0,265.0,34.68,0.0,False,False
BENGALURU_STORE_003,SKU_001_Aashirvaad_Atta_5kg,2026-06-14,20,5300.0,265.0,37.72,0.0,False,False
BENGALURU_STORE_003,SKU_001_Aashirvaad_Atta_5kg,2026-06-15,23,6095.0,265.0,33.85,0.0,False,False
BENGALURU_STORE_003,SKU_001_Aashirvaad_Atta_5kg,2026-06-16,12,3180.0,265.0,37.37,0.0,False,False
BENGALURU_STORE_003,SKU_001_Aashirvaad_Atta_5kg,2026-06-17,14,3710.0,265.0,29.84,0.0,False,False
BENGALURU_STORE_003,SKU_001_Aashirvaad_Atta_5kg,2026-06-18,14,3710.0,265.0,30.79,0.0,False,False
BENGALURU_STORE_003,SKU_001_Aashirvaad_Atta_5kg,2026-06-19,24,6360.0,265.0,33.97,0.0,False,False
BENGALURU_STORE_003,SKU_001_Aashirvaad_Atta_5kg,2026-06-20,19,5035.0,265.0,32.82,0.0,False,False
BENGALURU_STORE_003,SKU_001_Aashirvaad_Atta_5kg,2026-06-21,18,4770.0,265.0,34.33,0.0,False,False
BENGALURU_STORE_003,SKU_001_Aashirvaad_Atta_5kg,2026-06-22,16,4240.0,265.0,36.91,0.0,False,False
BENGALURU_STORE_003,SKU_001_Aashirvaad_Atta_5kg,2026-06-23,11,2915.0,265.0,33.94,0.0,False,False
BENGALURU_STORE_003,SKU_001_Aashirvaad_Atta_5kg,2026-06-24,13,3445.0,265.0,32.35,0.0,False,False
BENGALURU_STORE_003,SKU_001_Aashirvaad_Atta_5kg,2026-06-25,7,1855.0,265.0,30.32,0.0,False,False
BENGALURU_STORE_003,SKU_001_Aashirvaad_Atta_5kg,2026-06-26,14,3710.0,265.0,36.38,0.0,False,False
BENGALURU_STORE_003,SKU_001_Aashirvaad_Atta_5kg,2026-06-27,15,3975.0,265.0,35.57,0.0,False,False
BENGALURU_STORE_003,SKU_001_Aashirvaad_Atta_5kg,2026-06-28,9,2385.0,265.0,33.0,0.0,False,False
BENGALURU_STORE_003,SKU_001_Aashirvaad_Atta_5kg,2026-06-29,11,2915.0,265.0,35.95,0.0,False,False
BENGALURU_STORE_003,SKU_001_Aashirvaad_Atta_5kg,2026-06-30,9,2385.0,265.0,32.61,0.0,False,False
BENGALURU_STORE_003,SKU_001_Aashirvaad_Atta_5kg,2026-07-01,13,3445.0,265.0,28.17,0.0,False,False
BENGALURU_STORE_003,SKU_001_Aashirvaad_Atta_5kg,2026-07-02,13,3445.0,265.0,28.55,0.0,False,False
BENGALURU_STORE_003,SKU_001_Aashirvaad_Atta_5kg,2026-07-03,12,3180.0,265.0,32.04,0.0,False,False
BENGALURU_STORE_003,SKU_001_Aashirvaad_Atta_5kg,2026-07-04,19,5035.0,265.0,34.91,0.0,False,False
BENGALURU_STORE_003,SKU_001_Aashirvaad_Atta_5kg,2026-07-05,30,7950.0,265.0,34.47,0.0,False,False
BENGALURU_STORE_003,SKU_001_Aashirvaad_Atta_5kg,2026-07-06,14,3710.0,265.0,36.07,0.0,False,False
BENGALURU_STORE_003,SKU_001_Aashirvaad_Atta_5kg,2026-07-07,15,3975.0,265.0,34.39,0.0,False,False
BENGALURU_STORE_003,SKU_001_Aashirvaad_Atta_5kg,2026-07-08,21,5565.0,265.0,28.15,0.0,False,False
BENGALURU_STORE_003,SKU_001_Aashirvaad_Atta_5kg,2026-07-09,14,3710.0,265.0,27.13,0.0,False,False
BENGALURU_STORE_003,SKU_001_Aashirvaad_Atta_5kg,2026-07-10,16,4240.0,265.0,32.13,0.0,False,False
BENGALURU_STORE_003,SKU_001_Aashirvaad_Atta_5kg,2026-07-11,22,5830.0,265.0,36.5,0.0,False,False
BENGALURU_STORE_003,SKU_001_Aashirvaad_Atta_5kg,2026-07-12,22,5830.0,265.0,35.77,0.0,False,False
BENGALURU_STORE_003,SKU_001_Aashirvaad_Atta_5kg,2026-07-13,15,3975.0,265.0,35.71,0.0,False,False
BENGALURU_STORE_003,SKU_001_Aashirvaad_Atta_5kg,2026-07-14,16,4240.0,265.0,33.63,0.0,False,False
BENGALURU_STORE_003,SKU_001_Aashirvaad_Atta_5kg,2026-07-15,9,2385.0,265.0,32.08,0.0,False,False
BENGALURU_STORE_003,SKU_001_Aashirvaad_Atta_5kg,2026-07-16,18,4770.0,265.0,30.9,0.0,False,False
BENGALURU_STORE_003,SKU_001_Aashirvaad_Atta_5kg,2026-07-17,19,5035.0,265.0,36.22,0.0,False,False
BENGALURU_STORE_003,SKU_001_Aashirvaad_Atta_5kg,2026-07-18,25,6625.0,265.0,37.76,0.0,False,False
BENGALURU_STORE_003,SKU_001_Aashirvaad_Atta_5kg,2026-07-19,19,5035.0,265.0,32.6,0.0,False,False
BENGALURU_STORE_003,SKU_001_Aashirvaad_Atta_5kg,2026-07-20,23,6095.0,265.0,33.91,0.0,False,False
BENGALURU_STORE_003,SKU_001_Aashirvaad_Atta_5kg,2026-07-21,14,3710.0,265.0,32.28,0.0,False,False
BENGALURU_STORE_003,SKU_001_Aashirvaad_Atta_5kg,2026-07-22,11,2915.0,265.0,31.88,0.0,False,False
BENGALURU_STORE_003,SKU_001_Aashirvaad_Atta_5kg,2026-07-23,6,1590.0,265.0,30.67,0.0,False,False
BENGALURU_STORE_003,SKU_001_Aashirvaad_Atta_5kg,2026-07-24,13,3445.0,265.0,36.21,0.0,False,False
BENGALURU_STORE_003,SKU_001_Aashirvaad_Atta_5kg,2026-07-25,17,4505.0,265.0,34.63,0.0,False,False
BENGALURU_STORE_003,SKU_001_Aashirvaad_Atta_5kg,2026-07-26,21,5565.0,265.0,32.25,0.0,False,False
BENGALURU_STORE_003,SKU_001_Aashirvaad_Atta_5kg,2026-07-27,8,2120.0,265.0,33.4,0.0,False,False
BENGALURU_STORE_003,SKU_001_Aashirvaad_Atta_5kg,2026-07-28,19,5035.0,265.0,33.6,0.0,False,False
BENGALURU_STORE_003,SKU_001_Aashirvaad_Atta_5kg,2026-07-29,13,3445.0,265.0,28.5,0.0,False,False
BENGALURU_STORE_003,SKU_001_Aashirvaad_Atta_5kg,2026-07-30,16,4240.0,265.0,32.62,0.0,False,False
BENGALURU_STORE_003,SKU_001_Aashirvaad_Atta_5kg,2026-07-31,13,3445.0,265.0,32.1,0.0,False,False
BENGALURU_STORE_003,SKU_001_Aashirvaad_Atta_5kg,2026-08-01,23,6095.0,265.0,34.02,0.0,False,False
BENGALURU_STORE_003,SKU_001_Aashirvaad_Atta_5kg,2026-08-02,24,6360.0,265.0,32.39,0.0,False,False
BENGALURU_STORE_003,SKU_001_Aashirvaad_Atta_5kg,2026-08-03,17,4505.0,265.0,37.36,0.0,False,False
BENGALURU_STORE_003,SKU_001_Aashirvaad_Atta_5kg,2026-08-04,12,3180.0,265.0,32.2,0.0,False,False
BENGALURU_STORE_003,SKU_001_Aashirvaad_Atta_5kg,2026-08-05,12,3180.0,265.0,32.16,0.0,False,False
BENGALURU_STORE_003,SKU_001_Aashirvaad_Atta_5kg,2026-08-06,20,5300.0,265.0,30.13,0.0,False,False
BENGALURU_STORE_003,SKU_001_Aashirvaad_Atta_5kg,2026-08-07,15,3975.0,265.0,33.25,0.0,False,False
BENGALURU_STORE_003,SKU_001_Aashirvaad_Atta_5kg,2026-08-08,23,6095.0,265.0,34.23,0.0,False,False
BENGALURU_STORE_003,SKU_001_Aashirvaad_Atta_5kg,2026-08-09,19,5035.0,265.0,36.4,0.0,False,False
BENGALURU_STORE_003,SKU_001_Aashirvaad_Atta_5kg,2026-08-10,14,3710.0,265.0,37.05,0.0,False,False
BENGALURU_STORE_003,SKU_001_Aashirvaad_Atta_5kg,2026-08-11,14,3710.0,265.0,37.73,0.0,False,False
BENGALURU_STORE_003,SKU_001_Aashirvaad_Atta_5kg,2026-08-12,14,3710.0,265.0,30.23,0.0,False,False
BENGALURU_STORE_003,SKU_001_Aashirvaad_Atta_5kg,2026-08-13,13,3445.0,265.0,32.58,0.0,False,False
BENGALURU_STORE_003,SKU_001_Aashirvaad_Atta_5kg,2026-08-14,14,3710.0,265.0,34.34,0.0,False,False
BENGALURU_STORE_003,SKU_001_Aashirvaad_Atta_5kg,2026-08-15,22,5830.0,265.0,37.74,0.0,False,False
BENGALURU_STORE_003,SKU_001_Aashirvaad_Atta_5kg,2026-08-16,21,5565.0,265.0,36.42,0.0,False,False
BENGALURU_STORE_003,SKU_001_Aashirvaad_Atta_5kg,2026-08-17,17,4505.0,265.0,35.74,0.0,False,False
BENGALURU_STORE_003,SKU_001_Aashirvaad_Atta_5kg,2026-08-18,15,3975.0,265.0,35.14,0.0,False,False
BENGALURU_STORE_003,SKU_001_Aashirvaad_Atta_5kg,2026-08-19,17,4505.0,265.0,31.12,0.0,False,False
BENGALURU_STORE_003,SKU_001_Aashirvaad_Atta_5kg,2026-08-20,17,4505.0,265.0,30.7,0.0,False,False
BENGALURU_STORE_003,SKU_001_Aashirvaad_Atta_5kg,2026-08-21,10,2650.0,265.0,32.51,0.0,False,False
BENGALURU_STORE_003,SKU_001_Aashirvaad_Atta_5kg,2026-08-22,22,5830.0,265.0,33.2,0.0,False,False
BENGALURU_STORE_003,SKU_001_Aashirvaad_Atta_5kg,2026-08-23,17,4505.0,265.0,34.58,0.0,False,False
BENGALURU_STORE_003,SKU_001_Aashirvaad_Atta_5kg,2026-08-24,18,4770.0,265.0,36.72,0.0,False,False
BENGALURU_STORE_003,SKU_001_Aashirvaad_Atta_5kg,2026-08-25,10,2650.0,265.0,36.65,0.0,False,False
BENGALURU_STORE_003,SKU_001_Aashirvaad_Atta_5kg,2026-08-26,14,3710.0,265.0,32.64,0.0,False,False
BENGALURU_STORE_003,SKU_001_Aashirvaad_Atta_5kg,2026-08-27,20,5300.0,265.0,32.65,0.0,False,False
BENGALURU_STORE_003,SKU_001_Aashirvaad_Atta_5kg,2026-08-28,11,2915.0,265.0,33.22,0.0,False,False
BENGALURU_STORE_003,SKU_001_Aashirvaad_Atta_5kg,2026-08-29,16,4240.0,265.0,34.1,0.0,False,False
BENGALURU_STORE_003,SKU_002_IndiaGate_Basmati_5kg,2026-05-31,9,4320.0,480.0,34.08,0.0,False,False
BENGALURU_STORE_003,SKU_002_IndiaGate_Basmati_5kg,2026-06-01,7,3360.0,480.0,35.55,0.0,False,False
BENGALURU_STORE_003,SKU_002_IndiaGate_Basmati_5kg,2026-06-02,7,3360.0,480.0,33.02,0.0,False,False
BENGALURU_STORE_003,SKU_002_IndiaGate_Basmati_5kg,2026-06-03,9,4320.0,480.0,29.56,0.0,False,False
BENGALURU_STORE_003,SKU_002_IndiaGate_Basmati_5kg,2026-06-04,18,8640.0,480.0,30.91,0.0,False,False
BENGALURU_STORE_003,SKU_002_IndiaGate_Basmati_5kg,2026-06-05,7,3360.0,480.0,33.84,0.0,False,False
BENGALURU_STORE_003,SKU_002_IndiaGate_Basmati_5kg,2026-06-06,14,6720.0,480.0,32.06,0.0,False,False
BENGALURU_STORE_003,SKU_002_IndiaGate_Basmati_5kg,2026-06-07,11,5280.0,480.0,33.08,0.0,False,False
BENGALURU_STORE_003,SKU_002_IndiaGate_Basmati_5kg,2026-06-08,4,1920.0,480.0,32.11,0.0,False,False
BENGALURU_STORE_003,SKU_002_IndiaGate_Basmati_5kg,2026-06-09,14,6720.0,480.0,35.03,0.0,False,False
BENGALURU_STORE_003,SKU_002_IndiaGate_Basmati_5kg,2026-06-10,8,3840.0,480.0,27.78,0.0,False,False
BENGALURU_STORE_003,SKU_002_IndiaGate_Basmati_5kg,2026-06-11,11,5280.0,480.0,32.21,0.0,False,False
BENGALURU_STORE_003,SKU_002_IndiaGate_Basmati_5kg,2026-06-12,8,3840.0,480.0,34.42,0.0,False,False
BENGALURU_STORE_003,SKU_002_IndiaGate_Basmati_5kg,2026-06-13,12,5760.0,480.0,33.35,0.0,False,False
BENGALURU_STORE_003,SKU_002_IndiaGate_Basmati_5kg,2026-06-14,11,5280.0,480.0,36.02,0.0,False,False
BENGALURU_STORE_003,SKU_002_IndiaGate_Basmati_5kg,2026-06-15,14,6720.0,480.0,34.12,0.0,False,False
BENGALURU_STORE_003,SKU_002_IndiaGate_Basmati_5kg,2026-06-16,7,3360.0,480.0,34.7,0.0,False,False
BENGALURU_STORE_003,SKU_002_IndiaGate_Basmati_5kg,2026-06-17,5,2400.0,480.0,30.1,0.0,False,False
BENGALURU_STORE_003,SKU_002_IndiaGate_Basmati_5kg,2026-06-18,12,5760.0,480.0,30.17,0.0,False,False
BENGALURU_STORE_003,SKU_002_IndiaGate_Basmati_5kg,2026-06-19,9,4320.0,480.0,35.96,0.0,False,False
BENGALURU_STORE_003,SKU_002_IndiaGate_Basmati_5kg,2026-06-20,12,5760.0,480.0,35.77,0.0,False,False
BENGALURU_STORE_003,SKU_002_IndiaGate_Basmati_5kg,2026-06-21,11,5280.0,480.0,33.05,0.0,False,False
BENGALURU_STORE_003,SKU_002_IndiaGate_Basmati_5kg,2026-06-22,10,4800.0,480.0,36.01,0.0,False,False
BENGALURU_STORE_003,SKU_002_IndiaGate_Basmati_5kg,2026-06-23,10,4800.0,480.0,33.87,0.0,False,False
BENGALURU_STORE_003,SKU_002_IndiaGate_Basmati_5kg,2026-06-24,7,3360.0,480.0,32.92,0.0,False,False
BENGALURU_STORE_003,SKU_002_IndiaGate_Basmati_5kg,2026-06-25,10,4800.0,480.0,31.99,0.0,False,False
BENGALURU_STORE_003,SKU_002_IndiaGate_Basmati_5kg,2026-06-26,11,5280.0,480.0,36.78,0.0,False,False
BENGALURU_STORE_003,SKU_002_IndiaGate_Basmati_5kg,2026-06-27,9,4320.0,480.0,36.26,0.0,False,False
BENGALURU_STORE_003,SKU_002_IndiaGate_Basmati_5kg,2026-06-28,12,5760.0,480.0,35.04,0.0,False,False
BENGALURU_STORE_003,SKU_002_IndiaGate_Basmati_5kg,2026-06-29,10,4800.0,480.0,36.81,0.0,False,False
BENGALURU_STORE_003,SKU_002_IndiaGate_Basmati_5kg,2026-06-30,9,4320.0,480.0,33.84,0.0,False,False
BENGALURU_STORE_003,SKU_002_IndiaGate_Basmati_5kg,2026-07-01,6,2880.0,480.0,32.69,0.0,False,False
BENGALURU_STORE_003,SKU_002_IndiaGate_Basmati_5kg,2026-07-02,7,3360.0,480.0,29.06,0.0,False,False
BENGALURU_STORE_003,SKU_002_IndiaGate_Basmati_5kg,2026-07-03,5,2400.0,480.0,37.43,0.0,False,False
BENGALURU_STORE_003,SKU_002_IndiaGate_Basmati_5kg,2026-07-04,11,5280.0,480.0,34.72,0.0,False,False
BENGALURU_STORE_003,SKU_002_IndiaGate_Basmati_5kg,2026-07-05,14,6720.0,480.0,33.01,0.0,False,False
BENGALURU_STORE_003,SKU_002_IndiaGate_Basmati_5kg,2026-07-06,3,1440.0,480.0,32.04,0.0,False,False
BENGALURU_STORE_003,SKU_002_IndiaGate_Basmati_5kg,2026-07-07,8,3840.0,480.0,32.02,0.0,False,False
BENGALURU_STORE_003,SKU_002_IndiaGate_Basmati_5kg,2026-07-08,9,4320.0,480.0,31.67,0.0,False,False
BENGALURU_STORE_003,SKU_002_IndiaGate_Basmati_5kg,2026-07-09,9,4320.0,480.0,31.2,0.0,False,False
BENGALURU_STORE_003,SKU_002_IndiaGate_Basmati_5kg,2026-07-10,10,4800.0,480.0,33.96,0.0,False,False
BENGALURU_STORE_003,SKU_002_IndiaGate_Basmati_5kg,2026-07-11,9,4320.0,480.0,35.87,0.0,False,False
BENGALURU_STORE_003,SKU_002_IndiaGate_Basmati_5kg,2026-07-12,11,5280.0,480.0,37.39,0.0,False,False
BENGALURU_STORE_003,SKU_002_IndiaGate_Basmati_5kg,2026-07-13,7,3360.0,480.0,34.62,0.0,False,False
BENGALURU_STORE_003,SKU_002_IndiaGate_Basmati_5kg,2026-07-14,12,5760.0,480.0,36.42,0.0,False,False
BENGALURU_STORE_003,SKU_002_IndiaGate_Basmati_5kg,2026-07-15,6,2880.0,480.0,31.72,0.0,False,False
BENGALURU_STORE_003,SKU_002_IndiaGate_Basmati_5kg,2026-07-16,10,4800.0,480.0,32.35,0.0,False,False
BENGALURU_STORE_003,SKU_002_IndiaGate_Basmati_5kg,2026-07-17,6,2880.0,480.0,32.16,0.0,False,False
BENGALURU_STORE_003,SKU_002_IndiaGate_Basmati_5kg,2026-07-18,9,4320.0,480.0,32.33,0.0,False,False
BENGALURU_STORE_003,SKU_002_IndiaGate_Basmati_5kg,2026-07-19,10,4800.0,480.0,34.62,0.0,False,False
BENGALURU_STORE_003,SKU_002_IndiaGate_Basmati_5kg,2026-07-20,9,4320.0,480.0,33.58,0.0,False,False
BENGALURU_STORE_003,SKU_002_IndiaGate_Basmati_5kg,2026-07-21,7,3360.0,480.0,35.9,0.0,False,False
BENGALURU_STORE_003,SKU_002_IndiaGate_Basmati_5kg,2026-07-22,17,8160.0,480.0,29.16,0.0,False,False
BENGALURU_STORE_003,SKU_002_IndiaGate_Basmati_5kg,2026-07-23,10,4800.0,480.0,29.31,0.0,False,False
BENGALURU_STORE_003,SKU_002_IndiaGate_Basmati_5kg,2026-07-24,6,2880.0,480.0,37.26,0.0,False,False
BENGALURU_STORE_003,SKU_002_IndiaGate_Basmati_5kg,2026-07-25,13,6240.0,480.0,36.36,0.0,False,False
BENGALURU_STORE_003,SKU_002_IndiaGate_Basmati_5kg,2026-07-26,7,3360.0,480.0,35.64,0.0,False,False
BENGALURU_STORE_003,SKU_002_IndiaGate_Basmati_5kg,2026-07-27,4,1920.0,480.0,37.38,0.0,False,False
BENGALURU_STORE_003,SKU_002_IndiaGate_Basmati_5kg,2026-07-28,4,1920.0,480.0,33.01,0.0,False,False
BENGALURU_STORE_003,SKU_002_IndiaGate_Basmati_5kg,2026-07-29,11,5280.0,480.0,27.45,0.0,False,False
BENGALURU_STORE_003,SKU_002_IndiaGate_Basmati_5kg,2026-07-30,6,2880.0,480.0,28.23,0.0,False,False
BENGALURU_STORE_003,SKU_002_IndiaGate_Basmati_5kg,2026-07-31,3,1440.0,480.0,35.35,0.0,False,False
BENGALURU_STORE_003,SKU_002_IndiaGate_Basmati_5kg,2026-08-01,12,5760.0,480.0,32.59,0.0,False,False
BENGALURU_STORE_003,SKU_002_IndiaGate_Basmati_5kg,2026-08-02,9,4320.0,480.0,35.85,0.0,False,False
BENGALURU_STORE_003,SKU_002_IndiaGate_Basmati_5kg,2026-08-03,16,7680.0,480.0,35.79,0.0,False,False
BENGALURU_STORE_003,SKU_002_IndiaGate_Basmati_5kg,2026-08-04,6,2880.0,480.0,36.92,0.0,False,False
BENGALURU_STORE_003,SKU_002_IndiaGate_Basmati_5kg,2026-08-05,12,5760.0,480.0,32.23,0.0,False,False
BENGALURU_STORE_003,SKU_002_IndiaGate_Basmati_5kg,2026-08-06,8,3840.0,480.0,28.24,0.0,False,False
BENGALURU_STORE_003,SKU_002_IndiaGate_Basmati_5kg,2026-08-07,18,8640.0,480.0,36.12,0.0,False,False
BENGALURU_STORE_003,SKU_002_IndiaGate_Basmati_5kg,2026-08-08,14,6720.0,480.0,35.22,0.0,False,False
BENGALURU_STORE_003,SKU_002_IndiaGate_Basmati_5kg,2026-08-09,11,5280.0,480.0,36.67,0.0,False,False
BENGALURU_STORE_003,SKU_002_IndiaGate_Basmati_5kg,2026-08-10,11,5280.0,480.0,32.55,0.0,False,False
BENGALURU_STORE_003,SKU_002_IndiaGate_Basmati_5kg,2026-08-11,11,5280.0,480.0,37.55,0.0,False,False
BENGALURU_STORE_003,SKU_002_IndiaGate_Basmati_5kg,2026-08-12,7,3360.0,480.0,32.92,0.0,False,False
BENGALURU_STORE_003,SKU_002_IndiaGate_Basmati_5kg,2026-08-13,10,4800.0,480.0,28.38,0.0,False,False
BENGALURU_STORE_003,SKU_002_IndiaGate_Basmati_5kg,2026-08-14,7,3360.0,480.0,33.62,0.0,False,False
BENGALURU_STORE_003,SKU_002_IndiaGate_Basmati_5kg,2026-08-15,13,6240.0,480.0,34.57,0.0,False,False
BENGALURU_STORE_003,SKU_002_IndiaGate_Basmati_5kg,2026-08-16,11,5280.0,480.0,34.19,0.0,False,False
BENGALURU_STORE_003,SKU_002_IndiaGate_Basmati_5kg,2026-08-17,7,3360.0,480.0,35.56,0.0,False,False
BENGALURU_STORE_003,SKU_002_IndiaGate_Basmati_5kg,2026-08-18,7,3360.0,480.0,32.16,0.0,False,False
BENGALURU_STORE_003,SKU_002_IndiaGate_Basmati_5kg,2026-08-19,9,4320.0,480.0,31.45,0.0,False,False
BENGALURU_STORE_003,SKU_002_IndiaGate_Basmati_5kg,2026-08-20,11,5280.0,480.0,27.45,0.0,False,False
BENGALURU_STORE_003,SKU_002_IndiaGate_Basmati_5kg,2026-08-21,9,4320.0,480.0,34.97,0.0,False,False
BENGALURU_STORE_003,SKU_002_IndiaGate_Basmati_5kg,2026-08-22,12,5760.0,480.0,37.83,0.0,False,False
BENGALURU_STORE_003,SKU_002_IndiaGate_Basmati_5kg,2026-08-23,13,6240.0,480.0,33.84,0.0,False,False
BENGALURU_STORE_003,SKU_002_IndiaGate_Basmati_5kg,2026-08-24,13,6240.0,480.0,36.15,0.0,False,False
BENGALURU_STORE_003,SKU_002_IndiaGate_Basmati_5kg,2026-08-25,9,4320.0,480.0,37.6,0.0,False,False
BENGALURU_STORE_003,SKU_002_IndiaGate_Basmati_5kg,2026-08-26,0,0.0,480.0,27.55,0.0,False,False
BENGALURU_STORE_003,SKU_002_IndiaGate_Basmati_5kg,2026-08-27,6,2880.0,480.0,27.06,0.0,False,False
BENGALURU_STORE_003,SKU_002_IndiaGate_Basmati_5kg,2026-08-28,14,6720.0,480.0,34.99,0.0,False,False
BENGALURU_STORE_003,SKU_002_IndiaGate_Basmati_5kg,2026-08-29,16,7680.0,480.0,34.56,0.0,False,False
BENGALURU_STORE_003,SKU_003_Fortune_Sunflower_Oil_1L,2026-05-31,29,4205.0,145.0,29.88,0.0,False,False
BENGALURU_STORE_003,SKU_003_Fortune_Sunflower_Oil_1L,2026-06-01,23,3335.0,145.0,30.29,0.0,False,False
BENGALURU_STORE_003,SKU_003_Fortune_Sunflower_Oil_1L,2026-06-02,20,2900.0,145.0,31.07,0.0,False,False
BENGALURU_STORE_003,SKU_003_Fortune_Sunflower_Oil_1L,2026-06-03,25,3625.0,145.0,25.44,0.0,False,False
BENGALURU_STORE_003,SKU_003_Fortune_Sunflower_Oil_1L,2026-06-04,16,2320.0,145.0,26.86,0.0,False,False
BENGALURU_STORE_003,SKU_003_Fortune_Sunflower_Oil_1L,2026-06-05,24,3480.0,145.0,32.98,0.0,False,False
BENGALURU_STORE_003,SKU_003_Fortune_Sunflower_Oil_1L,2026-06-06,25,3625.0,145.0,31.62,0.0,False,False
BENGALURU_STORE_003,SKU_003_Fortune_Sunflower_Oil_1L,2026-06-07,29,4205.0,145.0,31.06,0.0,False,False
BENGALURU_STORE_003,SKU_003_Fortune_Sunflower_Oil_1L,2026-06-08,14,2030.0,145.0,27.81,0.0,False,False
BENGALURU_STORE_003,SKU_003_Fortune_Sunflower_Oil_1L,2026-06-09,23,3335.0,145.0,27.32,0.0,False,False
BENGALURU_STORE_003,SKU_003_Fortune_Sunflower_Oil_1L,2026-06-10,21,3045.0,145.0,22.77,0.0,False,False
BENGALURU_STORE_003,SKU_003_Fortune_Sunflower_Oil_1L,2026-06-11,26,3770.0,145.0,26.03,0.0,False,False
BENGALURU_STORE_003,SKU_003_Fortune_Sunflower_Oil_1L,2026-06-12,26,3770.0,145.0,28.23,0.0,False,False
BENGALURU_STORE_003,SKU_003_Fortune_Sunflower_Oil_1L,2026-06-13,35,5075.0,145.0,28.77,0.0,False,False
BENGALURU_STORE_003,SKU_003_Fortune_Sunflower_Oil_1L,2026-06-14,36,5220.0,145.0,28.16,0.0,False,False
BENGALURU_STORE_003,SKU_003_Fortune_Sunflower_Oil_1L,2026-06-15,18,2610.0,145.0,30.24,0.0,False,False
BENGALURU_STORE_003,SKU_003_Fortune_Sunflower_Oil_1L,2026-06-16,18,2610.0,145.0,29.13,0.0,False,False
BENGALURU_STORE_003,SKU_003_Fortune_Sunflower_Oil_1L,2026-06-17,16,2320.0,145.0,22.46,0.0,False,False
BENGALURU_STORE_003,SKU_003_Fortune_Sunflower_Oil_1L,2026-06-18,28,4060.0,145.0,25.94,0.0,False,False
BENGALURU_STORE_003,SKU_003_Fortune_Sunflower_Oil_1L,2026-06-19,23,3335.0,145.0,31.34,0.0,False,False
BENGALURU_STORE_003,SKU_003_Fortune_Sunflower_Oil_1L,2026-06-20,40,5800.0,145.0,29.27,0.0,False,False
BENGALURU_STORE_003,SKU_003_Fortune_Sunflower_Oil_1L,2026-06-21,37,5365.0,145.0,28.77,0.0,False,False
BENGALURU_STORE_003,SKU_003_Fortune_Sunflower_Oil_1L,2026-06-22,21,3045.0,145.0,29.59,0.0,False,False
BENGALURU_STORE_003,SKU_003_Fortune_Sunflower_Oil_1L,2026-06-23,22,3190.0,145.0,32.33,0.0,False,False
BENGALURU_STORE_003,SKU_003_Fortune_Sunflower_Oil_1L,2026-06-24,26,3770.0,145.0,23.45,0.0,False,False
BENGALURU_STORE_003,SKU_003_Fortune_Sunflower_Oil_1L,2026-06-25,29,4205.0,145.0,26.5,0.0,False,False
BENGALURU_STORE_003,SKU_003_Fortune_Sunflower_Oil_1L,2026-06-26,26,3770.0,145.0,30.34,0.0,False,False
BENGALURU_STORE_003,SKU_003_Fortune_Sunflower_Oil_1L,2026-06-27,25,3625.0,145.0,28.82,0.0,False,False
BENGALURU_STORE_003,SKU_003_Fortune_Sunflower_Oil_1L,2026-06-28,30,4350.0,145.0,29.88,0.0,False,False
BENGALURU_STORE_003,SKU_003_Fortune_Sunflower_Oil_1L,2026-06-29,17,2465.0,145.0,28.55,0.0,False,False
BENGALURU_STORE_003,SKU_003_Fortune_Sunflower_Oil_1L,2026-06-30,19,2755.0,145.0,28.01,0.0,False,False
BENGALURU_STORE_003,SKU_003_Fortune_Sunflower_Oil_1L,2026-07-01,21,3045.0,145.0,24.06,0.0,False,False
BENGALURU_STORE_003,SKU_003_Fortune_Sunflower_Oil_1L,2026-07-02,25,3625.0,145.0,26.9,0.0,False,False
BENGALURU_STORE_003,SKU_003_Fortune_Sunflower_Oil_1L,2026-07-03,29,4205.0,145.0,29.98,0.0,False,False
BENGALURU_STORE_003,SKU_003_Fortune_Sunflower_Oil_1L,2026-07-04,30,4350.0,145.0,31.56,0.0,False,False
BENGALURU_STORE_003,SKU_003_Fortune_Sunflower_Oil_1L,2026-07-05,28,4060.0,145.0,32.65,0.0,False,False
BENGALURU_STORE_003,SKU_003_Fortune_Sunflower_Oil_1L,2026-07-06,19,2755.0,145.0,28.64,0.0,False,False
BENGALURU_STORE_003,SKU_003_Fortune_Sunflower_Oil_1L,2026-07-07,21,3045.0,145.0,28.87,0.0,False,False
BENGALURU_STORE_003,SKU_003_Fortune_Sunflower_Oil_1L,2026-07-08,17,2465.0,145.0,25.43,0.0,False,False
BENGALURU_STORE_003,SKU_003_Fortune_Sunflower_Oil_1L,2026-07-09,22,3190.0,145.0,22.77,0.0,False,False
BENGALURU_STORE_003,SKU_003_Fortune_Sunflower_Oil_1L,2026-07-10,24,3480.0,145.0,28.15,0.0,False,False
BENGALURU_STORE_003,SKU_003_Fortune_Sunflower_Oil_1L,2026-07-11,38,5510.0,145.0,29.15,0.0,False,False
BENGALURU_STORE_003,SKU_003_Fortune_Sunflower_Oil_1L,2026-07-12,29,4205.0,145.0,32.67,0.0,False,False
BENGALURU_STORE_003,SKU_003_Fortune_Sunflower_Oil_1L,2026-07-13,24,3480.0,145.0,30.89,0.0,False,False
BENGALURU_STORE_003,SKU_003_Fortune_Sunflower_Oil_1L,2026-07-14,22,3190.0,145.0,28.98,0.0,False,False
BENGALURU_STORE_003,SKU_003_Fortune_Sunflower_Oil_1L,2026-07-15,32,4640.0,145.0,26.28,0.0,False,False
BENGALURU_STORE_003,SKU_003_Fortune_Sunflower_Oil_1L,2026-07-16,21,3045.0,145.0,23.22,0.0,False,False
BENGALURU_STORE_003,SKU_003_Fortune_Sunflower_Oil_1L,2026-07-17,20,2900.0,145.0,27.32,0.0,False,False
BENGALURU_STORE_003,SKU_003_Fortune_Sunflower_Oil_1L,2026-07-18,22,3190.0,145.0,31.96,0.0,False,False
BENGALURU_STORE_003,SKU_003_Fortune_Sunflower_Oil_1L,2026-07-19,34,4930.0,145.0,32.63,0.0,False,False
BENGALURU_STORE_003,SKU_003_Fortune_Sunflower_Oil_1L,2026-07-20,21,3045.0,145.0,31.91,0.0,False,False
BENGALURU_STORE_003,SKU_003_Fortune_Sunflower_Oil_1L,2026-07-21,33,4785.0,145.0,30.11,0.0,False,False
BENGALURU_STORE_003,SKU_003_Fortune_Sunflower_Oil_1L,2026-07-22,25,3625.0,145.0,23.46,0.0,False,False
BENGALURU_STORE_003,SKU_003_Fortune_Sunflower_Oil_1L,2026-07-23,19,2755.0,145.0,27.53,0.0,False,False
BENGALURU_STORE_003,SKU_003_Fortune_Sunflower_Oil_1L,2026-07-24,25,3625.0,145.0,31.3,0.0,False,False
BENGALURU_STORE_003,SKU_003_Fortune_Sunflower_Oil_1L,2026-07-25,24,3480.0,145.0,30.42,0.0,False,False
BENGALURU_STORE_003,SKU_003_Fortune_Sunflower_Oil_1L,2026-07-26,28,4060.0,145.0,31.31,0.0,False,False
BENGALURU_STORE_003,SKU_003_Fortune_Sunflower_Oil_1L,2026-07-27,21,3045.0,145.0,31.16,0.0,False,False
BENGALURU_STORE_003,SKU_003_Fortune_Sunflower_Oil_1L,2026-07-28,26,3770.0,145.0,27.58,0.0,False,False
BENGALURU_STORE_003,SKU_003_Fortune_Sunflower_Oil_1L,2026-07-29,18,2610.0,145.0,27.58,0.0,False,False
BENGALURU_STORE_003,SKU_003_Fortune_Sunflower_Oil_1L,2026-07-30,13,1885.0,145.0,25.12,0.0,False,False
BENGALURU_STORE_003,SKU_003_Fortune_Sunflower_Oil_1L,2026-07-31,17,2465.0,145.0,28.31,0.0,False,False
BENGALURU_STORE_003,SKU_003_Fortune_Sunflower_Oil_1L,2026-08-01,36,5220.0,145.0,30.84,0.0,False,False
BENGALURU_STORE_003,SKU_003_Fortune_Sunflower_Oil_1L,2026-08-02,35,5075.0,145.0,30.98,0.0,False,False
BENGALURU_STORE_003,SKU_003_Fortune_Sunflower_Oil_1L,2026-08-03,19,2755.0,145.0,30.44,0.0,False,False
BENGALURU_STORE_003,SKU_003_Fortune_Sunflower_Oil_1L,2026-08-04,26,3770.0,145.0,32.36,0.0,False,False
BENGALURU_STORE_003,SKU_003_Fortune_Sunflower_Oil_1L,2026-08-05,20,2900.0,145.0,24.91,0.0,False,False
BENGALURU_STORE_003,SKU_003_Fortune_Sunflower_Oil_1L,2026-08-06,18,2610.0,145.0,23.59,0.0,False,False
BENGALURU_STORE_003,SKU_003_Fortune_Sunflower_Oil_1L,2026-08-07,22,3190.0,145.0,27.4,0.0,False,False
BENGALURU_STORE_003,SKU_003_Fortune_Sunflower_Oil_1L,2026-08-08,23,3335.0,145.0,32.03,0.0,False,False
BENGALURU_STORE_003,SKU_003_Fortune_Sunflower_Oil_1L,2026-08-09,33,4785.0,145.0,27.04,0.0,False,False
BENGALURU_STORE_003,SKU_003_Fortune_Sunflower_Oil_1L,2026-08-10,26,3770.0,145.0,29.01,0.0,False,False
BENGALURU_STORE_003,SKU_003_Fortune_Sunflower_Oil_1L,2026-08-11,21,3045.0,145.0,31.86,0.0,False,False
BENGALURU_STORE_003,SKU_003_Fortune_Sunflower_Oil_1L,2026-08-12,25,3625.0,145.0,23.51,0.0,False,False
BENGALURU_STORE_003,SKU_003_Fortune_Sunflower_Oil_1L,2026-08-13,27,3915.0,145.0,25.75,0.0,False,False
BENGALURU_STORE_003,SKU_003_Fortune_Sunflower_Oil_1L,2026-08-14,26,3770.0,145.0,30.2,0.0,False,False
BENGALURU_STORE_003,SKU_003_Fortune_Sunflower_Oil_1L,2026-08-15,25,3625.0,145.0,29.27,0.0,False,False
BENGALURU_STORE_003,SKU_003_Fortune_Sunflower_Oil_1L,2026-08-16,36,5220.0,145.0,28.87,0.0,False,False
BENGALURU_STORE_003,SKU_003_Fortune_Sunflower_Oil_1L,2026-08-17,21,3045.0,145.0,30.59,0.0,False,False
BENGALURU_STORE_003,SKU_003_Fortune_Sunflower_Oil_1L,2026-08-18,16,2320.0,145.0,29.19,0.0,False,False
BENGALURU_STORE_003,SKU_003_Fortune_Sunflower_Oil_1L,2026-08-19,18,2610.0,145.0,24.43,0.0,False,False
BENGALURU_STORE_003,SKU_003_Fortune_Sunflower_Oil_1L,2026-08-20,29,4205.0,145.0,22.9,0.0,False,False
BENGALURU_STORE_003,SKU_003_Fortune_Sunflower_Oil_1L,2026-08-21,21,3045.0,145.0,32.64,0.0,False,False
BENGALURU_STORE_003,SKU_003_Fortune_Sunflower_Oil_1L,2026-08-22,34,4930.0,145.0,27.1,0.0,False,False
BENGALURU_STORE_003,SKU_003_Fortune_Sunflower_Oil_1L,2026-08-23,15,2175.0,145.0,32.61,0.0,False,False
BENGALURU_STORE_003,SKU_003_Fortune_Sunflower_Oil_1L,2026-08-24,15,2175.0,145.0,30.06,0.0,False,False
BENGALURU_STORE_003,SKU_003_Fortune_Sunflower_Oil_1L,2026-08-25,14,2030.0,145.0,29.84,0.0,False,False
BENGALURU_STORE_003,SKU_003_Fortune_Sunflower_Oil_1L,2026-08-26,18,2610.0,145.0,27.17,0.0,False,False
BENGALURU_STORE_003,SKU_003_Fortune_Sunflower_Oil_1L,2026-08-27,14,2030.0,145.0,25.9,0.0,False,False
BENGALURU_STORE_003,SKU_003_Fortune_Sunflower_Oil_1L,2026-08-28,20,2900.0,145.0,27.74,0.0,False,False
BENGALURU_STORE_003,SKU_003_Fortune_Sunflower_Oil_1L,2026-08-29,27,3915.0,145.0,28.68,0.0,False,False
BENGALURU_STORE_003,SKU_004_Amul_Butter_500g,2026-05-31,23,6325.0,275.0,33.77,0.0,False,False
BENGALURU_STORE_003,SKU_004_Amul_Butter_500g,2026-06-01,25,6875.0,275.0,33.59,0.0,False,False
BENGALURU_STORE_003,SKU_004_Amul_Butter_500g,2026-06-02,15,4125.0,275.0,33.4,0.0,False,False
BENGALURU_STORE_003,SKU_004_Amul_Butter_500g,2026-06-03,14,3850.0,275.0,31.33,0.0,False,False
BENGALURU_STORE_003,SKU_004_Amul_Butter_500g,2026-06-04,18,4950.0,275.0,28.14,0.0,False,False
BENGALURU_STORE_003,SKU_004_Amul_Butter_500g,2026-06-05,21,5775.0,275.0,36.26,0.0,False,False
BENGALURU_STORE_003,SKU_004_Amul_Butter_500g,2026-06-06,28,7700.0,275.0,36.41,0.0,False,False
BENGALURU_STORE_003,SKU_004_Amul_Butter_500g,2026-06-07,30,8250.0,275.0,32.77,0.0,False,False
BENGALURU_STORE_003,SKU_004_Amul_Butter_500g,2026-06-08,22,6050.0,275.0,34.4,0.0,False,False
BENGALURU_STORE_003,SKU_004_Amul_Butter_500g,2026-06-09,13,3575.0,275.0,36.45,0.0,False,False
BENGALURU_STORE_003,SKU_004_Amul_Butter_500g,2026-06-10,16,4400.0,275.0,29.36,0.0,False,False
BENGALURU_STORE_003,SKU_004_Amul_Butter_500g,2026-06-11,11,3025.0,275.0,32.31,0.0,False,False
BENGALURU_STORE_003,SKU_004_Amul_Butter_500g,2026-06-12,16,4400.0,275.0,34.64,0.0,False,False
BENGALURU_STORE_003,SKU_004_Amul_Butter_500g,2026-06-13,22,6050.0,275.0,35.24,0.0,False,False
BENGALURU_STORE_003,SKU_004_Amul_Butter_500g,2026-06-14,23,6325.0,275.0,37.3,0.0,False,False
BENGALURU_STORE_003,SKU_004_Amul_Butter_500g,2026-06-15,15,4125.0,275.0,36.78,0.0,False,False
BENGALURU_STORE_003,SKU_004_Amul_Butter_500g,2026-06-16,28,7700.0,275.0,32.22,0.0,False,False
BENGALURU_STORE_003,SKU_004_Amul_Butter_500g,2026-06-17,20,5500.0,275.0,29.41,0.0,False,False
BENGALURU_STORE_003,SKU_004_Amul_Butter_500g,2026-06-18,24,6600.0,275.0,28.21,0.0,False,False
BENGALURU_STORE_003,SKU_004_Amul_Butter_500g,2026-06-19,17,4675.0,275.0,33.71,0.0,False,False
BENGALURU_STORE_003,SKU_004_Amul_Butter_500g,2026-06-20,21,5775.0,275.0,33.23,0.0,False,False
BENGALURU_STORE_003,SKU_004_Amul_Butter_500g,2026-06-21,22,6050.0,275.0,35.98,0.0,False,False
BENGALURU_STORE_003,SKU_004_Amul_Butter_500g,2026-06-22,21,5775.0,275.0,34.47,0.0,False,False
BENGALURU_STORE_003,SKU_004_Amul_Butter_500g,2026-06-23,22,6050.0,275.0,37.95,0.0,False,False
BENGALURU_STORE_003,SKU_004_Amul_Butter_500g,2026-06-24,15,4125.0,275.0,28.81,0.0,False,False
BENGALURU_STORE_003,SKU_004_Amul_Butter_500g,2026-06-25,15,4125.0,275.0,27.2,0.0,False,False
BENGALURU_STORE_003,SKU_004_Amul_Butter_500g,2026-06-26,17,4675.0,275.0,34.74,0.0,False,False
BENGALURU_STORE_003,SKU_004_Amul_Butter_500g,2026-06-27,21,5775.0,275.0,34.5,0.0,False,False
BENGALURU_STORE_003,SKU_004_Amul_Butter_500g,2026-06-28,21,5775.0,275.0,34.19,0.0,False,False
BENGALURU_STORE_003,SKU_004_Amul_Butter_500g,2026-06-29,14,3850.0,275.0,34.9,0.0,False,False
BENGALURU_STORE_003,SKU_004_Amul_Butter_500g,2026-06-30,25,6875.0,275.0,34.68,0.0,False,False
BENGALURU_STORE_003,SKU_004_Amul_Butter_500g,2026-07-01,24,6600.0,275.0,28.18,0.0,False,False
BENGALURU_STORE_003,SKU_004_Amul_Butter_500g,2026-07-02,17,4675.0,275.0,28.81,0.0,False,False
BENGALURU_STORE_003,SKU_004_Amul_Butter_500g,2026-07-03,19,5225.0,275.0,36.01,0.0,False,False
BENGALURU_STORE_003,SKU_004_Amul_Butter_500g,2026-07-04,23,6325.0,275.0,37.9,0.0,False,False
BENGALURU_STORE_003,SKU_004_Amul_Butter_500g,2026-07-05,26,7150.0,275.0,36.15,0.0,False,False
BENGALURU_STORE_003,SKU_004_Amul_Butter_500g,2026-07-06,18,4950.0,275.0,32.87,0.0,False,False
BENGALURU_STORE_003,SKU_004_Amul_Butter_500g,2026-07-07,23,6325.0,275.0,37.65,0.0,False,False
BENGALURU_STORE_003,SKU_004_Amul_Butter_500g,2026-07-08,16,4400.0,275.0,27.52,0.0,False,False
BENGALURU_STORE_003,SKU_004_Amul_Butter_500g,2026-07-09,20,5500.0,275.0,30.33,0.0,False,False
BENGALURU_STORE_003,SKU_004_Amul_Butter_500g,2026-07-10,17,4675.0,275.0,35.9,0.0,False,False
BENGALURU_STORE_003,SKU_004_Amul_Butter_500g,2026-07-11,34,9350.0,275.0,37.27,0.0,False,False
BENGALURU_STORE_003,SKU_004_Amul_Butter_500g,2026-07-12,33,9075.0,275.0,33.17,0.0,False,False
BENGALURU_STORE_003,SKU_004_Amul_Butter_500g,2026-07-13,19,5225.0,275.0,34.54,0.0,False,False
BENGALURU_STORE_003,SKU_004_Amul_Butter_500g,2026-07-14,21,5775.0,275.0,37.53,0.0,False,False
BENGALURU_STORE_003,SKU_004_Amul_Butter_500g,2026-07-15,19,5225.0,275.0,30.39,0.0,False,False
BENGALURU_STORE_003,SKU_004_Amul_Butter_500g,2026-07-16,13,3575.0,275.0,28.43,0.0,False,False
BENGALURU_STORE_003,SKU_004_Amul_Butter_500g,2026-07-17,12,3300.0,275.0,37.42,0.0,False,False
BENGALURU_STORE_003,SKU_004_Amul_Butter_500g,2026-07-18,20,5500.0,275.0,34.1,0.0,False,False
BENGALURU_STORE_003,SKU_004_Amul_Butter_500g,2026-07-19,27,7425.0,275.0,33.87,0.0,False,False
BENGALURU_STORE_003,SKU_004_Amul_Butter_500g,2026-07-20,14,3850.0,275.0,33.49,0.0,False,False
BENGALURU_STORE_003,SKU_004_Amul_Butter_500g,2026-07-21,18,4950.0,275.0,35.62,0.0,False,False
BENGALURU_STORE_003,SKU_004_Amul_Butter_500g,2026-07-22,17,4675.0,275.0,27.56,0.0,False,False
BENGALURU_STORE_003,SKU_004_Amul_Butter_500g,2026-07-23,18,4950.0,275.0,31.01,0.0,False,False
BENGALURU_STORE_003,SKU_004_Amul_Butter_500g,2026-07-24,24,6600.0,275.0,32.38,0.0,False,False
BENGALURU_STORE_003,SKU_004_Amul_Butter_500g,2026-07-25,23,6325.0,275.0,36.63,0.0,False,False
BENGALURU_STORE_003,SKU_004_Amul_Butter_500g,2026-07-26,42,11550.0,275.0,35.52,0.0,False,False
BENGALURU_STORE_003,SKU_004_Amul_Butter_500g,2026-07-27,11,3025.0,275.0,35.88,0.0,False,False
BENGALURU_STORE_003,SKU_004_Amul_Butter_500g,2026-07-28,19,5225.0,275.0,36.63,0.0,False,False
BENGALURU_STORE_003,SKU_004_Amul_Butter_500g,2026-07-29,19,5225.0,275.0,28.66,0.0,False,False
BENGALURU_STORE_003,SKU_004_Amul_Butter_500g,2026-07-30,25,6875.0,275.0,32.5,0.0,False,False
BENGALURU_STORE_003,SKU_004_Amul_Butter_500g,2026-07-31,23,6325.0,275.0,35.99,0.0,False,False
BENGALURU_STORE_003,SKU_004_Amul_Butter_500g,2026-08-01,27,7425.0,275.0,37.31,0.0,False,False
BENGALURU_STORE_003,SKU_004_Amul_Butter_500g,2026-08-02,31,8525.0,275.0,32.65,0.0,False,False
BENGALURU_STORE_003,SKU_004_Amul_Butter_500g,2026-08-03,13,3575.0,275.0,32.67,0.0,False,False
BENGALURU_STORE_003,SKU_004_Amul_Butter_500g,2026-08-04,14,3850.0,275.0,34.47,0.0,False,False
BENGALURU_STORE_003,SKU_004_Amul_Butter_500g,2026-08-05,16,4400.0,275.0,31.43,0.0,False,False
BENGALURU_STORE_003,SKU_004_Amul_Butter_500g,2026-08-06,21,5775.0,275.0,28.86,0.0,False,False
BENGALURU_STORE_003,SKU_004_Amul_Butter_500g,2026-08-07,22,6050.0,275.0,37.95,0.0,False,False
BENGALURU_STORE_003,SKU_004_Amul_Butter_500g,2026-08-08,20,5500.0,275.0,32.25,0.0,False,False
BENGALURU_STORE_003,SKU_004_Amul_Butter_500g,2026-08-09,25,6875.0,275.0,37.09,0.0,False,False
BENGALURU_STORE_003,SKU_004_Amul_Butter_500g,2026-08-10,18,4950.0,275.0,32.25,0.0,False,False
BENGALURU_STORE_003,SKU_004_Amul_Butter_500g,2026-08-11,17,4675.0,275.0,33.65,0.0,False,False
BENGALURU_STORE_003,SKU_004_Amul_Butter_500g,2026-08-12,19,5225.0,275.0,29.79,0.0,False,False
BENGALURU_STORE_003,SKU_004_Amul_Butter_500g,2026-08-13,18,4950.0,275.0,32.22,0.0,False,False
BENGALURU_STORE_003,SKU_004_Amul_Butter_500g,2026-08-14,20,5500.0,275.0,33.26,0.0,False,False
BENGALURU_STORE_003,SKU_004_Amul_Butter_500g,2026-08-15,35,9625.0,275.0,32.01,0.0,False,False
BENGALURU_STORE_003,SKU_004_Amul_Butter_500g,2026-08-16,27,7425.0,275.0,33.43,0.0,False,False
BENGALURU_STORE_003,SKU_004_Amul_Butter_500g,2026-08-17,17,4675.0,275.0,32.15,0.0,False,False
BENGALURU_STORE_003,SKU_004_Amul_Butter_500g,2026-08-18,16,4400.0,275.0,32.06,0.0,False,False
BENGALURU_STORE_003,SKU_004_Amul_Butter_500g,2026-08-19,15,4125.0,275.0,32.51,0.0,False,False
BENGALURU_STORE_003,SKU_004_Amul_Butter_500g,2026-08-20,19,5225.0,275.0,28.02,0.0,False,False
BENGALURU_STORE_003,SKU_004_Amul_Butter_500g,2026-08-21,18,4950.0,275.0,35.87,0.0,False,False
BENGALURU_STORE_003,SKU_004_Amul_Butter_500g,2026-08-22,33,9075.0,275.0,35.56,0.0,False,False
BENGALURU_STORE_003,SKU_004_Amul_Butter_500g,2026-08-23,19,5225.0,275.0,35.51,0.0,False,False
BENGALURU_STORE_003,SKU_004_Amul_Butter_500g,2026-08-24,18,4950.0,275.0,35.11,0.0,False,False
BENGALURU_STORE_003,SKU_004_Amul_Butter_500g,2026-08-25,20,5500.0,275.0,35.5,0.0,False,False
BENGALURU_STORE_003,SKU_004_Amul_Butter_500g,2026-08-26,23,6325.0,275.0,29.72,0.0,False,False
BENGALURU_STORE_003,SKU_004_Amul_Butter_500g,2026-08-27,10,2750.0,275.0,27.58,0.0,False,False
BENGALURU_STORE_003,SKU_004_Amul_Butter_500g,2026-08-28,23,6325.0,275.0,34.6,0.0,False,False
BENGALURU_STORE_003,SKU_004_Amul_Butter_500g,2026-08-29,27,7425.0,275.0,32.03,0.0,False,False
BENGALURU_STORE_003,SKU_005_Tata_Tea_Gold_500g,2026-05-31,21,6720.0,320.0,26.09,0.0,False,False
BENGALURU_STORE_003,SKU_005_Tata_Tea_Gold_500g,2026-06-01,14,4480.0,320.0,26.83,0.0,False,False
BENGALURU_STORE_003,SKU_005_Tata_Tea_Gold_500g,2026-06-02,12,3840.0,320.0,26.42,0.0,False,False
BENGALURU_STORE_003,SKU_005_Tata_Tea_Gold_500g,2026-06-03,15,4800.0,320.0,20.83,0.0,False,False
BENGALURU_STORE_003,SKU_005_Tata_Tea_Gold_500g,2026-06-04,9,2880.0,320.0,18.06,0.0,False,False
BENGALURU_STORE_003,SKU_005_Tata_Tea_Gold_500g,2026-06-05,11,3520.0,320.0,27.19,0.0,False,False
BENGALURU_STORE_003,SKU_005_Tata_Tea_Gold_500g,2026-06-06,24,7680.0,320.0,27.12,0.0,False,False
BENGALURU_STORE_003,SKU_005_Tata_Tea_Gold_500g,2026-06-07,27,8640.0,320.0,27.9,0.0,False,False
BENGALURU_STORE_003,SKU_005_Tata_Tea_Gold_500g,2026-06-08,12,3840.0,320.0,24.08,0.0,False,False
BENGALURU_STORE_003,SKU_005_Tata_Tea_Gold_500g,2026-06-09,10,3200.0,320.0,23.75,0.0,False,False
BENGALURU_STORE_003,SKU_005_Tata_Tea_Gold_500g,2026-06-10,9,2880.0,320.0,17.93,0.0,False,False
BENGALURU_STORE_003,SKU_005_Tata_Tea_Gold_500g,2026-06-11,15,4800.0,320.0,18.51,0.0,False,False
BENGALURU_STORE_003,SKU_005_Tata_Tea_Gold_500g,2026-06-12,17,5440.0,320.0,27.25,0.0,False,False
BENGALURU_STORE_003,SKU_005_Tata_Tea_Gold_500g,2026-06-13,15,4800.0,320.0,25.37,0.0,False,False
BENGALURU_STORE_003,SKU_005_Tata_Tea_Gold_500g,2026-06-14,17,5440.0,320.0,27.5,0.0,False,False
BENGALURU_STORE_003,SKU_005_Tata_Tea_Gold_500g,2026-06-15,9,2880.0,320.0,24.86,0.0,False,False
BENGALURU_STORE_003,SKU_005_Tata_Tea_Gold_500g,2026-06-16,12,3840.0,320.0,27.01,0.0,False,False
BENGALURU_STORE_003,SKU_005_Tata_Tea_Gold_500g,2026-06-17,8,2560.0,320.0,18.58,0.0,False,False
BENGALURU_STORE_003,SKU_005_Tata_Tea_Gold_500g,2026-06-18,13,4160.0,320.0,20.49,0.0,False,False
BENGALURU_STORE_003,SKU_005_Tata_Tea_Gold_500g,2026-06-19,11,3520.0,320.0,24.65,0.0,False,False
BENGALURU_STORE_003,SKU_005_Tata_Tea_Gold_500g,2026-06-20,18,5760.0,320.0,23.23,0.0,False,False
BENGALURU_STORE_003,SKU_005_Tata_Tea_Gold_500g,2026-06-21,18,5760.0,320.0,25.56,0.0,False,False
BENGALURU_STORE_003,SKU_005_Tata_Tea_Gold_500g,2026-06-22,8,2560.0,320.0,22.53,0.0,False,False
BENGALURU_STORE_003,SKU_005_Tata_Tea_Gold_500g,2026-06-23,12,3840.0,320.0,25.61,0.0,False,False
BENGALURU_STORE_003,SKU_005_Tata_Tea_Gold_500g,2026-06-24,6,1920.0,320.0,19.61,0.0,False,False
BENGALURU_STORE_003,SKU_005_Tata_Tea_Gold_500g,2026-06-25,15,4800.0,320.0,20.91,0.0,False,False
BENGALURU_STORE_003,SKU_005_Tata_Tea_Gold_500g,2026-06-26,16,5120.0,320.0,24.62,0.0,False,False
BENGALURU_STORE_003,SKU_005_Tata_Tea_Gold_500g,2026-06-27,25,8000.0,320.0,27.38,0.0,False,False
BENGALURU_STORE_003,SKU_005_Tata_Tea_Gold_500g,2026-06-28,11,3520.0,320.0,23.57,0.0,False,False
BENGALURU_STORE_003,SKU_005_Tata_Tea_Gold_500g,2026-06-29,12,3840.0,320.0,26.68,0.0,False,False
BENGALURU_STORE_003,SKU_005_Tata_Tea_Gold_500g,2026-06-30,13,4160.0,320.0,27.78,0.0,False,False
BENGALURU_STORE_003,SKU_005_Tata_Tea_Gold_500g,2026-07-01,12,3840.0,320.0,18.8,0.0,False,False
BENGALURU_STORE_003,SKU_005_Tata_Tea_Gold_500g,2026-07-02,17,5440.0,320.0,21.78,0.0,False,False
BENGALURU_STORE_003,SKU_005_Tata_Tea_Gold_500g,2026-07-03,12,3840.0,320.0,24.05,0.0,False,False
BENGALURU_STORE_003,SKU_005_Tata_Tea_Gold_500g,2026-07-04,19,6080.0,320.0,27.24,0.0,False,False
BENGALURU_STORE_003,SKU_005_Tata_Tea_Gold_500g,2026-07-05,23,7360.0,320.0,27.01,0.0,False,False
BENGALURU_STORE_003,SKU_005_Tata_Tea_Gold_500g,2026-07-06,10,3200.0,320.0,22.2,0.0,False,False
BENGALURU_STORE_003,SKU_005_Tata_Tea_Gold_500g,2026-07-07,11,3520.0,320.0,26.59,0.0,False,False
BENGALURU_STORE_003,SKU_005_Tata_Tea_Gold_500g,2026-07-08,15,4800.0,320.0,19.26,0.0,False,False
BENGALURU_STORE_003,SKU_005_Tata_Tea_Gold_500g,2026-07-09,8,2560.0,320.0,17.3,0.0,False,False
BENGALURU_STORE_003,SKU_005_Tata_Tea_Gold_500g,2026-07-10,12,3840.0,320.0,25.54,0.0,False,False
BENGALURU_STORE_003,SKU_005_Tata_Tea_Gold_500g,2026-07-11,14,4480.0,320.0,22.21,0.0,False,False
BENGALURU_STORE_003,SKU_005_Tata_Tea_Gold_500g,2026-07-12,26,8320.0,320.0,26.38,0.0,False,False
BENGALURU_STORE_003,SKU_005_Tata_Tea_Gold_500g,2026-07-13,9,2880.0,320.0,26.24,0.0,False,False
BENGALURU_STORE_003,SKU_005_Tata_Tea_Gold_500g,2026-07-14,15,4800.0,320.0,26.65,0.0,False,False
BENGALURU_STORE_003,SKU_005_Tata_Tea_Gold_500g,2026-07-15,4,1280.0,320.0,19.65,0.0,False,False
BENGALURU_STORE_003,SKU_005_Tata_Tea_Gold_500g,2026-07-16,13,4160.0,320.0,18.11,0.0,False,False
BENGALURU_STORE_003,SKU_005_Tata_Tea_Gold_500g,2026-07-17,19,6080.0,320.0,24.37,0.0,False,False
BENGALURU_STORE_003,SKU_005_Tata_Tea_Gold_500g,2026-07-18,20,6400.0,320.0,22.75,0.0,False,False
BENGALURU_STORE_003,SKU_005_Tata_Tea_Gold_500g,2026-07-19,16,5120.0,320.0,27.25,0.0,False,False
BENGALURU_STORE_003,SKU_005_Tata_Tea_Gold_500g,2026-07-20,10,3200.0,320.0,26.0,0.0,False,False
BENGALURU_STORE_003,SKU_005_Tata_Tea_Gold_500g,2026-07-21,16,5120.0,320.0,24.93,0.0,False,False
BENGALURU_STORE_003,SKU_005_Tata_Tea_Gold_500g,2026-07-22,5,1600.0,320.0,19.41,0.0,False,False
BENGALURU_STORE_003,SKU_005_Tata_Tea_Gold_500g,2026-07-23,17,5440.0,320.0,17.81,0.0,False,False
BENGALURU_STORE_003,SKU_005_Tata_Tea_Gold_500g,2026-07-24,15,4800.0,320.0,25.92,0.0,False,False
BENGALURU_STORE_003,SKU_005_Tata_Tea_Gold_500g,2026-07-25,17,5440.0,320.0,24.72,0.0,False,False
BENGALURU_STORE_003,SKU_005_Tata_Tea_Gold_500g,2026-07-26,20,6400.0,320.0,24.05,0.0,False,False
BENGALURU_STORE_003,SKU_005_Tata_Tea_Gold_500g,2026-07-27,17,5440.0,320.0,22.46,0.0,False,False
BENGALURU_STORE_003,SKU_005_Tata_Tea_Gold_500g,2026-07-28,16,5120.0,320.0,25.04,0.0,False,False
BENGALURU_STORE_003,SKU_005_Tata_Tea_Gold_500g,2026-07-29,15,4800.0,320.0,18.12,0.0,False,False
BENGALURU_STORE_003,SKU_005_Tata_Tea_Gold_500g,2026-07-30,5,1600.0,320.0,18.08,0.0,False,False
BENGALURU_STORE_003,SKU_005_Tata_Tea_Gold_500g,2026-07-31,17,5440.0,320.0,24.84,0.0,False,False
BENGALURU_STORE_003,SKU_005_Tata_Tea_Gold_500g,2026-08-01,22,7040.0,320.0,25.81,0.0,False,False
BENGALURU_STORE_003,SKU_005_Tata_Tea_Gold_500g,2026-08-02,25,8000.0,320.0,22.24,0.0,False,False
BENGALURU_STORE_003,SKU_005_Tata_Tea_Gold_500g,2026-08-03,10,3200.0,320.0,24.96,0.0,False,False
BENGALURU_STORE_003,SKU_005_Tata_Tea_Gold_500g,2026-08-04,19,6080.0,320.0,23.99,0.0,False,False
BENGALURU_STORE_003,SKU_005_Tata_Tea_Gold_500g,2026-08-05,16,5120.0,320.0,19.2,0.0,False,False
BENGALURU_STORE_003,SKU_005_Tata_Tea_Gold_500g,2026-08-06,10,3200.0,320.0,20.94,0.0,False,False
BENGALURU_STORE_003,SKU_005_Tata_Tea_Gold_500g,2026-08-07,14,4480.0,320.0,22.38,0.0,False,False
BENGALURU_STORE_003,SKU_005_Tata_Tea_Gold_500g,2026-08-08,17,5440.0,320.0,24.92,0.0,False,False
BENGALURU_STORE_003,SKU_005_Tata_Tea_Gold_500g,2026-08-09,17,5440.0,320.0,26.17,0.0,False,False
BENGALURU_STORE_003,SKU_005_Tata_Tea_Gold_500g,2026-08-10,20,6400.0,320.0,27.57,0.0,False,False
BENGALURU_STORE_003,SKU_005_Tata_Tea_Gold_500g,2026-08-11,10,3200.0,320.0,23.54,0.0,False,False
BENGALURU_STORE_003,SKU_005_Tata_Tea_Gold_500g,2026-08-12,12,3840.0,320.0,21.31,0.0,False,False
BENGALURU_STORE_003,SKU_005_Tata_Tea_Gold_500g,2026-08-13,14,4480.0,320.0,19.83,0.0,False,False
BENGALURU_STORE_003,SKU_005_Tata_Tea_Gold_500g,2026-08-14,16,5120.0,320.0,25.4,0.0,False,False
BENGALURU_STORE_003,SKU_005_Tata_Tea_Gold_500g,2026-08-15,14,4480.0,320.0,27.02,0.0,False,False
BENGALURU_STORE_003,SKU_005_Tata_Tea_Gold_500g,2026-08-16,15,4800.0,320.0,27.37,0.0,False,False
BENGALURU_STORE_003,SKU_005_Tata_Tea_Gold_500g,2026-08-17,12,3840.0,320.0,23.41,0.0,False,False
BENGALURU_STORE_003,SKU_005_Tata_Tea_Gold_500g,2026-08-18,12,3840.0,320.0,22.21,0.0,False,False
BENGALURU_STORE_003,SKU_005_Tata_Tea_Gold_500g,2026-08-19,14,4480.0,320.0,22.89,0.0,False,False
BENGALURU_STORE_003,SKU_005_Tata_Tea_Gold_500g,2026-08-20,12,3840.0,320.0,18.73,0.0,False,False
BENGALURU_STORE_003,SKU_005_Tata_Tea_Gold_500g,2026-08-21,12,3840.0,320.0,27.4,0.0,False,False
BENGALURU_STORE_003,SKU_005_Tata_Tea_Gold_500g,2026-08-22,14,4480.0,320.0,23.06,0.0,False,False
BENGALURU_STORE_003,SKU_005_Tata_Tea_Gold_500g,2026-08-23,18,5760.0,320.0,22.87,0.0,False,False
BENGALURU_STORE_003,SKU_005_Tata_Tea_Gold_500g,2026-08-24,10,3200.0,320.0,24.37,0.0,False,False
BENGALURU_STORE_003,SKU_005_Tata_Tea_Gold_500g,2026-08-25,14,4480.0,320.0,27.95,0.0,False,False
BENGALURU_STORE_003,SKU_005_Tata_Tea_Gold_500g,2026-08-26,10,3200.0,320.0,20.17,0.0,False,False
BENGALURU_STORE_003,SKU_005_Tata_Tea_Gold_500g,2026-08-27,12,3840.0,320.0,22.7,0.0,False,False
BENGALURU_STORE_003,SKU_005_Tata_Tea_Gold_500g,2026-08-28,9,2880.0,320.0,25.14,0.0,False,False
BENGALURU_STORE_003,SKU_005_Tata_Tea_Gold_500g,2026-08-29,21,6720.0,320.0,23.93,0.0,False,False
BENGALURU_STORE_003,SKU_006_Tata_Salt_1kg,2026-05-31,46,1288.0,28.0,27.42,0.0,False,False
BENGALURU_STORE_003,SKU_006_Tata_Salt_1kg,2026-06-01,31,868.0,28.0,24.57,0.0,False,False
BENGALURU_STORE_003,SKU_006_Tata_Salt_1kg,2026-06-02,30,840.0,28.0,26.28,0.0,False,False
BENGALURU_STORE_003,SKU_006_Tata_Salt_1kg,2026-06-03,26,728.0,28.0,19.22,0.0,False,False
BENGALURU_STORE_003,SKU_006_Tata_Salt_1kg,2026-06-04,26,728.0,28.0,19.51,0.0,False,False
BENGALURU_STORE_003,SKU_006_Tata_Salt_1kg,2026-06-05,38,1064.0,28.0,25.93,0.0,False,False
BENGALURU_STORE_003,SKU_006_Tata_Salt_1kg,2026-06-06,42,1176.0,28.0,23.71,0.0,False,False
BENGALURU_STORE_003,SKU_006_Tata_Salt_1kg,2026-06-07,46,1288.0,28.0,23.12,0.0,False,False
BENGALURU_STORE_003,SKU_006_Tata_Salt_1kg,2026-06-08,35,980.0,28.0,25.61,0.0,False,False
BENGALURU_STORE_003,SKU_006_Tata_Salt_1kg,2026-06-09,37,1036.0,28.0,27.53,0.0,False,False
BENGALURU_STORE_003,SKU_006_Tata_Salt_1kg,2026-06-10,30,840.0,28.0,18.8,0.0,False,False
BENGALURU_STORE_003,SKU_006_Tata_Salt_1kg,2026-06-11,31,868.0,28.0,21.59,0.0,False,False
BENGALURU_STORE_003,SKU_006_Tata_Salt_1kg,2026-06-12,35,980.0,28.0,23.19,0.0,False,False
BENGALURU_STORE_003,SKU_006_Tata_Salt_1kg,2026-06-13,57,1596.0,28.0,26.68,0.0,False,False
BENGALURU_STORE_003,SKU_006_Tata_Salt_1kg,2026-06-14,51,1428.0,28.0,27.23,0.0,False,False
BENGALURU_STORE_003,SKU_006_Tata_Salt_1kg,2026-06-15,33,924.0,28.0,23.3,0.0,False,False
BENGALURU_STORE_003,SKU_006_Tata_Salt_1kg,2026-06-16,30,840.0,28.0,27.84,0.0,False,False
BENGALURU_STORE_003,SKU_006_Tata_Salt_1kg,2026-06-17,39,1092.0,28.0,19.06,0.0,False,False
BENGALURU_STORE_003,SKU_006_Tata_Salt_1kg,2026-06-18,31,868.0,28.0,22.98,0.0,False,False
BENGALURU_STORE_003,SKU_006_Tata_Salt_1kg,2026-06-19,35,980.0,28.0,24.55,0.0,False,False
BENGALURU_STORE_003,SKU_006_Tata_Salt_1kg,2026-06-20,43,1204.0,28.0,27.99,0.0,False,False
BENGALURU_STORE_003,SKU_006_Tata_Salt_1kg,2026-06-21,59,1652.0,28.0,23.11,0.0,False,False
BENGALURU_STORE_003,SKU_006_Tata_Salt_1kg,2026-06-22,36,1008.0,28.0,25.28,0.0,False,False
BENGALURU_STORE_003,SKU_006_Tata_Salt_1kg,2026-06-23,45,1260.0,28.0,26.95,0.0,False,False
BENGALURU_STORE_003,SKU_006_Tata_Salt_1kg,2026-06-24,46,1288.0,28.0,21.27,0.0,False,False
BENGALURU_STORE_003,SKU_006_Tata_Salt_1kg,2026-06-25,33,924.0,28.0,20.31,0.0,False,False
BENGALURU_STORE_003,SKU_006_Tata_Salt_1kg,2026-06-26,29,812.0,28.0,23.18,0.0,False,False
BENGALURU_STORE_003,SKU_006_Tata_Salt_1kg,2026-06-27,50,1400.0,28.0,23.76,0.0,False,False
BENGALURU_STORE_003,SKU_006_Tata_Salt_1kg,2026-06-28,50,1400.0,28.0,24.72,0.0,False,False
BENGALURU_STORE_003,SKU_006_Tata_Salt_1kg,2026-06-29,35,980.0,28.0,25.76,0.0,False,False
BENGALURU_STORE_003,SKU_006_Tata_Salt_1kg,2026-06-30,29,812.0,28.0,23.53,0.0,False,False
BENGALURU_STORE_003,SKU_006_Tata_Salt_1kg,2026-07-01,35,980.0,28.0,21.4,0.0,False,False
BENGALURU_STORE_003,SKU_006_Tata_Salt_1kg,2026-07-02,36,1008.0,28.0,19.44,0.0,False,False
BENGALURU_STORE_003,SKU_006_Tata_Salt_1kg,2026-07-03,36,1008.0,28.0,23.79,0.0,False,False
BENGALURU_STORE_003,SKU_006_Tata_Salt_1kg,2026-07-04,45,1260.0,28.0,26.41,0.0,False,False
BENGALURU_STORE_003,SKU_006_Tata_Salt_1kg,2026-07-05,49,1372.0,28.0,25.71,0.0,False,False
BENGALURU_STORE_003,SKU_006_Tata_Salt_1kg,2026-07-06,34,952.0,28.0,26.01,0.0,False,False
BENGALURU_STORE_003,SKU_006_Tata_Salt_1kg,2026-07-07,36,1008.0,28.0,24.9,0.0,False,False
BENGALURU_STORE_003,SKU_006_Tata_Salt_1kg,2026-07-08,26,728.0,28.0,17.34,0.0,False,False
BENGALURU_STORE_003,SKU_006_Tata_Salt_1kg,2026-07-09,40,1120.0,28.0,20.33,0.0,False,False
BENGALURU_STORE_003,SKU_006_Tata_Salt_1kg,2026-07-10,32,896.0,28.0,22.51,0.0,False,False
BENGALURU_STORE_003,SKU_006_Tata_Salt_1kg,2026-07-11,61,1708.0,28.0,22.59,0.0,False,False
BENGALURU_STORE_003,SKU_006_Tata_Salt_1kg,2026-07-12,46,1288.0,28.0,26.47,0.0,False,False
BENGALURU_STORE_003,SKU_006_Tata_Salt_1kg,2026-07-13,35,980.0,28.0,25.19,0.0,False,False
BENGALURU_STORE_003,SKU_006_Tata_Salt_1kg,2026-07-14,39,1092.0,28.0,24.33,0.0,False,False
BENGALURU_STORE_003,SKU_006_Tata_Salt_1kg,2026-07-15,38,1064.0,28.0,21.09,0.0,False,False
BENGALURU_STORE_003,SKU_006_Tata_Salt_1kg,2026-07-16,27,756.0,28.0,22.89,0.0,False,False
BENGALURU_STORE_003,SKU_006_Tata_Salt_1kg,2026-07-17,35,980.0,28.0,25.76,0.0,False,False
BENGALURU_STORE_003,SKU_006_Tata_Salt_1kg,2026-07-18,49,1372.0,28.0,23.92,0.0,False,False
BENGALURU_STORE_003,SKU_006_Tata_Salt_1kg,2026-07-19,45,1260.0,28.0,25.67,0.0,False,False
BENGALURU_STORE_003,SKU_006_Tata_Salt_1kg,2026-07-20,39,1092.0,28.0,24.8,0.0,False,False
BENGALURU_STORE_003,SKU_006_Tata_Salt_1kg,2026-07-21,37,1036.0,28.0,25.5,0.0,False,False
BENGALURU_STORE_003,SKU_006_Tata_Salt_1kg,2026-07-22,31,868.0,28.0,18.12,0.0,False,False
BENGALURU_STORE_003,SKU_006_Tata_Salt_1kg,2026-07-23,43,1204.0,28.0,19.01,0.0,False,False
BENGALURU_STORE_003,SKU_006_Tata_Salt_1kg,2026-07-24,31,868.0,28.0,24.83,0.0,False,False
BENGALURU_STORE_003,SKU_006_Tata_Salt_1kg,2026-07-25,46,1288.0,28.0,25.32,0.0,False,False
BENGALURU_STORE_003,SKU_006_Tata_Salt_1kg,2026-07-26,67,1876.0,28.0,26.24,0.0,False,False
BENGALURU_STORE_003,SKU_006_Tata_Salt_1kg,2026-07-27,28,784.0,28.0,27.22,0.0,False,False
BENGALURU_STORE_003,SKU_006_Tata_Salt_1kg,2026-07-28,28,784.0,28.0,23.78,0.0,False,False
BENGALURU_STORE_003,SKU_006_Tata_Salt_1kg,2026-07-29,35,980.0,28.0,19.79,0.0,False,False
BENGALURU_STORE_003,SKU_006_Tata_Salt_1kg,2026-07-30,35,980.0,28.0,19.32,0.0,False,False
BENGALURU_STORE_003,SKU_006_Tata_Salt_1kg,2026-07-31,47,1316.0,28.0,22.2,0.0,False,False
BENGALURU_STORE_003,SKU_006_Tata_Salt_1kg,2026-08-01,48,1344.0,28.0,26.33,0.0,False,False
BENGALURU_STORE_003,SKU_006_Tata_Salt_1kg,2026-08-02,46,1288.0,28.0,26.77,0.0,False,False
BENGALURU_STORE_003,SKU_006_Tata_Salt_1kg,2026-08-03,38,1064.0,28.0,27.22,0.0,False,False
BENGALURU_STORE_003,SKU_006_Tata_Salt_1kg,2026-08-04,35,980.0,28.0,26.1,0.0,False,False
BENGALURU_STORE_003,SKU_006_Tata_Salt_1kg,2026-08-05,48,1344.0,28.0,17.88,0.0,False,False
BENGALURU_STORE_003,SKU_006_Tata_Salt_1kg,2026-08-06,32,896.0,28.0,21.62,0.0,False,False
BENGALURU_STORE_003,SKU_006_Tata_Salt_1kg,2026-08-07,36,1008.0,28.0,22.99,0.0,False,False
BENGALURU_STORE_003,SKU_006_Tata_Salt_1kg,2026-08-08,62,1736.0,28.0,27.55,0.0,False,False
BENGALURU_STORE_003,SKU_006_Tata_Salt_1kg,2026-08-09,47,1316.0,28.0,22.3,0.0,False,False
BENGALURU_STORE_003,SKU_006_Tata_Salt_1kg,2026-08-10,30,840.0,28.0,26.69,0.0,False,False
BENGALURU_STORE_003,SKU_006_Tata_Salt_1kg,2026-08-11,22,616.0,28.0,26.26,0.0,False,False
BENGALURU_STORE_003,SKU_006_Tata_Salt_1kg,2026-08-12,39,1092.0,28.0,17.82,0.0,False,False
BENGALURU_STORE_003,SKU_006_Tata_Salt_1kg,2026-08-13,40,1120.0,28.0,22.78,0.0,False,False
BENGALURU_STORE_003,SKU_006_Tata_Salt_1kg,2026-08-14,24,672.0,28.0,25.1,0.0,False,False
BENGALURU_STORE_003,SKU_006_Tata_Salt_1kg,2026-08-15,44,1232.0,28.0,26.22,0.0,False,False
BENGALURU_STORE_003,SKU_006_Tata_Salt_1kg,2026-08-16,55,1540.0,28.0,25.89,0.0,False,False
BENGALURU_STORE_003,SKU_006_Tata_Salt_1kg,2026-08-17,36,1008.0,28.0,25.59,0.0,False,False
BENGALURU_STORE_003,SKU_006_Tata_Salt_1kg,2026-08-18,32,896.0,28.0,27.43,0.0,False,False
BENGALURU_STORE_003,SKU_006_Tata_Salt_1kg,2026-08-19,34,952.0,28.0,19.68,0.0,False,False
BENGALURU_STORE_003,SKU_006_Tata_Salt_1kg,2026-08-20,45,1260.0,28.0,18.67,0.0,False,False
BENGALURU_STORE_003,SKU_006_Tata_Salt_1kg,2026-08-21,32,896.0,28.0,25.64,0.0,False,False
BENGALURU_STORE_003,SKU_006_Tata_Salt_1kg,2026-08-22,55,1540.0,28.0,22.59,0.0,False,False
BENGALURU_STORE_003,SKU_006_Tata_Salt_1kg,2026-08-23,55,1540.0,28.0,23.83,0.0,False,False
BENGALURU_STORE_003,SKU_006_Tata_Salt_1kg,2026-08-24,45,1260.0,28.0,22.15,0.0,False,False
BENGALURU_STORE_003,SKU_006_Tata_Salt_1kg,2026-08-25,31,868.0,28.0,26.16,0.0,False,False
BENGALURU_STORE_003,SKU_006_Tata_Salt_1kg,2026-08-26,36,1008.0,28.0,19.35,0.0,False,False
BENGALURU_STORE_003,SKU_006_Tata_Salt_1kg,2026-08-27,39,1092.0,28.0,21.13,0.0,False,False
BENGALURU_STORE_003,SKU_006_Tata_Salt_1kg,2026-08-28,38,1064.0,28.0,27.64,0.0,False,False
BENGALURU_STORE_003,SKU_006_Tata_Salt_1kg,2026-08-29,41,1148.0,28.0,27.04,0.0,False,False
BENGALURU_STORE_003,SKU_007_Toor_Dal_Premium_1kg,2026-05-31,22,3630.0,165.0,31.37,0.0,False,False
BENGALURU_STORE_003,SKU_007_Toor_Dal_Premium_1kg,2026-06-01,21,3465.0,165.0,27.21,0.0,False,False
BENGALURU_STORE_003,SKU_007_Toor_Dal_Premium_1kg,2026-06-02,14,2310.0,165.0,27.85,0.0,False,False
BENGALURU_STORE_003,SKU_007_Toor_Dal_Premium_1kg,2026-06-03,20,3300.0,165.0,22.38,0.0,False,False
BENGALURU_STORE_003,SKU_007_Toor_Dal_Premium_1kg,2026-06-04,14,2310.0,165.0,23.66,0.0,False,False
BENGALURU_STORE_003,SKU_007_Toor_Dal_Premium_1kg,2026-06-05,17,2805.0,165.0,29.51,0.0,False,False
BENGALURU_STORE_003,SKU_007_Toor_Dal_Premium_1kg,2026-06-06,21,3465.0,165.0,30.6,0.0,False,False
BENGALURU_STORE_003,SKU_007_Toor_Dal_Premium_1kg,2026-06-07,22,3630.0,165.0,31.72,0.0,False,False
BENGALURU_STORE_003,SKU_007_Toor_Dal_Premium_1kg,2026-06-08,10,1650.0,165.0,30.58,0.0,False,False
BENGALURU_STORE_003,SKU_007_Toor_Dal_Premium_1kg,2026-06-09,14,2310.0,165.0,29.23,0.0,False,False
BENGALURU_STORE_003,SKU_007_Toor_Dal_Premium_1kg,2026-06-10,11,1815.0,165.0,24.1,0.0,False,False
BENGALURU_STORE_003,SKU_007_Toor_Dal_Premium_1kg,2026-06-11,19,3135.0,165.0,27.4,0.0,False,False
BENGALURU_STORE_003,SKU_007_Toor_Dal_Premium_1kg,2026-06-12,19,3135.0,165.0,30.1,0.0,False,False
BENGALURU_STORE_003,SKU_007_Toor_Dal_Premium_1kg,2026-06-13,22,3630.0,165.0,31.63,0.0,False,False
BENGALURU_STORE_003,SKU_007_Toor_Dal_Premium_1kg,2026-06-14,19,3135.0,165.0,31.76,0.0,False,False
BENGALURU_STORE_003,SKU_007_Toor_Dal_Premium_1kg,2026-06-15,15,2475.0,165.0,30.6,0.0,False,False
BENGALURU_STORE_003,SKU_007_Toor_Dal_Premium_1kg,2026-06-16,15,2475.0,165.0,31.52,0.0,False,False
BENGALURU_STORE_003,SKU_007_Toor_Dal_Premium_1kg,2026-06-17,10,1650.0,165.0,27.55,0.0,False,False
BENGALURU_STORE_003,SKU_007_Toor_Dal_Premium_1kg,2026-06-18,14,2310.0,165.0,22.94,0.0,False,False
BENGALURU_STORE_003,SKU_007_Toor_Dal_Premium_1kg,2026-06-19,19,3135.0,165.0,28.76,0.0,False,False
BENGALURU_STORE_003,SKU_007_Toor_Dal_Premium_1kg,2026-06-20,22,3630.0,165.0,30.78,0.0,False,False
BENGALURU_STORE_003,SKU_007_Toor_Dal_Premium_1kg,2026-06-21,15,2475.0,165.0,27.07,0.0,False,False
BENGALURU_STORE_003,SKU_007_Toor_Dal_Premium_1kg,2026-06-22,17,2805.0,165.0,30.12,0.0,False,False
BENGALURU_STORE_003,SKU_007_Toor_Dal_Premium_1kg,2026-06-23,18,2970.0,165.0,29.9,0.0,False,False
BENGALURU_STORE_003,SKU_007_Toor_Dal_Premium_1kg,2026-06-24,14,2310.0,165.0,25.9,0.0,False,False
BENGALURU_STORE_003,SKU_007_Toor_Dal_Premium_1kg,2026-06-25,13,2145.0,165.0,23.14,0.0,False,False
BENGALURU_STORE_003,SKU_007_Toor_Dal_Premium_1kg,2026-06-26,14,2310.0,165.0,28.3,0.0,False,False
BENGALURU_STORE_003,SKU_007_Toor_Dal_Premium_1kg,2026-06-27,21,3465.0,165.0,31.86,0.0,False,False
BENGALURU_STORE_003,SKU_007_Toor_Dal_Premium_1kg,2026-06-28,33,5445.0,165.0,30.25,0.0,False,False
BENGALURU_STORE_003,SKU_007_Toor_Dal_Premium_1kg,2026-06-29,18,2970.0,165.0,27.67,0.0,False,False
BENGALURU_STORE_003,SKU_007_Toor_Dal_Premium_1kg,2026-06-30,15,2475.0,165.0,30.82,0.0,False,False
BENGALURU_STORE_003,SKU_007_Toor_Dal_Premium_1kg,2026-07-01,18,2970.0,165.0,25.36,0.0,False,False
BENGALURU_STORE_003,SKU_007_Toor_Dal_Premium_1kg,2026-07-02,17,2805.0,165.0,22.94,0.0,False,False
BENGALURU_STORE_003,SKU_007_Toor_Dal_Premium_1kg,2026-07-03,18,2970.0,165.0,28.63,0.0,False,False
BENGALURU_STORE_003,SKU_007_Toor_Dal_Premium_1kg,2026-07-04,22,3630.0,165.0,28.44,0.0,False,False
BENGALURU_STORE_003,SKU_007_Toor_Dal_Premium_1kg,2026-07-05,16,2640.0,165.0,32.25,0.0,False,False
BENGALURU_STORE_003,SKU_007_Toor_Dal_Premium_1kg,2026-07-06,19,3135.0,165.0,29.84,0.0,False,False
BENGALURU_STORE_003,SKU_007_Toor_Dal_Premium_1kg,2026-07-07,21,3465.0,165.0,29.05,0.0,False,False
BENGALURU_STORE_003,SKU_007_Toor_Dal_Premium_1kg,2026-07-08,20,3300.0,165.0,24.3,0.0,False,False
BENGALURU_STORE_003,SKU_007_Toor_Dal_Premium_1kg,2026-07-09,16,2640.0,165.0,26.37,0.0,False,False
BENGALURU_STORE_003,SKU_007_Toor_Dal_Premium_1kg,2026-07-10,12,1980.0,165.0,31.71,0.0,False,False
BENGALURU_STORE_003,SKU_007_Toor_Dal_Premium_1kg,2026-07-11,34,5610.0,165.0,27.6,0.0,False,False
BENGALURU_STORE_003,SKU_007_Toor_Dal_Premium_1kg,2026-07-12,16,2640.0,165.0,27.85,0.0,False,False
BENGALURU_STORE_003,SKU_007_Toor_Dal_Premium_1kg,2026-07-13,9,1485.0,165.0,28.65,0.0,False,False
BENGALURU_STORE_003,SKU_007_Toor_Dal_Premium_1kg,2026-07-14,15,2475.0,165.0,28.25,0.0,False,False
BENGALURU_STORE_003,SKU_007_Toor_Dal_Premium_1kg,2026-07-15,17,2805.0,165.0,23.44,0.0,False,False
BENGALURU_STORE_003,SKU_007_Toor_Dal_Premium_1kg,2026-07-16,21,3465.0,165.0,22.42,0.0,False,False
BENGALURU_STORE_003,SKU_007_Toor_Dal_Premium_1kg,2026-07-17,14,2310.0,165.0,29.02,0.0,False,False
BENGALURU_STORE_003,SKU_007_Toor_Dal_Premium_1kg,2026-07-18,28,4620.0,165.0,30.47,0.0,False,False
BENGALURU_STORE_003,SKU_007_Toor_Dal_Premium_1kg,2026-07-19,23,3795.0,165.0,27.14,0.0,False,False
BENGALURU_STORE_003,SKU_007_Toor_Dal_Premium_1kg,2026-07-20,15,2475.0,165.0,29.75,0.0,False,False
BENGALURU_STORE_003,SKU_007_Toor_Dal_Premium_1kg,2026-07-21,8,1320.0,165.0,31.98,0.0,False,False
BENGALURU_STORE_003,SKU_007_Toor_Dal_Premium_1kg,2026-07-22,18,2970.0,165.0,22.26,0.0,False,False
BENGALURU_STORE_003,SKU_007_Toor_Dal_Premium_1kg,2026-07-23,14,2310.0,165.0,22.62,0.0,False,False
BENGALURU_STORE_003,SKU_007_Toor_Dal_Premium_1kg,2026-07-24,15,2475.0,165.0,27.26,0.0,False,False
BENGALURU_STORE_003,SKU_007_Toor_Dal_Premium_1kg,2026-07-25,28,4620.0,165.0,27.64,0.0,False,False
BENGALURU_STORE_003,SKU_007_Toor_Dal_Premium_1kg,2026-07-26,26,4290.0,165.0,28.34,0.0,False,False
BENGALURU_STORE_003,SKU_007_Toor_Dal_Premium_1kg,2026-07-27,13,2145.0,165.0,29.18,0.0,False,False
BENGALURU_STORE_003,SKU_007_Toor_Dal_Premium_1kg,2026-07-28,20,3300.0,165.0,32.61,0.0,False,False
BENGALURU_STORE_003,SKU_007_Toor_Dal_Premium_1kg,2026-07-29,13,2145.0,165.0,24.37,0.0,False,False
BENGALURU_STORE_003,SKU_007_Toor_Dal_Premium_1kg,2026-07-30,18,2970.0,165.0,22.47,0.0,False,False
BENGALURU_STORE_003,SKU_007_Toor_Dal_Premium_1kg,2026-07-31,16,2640.0,165.0,31.11,0.0,False,False
BENGALURU_STORE_003,SKU_007_Toor_Dal_Premium_1kg,2026-08-01,22,3630.0,165.0,32.49,0.0,False,False
BENGALURU_STORE_003,SKU_007_Toor_Dal_Premium_1kg,2026-08-02,26,4290.0,165.0,28.74,0.0,False,False
BENGALURU_STORE_003,SKU_007_Toor_Dal_Premium_1kg,2026-08-03,16,2640.0,165.0,28.4,0.0,False,False
BENGALURU_STORE_003,SKU_007_Toor_Dal_Premium_1kg,2026-08-04,18,2970.0,165.0,27.59,0.0,False,False
BENGALURU_STORE_003,SKU_007_Toor_Dal_Premium_1kg,2026-08-05,4,660.0,165.0,25.62,0.0,False,False
BENGALURU_STORE_003,SKU_007_Toor_Dal_Premium_1kg,2026-08-06,25,4125.0,165.0,23.44,0.0,False,False
BENGALURU_STORE_003,SKU_007_Toor_Dal_Premium_1kg,2026-08-07,20,3300.0,165.0,31.51,0.0,False,False
BENGALURU_STORE_003,SKU_007_Toor_Dal_Premium_1kg,2026-08-08,21,3465.0,165.0,30.42,0.0,False,False
BENGALURU_STORE_003,SKU_007_Toor_Dal_Premium_1kg,2026-08-09,15,2475.0,165.0,32.73,0.0,False,False
BENGALURU_STORE_003,SKU_007_Toor_Dal_Premium_1kg,2026-08-10,13,2145.0,165.0,28.72,0.0,False,False
BENGALURU_STORE_003,SKU_007_Toor_Dal_Premium_1kg,2026-08-11,18,2970.0,165.0,31.8,0.0,False,False
BENGALURU_STORE_003,SKU_007_Toor_Dal_Premium_1kg,2026-08-12,15,2475.0,165.0,27.02,0.0,False,False
BENGALURU_STORE_003,SKU_007_Toor_Dal_Premium_1kg,2026-08-13,19,3135.0,165.0,26.76,0.0,False,False
BENGALURU_STORE_003,SKU_007_Toor_Dal_Premium_1kg,2026-08-14,14,2310.0,165.0,29.4,0.0,False,False
BENGALURU_STORE_003,SKU_007_Toor_Dal_Premium_1kg,2026-08-15,27,4455.0,165.0,29.95,0.0,False,False
BENGALURU_STORE_003,SKU_007_Toor_Dal_Premium_1kg,2026-08-16,20,3300.0,165.0,32.49,0.0,False,False
BENGALURU_STORE_003,SKU_007_Toor_Dal_Premium_1kg,2026-08-17,18,2970.0,165.0,32.05,0.0,False,False
BENGALURU_STORE_003,SKU_007_Toor_Dal_Premium_1kg,2026-08-18,14,2310.0,165.0,29.23,0.0,False,False
BENGALURU_STORE_003,SKU_007_Toor_Dal_Premium_1kg,2026-08-19,7,1155.0,165.0,23.3,0.0,False,False
BENGALURU_STORE_003,SKU_007_Toor_Dal_Premium_1kg,2026-08-20,17,2805.0,165.0,26.55,0.0,False,False
BENGALURU_STORE_003,SKU_007_Toor_Dal_Premium_1kg,2026-08-21,18,2970.0,165.0,28.76,0.0,False,False
BENGALURU_STORE_003,SKU_007_Toor_Dal_Premium_1kg,2026-08-22,17,2805.0,165.0,28.07,0.0,False,False
BENGALURU_STORE_003,SKU_007_Toor_Dal_Premium_1kg,2026-08-23,20,3300.0,165.0,28.27,0.0,False,False
BENGALURU_STORE_003,SKU_007_Toor_Dal_Premium_1kg,2026-08-24,14,2310.0,165.0,28.31,0.0,False,False
BENGALURU_STORE_003,SKU_007_Toor_Dal_Premium_1kg,2026-08-25,16,2640.0,165.0,30.18,0.0,False,False
BENGALURU_STORE_003,SKU_007_Toor_Dal_Premium_1kg,2026-08-26,21,3465.0,165.0,25.97,0.0,False,False
BENGALURU_STORE_003,SKU_007_Toor_Dal_Premium_1kg,2026-08-27,19,3135.0,165.0,27.06,0.0,False,False
BENGALURU_STORE_003,SKU_007_Toor_Dal_Premium_1kg,2026-08-28,18,2970.0,165.0,31.36,0.0,False,False
BENGALURU_STORE_003,SKU_007_Toor_Dal_Premium_1kg,2026-08-29,19,3135.0,165.0,30.95,0.0,False,False
BENGALURU_STORE_003,SKU_008_Maggi_Noodles_12Pack,2026-05-31,48,8064.0,168.0,30.91,0.0,False,False
BENGALURU_STORE_003,SKU_008_Maggi_Noodles_12Pack,2026-06-01,20,3360.0,168.0,27.94,0.0,False,False
BENGALURU_STORE_003,SKU_008_Maggi_Noodles_12Pack,2026-06-02,32,5376.0,168.0,29.06,0.0,False,False
BENGALURU_STORE_003,SKU_008_Maggi_Noodles_12Pack,2026-06-03,22,3696.0,168.0,26.45,0.0,False,False
BENGALURU_STORE_003,SKU_008_Maggi_Noodles_12Pack,2026-06-04,35,5880.0,168.0,22.88,0.0,False,False
BENGALURU_STORE_003,SKU_008_Maggi_Noodles_12Pack,2026-06-05,28,4704.0,168.0,30.05,0.0,False,False
BENGALURU_STORE_003,SKU_008_Maggi_Noodles_12Pack,2026-06-06,32,5376.0,168.0,29.57,0.0,False,False
BENGALURU_STORE_003,SKU_008_Maggi_Noodles_12Pack,2026-06-07,34,5712.0,168.0,28.22,0.0,False,False
BENGALURU_STORE_003,SKU_008_Maggi_Noodles_12Pack,2026-06-08,24,4032.0,168.0,28.33,0.0,False,False
BENGALURU_STORE_003,SKU_008_Maggi_Noodles_12Pack,2026-06-09,24,4032.0,168.0,28.38,0.0,False,False
BENGALURU_STORE_003,SKU_008_Maggi_Noodles_12Pack,2026-06-10,27,4536.0,168.0,24.99,0.0,False,False
BENGALURU_STORE_003,SKU_008_Maggi_Noodles_12Pack,2026-06-11,23,3864.0,168.0,27.3,0.0,False,False
BENGALURU_STORE_003,SKU_008_Maggi_Noodles_12Pack,2026-06-12,28,4704.0,168.0,32.6,0.0,False,False
BENGALURU_STORE_003,SKU_008_Maggi_Noodles_12Pack,2026-06-13,48,8064.0,168.0,31.05,0.0,False,False
BENGALURU_STORE_003,SKU_008_Maggi_Noodles_12Pack,2026-06-14,38,6384.0,168.0,32.92,0.0,False,False
BENGALURU_STORE_003,SKU_008_Maggi_Noodles_12Pack,2026-06-15,27,4536.0,168.0,28.62,0.0,False,False
BENGALURU_STORE_003,SKU_008_Maggi_Noodles_12Pack,2026-06-16,26,4368.0,168.0,29.6,0.0,False,False
BENGALURU_STORE_003,SKU_008_Maggi_Noodles_12Pack,2026-06-17,26,4368.0,168.0,27.18,0.0,False,False
BENGALURU_STORE_003,SKU_008_Maggi_Noodles_12Pack,2026-06-18,32,5376.0,168.0,27.95,0.0,False,False
BENGALURU_STORE_003,SKU_008_Maggi_Noodles_12Pack,2026-06-19,31,5208.0,168.0,31.97,0.0,False,False
BENGALURU_STORE_003,SKU_008_Maggi_Noodles_12Pack,2026-06-20,35,5880.0,168.0,31.0,0.0,False,False
BENGALURU_STORE_003,SKU_008_Maggi_Noodles_12Pack,2026-06-21,51,8568.0,168.0,27.5,0.0,False,False
BENGALURU_STORE_003,SKU_008_Maggi_Noodles_12Pack,2026-06-22,27,4536.0,168.0,29.45,0.0,False,False
BENGALURU_STORE_003,SKU_008_Maggi_Noodles_12Pack,2026-06-23,17,2856.0,168.0,31.76,0.0,False,False
BENGALURU_STORE_003,SKU_008_Maggi_Noodles_12Pack,2026-06-24,19,3192.0,168.0,24.71,0.0,False,False
BENGALURU_STORE_003,SKU_008_Maggi_Noodles_12Pack,2026-06-25,31,5208.0,168.0,22.47,0.0,False,False
BENGALURU_STORE_003,SKU_008_Maggi_Noodles_12Pack,2026-06-26,24,4032.0,168.0,27.37,0.0,False,False
BENGALURU_STORE_003,SKU_008_Maggi_Noodles_12Pack,2026-06-27,35,5880.0,168.0,31.73,0.0,False,False
BENGALURU_STORE_003,SKU_008_Maggi_Noodles_12Pack,2026-06-28,29,4872.0,168.0,27.43,0.0,False,False
BENGALURU_STORE_003,SKU_008_Maggi_Noodles_12Pack,2026-06-29,18,3024.0,168.0,32.23,0.0,False,False
BENGALURU_STORE_003,SKU_008_Maggi_Noodles_12Pack,2026-06-30,24,4032.0,168.0,29.01,0.0,False,False
BENGALURU_STORE_003,SKU_008_Maggi_Noodles_12Pack,2026-07-01,24,4032.0,168.0,26.14,0.0,False,False
BENGALURU_STORE_003,SKU_008_Maggi_Noodles_12Pack,2026-07-02,29,4872.0,168.0,27.02,0.0,False,False
BENGALURU_STORE_003,SKU_008_Maggi_Noodles_12Pack,2026-07-03,26,4368.0,168.0,28.13,0.0,False,False
BENGALURU_STORE_003,SKU_008_Maggi_Noodles_12Pack,2026-07-04,36,6048.0,168.0,32.14,0.0,False,False
BENGALURU_STORE_003,SKU_008_Maggi_Noodles_12Pack,2026-07-05,39,6552.0,168.0,30.77,0.0,False,False
BENGALURU_STORE_003,SKU_008_Maggi_Noodles_12Pack,2026-07-06,24,4032.0,168.0,32.45,0.0,False,False
BENGALURU_STORE_003,SKU_008_Maggi_Noodles_12Pack,2026-07-07,21,3528.0,168.0,28.42,0.0,False,False
BENGALURU_STORE_003,SKU_008_Maggi_Noodles_12Pack,2026-07-08,23,3864.0,168.0,26.82,0.0,False,False
BENGALURU_STORE_003,SKU_008_Maggi_Noodles_12Pack,2026-07-09,28,4704.0,168.0,24.62,0.0,False,False
BENGALURU_STORE_003,SKU_008_Maggi_Noodles_12Pack,2026-07-10,29,4872.0,168.0,30.58,0.0,False,False
BENGALURU_STORE_003,SKU_008_Maggi_Noodles_12Pack,2026-07-11,36,6048.0,168.0,30.11,0.0,False,False
BENGALURU_STORE_003,SKU_008_Maggi_Noodles_12Pack,2026-07-12,45,7560.0,168.0,27.72,0.0,False,False
BENGALURU_STORE_003,SKU_008_Maggi_Noodles_12Pack,2026-07-13,23,3864.0,168.0,28.95,0.0,False,False
BENGALURU_STORE_003,SKU_008_Maggi_Noodles_12Pack,2026-07-14,18,3024.0,168.0,27.9,0.0,False,False
BENGALURU_STORE_003,SKU_008_Maggi_Noodles_12Pack,2026-07-15,37,6216.0,168.0,22.28,0.0,False,False
BENGALURU_STORE_003,SKU_008_Maggi_Noodles_12Pack,2026-07-16,17,2856.0,168.0,22.38,0.0,False,False
BENGALURU_STORE_003,SKU_008_Maggi_Noodles_12Pack,2026-07-17,22,3696.0,168.0,31.89,0.0,False,False
BENGALURU_STORE_003,SKU_008_Maggi_Noodles_12Pack,2026-07-18,35,5880.0,168.0,30.88,0.0,False,False
BENGALURU_STORE_003,SKU_008_Maggi_Noodles_12Pack,2026-07-19,38,6384.0,168.0,32.25,0.0,False,False
BENGALURU_STORE_003,SKU_008_Maggi_Noodles_12Pack,2026-07-20,17,2856.0,168.0,27.61,0.0,False,False
BENGALURU_STORE_003,SKU_008_Maggi_Noodles_12Pack,2026-07-21,38,6384.0,168.0,29.65,0.0,False,False
BENGALURU_STORE_003,SKU_008_Maggi_Noodles_12Pack,2026-07-22,19,3192.0,168.0,27.61,0.0,False,False
BENGALURU_STORE_003,SKU_008_Maggi_Noodles_12Pack,2026-07-23,30,5040.0,168.0,26.82,0.0,False,False
BENGALURU_STORE_003,SKU_008_Maggi_Noodles_12Pack,2026-07-24,18,3024.0,168.0,27.54,0.0,False,False
BENGALURU_STORE_003,SKU_008_Maggi_Noodles_12Pack,2026-07-25,41,6888.0,168.0,30.99,0.0,False,False
BENGALURU_STORE_003,SKU_008_Maggi_Noodles_12Pack,2026-07-26,39,6552.0,168.0,31.47,0.0,False,False
BENGALURU_STORE_003,SKU_008_Maggi_Noodles_12Pack,2026-07-27,24,4032.0,168.0,27.15,0.0,False,False
BENGALURU_STORE_003,SKU_008_Maggi_Noodles_12Pack,2026-07-28,23,3864.0,168.0,32.94,0.0,False,False
BENGALURU_STORE_003,SKU_008_Maggi_Noodles_12Pack,2026-07-29,29,4872.0,168.0,23.43,0.0,False,False
BENGALURU_STORE_003,SKU_008_Maggi_Noodles_12Pack,2026-07-30,33,5544.0,168.0,24.44,0.0,False,False
BENGALURU_STORE_003,SKU_008_Maggi_Noodles_12Pack,2026-07-31,22,3696.0,168.0,29.29,0.0,False,False
BENGALURU_STORE_003,SKU_008_Maggi_Noodles_12Pack,2026-08-01,44,7392.0,168.0,31.14,0.0,False,False
BENGALURU_STORE_003,SKU_008_Maggi_Noodles_12Pack,2026-08-02,29,4872.0,168.0,27.4,0.0,False,False
BENGALURU_STORE_003,SKU_008_Maggi_Noodles_12Pack,2026-08-03,24,4032.0,168.0,30.13,0.0,False,False
BENGALURU_STORE_003,SKU_008_Maggi_Noodles_12Pack,2026-08-04,22,3696.0,168.0,28.09,0.0,False,False
BENGALURU_STORE_003,SKU_008_Maggi_Noodles_12Pack,2026-08-05,32,5376.0,168.0,26.41,0.0,False,False
BENGALURU_STORE_003,SKU_008_Maggi_Noodles_12Pack,2026-08-06,24,4032.0,168.0,26.4,0.0,False,False
BENGALURU_STORE_003,SKU_008_Maggi_Noodles_12Pack,2026-08-07,24,4032.0,168.0,29.83,0.0,False,False
BENGALURU_STORE_003,SKU_008_Maggi_Noodles_12Pack,2026-08-08,38,6384.0,168.0,29.8,0.0,False,False
BENGALURU_STORE_003,SKU_008_Maggi_Noodles_12Pack,2026-08-09,32,5376.0,168.0,31.28,0.0,False,False
BENGALURU_STORE_003,SKU_008_Maggi_Noodles_12Pack,2026-08-10,20,3360.0,168.0,30.41,0.0,False,False
BENGALURU_STORE_003,SKU_008_Maggi_Noodles_12Pack,2026-08-11,24,4032.0,168.0,29.48,0.0,False,False
BENGALURU_STORE_003,SKU_008_Maggi_Noodles_12Pack,2026-08-12,23,3864.0,168.0,23.04,0.0,False,False
BENGALURU_STORE_003,SKU_008_Maggi_Noodles_12Pack,2026-08-13,35,5880.0,168.0,23.35,0.0,False,False
BENGALURU_STORE_003,SKU_008_Maggi_Noodles_12Pack,2026-08-14,27,4536.0,168.0,32.63,0.0,False,False
BENGALURU_STORE_003,SKU_008_Maggi_Noodles_12Pack,2026-08-15,42,7056.0,168.0,32.37,0.0,False,False
BENGALURU_STORE_003,SKU_008_Maggi_Noodles_12Pack,2026-08-16,23,3864.0,168.0,28.36,0.0,False,False
BENGALURU_STORE_003,SKU_008_Maggi_Noodles_12Pack,2026-08-17,24,4032.0,168.0,31.89,0.0,False,False
BENGALURU_STORE_003,SKU_008_Maggi_Noodles_12Pack,2026-08-18,15,2520.0,168.0,31.56,0.0,False,False
BENGALURU_STORE_003,SKU_008_Maggi_Noodles_12Pack,2026-08-19,32,5376.0,168.0,22.18,0.0,False,False
BENGALURU_STORE_003,SKU_008_Maggi_Noodles_12Pack,2026-08-20,19,3192.0,168.0,26.83,0.0,False,False
BENGALURU_STORE_003,SKU_008_Maggi_Noodles_12Pack,2026-08-21,32,5376.0,168.0,31.86,0.0,False,False
BENGALURU_STORE_003,SKU_008_Maggi_Noodles_12Pack,2026-08-22,39,6552.0,168.0,28.62,0.0,False,False
BENGALURU_STORE_003,SKU_008_Maggi_Noodles_12Pack,2026-08-23,32,5376.0,168.0,32.42,0.0,False,False
BENGALURU_STORE_003,SKU_008_Maggi_Noodles_12Pack,2026-08-24,22,3696.0,168.0,29.96,0.0,False,False
BENGALURU_STORE_003,SKU_008_Maggi_Noodles_12Pack,2026-08-25,33,5544.0,168.0,29.38,0.0,False,False
BENGALURU_STORE_003,SKU_008_Maggi_Noodles_12Pack,2026-08-26,28,4704.0,168.0,26.1,0.0,False,False
BENGALURU_STORE_003,SKU_008_Maggi_Noodles_12Pack,2026-08-27,29,4872.0,168.0,22.15,0.0,False,False
BENGALURU_STORE_003,SKU_008_Maggi_Noodles_12Pack,2026-08-28,28,4704.0,168.0,30.59,0.0,False,False
BENGALURU_STORE_003,SKU_008_Maggi_Noodles_12Pack,2026-08-29,29,4872.0,168.0,32.38,0.0,False,False
BENGALURU_STORE_003,SKU_009_Cadbury_Dairy_Milk_Silk,2026-05-31,27,2565.0,95.0,23.25,0.0,False,False
BENGALURU_STORE_003,SKU_009_Cadbury_Dairy_Milk_Silk,2026-06-01,19,1805.0,95.0,26.03,0.0,False,False
BENGALURU_STORE_003,SKU_009_Cadbury_Dairy_Milk_Silk,2026-06-02,20,1900.0,95.0,24.09,0.0,False,False
BENGALURU_STORE_003,SKU_009_Cadbury_Dairy_Milk_Silk,2026-06-03,16,1520.0,95.0,17.87,0.0,False,False
BENGALURU_STORE_003,SKU_009_Cadbury_Dairy_Milk_Silk,2026-06-04,23,2185.0,95.0,19.43,0.0,False,False
BENGALURU_STORE_003,SKU_009_Cadbury_Dairy_Milk_Silk,2026-06-05,22,2090.0,95.0,23.3,0.0,False,False
BENGALURU_STORE_003,SKU_009_Cadbury_Dairy_Milk_Silk,2026-06-06,31,2945.0,95.0,24.83,0.0,False,False
BENGALURU_STORE_003,SKU_009_Cadbury_Dairy_Milk_Silk,2026-06-07,31,2945.0,95.0,27.57,0.0,False,False
BENGALURU_STORE_003,SKU_009_Cadbury_Dairy_Milk_Silk,2026-06-08,18,1710.0,95.0,26.04,0.0,False,False
BENGALURU_STORE_003,SKU_009_Cadbury_Dairy_Milk_Silk,2026-06-09,32,3040.0,95.0,25.03,0.0,False,False
BENGALURU_STORE_003,SKU_009_Cadbury_Dairy_Milk_Silk,2026-06-10,26,2470.0,95.0,20.11,0.0,False,False
BENGALURU_STORE_003,SKU_009_Cadbury_Dairy_Milk_Silk,2026-06-11,23,2185.0,95.0,22.6,0.0,False,False
BENGALURU_STORE_003,SKU_009_Cadbury_Dairy_Milk_Silk,2026-06-12,14,1330.0,95.0,26.08,0.0,False,False
BENGALURU_STORE_003,SKU_009_Cadbury_Dairy_Milk_Silk,2026-06-13,32,3040.0,95.0,25.42,0.0,False,False
BENGALURU_STORE_003,SKU_009_Cadbury_Dairy_Milk_Silk,2026-06-14,34,3230.0,95.0,27.68,0.0,False,False
BENGALURU_STORE_003,SKU_009_Cadbury_Dairy_Milk_Silk,2026-06-15,15,1425.0,95.0,24.2,0.0,False,False
BENGALURU_STORE_003,SKU_009_Cadbury_Dairy_Milk_Silk,2026-06-16,19,1805.0,95.0,24.79,0.0,False,False
BENGALURU_STORE_003,SKU_009_Cadbury_Dairy_Milk_Silk,2026-06-17,17,1615.0,95.0,20.67,0.0,False,False
BENGALURU_STORE_003,SKU_009_Cadbury_Dairy_Milk_Silk,2026-06-18,12,1140.0,95.0,22.93,0.0,False,False
BENGALURU_STORE_003,SKU_009_Cadbury_Dairy_Milk_Silk,2026-06-19,22,2090.0,95.0,24.12,0.0,False,False
BENGALURU_STORE_003,SKU_009_Cadbury_Dairy_Milk_Silk,2026-06-20,30,2850.0,95.0,22.04,0.0,False,False
BENGALURU_STORE_003,SKU_009_Cadbury_Dairy_Milk_Silk,2026-06-21,44,4180.0,95.0,26.84,0.0,False,False
BENGALURU_STORE_003,SKU_009_Cadbury_Dairy_Milk_Silk,2026-06-22,16,1520.0,95.0,22.44,0.0,False,False
BENGALURU_STORE_003,SKU_009_Cadbury_Dairy_Milk_Silk,2026-06-23,16,1520.0,95.0,26.24,0.0,False,False
BENGALURU_STORE_003,SKU_009_Cadbury_Dairy_Milk_Silk,2026-06-24,29,2755.0,95.0,19.91,0.0,False,False
BENGALURU_STORE_003,SKU_009_Cadbury_Dairy_Milk_Silk,2026-06-25,26,2470.0,95.0,19.79,0.0,False,False
BENGALURU_STORE_003,SKU_009_Cadbury_Dairy_Milk_Silk,2026-06-26,24,2280.0,95.0,24.84,0.0,False,False
BENGALURU_STORE_003,SKU_009_Cadbury_Dairy_Milk_Silk,2026-06-27,31,2945.0,95.0,26.94,0.0,False,False
BENGALURU_STORE_003,SKU_009_Cadbury_Dairy_Milk_Silk,2026-06-28,31,2945.0,95.0,24.97,0.0,False,False
BENGALURU_STORE_003,SKU_009_Cadbury_Dairy_Milk_Silk,2026-06-29,21,1995.0,95.0,24.24,0.0,False,False
BENGALURU_STORE_003,SKU_009_Cadbury_Dairy_Milk_Silk,2026-06-30,23,2185.0,95.0,24.88,0.0,False,False
BENGALURU_STORE_003,SKU_009_Cadbury_Dairy_Milk_Silk,2026-07-01,15,1425.0,95.0,19.13,0.0,False,False
BENGALURU_STORE_003,SKU_009_Cadbury_Dairy_Milk_Silk,2026-07-02,22,2090.0,95.0,21.85,0.0,False,False
BENGALURU_STORE_003,SKU_009_Cadbury_Dairy_Milk_Silk,2026-07-03,20,1900.0,95.0,25.73,0.0,False,False
BENGALURU_STORE_003,SKU_009_Cadbury_Dairy_Milk_Silk,2026-07-04,27,2565.0,95.0,23.26,0.0,False,False
BENGALURU_STORE_003,SKU_009_Cadbury_Dairy_Milk_Silk,2026-07-05,15,1425.0,95.0,24.79,0.0,False,False
BENGALURU_STORE_003,SKU_009_Cadbury_Dairy_Milk_Silk,2026-07-06,30,2850.0,95.0,27.15,0.0,False,False
BENGALURU_STORE_003,SKU_009_Cadbury_Dairy_Milk_Silk,2026-07-07,23,2185.0,95.0,26.67,0.0,False,False
BENGALURU_STORE_003,SKU_009_Cadbury_Dairy_Milk_Silk,2026-07-08,20,1900.0,95.0,18.51,0.0,False,False
BENGALURU_STORE_003,SKU_009_Cadbury_Dairy_Milk_Silk,2026-07-09,18,1710.0,95.0,22.28,0.0,False,False
BENGALURU_STORE_003,SKU_009_Cadbury_Dairy_Milk_Silk,2026-07-10,24,2280.0,95.0,26.48,0.0,False,False
BENGALURU_STORE_003,SKU_009_Cadbury_Dairy_Milk_Silk,2026-07-11,30,2850.0,95.0,26.19,0.0,False,False
BENGALURU_STORE_003,SKU_009_Cadbury_Dairy_Milk_Silk,2026-07-12,26,2470.0,95.0,23.03,0.0,False,False
BENGALURU_STORE_003,SKU_009_Cadbury_Dairy_Milk_Silk,2026-07-13,14,1330.0,95.0,22.09,0.0,False,False
BENGALURU_STORE_003,SKU_009_Cadbury_Dairy_Milk_Silk,2026-07-14,18,1710.0,95.0,25.39,0.0,False,False
BENGALURU_STORE_003,SKU_009_Cadbury_Dairy_Milk_Silk,2026-07-15,13,1235.0,95.0,22.5,0.0,False,False
BENGALURU_STORE_003,SKU_009_Cadbury_Dairy_Milk_Silk,2026-07-16,13,1235.0,95.0,17.5,0.0,False,False
BENGALURU_STORE_003,SKU_009_Cadbury_Dairy_Milk_Silk,2026-07-17,24,2280.0,95.0,28.0,0.0,False,False
BENGALURU_STORE_003,SKU_009_Cadbury_Dairy_Milk_Silk,2026-07-18,26,2470.0,95.0,27.33,0.0,False,False
BENGALURU_STORE_003,SKU_009_Cadbury_Dairy_Milk_Silk,2026-07-19,30,2850.0,95.0,25.11,0.0,False,False
BENGALURU_STORE_003,SKU_009_Cadbury_Dairy_Milk_Silk,2026-07-20,26,2470.0,95.0,22.12,0.0,False,False
BENGALURU_STORE_003,SKU_009_Cadbury_Dairy_Milk_Silk,2026-07-21,21,1995.0,95.0,27.13,0.0,False,False
BENGALURU_STORE_003,SKU_009_Cadbury_Dairy_Milk_Silk,2026-07-22,19,1805.0,95.0,22.51,0.0,False,False
BENGALURU_STORE_003,SKU_009_Cadbury_Dairy_Milk_Silk,2026-07-23,19,1805.0,95.0,21.74,0.0,False,False
BENGALURU_STORE_003,SKU_009_Cadbury_Dairy_Milk_Silk,2026-07-24,25,2375.0,95.0,27.18,0.0,False,False
BENGALURU_STORE_003,SKU_009_Cadbury_Dairy_Milk_Silk,2026-07-25,27,2565.0,95.0,22.74,0.0,False,False
BENGALURU_STORE_003,SKU_009_Cadbury_Dairy_Milk_Silk,2026-07-26,25,2375.0,95.0,25.25,0.0,False,False
BENGALURU_STORE_003,SKU_009_Cadbury_Dairy_Milk_Silk,2026-07-27,9,855.0,95.0,25.18,0.0,False,False
BENGALURU_STORE_003,SKU_009_Cadbury_Dairy_Milk_Silk,2026-07-28,20,1900.0,95.0,23.03,0.0,False,False
BENGALURU_STORE_003,SKU_009_Cadbury_Dairy_Milk_Silk,2026-07-29,14,1330.0,95.0,22.65,0.0,False,False
BENGALURU_STORE_003,SKU_009_Cadbury_Dairy_Milk_Silk,2026-07-30,17,1615.0,95.0,17.72,0.0,False,False
BENGALURU_STORE_003,SKU_009_Cadbury_Dairy_Milk_Silk,2026-07-31,18,1710.0,95.0,23.31,0.0,False,False
BENGALURU_STORE_003,SKU_009_Cadbury_Dairy_Milk_Silk,2026-08-01,27,2565.0,95.0,25.49,0.0,False,False
BENGALURU_STORE_003,SKU_009_Cadbury_Dairy_Milk_Silk,2026-08-02,24,2280.0,95.0,27.3,0.0,False,False
BENGALURU_STORE_003,SKU_009_Cadbury_Dairy_Milk_Silk,2026-08-03,11,1045.0,95.0,23.86,0.0,False,False
BENGALURU_STORE_003,SKU_009_Cadbury_Dairy_Milk_Silk,2026-08-04,20,1900.0,95.0,22.98,0.0,False,False
BENGALURU_STORE_003,SKU_009_Cadbury_Dairy_Milk_Silk,2026-08-05,16,1520.0,95.0,17.07,0.0,False,False
BENGALURU_STORE_003,SKU_009_Cadbury_Dairy_Milk_Silk,2026-08-06,22,2090.0,95.0,21.05,0.0,False,False
BENGALURU_STORE_003,SKU_009_Cadbury_Dairy_Milk_Silk,2026-08-07,19,1805.0,95.0,22.02,0.0,False,False
BENGALURU_STORE_003,SKU_009_Cadbury_Dairy_Milk_Silk,2026-08-08,27,2565.0,95.0,22.21,0.0,False,False
BENGALURU_STORE_003,SKU_009_Cadbury_Dairy_Milk_Silk,2026-08-09,23,2185.0,95.0,27.69,0.0,False,False
BENGALURU_STORE_003,SKU_009_Cadbury_Dairy_Milk_Silk,2026-08-10,24,2280.0,95.0,22.4,0.0,False,False
BENGALURU_STORE_003,SKU_009_Cadbury_Dairy_Milk_Silk,2026-08-11,23,2185.0,95.0,23.34,0.0,False,False
BENGALURU_STORE_003,SKU_009_Cadbury_Dairy_Milk_Silk,2026-08-12,21,1995.0,95.0,21.55,0.0,False,False
BENGALURU_STORE_003,SKU_009_Cadbury_Dairy_Milk_Silk,2026-08-13,20,1900.0,95.0,22.96,0.0,False,False
BENGALURU_STORE_003,SKU_009_Cadbury_Dairy_Milk_Silk,2026-08-14,23,2185.0,95.0,25.85,0.0,False,False
BENGALURU_STORE_003,SKU_009_Cadbury_Dairy_Milk_Silk,2026-08-15,28,2660.0,95.0,22.17,0.0,False,False
BENGALURU_STORE_003,SKU_009_Cadbury_Dairy_Milk_Silk,2026-08-16,28,2660.0,95.0,27.04,0.0,False,False
BENGALURU_STORE_003,SKU_009_Cadbury_Dairy_Milk_Silk,2026-08-17,34,3230.0,95.0,24.38,0.0,False,False
BENGALURU_STORE_003,SKU_009_Cadbury_Dairy_Milk_Silk,2026-08-18,17,1615.0,95.0,26.84,0.0,False,False
BENGALURU_STORE_003,SKU_009_Cadbury_Dairy_Milk_Silk,2026-08-19,28,2660.0,95.0,18.72,0.0,False,False
BENGALURU_STORE_003,SKU_009_Cadbury_Dairy_Milk_Silk,2026-08-20,17,1615.0,95.0,18.65,0.0,False,False
BENGALURU_STORE_003,SKU_009_Cadbury_Dairy_Milk_Silk,2026-08-21,24,2280.0,95.0,25.68,0.0,False,False
BENGALURU_STORE_003,SKU_009_Cadbury_Dairy_Milk_Silk,2026-08-22,23,2185.0,95.0,27.93,0.0,False,False
BENGALURU_STORE_003,SKU_009_Cadbury_Dairy_Milk_Silk,2026-08-23,39,3705.0,95.0,27.45,0.0,False,False
BENGALURU_STORE_003,SKU_009_Cadbury_Dairy_Milk_Silk,2026-08-24,23,2185.0,95.0,23.45,0.0,False,False
BENGALURU_STORE_003,SKU_009_Cadbury_Dairy_Milk_Silk,2026-08-25,27,2565.0,95.0,23.6,0.0,False,False
BENGALURU_STORE_003,SKU_009_Cadbury_Dairy_Milk_Silk,2026-08-26,19,1805.0,95.0,21.86,0.0,False,False
BENGALURU_STORE_003,SKU_009_Cadbury_Dairy_Milk_Silk,2026-08-27,18,1710.0,95.0,18.26,0.0,False,False
BENGALURU_STORE_003,SKU_009_Cadbury_Dairy_Milk_Silk,2026-08-28,19,1805.0,95.0,22.66,0.0,False,False
BENGALURU_STORE_003,SKU_009_Cadbury_Dairy_Milk_Silk,2026-08-29,21,1995.0,95.0,27.66,0.0,False,False
BENGALURU_STORE_003,SKU_010_Surf_Excel_Matic_2kg,2026-05-31,14,5460.0,390.0,27.68,0.0,False,False
BENGALURU_STORE_003,SKU_010_Surf_Excel_Matic_2kg,2026-06-01,9,3510.0,390.0,22.73,0.0,False,False
BENGALURU_STORE_003,SKU_010_Surf_Excel_Matic_2kg,2026-06-02,12,4680.0,390.0,26.15,0.0,False,False
BENGALURU_STORE_003,SKU_010_Surf_Excel_Matic_2kg,2026-06-03,9,3510.0,390.0,20.19,0.0,False,False
BENGALURU_STORE_003,SKU_010_Surf_Excel_Matic_2kg,2026-06-04,11,4290.0,390.0,22.93,0.0,False,False
BENGALURU_STORE_003,SKU_010_Surf_Excel_Matic_2kg,2026-06-05,9,3510.0,390.0,27.02,0.0,False,False
BENGALURU_STORE_003,SKU_010_Surf_Excel_Matic_2kg,2026-06-06,9,3510.0,390.0,25.73,0.0,False,False
BENGALURU_STORE_003,SKU_010_Surf_Excel_Matic_2kg,2026-06-07,15,5850.0,390.0,25.94,0.0,False,False
BENGALURU_STORE_003,SKU_010_Surf_Excel_Matic_2kg,2026-06-08,11,4290.0,390.0,26.6,0.0,False,False
BENGALURU_STORE_003,SKU_010_Surf_Excel_Matic_2kg,2026-06-09,9,3510.0,390.0,23.63,0.0,False,False
BENGALURU_STORE_003,SKU_010_Surf_Excel_Matic_2kg,2026-06-10,5,1950.0,390.0,17.26,0.0,False,False
BENGALURU_STORE_003,SKU_010_Surf_Excel_Matic_2kg,2026-06-11,8,3120.0,390.0,18.9,0.0,False,False
BENGALURU_STORE_003,SKU_010_Surf_Excel_Matic_2kg,2026-06-12,12,4680.0,390.0,24.53,0.0,False,False
BENGALURU_STORE_003,SKU_010_Surf_Excel_Matic_2kg,2026-06-13,15,5850.0,390.0,22.66,0.0,False,False
BENGALURU_STORE_003,SKU_010_Surf_Excel_Matic_2kg,2026-06-14,17,6630.0,390.0,22.58,0.0,False,False
BENGALURU_STORE_003,SKU_010_Surf_Excel_Matic_2kg,2026-06-15,10,3900.0,390.0,22.53,0.0,False,False
BENGALURU_STORE_003,SKU_010_Surf_Excel_Matic_2kg,2026-06-16,6,2340.0,390.0,27.93,0.0,False,False
BENGALURU_STORE_003,SKU_010_Surf_Excel_Matic_2kg,2026-06-17,14,5460.0,390.0,19.35,0.0,False,False
BENGALURU_STORE_003,SKU_010_Surf_Excel_Matic_2kg,2026-06-18,9,3510.0,390.0,20.04,0.0,False,False
BENGALURU_STORE_003,SKU_010_Surf_Excel_Matic_2kg,2026-06-19,9,3510.0,390.0,26.89,0.0,False,False
BENGALURU_STORE_003,SKU_010_Surf_Excel_Matic_2kg,2026-06-20,16,6240.0,390.0,23.06,0.0,False,False
BENGALURU_STORE_003,SKU_010_Surf_Excel_Matic_2kg,2026-06-21,16,6240.0,390.0,22.67,0.0,False,False
BENGALURU_STORE_003,SKU_010_Surf_Excel_Matic_2kg,2026-06-22,18,7020.0,390.0,22.41,0.0,False,False
BENGALURU_STORE_003,SKU_010_Surf_Excel_Matic_2kg,2026-06-23,12,4680.0,390.0,24.38,0.0,False,False
BENGALURU_STORE_003,SKU_010_Surf_Excel_Matic_2kg,2026-06-24,4,1560.0,390.0,20.62,0.0,False,False
BENGALURU_STORE_003,SKU_010_Surf_Excel_Matic_2kg,2026-06-25,8,3120.0,390.0,17.09,0.0,False,False
BENGALURU_STORE_003,SKU_010_Surf_Excel_Matic_2kg,2026-06-26,6,2340.0,390.0,27.48,0.0,False,False
BENGALURU_STORE_003,SKU_010_Surf_Excel_Matic_2kg,2026-06-27,14,5460.0,390.0,25.61,0.0,False,False
BENGALURU_STORE_003,SKU_010_Surf_Excel_Matic_2kg,2026-06-28,9,3510.0,390.0,24.46,0.0,False,False
BENGALURU_STORE_003,SKU_010_Surf_Excel_Matic_2kg,2026-06-29,12,4680.0,390.0,27.98,0.0,False,False
BENGALURU_STORE_003,SKU_010_Surf_Excel_Matic_2kg,2026-06-30,9,3510.0,390.0,24.98,0.0,False,False
BENGALURU_STORE_003,SKU_010_Surf_Excel_Matic_2kg,2026-07-01,11,4290.0,390.0,22.63,0.0,False,False
BENGALURU_STORE_003,SKU_010_Surf_Excel_Matic_2kg,2026-07-02,7,2730.0,390.0,22.37,0.0,False,False
BENGALURU_STORE_003,SKU_010_Surf_Excel_Matic_2kg,2026-07-03,6,2340.0,390.0,25.46,0.0,False,False
BENGALURU_STORE_003,SKU_010_Surf_Excel_Matic_2kg,2026-07-04,14,5460.0,390.0,24.1,0.0,False,False
BENGALURU_STORE_003,SKU_010_Surf_Excel_Matic_2kg,2026-07-05,18,7020.0,390.0,24.33,0.0,False,False
BENGALURU_STORE_003,SKU_010_Surf_Excel_Matic_2kg,2026-07-06,14,5460.0,390.0,22.39,0.0,False,False
BENGALURU_STORE_003,SKU_010_Surf_Excel_Matic_2kg,2026-07-07,6,2340.0,390.0,25.6,0.0,False,False
BENGALURU_STORE_003,SKU_010_Surf_Excel_Matic_2kg,2026-07-08,4,1560.0,390.0,20.19,0.0,False,False
BENGALURU_STORE_003,SKU_010_Surf_Excel_Matic_2kg,2026-07-09,7,2730.0,390.0,18.39,0.0,False,False
BENGALURU_STORE_003,SKU_010_Surf_Excel_Matic_2kg,2026-07-10,8,3120.0,390.0,24.74,0.0,False,False
BENGALURU_STORE_003,SKU_010_Surf_Excel_Matic_2kg,2026-07-11,10,3900.0,390.0,23.43,0.0,False,False
BENGALURU_STORE_003,SKU_010_Surf_Excel_Matic_2kg,2026-07-12,15,5850.0,390.0,23.25,0.0,False,False
BENGALURU_STORE_003,SKU_010_Surf_Excel_Matic_2kg,2026-07-13,8,3120.0,390.0,24.14,0.0,False,False
BENGALURU_STORE_003,SKU_010_Surf_Excel_Matic_2kg,2026-07-14,12,4680.0,390.0,25.72,0.0,False,False
BENGALURU_STORE_003,SKU_010_Surf_Excel_Matic_2kg,2026-07-15,11,4290.0,390.0,19.66,0.0,False,False
BENGALURU_STORE_003,SKU_010_Surf_Excel_Matic_2kg,2026-07-16,5,1950.0,390.0,17.08,0.0,False,False
BENGALURU_STORE_003,SKU_010_Surf_Excel_Matic_2kg,2026-07-17,5,1950.0,390.0,23.34,0.0,False,False
BENGALURU_STORE_003,SKU_010_Surf_Excel_Matic_2kg,2026-07-18,23,8970.0,390.0,27.35,0.0,False,False
BENGALURU_STORE_003,SKU_010_Surf_Excel_Matic_2kg,2026-07-19,11,4290.0,390.0,27.9,0.0,False,False
BENGALURU_STORE_003,SKU_010_Surf_Excel_Matic_2kg,2026-07-20,12,4680.0,390.0,27.12,0.0,False,False
BENGALURU_STORE_003,SKU_010_Surf_Excel_Matic_2kg,2026-07-21,7,2730.0,390.0,26.84,0.0,False,False
BENGALURU_STORE_003,SKU_010_Surf_Excel_Matic_2kg,2026-07-22,7,2730.0,390.0,22.53,0.0,False,False
BENGALURU_STORE_003,SKU_010_Surf_Excel_Matic_2kg,2026-07-23,11,4290.0,390.0,18.51,0.0,False,False
BENGALURU_STORE_003,SKU_010_Surf_Excel_Matic_2kg,2026-07-24,12,4680.0,390.0,23.63,0.0,False,False
BENGALURU_STORE_003,SKU_010_Surf_Excel_Matic_2kg,2026-07-25,14,5460.0,390.0,24.07,0.0,False,False
BENGALURU_STORE_003,SKU_010_Surf_Excel_Matic_2kg,2026-07-26,15,5850.0,390.0,23.69,0.0,False,False
BENGALURU_STORE_003,SKU_010_Surf_Excel_Matic_2kg,2026-07-27,9,3510.0,390.0,24.01,0.0,False,False
BENGALURU_STORE_003,SKU_010_Surf_Excel_Matic_2kg,2026-07-28,13,5070.0,390.0,25.89,0.0,False,False
BENGALURU_STORE_003,SKU_010_Surf_Excel_Matic_2kg,2026-07-29,9,3510.0,390.0,19.02,0.0,False,False
BENGALURU_STORE_003,SKU_010_Surf_Excel_Matic_2kg,2026-07-30,12,4680.0,390.0,19.33,0.0,False,False
BENGALURU_STORE_003,SKU_010_Surf_Excel_Matic_2kg,2026-07-31,11,4290.0,390.0,24.2,0.0,False,False
BENGALURU_STORE_003,SKU_010_Surf_Excel_Matic_2kg,2026-08-01,18,7020.0,390.0,27.49,0.0,False,False
BENGALURU_STORE_003,SKU_010_Surf_Excel_Matic_2kg,2026-08-02,15,5850.0,390.0,26.92,0.0,False,False
BENGALURU_STORE_003,SKU_010_Surf_Excel_Matic_2kg,2026-08-03,5,1950.0,390.0,23.02,0.0,False,False
BENGALURU_STORE_003,SKU_010_Surf_Excel_Matic_2kg,2026-08-04,17,6630.0,390.0,23.48,0.0,False,False
BENGALURU_STORE_003,SKU_010_Surf_Excel_Matic_2kg,2026-08-05,14,5460.0,390.0,21.58,0.0,False,False
BENGALURU_STORE_003,SKU_010_Surf_Excel_Matic_2kg,2026-08-06,9,3510.0,390.0,20.67,0.0,False,False
BENGALURU_STORE_003,SKU_010_Surf_Excel_Matic_2kg,2026-08-07,7,2730.0,390.0,24.26,0.0,False,False
BENGALURU_STORE_003,SKU_010_Surf_Excel_Matic_2kg,2026-08-08,14,5460.0,390.0,27.9,0.0,False,False
BENGALURU_STORE_003,SKU_010_Surf_Excel_Matic_2kg,2026-08-09,8,3120.0,390.0,26.02,0.0,False,False
BENGALURU_STORE_003,SKU_010_Surf_Excel_Matic_2kg,2026-08-10,16,6240.0,390.0,27.16,0.0,False,False
BENGALURU_STORE_003,SKU_010_Surf_Excel_Matic_2kg,2026-08-11,12,4680.0,390.0,24.34,0.0,False,False
BENGALURU_STORE_003,SKU_010_Surf_Excel_Matic_2kg,2026-08-12,14,5460.0,390.0,21.43,0.0,False,False
BENGALURU_STORE_003,SKU_010_Surf_Excel_Matic_2kg,2026-08-13,19,7410.0,390.0,18.09,0.0,False,False
BENGALURU_STORE_003,SKU_010_Surf_Excel_Matic_2kg,2026-08-14,15,5850.0,390.0,23.28,0.0,False,False
BENGALURU_STORE_003,SKU_010_Surf_Excel_Matic_2kg,2026-08-15,14,5460.0,390.0,23.4,0.0,False,False
BENGALURU_STORE_003,SKU_010_Surf_Excel_Matic_2kg,2026-08-16,14,5460.0,390.0,23.47,0.0,False,False
BENGALURU_STORE_003,SKU_010_Surf_Excel_Matic_2kg,2026-08-17,11,4290.0,390.0,26.24,0.0,False,False
BENGALURU_STORE_003,SKU_010_Surf_Excel_Matic_2kg,2026-08-18,13,5070.0,390.0,27.65,0.0,False,False
BENGALURU_STORE_003,SKU_010_Surf_Excel_Matic_2kg,2026-08-19,10,3900.0,390.0,19.98,0.0,False,False
BENGALURU_STORE_003,SKU_010_Surf_Excel_Matic_2kg,2026-08-20,5,1950.0,390.0,21.52,0.0,False,False
BENGALURU_STORE_003,SKU_010_Surf_Excel_Matic_2kg,2026-08-21,10,3900.0,390.0,25.68,0.0,False,False
BENGALURU_STORE_003,SKU_010_Surf_Excel_Matic_2kg,2026-08-22,15,5850.0,390.0,22.25,0.0,False,False
BENGALURU_STORE_003,SKU_010_Surf_Excel_Matic_2kg,2026-08-23,15,5850.0,390.0,25.74,0.0,False,False
BENGALURU_STORE_003,SKU_010_Surf_Excel_Matic_2kg,2026-08-24,15,5850.0,390.0,24.95,0.0,False,False
BENGALURU_STORE_003,SKU_010_Surf_Excel_Matic_2kg,2026-08-25,13,5070.0,390.0,23.37,0.0,False,False
BENGALURU_STORE_003,SKU_010_Surf_Excel_Matic_2kg,2026-08-26,12,4680.0,390.0,18.34,0.0,False,False
BENGALURU_STORE_003,SKU_010_Surf_Excel_Matic_2kg,2026-08-27,9,3510.0,390.0,22.92,0.0,False,False
BENGALURU_STORE_003,SKU_010_Surf_Excel_Matic_2kg,2026-08-28,17,6630.0,390.0,24.75,0.0,False,False
BENGALURU_STORE_003,SKU_010_Surf_Excel_Matic_2kg,2026-08-29,13,5070.0,390.0,22.55,0.0,False,False
CHENNAI_STORE_005,SKU_001_Aashirvaad_Atta_5kg,2026-05-31,27,7155.0,265.0,36.04,0.0,False,False
CHENNAI_STORE_005,SKU_001_Aashirvaad_Atta_5kg,2026-06-01,13,3445.0,265.0,32.74,0.0,False,False
CHENNAI_STORE_005,SKU_001_Aashirvaad_Atta_5kg,2026-06-02,12,3180.0,265.0,33.74,0.0,False,False
CHENNAI_STORE_005,SKU_001_Aashirvaad_Atta_5kg,2026-06-03,12,3180.0,265.0,28.26,0.0,False,False
CHENNAI_STORE_005,SKU_001_Aashirvaad_Atta_5kg,2026-06-04,9,2385.0,265.0,29.44,0.0,False,False
CHENNAI_STORE_005,SKU_001_Aashirvaad_Atta_5kg,2026-06-05,11,2915.0,265.0,36.56,0.0,False,False
CHENNAI_STORE_005,SKU_001_Aashirvaad_Atta_5kg,2026-06-06,19,5035.0,265.0,36.45,0.0,False,False
CHENNAI_STORE_005,SKU_001_Aashirvaad_Atta_5kg,2026-06-07,17,4505.0,265.0,37.31,0.0,False,False
CHENNAI_STORE_005,SKU_001_Aashirvaad_Atta_5kg,2026-06-08,9,2385.0,265.0,32.99,0.0,False,False
CHENNAI_STORE_005,SKU_001_Aashirvaad_Atta_5kg,2026-06-09,22,5830.0,265.0,35.4,0.0,False,False
CHENNAI_STORE_005,SKU_001_Aashirvaad_Atta_5kg,2026-06-10,24,6360.0,265.0,28.35,0.0,False,False
CHENNAI_STORE_005,SKU_001_Aashirvaad_Atta_5kg,2026-06-11,17,4505.0,265.0,28.5,0.0,False,False
CHENNAI_STORE_005,SKU_001_Aashirvaad_Atta_5kg,2026-06-12,11,2915.0,265.0,36.69,0.0,False,False
CHENNAI_STORE_005,SKU_001_Aashirvaad_Atta_5kg,2026-06-13,12,3180.0,265.0,35.11,0.0,False,False
CHENNAI_STORE_005,SKU_001_Aashirvaad_Atta_5kg,2026-06-14,19,5035.0,265.0,35.97,0.0,False,False
CHENNAI_STORE_005,SKU_001_Aashirvaad_Atta_5kg,2026-06-15,8,2120.0,265.0,37.19,0.0,False,False
CHENNAI_STORE_005,SKU_001_Aashirvaad_Atta_5kg,2026-06-16,16,4240.0,265.0,32.0,0.0,False,False
CHENNAI_STORE_005,SKU_001_Aashirvaad_Atta_5kg,2026-06-17,14,3710.0,265.0,27.77,0.0,False,False
CHENNAI_STORE_005,SKU_001_Aashirvaad_Atta_5kg,2026-06-18,11,2915.0,265.0,32.7,0.0,False,False
CHENNAI_STORE_005,SKU_001_Aashirvaad_Atta_5kg,2026-06-19,10,2650.0,265.0,34.55,0.0,False,False
CHENNAI_STORE_005,SKU_001_Aashirvaad_Atta_5kg,2026-06-20,22,5830.0,265.0,34.07,0.0,False,False
CHENNAI_STORE_005,SKU_001_Aashirvaad_Atta_5kg,2026-06-21,18,4770.0,265.0,37.92,0.0,False,False
CHENNAI_STORE_005,SKU_001_Aashirvaad_Atta_5kg,2026-06-22,8,2120.0,265.0,36.85,0.0,False,False
CHENNAI_STORE_005,SKU_001_Aashirvaad_Atta_5kg,2026-06-23,21,5565.0,265.0,37.12,0.0,False,False
CHENNAI_STORE_005,SKU_001_Aashirvaad_Atta_5kg,2026-06-24,22,5830.0,265.0,27.52,0.0,False,False
CHENNAI_STORE_005,SKU_001_Aashirvaad_Atta_5kg,2026-06-25,21,5565.0,265.0,28.57,0.0,False,False
CHENNAI_STORE_005,SKU_001_Aashirvaad_Atta_5kg,2026-06-26,18,4770.0,265.0,34.99,0.0,False,False
CHENNAI_STORE_005,SKU_001_Aashirvaad_Atta_5kg,2026-06-27,31,8215.0,265.0,33.84,0.0,False,False
CHENNAI_STORE_005,SKU_001_Aashirvaad_Atta_5kg,2026-06-28,21,5565.0,265.0,36.45,0.0,False,False
CHENNAI_STORE_005,SKU_001_Aashirvaad_Atta_5kg,2026-06-29,10,2650.0,265.0,37.73,0.0,False,False
CHENNAI_STORE_005,SKU_001_Aashirvaad_Atta_5kg,2026-06-30,14,3710.0,265.0,36.61,0.0,False,False
CHENNAI_STORE_005,SKU_001_Aashirvaad_Atta_5kg,2026-07-01,16,4240.0,265.0,32.16,0.0,False,False
CHENNAI_STORE_005,SKU_001_Aashirvaad_Atta_5kg,2026-07-02,13,3445.0,265.0,27.24,0.0,False,False
CHENNAI_STORE_005,SKU_001_Aashirvaad_Atta_5kg,2026-07-03,13,3445.0,265.0,32.49,0.0,False,False
CHENNAI_STORE_005,SKU_001_Aashirvaad_Atta_5kg,2026-07-04,19,5035.0,265.0,37.22,0.0,False,False
CHENNAI_STORE_005,SKU_001_Aashirvaad_Atta_5kg,2026-07-05,21,5565.0,265.0,34.22,0.0,False,False
CHENNAI_STORE_005,SKU_001_Aashirvaad_Atta_5kg,2026-07-06,11,2915.0,265.0,33.85,0.0,False,False
CHENNAI_STORE_005,SKU_001_Aashirvaad_Atta_5kg,2026-07-07,18,4770.0,265.0,36.23,0.0,False,False
CHENNAI_STORE_005,SKU_001_Aashirvaad_Atta_5kg,2026-07-08,8,2120.0,265.0,30.93,0.0,False,False
CHENNAI_STORE_005,SKU_001_Aashirvaad_Atta_5kg,2026-07-09,11,2915.0,265.0,29.15,0.0,False,False
CHENNAI_STORE_005,SKU_001_Aashirvaad_Atta_5kg,2026-07-10,16,4240.0,265.0,35.16,0.0,False,False
CHENNAI_STORE_005,SKU_001_Aashirvaad_Atta_5kg,2026-07-11,15,3975.0,265.0,36.97,0.0,False,False
CHENNAI_STORE_005,SKU_001_Aashirvaad_Atta_5kg,2026-07-12,18,4770.0,265.0,37.58,0.0,False,False
CHENNAI_STORE_005,SKU_001_Aashirvaad_Atta_5kg,2026-07-13,6,1590.0,265.0,33.89,0.0,False,False
CHENNAI_STORE_005,SKU_001_Aashirvaad_Atta_5kg,2026-07-14,14,3710.0,265.0,37.84,0.0,False,False
CHENNAI_STORE_005,SKU_001_Aashirvaad_Atta_5kg,2026-07-15,20,5300.0,265.0,29.82,0.0,False,False
CHENNAI_STORE_005,SKU_001_Aashirvaad_Atta_5kg,2026-07-16,13,3445.0,265.0,32.35,0.0,False,False
CHENNAI_STORE_005,SKU_001_Aashirvaad_Atta_5kg,2026-07-17,9,2385.0,265.0,35.55,0.0,False,False
CHENNAI_STORE_005,SKU_001_Aashirvaad_Atta_5kg,2026-07-18,24,6360.0,265.0,37.48,0.0,False,False
CHENNAI_STORE_005,SKU_001_Aashirvaad_Atta_5kg,2026-07-19,18,4770.0,265.0,33.35,0.0,False,False
CHENNAI_STORE_005,SKU_001_Aashirvaad_Atta_5kg,2026-07-20,16,4240.0,265.0,35.2,0.0,False,False
CHENNAI_STORE_005,SKU_001_Aashirvaad_Atta_5kg,2026-07-21,12,3180.0,265.0,37.37,0.0,False,False
CHENNAI_STORE_005,SKU_001_Aashirvaad_Atta_5kg,2026-07-22,11,2915.0,265.0,31.44,0.0,False,False
CHENNAI_STORE_005,SKU_001_Aashirvaad_Atta_5kg,2026-07-23,11,2915.0,265.0,30.14,0.0,False,False
CHENNAI_STORE_005,SKU_001_Aashirvaad_Atta_5kg,2026-07-24,11,2915.0,265.0,36.63,0.0,False,False
CHENNAI_STORE_005,SKU_001_Aashirvaad_Atta_5kg,2026-07-25,25,6625.0,265.0,32.96,0.0,False,False
CHENNAI_STORE_005,SKU_001_Aashirvaad_Atta_5kg,2026-07-26,19,5035.0,265.0,34.58,0.0,False,False
CHENNAI_STORE_005,SKU_001_Aashirvaad_Atta_5kg,2026-07-27,15,3975.0,265.0,36.54,0.0,False,False
CHENNAI_STORE_005,SKU_001_Aashirvaad_Atta_5kg,2026-07-28,10,2650.0,265.0,35.57,0.0,False,False
CHENNAI_STORE_005,SKU_001_Aashirvaad_Atta_5kg,2026-07-29,13,3445.0,265.0,31.72,0.0,False,False
CHENNAI_STORE_005,SKU_001_Aashirvaad_Atta_5kg,2026-07-30,13,3445.0,265.0,27.17,0.0,False,False
CHENNAI_STORE_005,SKU_001_Aashirvaad_Atta_5kg,2026-07-31,14,3710.0,265.0,35.15,0.0,False,False
CHENNAI_STORE_005,SKU_001_Aashirvaad_Atta_5kg,2026-08-01,15,3975.0,265.0,32.38,0.0,False,False
CHENNAI_STORE_005,SKU_001_Aashirvaad_Atta_5kg,2026-08-02,25,6625.0,265.0,37.59,0.0,False,False
CHENNAI_STORE_005,SKU_001_Aashirvaad_Atta_5kg,2026-08-03,17,4505.0,265.0,33.29,0.0,False,False
CHENNAI_STORE_005,SKU_001_Aashirvaad_Atta_5kg,2026-08-04,17,4505.0,265.0,37.49,0.0,False,False
CHENNAI_STORE_005,SKU_001_Aashirvaad_Atta_5kg,2026-08-05,13,3445.0,265.0,31.88,0.0,False,False
CHENNAI_STORE_005,SKU_001_Aashirvaad_Atta_5kg,2026-08-06,21,5565.0,265.0,27.49,0.0,False,False
CHENNAI_STORE_005,SKU_001_Aashirvaad_Atta_5kg,2026-08-07,10,2650.0,265.0,36.41,0.0,False,False
CHENNAI_STORE_005,SKU_001_Aashirvaad_Atta_5kg,2026-08-08,19,5035.0,265.0,37.19,0.0,False,False
CHENNAI_STORE_005,SKU_001_Aashirvaad_Atta_5kg,2026-08-09,23,6095.0,265.0,32.25,0.0,False,False
CHENNAI_STORE_005,SKU_001_Aashirvaad_Atta_5kg,2026-08-10,15,3975.0,265.0,37.82,0.0,False,False
CHENNAI_STORE_005,SKU_001_Aashirvaad_Atta_5kg,2026-08-11,10,2650.0,265.0,33.25,0.0,False,False
CHENNAI_STORE_005,SKU_001_Aashirvaad_Atta_5kg,2026-08-12,8,2120.0,265.0,30.72,0.0,False,False
CHENNAI_STORE_005,SKU_001_Aashirvaad_Atta_5kg,2026-08-13,14,3710.0,265.0,32.22,0.0,False,False
CHENNAI_STORE_005,SKU_001_Aashirvaad_Atta_5kg,2026-08-14,8,2120.0,265.0,32.33,0.0,False,False
CHENNAI_STORE_005,SKU_001_Aashirvaad_Atta_5kg,2026-08-15,20,5300.0,265.0,32.35,0.0,False,False
CHENNAI_STORE_005,SKU_001_Aashirvaad_Atta_5kg,2026-08-16,19,5035.0,265.0,37.77,0.0,False,False
CHENNAI_STORE_005,SKU_001_Aashirvaad_Atta_5kg,2026-08-17,8,2120.0,265.0,33.14,0.0,False,False
CHENNAI_STORE_005,SKU_001_Aashirvaad_Atta_5kg,2026-08-18,17,4505.0,265.0,37.99,0.0,False,False
CHENNAI_STORE_005,SKU_001_Aashirvaad_Atta_5kg,2026-08-19,17,4505.0,265.0,29.23,0.0,False,False
CHENNAI_STORE_005,SKU_001_Aashirvaad_Atta_5kg,2026-08-20,11,2915.0,265.0,28.15,0.0,False,False
CHENNAI_STORE_005,SKU_001_Aashirvaad_Atta_5kg,2026-08-21,16,4240.0,265.0,36.44,0.0,False,False
CHENNAI_STORE_005,SKU_001_Aashirvaad_Atta_5kg,2026-08-22,12,3180.0,265.0,37.39,0.0,False,False
CHENNAI_STORE_005,SKU_001_Aashirvaad_Atta_5kg,2026-08-23,18,4770.0,265.0,37.0,0.0,False,False
CHENNAI_STORE_005,SKU_001_Aashirvaad_Atta_5kg,2026-08-24,16,4240.0,265.0,33.63,0.0,False,False
CHENNAI_STORE_005,SKU_001_Aashirvaad_Atta_5kg,2026-08-25,16,4240.0,265.0,33.32,0.0,False,False
CHENNAI_STORE_005,SKU_001_Aashirvaad_Atta_5kg,2026-08-26,18,4770.0,265.0,31.79,0.0,False,False
CHENNAI_STORE_005,SKU_001_Aashirvaad_Atta_5kg,2026-08-27,18,4770.0,265.0,30.69,0.0,False,False
CHENNAI_STORE_005,SKU_001_Aashirvaad_Atta_5kg,2026-08-28,16,4240.0,265.0,35.93,0.0,False,False
CHENNAI_STORE_005,SKU_001_Aashirvaad_Atta_5kg,2026-08-29,27,7155.0,265.0,34.14,0.0,False,False
CHENNAI_STORE_005,SKU_002_IndiaGate_Basmati_5kg,2026-05-31,12,5760.0,480.0,34.23,0.0,False,False
CHENNAI_STORE_005,SKU_002_IndiaGate_Basmati_5kg,2026-06-01,4,1920.0,480.0,35.35,0.0,False,False
CHENNAI_STORE_005,SKU_002_IndiaGate_Basmati_5kg,2026-06-02,12,5760.0,480.0,35.32,0.0,False,False
CHENNAI_STORE_005,SKU_002_IndiaGate_Basmati_5kg,2026-06-03,7,3360.0,480.0,32.91,0.0,False,False
CHENNAI_STORE_005,SKU_002_IndiaGate_Basmati_5kg,2026-06-04,7,3360.0,480.0,30.68,0.0,False,False
CHENNAI_STORE_005,SKU_002_IndiaGate_Basmati_5kg,2026-06-05,7,3360.0,480.0,34.81,0.0,False,False
CHENNAI_STORE_005,SKU_002_IndiaGate_Basmati_5kg,2026-06-06,7,3360.0,480.0,37.77,0.0,False,False
CHENNAI_STORE_005,SKU_002_IndiaGate_Basmati_5kg,2026-06-07,11,5280.0,480.0,32.08,0.0,False,False
CHENNAI_STORE_005,SKU_002_IndiaGate_Basmati_5kg,2026-06-08,4,1920.0,480.0,37.17,0.0,False,False
CHENNAI_STORE_005,SKU_002_IndiaGate_Basmati_5kg,2026-06-09,10,4800.0,480.0,34.39,0.0,False,False
CHENNAI_STORE_005,SKU_002_IndiaGate_Basmati_5kg,2026-06-10,8,3840.0,480.0,29.5,0.0,False,False
CHENNAI_STORE_005,SKU_002_IndiaGate_Basmati_5kg,2026-06-11,8,3840.0,480.0,28.04,0.0,False,False
CHENNAI_STORE_005,SKU_002_IndiaGate_Basmati_5kg,2026-06-12,11,5280.0,480.0,37.07,0.0,False,False
CHENNAI_STORE_005,SKU_002_IndiaGate_Basmati_5kg,2026-06-13,8,3840.0,480.0,32.31,0.0,False,False
CHENNAI_STORE_005,SKU_002_IndiaGate_Basmati_5kg,2026-06-14,13,6240.0,480.0,34.49,0.0,False,False
CHENNAI_STORE_005,SKU_002_IndiaGate_Basmati_5kg,2026-06-15,9,4320.0,480.0,33.59,0.0,False,False
CHENNAI_STORE_005,SKU_002_IndiaGate_Basmati_5kg,2026-06-16,9,4320.0,480.0,32.25,0.0,False,False
CHENNAI_STORE_005,SKU_002_IndiaGate_Basmati_5kg,2026-06-17,6,2880.0,480.0,30.35,0.0,False,False
CHENNAI_STORE_005,SKU_002_IndiaGate_Basmati_5kg,2026-06-18,3,1440.0,480.0,31.13,0.0,False,False
CHENNAI_STORE_005,SKU_002_IndiaGate_Basmati_5kg,2026-06-19,5,2400.0,480.0,37.23,0.0,False,False
CHENNAI_STORE_005,SKU_002_IndiaGate_Basmati_5kg,2026-06-20,11,5280.0,480.0,36.77,0.0,False,False
CHENNAI_STORE_005,SKU_002_IndiaGate_Basmati_5kg,2026-06-21,14,6720.0,480.0,33.05,0.0,False,False
CHENNAI_STORE_005,SKU_002_IndiaGate_Basmati_5kg,2026-06-22,5,2400.0,480.0,32.43,0.0,False,False
CHENNAI_STORE_005,SKU_002_IndiaGate_Basmati_5kg,2026-06-23,8,3840.0,480.0,35.31,0.0,False,False
CHENNAI_STORE_005,SKU_002_IndiaGate_Basmati_5kg,2026-06-24,6,2880.0,480.0,30.79,0.0,False,False
CHENNAI_STORE_005,SKU_002_IndiaGate_Basmati_5kg,2026-06-25,4,1920.0,480.0,31.09,0.0,False,False
CHENNAI_STORE_005,SKU_002_IndiaGate_Basmati_5kg,2026-06-26,8,3840.0,480.0,36.86,0.0,False,False
CHENNAI_STORE_005,SKU_002_IndiaGate_Basmati_5kg,2026-06-27,12,5760.0,480.0,36.71,0.0,False,False
CHENNAI_STORE_005,SKU_002_IndiaGate_Basmati_5kg,2026-06-28,11,5280.0,480.0,37.19,0.0,False,False
CHENNAI_STORE_005,SKU_002_IndiaGate_Basmati_5kg,2026-06-29,7,3360.0,480.0,32.72,0.0,False,False
CHENNAI_STORE_005,SKU_002_IndiaGate_Basmati_5kg,2026-06-30,6,2880.0,480.0,34.47,0.0,False,False
CHENNAI_STORE_005,SKU_002_IndiaGate_Basmati_5kg,2026-07-01,9,4320.0,480.0,29.33,0.0,False,False
CHENNAI_STORE_005,SKU_002_IndiaGate_Basmati_5kg,2026-07-02,6,2880.0,480.0,29.92,0.0,False,False
CHENNAI_STORE_005,SKU_002_IndiaGate_Basmati_5kg,2026-07-03,6,2880.0,480.0,37.97,0.0,False,False
CHENNAI_STORE_005,SKU_002_IndiaGate_Basmati_5kg,2026-07-04,8,3840.0,480.0,32.18,0.0,False,False
CHENNAI_STORE_005,SKU_002_IndiaGate_Basmati_5kg,2026-07-05,15,7200.0,480.0,35.31,0.0,False,False
CHENNAI_STORE_005,SKU_002_IndiaGate_Basmati_5kg,2026-07-06,16,7680.0,480.0,32.53,0.0,False,False
CHENNAI_STORE_005,SKU_002_IndiaGate_Basmati_5kg,2026-07-07,5,2400.0,480.0,37.23,0.0,False,False
CHENNAI_STORE_005,SKU_002_IndiaGate_Basmati_5kg,2026-07-08,3,1440.0,480.0,29.56,0.0,False,False
CHENNAI_STORE_005,SKU_002_IndiaGate_Basmati_5kg,2026-07-09,8,3840.0,480.0,32.81,0.0,False,False
CHENNAI_STORE_005,SKU_002_IndiaGate_Basmati_5kg,2026-07-10,12,5760.0,480.0,36.25,0.0,False,False
CHENNAI_STORE_005,SKU_002_IndiaGate_Basmati_5kg,2026-07-11,14,6720.0,480.0,32.17,0.0,False,False
CHENNAI_STORE_005,SKU_002_IndiaGate_Basmati_5kg,2026-07-12,7,3360.0,480.0,34.96,0.0,False,False
CHENNAI_STORE_005,SKU_002_IndiaGate_Basmati_5kg,2026-07-13,9,4320.0,480.0,33.91,0.0,False,False
CHENNAI_STORE_005,SKU_002_IndiaGate_Basmati_5kg,2026-07-14,6,2880.0,480.0,33.76,0.0,False,False
CHENNAI_STORE_005,SKU_002_IndiaGate_Basmati_5kg,2026-07-15,11,5280.0,480.0,29.19,0.0,False,False
CHENNAI_STORE_005,SKU_002_IndiaGate_Basmati_5kg,2026-07-16,9,4320.0,480.0,28.52,0.0,False,False
CHENNAI_STORE_005,SKU_002_IndiaGate_Basmati_5kg,2026-07-17,4,1920.0,480.0,34.43,0.0,False,False
CHENNAI_STORE_005,SKU_002_IndiaGate_Basmati_5kg,2026-07-18,17,8160.0,480.0,32.7,0.0,False,False
CHENNAI_STORE_005,SKU_002_IndiaGate_Basmati_5kg,2026-07-19,14,6720.0,480.0,32.05,0.0,False,False
CHENNAI_STORE_005,SKU_002_IndiaGate_Basmati_5kg,2026-07-20,12,5760.0,480.0,32.28,0.0,False,False
CHENNAI_STORE_005,SKU_002_IndiaGate_Basmati_5kg,2026-07-21,9,4320.0,480.0,34.49,0.0,False,False
CHENNAI_STORE_005,SKU_002_IndiaGate_Basmati_5kg,2026-07-22,4,1920.0,480.0,27.29,0.0,False,False
CHENNAI_STORE_005,SKU_002_IndiaGate_Basmati_5kg,2026-07-23,13,6240.0,480.0,30.35,0.0,False,False
CHENNAI_STORE_005,SKU_002_IndiaGate_Basmati_5kg,2026-07-24,10,4800.0,480.0,34.11,0.0,False,False
CHENNAI_STORE_005,SKU_002_IndiaGate_Basmati_5kg,2026-07-25,12,5760.0,480.0,36.05,0.0,False,False
CHENNAI_STORE_005,SKU_002_IndiaGate_Basmati_5kg,2026-07-26,15,7200.0,480.0,35.83,0.0,False,False
CHENNAI_STORE_005,SKU_002_IndiaGate_Basmati_5kg,2026-07-27,8,3840.0,480.0,35.2,0.0,False,False
CHENNAI_STORE_005,SKU_002_IndiaGate_Basmati_5kg,2026-07-28,5,2400.0,480.0,36.02,0.0,False,False
CHENNAI_STORE_005,SKU_002_IndiaGate_Basmati_5kg,2026-07-29,10,4800.0,480.0,28.51,0.0,False,False
CHENNAI_STORE_005,SKU_002_IndiaGate_Basmati_5kg,2026-07-30,9,4320.0,480.0,32.98,0.0,False,False
CHENNAI_STORE_005,SKU_002_IndiaGate_Basmati_5kg,2026-07-31,10,4800.0,480.0,35.56,0.0,False,False
CHENNAI_STORE_005,SKU_002_IndiaGate_Basmati_5kg,2026-08-01,9,4320.0,480.0,35.26,0.0,False,False
CHENNAI_STORE_005,SKU_002_IndiaGate_Basmati_5kg,2026-08-02,8,3840.0,480.0,35.23,0.0,False,False
CHENNAI_STORE_005,SKU_002_IndiaGate_Basmati_5kg,2026-08-03,8,3840.0,480.0,34.33,0.0,False,False
CHENNAI_STORE_005,SKU_002_IndiaGate_Basmati_5kg,2026-08-04,6,2880.0,480.0,35.84,0.0,False,False
CHENNAI_STORE_005,SKU_002_IndiaGate_Basmati_5kg,2026-08-05,6,2880.0,480.0,29.08,0.0,False,False
CHENNAI_STORE_005,SKU_002_IndiaGate_Basmati_5kg,2026-08-06,8,3840.0,480.0,32.29,0.0,False,False
CHENNAI_STORE_005,SKU_002_IndiaGate_Basmati_5kg,2026-08-07,11,5280.0,480.0,36.5,0.0,False,False
CHENNAI_STORE_005,SKU_002_IndiaGate_Basmati_5kg,2026-08-08,17,8160.0,480.0,36.91,0.0,False,False
CHENNAI_STORE_005,SKU_002_IndiaGate_Basmati_5kg,2026-08-09,7,3360.0,480.0,33.75,0.0,False,False
CHENNAI_STORE_005,SKU_002_IndiaGate_Basmati_5kg,2026-08-10,7,3360.0,480.0,32.27,0.0,False,False
CHENNAI_STORE_005,SKU_002_IndiaGate_Basmati_5kg,2026-08-11,5,2400.0,480.0,36.2,0.0,False,False
CHENNAI_STORE_005,SKU_002_IndiaGate_Basmati_5kg,2026-08-12,14,6720.0,480.0,32.46,0.0,False,False
CHENNAI_STORE_005,SKU_002_IndiaGate_Basmati_5kg,2026-08-13,8,3840.0,480.0,31.21,0.0,False,False
CHENNAI_STORE_005,SKU_002_IndiaGate_Basmati_5kg,2026-08-14,7,3360.0,480.0,37.21,0.0,False,False
CHENNAI_STORE_005,SKU_002_IndiaGate_Basmati_5kg,2026-08-15,17,8160.0,480.0,34.2,0.0,False,False
CHENNAI_STORE_005,SKU_002_IndiaGate_Basmati_5kg,2026-08-16,22,10560.0,480.0,32.95,0.0,False,False
CHENNAI_STORE_005,SKU_002_IndiaGate_Basmati_5kg,2026-08-17,7,3360.0,480.0,32.37,0.0,False,False
CHENNAI_STORE_005,SKU_002_IndiaGate_Basmati_5kg,2026-08-18,6,2880.0,480.0,36.54,0.0,False,False
CHENNAI_STORE_005,SKU_002_IndiaGate_Basmati_5kg,2026-08-19,9,4320.0,480.0,28.49,0.0,False,False
CHENNAI_STORE_005,SKU_002_IndiaGate_Basmati_5kg,2026-08-20,7,3360.0,480.0,27.26,0.0,False,False
CHENNAI_STORE_005,SKU_002_IndiaGate_Basmati_5kg,2026-08-21,10,4800.0,480.0,35.27,0.0,False,False
CHENNAI_STORE_005,SKU_002_IndiaGate_Basmati_5kg,2026-08-22,10,4800.0,480.0,34.38,0.0,False,False
CHENNAI_STORE_005,SKU_002_IndiaGate_Basmati_5kg,2026-08-23,7,3360.0,480.0,34.46,0.0,False,False
CHENNAI_STORE_005,SKU_002_IndiaGate_Basmati_5kg,2026-08-24,6,2880.0,480.0,37.05,0.0,False,False
CHENNAI_STORE_005,SKU_002_IndiaGate_Basmati_5kg,2026-08-25,9,4320.0,480.0,36.82,0.0,False,False
CHENNAI_STORE_005,SKU_002_IndiaGate_Basmati_5kg,2026-08-26,11,5280.0,480.0,31.51,0.0,False,False
CHENNAI_STORE_005,SKU_002_IndiaGate_Basmati_5kg,2026-08-27,5,2400.0,480.0,28.32,0.0,False,False
CHENNAI_STORE_005,SKU_002_IndiaGate_Basmati_5kg,2026-08-28,3,1440.0,480.0,35.77,0.0,False,False
CHENNAI_STORE_005,SKU_002_IndiaGate_Basmati_5kg,2026-08-29,9,4320.0,480.0,36.92,0.0,False,False
CHENNAI_STORE_005,SKU_003_Fortune_Sunflower_Oil_1L,2026-05-31,33,4785.0,145.0,32.23,0.0,False,False
CHENNAI_STORE_005,SKU_003_Fortune_Sunflower_Oil_1L,2026-06-01,15,2175.0,145.0,28.24,0.0,False,False
CHENNAI_STORE_005,SKU_003_Fortune_Sunflower_Oil_1L,2026-06-02,27,3915.0,145.0,31.79,0.0,False,False
CHENNAI_STORE_005,SKU_003_Fortune_Sunflower_Oil_1L,2026-06-03,23,3335.0,145.0,22.04,0.0,False,False
CHENNAI_STORE_005,SKU_003_Fortune_Sunflower_Oil_1L,2026-06-04,22,3190.0,145.0,27.71,0.0,False,False
CHENNAI_STORE_005,SKU_003_Fortune_Sunflower_Oil_1L,2026-06-05,25,3625.0,145.0,27.03,0.0,False,False
CHENNAI_STORE_005,SKU_003_Fortune_Sunflower_Oil_1L,2026-06-06,29,4205.0,145.0,31.49,0.0,False,False
CHENNAI_STORE_005,SKU_003_Fortune_Sunflower_Oil_1L,2026-06-07,35,5075.0,145.0,28.51,0.0,False,False
CHENNAI_STORE_005,SKU_003_Fortune_Sunflower_Oil_1L,2026-06-08,26,3770.0,145.0,27.04,0.0,False,False
CHENNAI_STORE_005,SKU_003_Fortune_Sunflower_Oil_1L,2026-06-09,21,3045.0,145.0,32.11,0.0,False,False
CHENNAI_STORE_005,SKU_003_Fortune_Sunflower_Oil_1L,2026-06-10,20,2900.0,145.0,26.31,0.0,False,False
CHENNAI_STORE_005,SKU_003_Fortune_Sunflower_Oil_1L,2026-06-11,19,2755.0,145.0,26.59,0.0,False,False
CHENNAI_STORE_005,SKU_003_Fortune_Sunflower_Oil_1L,2026-06-12,29,4205.0,145.0,27.16,0.0,False,False
CHENNAI_STORE_005,SKU_003_Fortune_Sunflower_Oil_1L,2026-06-13,25,3625.0,145.0,32.07,0.0,False,False
CHENNAI_STORE_005,SKU_003_Fortune_Sunflower_Oil_1L,2026-06-14,35,5075.0,145.0,31.73,0.0,False,False
CHENNAI_STORE_005,SKU_003_Fortune_Sunflower_Oil_1L,2026-06-15,20,2900.0,145.0,27.89,0.0,False,False
CHENNAI_STORE_005,SKU_003_Fortune_Sunflower_Oil_1L,2026-06-16,17,2465.0,145.0,31.79,0.0,False,False
CHENNAI_STORE_005,SKU_003_Fortune_Sunflower_Oil_1L,2026-06-17,23,3335.0,145.0,24.89,0.0,False,False
CHENNAI_STORE_005,SKU_003_Fortune_Sunflower_Oil_1L,2026-06-18,27,3915.0,145.0,22.29,0.0,False,False
CHENNAI_STORE_005,SKU_003_Fortune_Sunflower_Oil_1L,2026-06-19,24,3480.0,145.0,27.48,0.0,False,False
CHENNAI_STORE_005,SKU_003_Fortune_Sunflower_Oil_1L,2026-06-20,31,4495.0,145.0,30.6,0.0,False,False
CHENNAI_STORE_005,SKU_003_Fortune_Sunflower_Oil_1L,2026-06-21,27,3915.0,145.0,28.59,0.0,False,False
CHENNAI_STORE_005,SKU_003_Fortune_Sunflower_Oil_1L,2026-06-22,27,3915.0,145.0,31.3,0.0,False,False
CHENNAI_STORE_005,SKU_003_Fortune_Sunflower_Oil_1L,2026-06-23,11,1595.0,145.0,29.0,0.0,False,False
CHENNAI_STORE_005,SKU_003_Fortune_Sunflower_Oil_1L,2026-06-24,20,2900.0,145.0,26.79,0.0,False,False
CHENNAI_STORE_005,SKU_003_Fortune_Sunflower_Oil_1L,2026-06-25,32,4640.0,145.0,24.48,0.0,False,False
CHENNAI_STORE_005,SKU_003_Fortune_Sunflower_Oil_1L,2026-06-26,31,4495.0,145.0,28.57,0.0,False,False
CHENNAI_STORE_005,SKU_003_Fortune_Sunflower_Oil_1L,2026-06-27,29,4205.0,145.0,29.23,0.0,False,False
CHENNAI_STORE_005,SKU_003_Fortune_Sunflower_Oil_1L,2026-06-28,43,6235.0,145.0,31.85,0.0,False,False
CHENNAI_STORE_005,SKU_003_Fortune_Sunflower_Oil_1L,2026-06-29,22,3190.0,145.0,28.51,0.0,False,False
CHENNAI_STORE_005,SKU_003_Fortune_Sunflower_Oil_1L,2026-06-30,19,2755.0,145.0,28.07,0.0,False,False
CHENNAI_STORE_005,SKU_003_Fortune_Sunflower_Oil_1L,2026-07-01,23,3335.0,145.0,23.36,0.0,False,False
CHENNAI_STORE_005,SKU_003_Fortune_Sunflower_Oil_1L,2026-07-02,16,2320.0,145.0,25.32,0.0,False,False
CHENNAI_STORE_005,SKU_003_Fortune_Sunflower_Oil_1L,2026-07-03,19,2755.0,145.0,32.38,0.0,False,False
CHENNAI_STORE_005,SKU_003_Fortune_Sunflower_Oil_1L,2026-07-04,29,4205.0,145.0,31.65,0.0,False,False
CHENNAI_STORE_005,SKU_003_Fortune_Sunflower_Oil_1L,2026-07-05,30,4350.0,145.0,32.24,0.0,False,False
CHENNAI_STORE_005,SKU_003_Fortune_Sunflower_Oil_1L,2026-07-06,26,3770.0,145.0,28.68,0.0,False,False
CHENNAI_STORE_005,SKU_003_Fortune_Sunflower_Oil_1L,2026-07-07,23,3335.0,145.0,31.59,0.0,False,False
CHENNAI_STORE_005,SKU_003_Fortune_Sunflower_Oil_1L,2026-07-08,19,2755.0,145.0,25.21,0.0,False,False
CHENNAI_STORE_005,SKU_003_Fortune_Sunflower_Oil_1L,2026-07-09,27,3915.0,145.0,25.25,0.0,False,False
CHENNAI_STORE_005,SKU_003_Fortune_Sunflower_Oil_1L,2026-07-10,18,2610.0,145.0,32.86,0.0,False,False
CHENNAI_STORE_005,SKU_003_Fortune_Sunflower_Oil_1L,2026-07-11,39,5655.0,145.0,29.35,0.0,False,False
CHENNAI_STORE_005,SKU_003_Fortune_Sunflower_Oil_1L,2026-07-12,33,4785.0,145.0,27.13,0.0,False,False
CHENNAI_STORE_005,SKU_003_Fortune_Sunflower_Oil_1L,2026-07-13,36,5220.0,145.0,27.04,0.0,False,False
CHENNAI_STORE_005,SKU_003_Fortune_Sunflower_Oil_1L,2026-07-14,26,3770.0,145.0,28.98,0.0,False,False
CHENNAI_STORE_005,SKU_003_Fortune_Sunflower_Oil_1L,2026-07-15,21,3045.0,145.0,22.42,0.0,False,False
CHENNAI_STORE_005,SKU_003_Fortune_Sunflower_Oil_1L,2026-07-16,23,3335.0,145.0,22.77,0.0,False,False
CHENNAI_STORE_005,SKU_003_Fortune_Sunflower_Oil_1L,2026-07-17,21,3045.0,145.0,27.88,0.0,False,False
CHENNAI_STORE_005,SKU_003_Fortune_Sunflower_Oil_1L,2026-07-18,30,4350.0,145.0,27.45,0.0,False,False
CHENNAI_STORE_005,SKU_003_Fortune_Sunflower_Oil_1L,2026-07-19,28,4060.0,145.0,30.94,0.0,False,False
CHENNAI_STORE_005,SKU_003_Fortune_Sunflower_Oil_1L,2026-07-20,25,3625.0,145.0,32.07,0.0,False,False
CHENNAI_STORE_005,SKU_003_Fortune_Sunflower_Oil_1L,2026-07-21,28,4060.0,145.0,27.79,0.0,False,False
CHENNAI_STORE_005,SKU_003_Fortune_Sunflower_Oil_1L,2026-07-22,28,4060.0,145.0,22.87,0.0,False,False
CHENNAI_STORE_005,SKU_003_Fortune_Sunflower_Oil_1L,2026-07-23,29,4205.0,145.0,25.44,0.0,False,False
CHENNAI_STORE_005,SKU_003_Fortune_Sunflower_Oil_1L,2026-07-24,17,2465.0,145.0,31.8,0.0,False,False
CHENNAI_STORE_005,SKU_003_Fortune_Sunflower_Oil_1L,2026-07-25,30,4350.0,145.0,28.94,0.0,False,False
CHENNAI_STORE_005,SKU_003_Fortune_Sunflower_Oil_1L,2026-07-26,35,5075.0,145.0,32.44,0.0,False,False
CHENNAI_STORE_005,SKU_003_Fortune_Sunflower_Oil_1L,2026-07-27,30,4350.0,145.0,31.03,0.0,False,False
CHENNAI_STORE_005,SKU_003_Fortune_Sunflower_Oil_1L,2026-07-28,20,2900.0,145.0,28.83,0.0,False,False
CHENNAI_STORE_005,SKU_003_Fortune_Sunflower_Oil_1L,2026-07-29,21,3045.0,145.0,24.91,0.0,False,False
CHENNAI_STORE_005,SKU_003_Fortune_Sunflower_Oil_1L,2026-07-30,22,3190.0,145.0,27.34,0.0,False,False
CHENNAI_STORE_005,SKU_003_Fortune_Sunflower_Oil_1L,2026-07-31,25,3625.0,145.0,28.25,0.0,False,False
CHENNAI_STORE_005,SKU_003_Fortune_Sunflower_Oil_1L,2026-08-01,33,4785.0,145.0,32.84,0.0,False,False
CHENNAI_STORE_005,SKU_003_Fortune_Sunflower_Oil_1L,2026-08-02,28,4060.0,145.0,31.91,0.0,False,False
CHENNAI_STORE_005,SKU_003_Fortune_Sunflower_Oil_1L,2026-08-03,24,3480.0,145.0,28.08,0.0,False,False
CHENNAI_STORE_005,SKU_003_Fortune_Sunflower_Oil_1L,2026-08-04,20,2900.0,145.0,30.59,0.0,False,False
CHENNAI_STORE_005,SKU_003_Fortune_Sunflower_Oil_1L,2026-08-05,18,2610.0,145.0,25.38,0.0,False,False
CHENNAI_STORE_005,SKU_003_Fortune_Sunflower_Oil_1L,2026-08-06,13,1885.0,145.0,27.68,0.0,False,False
CHENNAI_STORE_005,SKU_003_Fortune_Sunflower_Oil_1L,2026-08-07,19,2755.0,145.0,31.08,0.0,False,False
CHENNAI_STORE_005,SKU_003_Fortune_Sunflower_Oil_1L,2026-08-08,27,3915.0,145.0,30.41,0.0,False,False
CHENNAI_STORE_005,SKU_003_Fortune_Sunflower_Oil_1L,2026-08-09,27,3915.0,145.0,31.35,0.0,False,False
CHENNAI_STORE_005,SKU_003_Fortune_Sunflower_Oil_1L,2026-08-10,20,2900.0,145.0,32.4,0.0,False,False
CHENNAI_STORE_005,SKU_003_Fortune_Sunflower_Oil_1L,2026-08-11,28,4060.0,145.0,29.66,0.0,False,False
CHENNAI_STORE_005,SKU_003_Fortune_Sunflower_Oil_1L,2026-08-12,26,3770.0,145.0,23.05,0.0,False,False
CHENNAI_STORE_005,SKU_003_Fortune_Sunflower_Oil_1L,2026-08-13,26,3770.0,145.0,22.32,0.0,False,False
CHENNAI_STORE_005,SKU_003_Fortune_Sunflower_Oil_1L,2026-08-14,14,2030.0,145.0,31.98,0.0,False,False
CHENNAI_STORE_005,SKU_003_Fortune_Sunflower_Oil_1L,2026-08-15,33,4785.0,145.0,27.87,0.0,False,False
CHENNAI_STORE_005,SKU_003_Fortune_Sunflower_Oil_1L,2026-08-16,21,3045.0,145.0,32.73,0.0,False,False
CHENNAI_STORE_005,SKU_003_Fortune_Sunflower_Oil_1L,2026-08-17,24,3480.0,145.0,31.88,0.0,False,False
CHENNAI_STORE_005,SKU_003_Fortune_Sunflower_Oil_1L,2026-08-18,22,3190.0,145.0,29.72,0.0,False,False
CHENNAI_STORE_005,SKU_003_Fortune_Sunflower_Oil_1L,2026-08-19,22,3190.0,145.0,26.73,0.0,False,False
CHENNAI_STORE_005,SKU_003_Fortune_Sunflower_Oil_1L,2026-08-20,24,3480.0,145.0,22.62,0.0,False,False
CHENNAI_STORE_005,SKU_003_Fortune_Sunflower_Oil_1L,2026-08-21,16,2320.0,145.0,29.07,0.0,False,False
CHENNAI_STORE_005,SKU_003_Fortune_Sunflower_Oil_1L,2026-08-22,28,4060.0,145.0,31.6,0.0,False,False
CHENNAI_STORE_005,SKU_003_Fortune_Sunflower_Oil_1L,2026-08-23,32,4640.0,145.0,27.96,0.0,False,False
CHENNAI_STORE_005,SKU_003_Fortune_Sunflower_Oil_1L,2026-08-24,15,2175.0,145.0,29.91,0.0,False,False
CHENNAI_STORE_005,SKU_003_Fortune_Sunflower_Oil_1L,2026-08-25,25,3625.0,145.0,29.94,0.0,False,False
CHENNAI_STORE_005,SKU_003_Fortune_Sunflower_Oil_1L,2026-08-26,24,3480.0,145.0,27.5,0.0,False,False
CHENNAI_STORE_005,SKU_003_Fortune_Sunflower_Oil_1L,2026-08-27,19,2755.0,145.0,26.21,0.0,False,False
CHENNAI_STORE_005,SKU_003_Fortune_Sunflower_Oil_1L,2026-08-28,24,3480.0,145.0,27.05,0.0,False,False
CHENNAI_STORE_005,SKU_003_Fortune_Sunflower_Oil_1L,2026-08-29,32,4640.0,145.0,31.86,0.0,False,False
CHENNAI_STORE_005,SKU_004_Amul_Butter_500g,2026-05-31,27,7425.0,275.0,34.14,0.0,False,False
CHENNAI_STORE_005,SKU_004_Amul_Butter_500g,2026-06-01,16,4400.0,275.0,37.33,0.0,False,False
CHENNAI_STORE_005,SKU_004_Amul_Butter_500g,2026-06-02,13,3575.0,275.0,33.68,0.0,False,False
CHENNAI_STORE_005,SKU_004_Amul_Butter_500g,2026-06-03,18,4950.0,275.0,27.74,0.0,False,False
CHENNAI_STORE_005,SKU_004_Amul_Butter_500g,2026-06-04,23,6325.0,275.0,32.73,0.0,False,False
CHENNAI_STORE_005,SKU_004_Amul_Butter_500g,2026-06-05,29,7975.0,275.0,35.17,0.0,False,False
CHENNAI_STORE_005,SKU_004_Amul_Butter_500g,2026-06-06,31,8525.0,275.0,36.16,0.0,False,False
CHENNAI_STORE_005,SKU_004_Amul_Butter_500g,2026-06-07,30,8250.0,275.0,37.58,0.0,False,False
CHENNAI_STORE_005,SKU_004_Amul_Butter_500g,2026-06-08,20,5500.0,275.0,36.38,0.0,False,False
CHENNAI_STORE_005,SKU_004_Amul_Butter_500g,2026-06-09,28,7700.0,275.0,34.41,0.0,False,False
CHENNAI_STORE_005,SKU_004_Amul_Butter_500g,2026-06-10,24,6600.0,275.0,31.58,0.0,False,False
CHENNAI_STORE_005,SKU_004_Amul_Butter_500g,2026-06-11,10,2750.0,275.0,27.67,0.0,False,False
CHENNAI_STORE_005,SKU_004_Amul_Butter_500g,2026-06-12,17,4675.0,275.0,34.36,0.0,False,False
CHENNAI_STORE_005,SKU_004_Amul_Butter_500g,2026-06-13,22,6050.0,275.0,33.44,0.0,False,False
CHENNAI_STORE_005,SKU_004_Amul_Butter_500g,2026-06-14,28,7700.0,275.0,37.78,0.0,False,False
CHENNAI_STORE_005,SKU_004_Amul_Butter_500g,2026-06-15,21,5775.0,275.0,34.7,0.0,False,False
CHENNAI_STORE_005,SKU_004_Amul_Butter_500g,2026-06-16,16,4400.0,275.0,35.8,0.0,False,False
CHENNAI_STORE_005,SKU_004_Amul_Butter_500g,2026-06-17,14,3850.0,275.0,29.55,0.0,False,False
CHENNAI_STORE_005,SKU_004_Amul_Butter_500g,2026-06-18,15,4125.0,275.0,29.13,0.0,False,False
CHENNAI_STORE_005,SKU_004_Amul_Butter_500g,2026-06-19,26,7150.0,275.0,35.39,0.0,False,False
CHENNAI_STORE_005,SKU_004_Amul_Butter_500g,2026-06-20,25,6875.0,275.0,36.96,0.0,False,False
CHENNAI_STORE_005,SKU_004_Amul_Butter_500g,2026-06-21,32,8800.0,275.0,32.71,0.0,False,False
CHENNAI_STORE_005,SKU_004_Amul_Butter_500g,2026-06-22,20,5500.0,275.0,33.39,0.0,False,False
CHENNAI_STORE_005,SKU_004_Amul_Butter_500g,2026-06-23,26,7150.0,275.0,33.03,0.0,False,False
CHENNAI_STORE_005,SKU_004_Amul_Butter_500g,2026-06-24,14,3850.0,275.0,28.04,0.0,False,False
CHENNAI_STORE_005,SKU_004_Amul_Butter_500g,2026-06-25,19,5225.0,275.0,27.26,0.0,False,False
CHENNAI_STORE_005,SKU_004_Amul_Butter_500g,2026-06-26,23,6325.0,275.0,34.77,0.0,False,False
CHENNAI_STORE_005,SKU_004_Amul_Butter_500g,2026-06-27,27,7425.0,275.0,32.9,0.0,False,False
CHENNAI_STORE_005,SKU_004_Amul_Butter_500g,2026-06-28,19,5225.0,275.0,36.37,0.0,False,False
CHENNAI_STORE_005,SKU_004_Amul_Butter_500g,2026-06-29,19,5225.0,275.0,37.72,0.0,False,False
CHENNAI_STORE_005,SKU_004_Amul_Butter_500g,2026-06-30,24,6600.0,275.0,34.5,0.0,False,False
CHENNAI_STORE_005,SKU_004_Amul_Butter_500g,2026-07-01,18,4950.0,275.0,31.0,0.0,False,False
CHENNAI_STORE_005,SKU_004_Amul_Butter_500g,2026-07-02,13,3575.0,275.0,29.84,0.0,False,False
CHENNAI_STORE_005,SKU_004_Amul_Butter_500g,2026-07-03,29,7975.0,275.0,37.21,0.0,False,False
CHENNAI_STORE_005,SKU_004_Amul_Butter_500g,2026-07-04,25,6875.0,275.0,33.29,0.0,False,False
CHENNAI_STORE_005,SKU_004_Amul_Butter_500g,2026-07-05,35,9625.0,275.0,32.67,0.0,False,False
CHENNAI_STORE_005,SKU_004_Amul_Butter_500g,2026-07-06,19,5225.0,275.0,34.24,0.0,False,False
CHENNAI_STORE_005,SKU_004_Amul_Butter_500g,2026-07-07,25,6875.0,275.0,35.78,0.0,False,False
CHENNAI_STORE_005,SKU_004_Amul_Butter_500g,2026-07-08,22,6050.0,275.0,30.16,0.0,False,False
CHENNAI_STORE_005,SKU_004_Amul_Butter_500g,2026-07-09,11,3025.0,275.0,30.57,0.0,False,False
CHENNAI_STORE_005,SKU_004_Amul_Butter_500g,2026-07-10,19,5225.0,275.0,37.46,0.0,False,False
CHENNAI_STORE_005,SKU_004_Amul_Butter_500g,2026-07-11,33,9075.0,275.0,36.59,0.0,False,False
CHENNAI_STORE_005,SKU_004_Amul_Butter_500g,2026-07-12,32,8800.0,275.0,35.42,0.0,False,False
CHENNAI_STORE_005,SKU_004_Amul_Butter_500g,2026-07-13,16,4400.0,275.0,37.18,0.0,False,False
CHENNAI_STORE_005,SKU_004_Amul_Butter_500g,2026-07-14,19,5225.0,275.0,35.58,0.0,False,False
CHENNAI_STORE_005,SKU_004_Amul_Butter_500g,2026-07-15,19,5225.0,275.0,27.48,0.0,False,False
CHENNAI_STORE_005,SKU_004_Amul_Butter_500g,2026-07-16,15,4125.0,275.0,28.99,0.0,False,False
CHENNAI_STORE_005,SKU_004_Amul_Butter_500g,2026-07-17,18,4950.0,275.0,37.56,0.0,False,False
CHENNAI_STORE_005,SKU_004_Amul_Butter_500g,2026-07-18,19,5225.0,275.0,35.88,0.0,False,False
CHENNAI_STORE_005,SKU_004_Amul_Butter_500g,2026-07-19,20,5500.0,275.0,32.31,0.0,False,False
CHENNAI_STORE_005,SKU_004_Amul_Butter_500g,2026-07-20,17,4675.0,275.0,37.21,0.0,False,False
CHENNAI_STORE_005,SKU_004_Amul_Butter_500g,2026-07-21,23,6325.0,275.0,35.66,0.0,False,False
CHENNAI_STORE_005,SKU_004_Amul_Butter_500g,2026-07-22,16,4400.0,275.0,31.85,0.0,False,False
CHENNAI_STORE_005,SKU_004_Amul_Butter_500g,2026-07-23,32,8800.0,275.0,27.38,0.0,False,False
CHENNAI_STORE_005,SKU_004_Amul_Butter_500g,2026-07-24,15,4125.0,275.0,33.68,0.0,False,False
CHENNAI_STORE_005,SKU_004_Amul_Butter_500g,2026-07-25,18,4950.0,275.0,34.85,0.0,False,False
CHENNAI_STORE_005,SKU_004_Amul_Butter_500g,2026-07-26,23,6325.0,275.0,34.98,0.0,False,False
CHENNAI_STORE_005,SKU_004_Amul_Butter_500g,2026-07-27,20,5500.0,275.0,34.26,0.0,False,False
CHENNAI_STORE_005,SKU_004_Amul_Butter_500g,2026-07-28,23,6325.0,275.0,33.0,0.0,False,False
CHENNAI_STORE_005,SKU_004_Amul_Butter_500g,2026-07-29,22,6050.0,275.0,31.95,0.0,False,False
CHENNAI_STORE_005,SKU_004_Amul_Butter_500g,2026-07-30,18,4950.0,275.0,28.02,0.0,False,False
CHENNAI_STORE_005,SKU_004_Amul_Butter_500g,2026-07-31,19,5225.0,275.0,35.54,0.0,False,False
CHENNAI_STORE_005,SKU_004_Amul_Butter_500g,2026-08-01,25,6875.0,275.0,35.67,0.0,False,False
CHENNAI_STORE_005,SKU_004_Amul_Butter_500g,2026-08-02,33,9075.0,275.0,34.67,0.0,False,False
CHENNAI_STORE_005,SKU_004_Amul_Butter_500g,2026-08-03,16,4400.0,275.0,36.59,0.0,False,False
CHENNAI_STORE_005,SKU_004_Amul_Butter_500g,2026-08-04,22,6050.0,275.0,37.66,0.0,False,False
CHENNAI_STORE_005,SKU_004_Amul_Butter_500g,2026-08-05,18,4950.0,275.0,28.31,0.0,False,False
CHENNAI_STORE_005,SKU_004_Amul_Butter_500g,2026-08-06,16,4400.0,275.0,31.56,0.0,False,False
CHENNAI_STORE_005,SKU_004_Amul_Butter_500g,2026-08-07,18,4950.0,275.0,32.86,0.0,False,False
CHENNAI_STORE_005,SKU_004_Amul_Butter_500g,2026-08-08,26,7150.0,275.0,34.29,0.0,False,False
CHENNAI_STORE_005,SKU_004_Amul_Butter_500g,2026-08-09,22,6050.0,275.0,35.17,0.0,False,False
CHENNAI_STORE_005,SKU_004_Amul_Butter_500g,2026-08-10,17,4675.0,275.0,33.85,0.0,False,False
CHENNAI_STORE_005,SKU_004_Amul_Butter_500g,2026-08-11,14,3850.0,275.0,37.07,0.0,False,False
CHENNAI_STORE_005,SKU_004_Amul_Butter_500g,2026-08-12,18,4950.0,275.0,29.8,0.0,False,False
CHENNAI_STORE_005,SKU_004_Amul_Butter_500g,2026-08-13,14,3850.0,275.0,31.13,0.0,False,False
CHENNAI_STORE_005,SKU_004_Amul_Butter_500g,2026-08-14,20,5500.0,275.0,35.44,0.0,False,False
CHENNAI_STORE_005,SKU_004_Amul_Butter_500g,2026-08-15,25,6875.0,275.0,34.04,0.0,False,False
CHENNAI_STORE_005,SKU_004_Amul_Butter_500g,2026-08-16,33,9075.0,275.0,32.58,0.0,False,False
CHENNAI_STORE_005,SKU_004_Amul_Butter_500g,2026-08-17,17,4675.0,275.0,35.47,0.0,False,False
CHENNAI_STORE_005,SKU_004_Amul_Butter_500g,2026-08-18,21,5775.0,275.0,37.77,0.0,False,False
CHENNAI_STORE_005,SKU_004_Amul_Butter_500g,2026-08-19,26,7150.0,275.0,31.25,0.0,False,False
CHENNAI_STORE_005,SKU_004_Amul_Butter_500g,2026-08-20,18,4950.0,275.0,30.53,0.0,False,False
CHENNAI_STORE_005,SKU_004_Amul_Butter_500g,2026-08-21,24,6600.0,275.0,32.94,0.0,False,False
CHENNAI_STORE_005,SKU_004_Amul_Butter_500g,2026-08-22,37,10175.0,275.0,35.53,0.0,False,False
CHENNAI_STORE_005,SKU_004_Amul_Butter_500g,2026-08-23,22,6050.0,275.0,36.6,0.0,False,False
CHENNAI_STORE_005,SKU_004_Amul_Butter_500g,2026-08-24,23,6325.0,275.0,37.64,0.0,False,False
CHENNAI_STORE_005,SKU_004_Amul_Butter_500g,2026-08-25,15,4125.0,275.0,36.24,0.0,False,False
CHENNAI_STORE_005,SKU_004_Amul_Butter_500g,2026-08-26,13,3575.0,275.0,31.94,0.0,False,False
CHENNAI_STORE_005,SKU_004_Amul_Butter_500g,2026-08-27,16,4400.0,275.0,29.75,0.0,False,False
CHENNAI_STORE_005,SKU_004_Amul_Butter_500g,2026-08-28,21,5775.0,275.0,32.53,0.0,False,False
CHENNAI_STORE_005,SKU_004_Amul_Butter_500g,2026-08-29,31,8525.0,275.0,32.43,0.0,False,False
CHENNAI_STORE_005,SKU_005_Tata_Tea_Gold_500g,2026-05-31,20,6400.0,320.0,24.9,0.0,False,False
CHENNAI_STORE_005,SKU_005_Tata_Tea_Gold_500g,2026-06-01,21,6720.0,320.0,24.01,0.0,False,False
CHENNAI_STORE_005,SKU_005_Tata_Tea_Gold_500g,2026-06-02,12,3840.0,320.0,26.7,0.0,False,False
CHENNAI_STORE_005,SKU_005_Tata_Tea_Gold_500g,2026-06-03,14,4480.0,320.0,19.86,0.0,False,False
CHENNAI_STORE_005,SKU_005_Tata_Tea_Gold_500g,2026-06-04,7,2240.0,320.0,18.93,0.0,False,False
CHENNAI_STORE_005,SKU_005_Tata_Tea_Gold_500g,2026-06-05,20,6400.0,320.0,24.93,0.0,False,False
CHENNAI_STORE_005,SKU_005_Tata_Tea_Gold_500g,2026-06-06,14,4480.0,320.0,27.85,0.0,False,False
CHENNAI_STORE_005,SKU_005_Tata_Tea_Gold_500g,2026-06-07,20,6400.0,320.0,23.72,0.0,False,False
CHENNAI_STORE_005,SKU_005_Tata_Tea_Gold_500g,2026-06-08,6,1920.0,320.0,26.42,0.0,False,False
CHENNAI_STORE_005,SKU_005_Tata_Tea_Gold_500g,2026-06-09,11,3520.0,320.0,26.1,0.0,False,False
CHENNAI_STORE_005,SKU_005_Tata_Tea_Gold_500g,2026-06-10,11,3520.0,320.0,22.03,0.0,False,False
CHENNAI_STORE_005,SKU_005_Tata_Tea_Gold_500g,2026-06-11,7,2240.0,320.0,17.29,0.0,False,False
CHENNAI_STORE_005,SKU_005_Tata_Tea_Gold_500g,2026-06-12,14,4480.0,320.0,27.43,0.0,False,False
CHENNAI_STORE_005,SKU_005_Tata_Tea_Gold_500g,2026-06-13,13,4160.0,320.0,25.3,0.0,False,False
CHENNAI_STORE_005,SKU_005_Tata_Tea_Gold_500g,2026-06-14,15,4800.0,320.0,27.84,0.0,False,False
CHENNAI_STORE_005,SKU_005_Tata_Tea_Gold_500g,2026-06-15,10,3200.0,320.0,24.49,0.0,False,False
CHENNAI_STORE_005,SKU_005_Tata_Tea_Gold_500g,2026-06-16,11,3520.0,320.0,23.07,0.0,False,False
CHENNAI_STORE_005,SKU_005_Tata_Tea_Gold_500g,2026-06-17,17,5440.0,320.0,17.51,0.0,False,False
CHENNAI_STORE_005,SKU_005_Tata_Tea_Gold_500g,2026-06-18,8,2560.0,320.0,22.09,0.0,False,False
CHENNAI_STORE_005,SKU_005_Tata_Tea_Gold_500g,2026-06-19,14,4480.0,320.0,24.13,0.0,False,False
CHENNAI_STORE_005,SKU_005_Tata_Tea_Gold_500g,2026-06-20,19,6080.0,320.0,24.1,0.0,False,False
CHENNAI_STORE_005,SKU_005_Tata_Tea_Gold_500g,2026-06-21,9,2880.0,320.0,23.44,0.0,False,False
CHENNAI_STORE_005,SKU_005_Tata_Tea_Gold_500g,2026-06-22,17,5440.0,320.0,26.51,0.0,False,False
CHENNAI_STORE_005,SKU_005_Tata_Tea_Gold_500g,2026-06-23,12,3840.0,320.0,22.16,0.0,False,False
CHENNAI_STORE_005,SKU_005_Tata_Tea_Gold_500g,2026-06-24,15,4800.0,320.0,22.88,0.0,False,False
CHENNAI_STORE_005,SKU_005_Tata_Tea_Gold_500g,2026-06-25,21,6720.0,320.0,17.0,0.0,False,False
CHENNAI_STORE_005,SKU_005_Tata_Tea_Gold_500g,2026-06-26,11,3520.0,320.0,23.54,0.0,False,False
CHENNAI_STORE_005,SKU_005_Tata_Tea_Gold_500g,2026-06-27,16,5120.0,320.0,24.26,0.0,False,False
CHENNAI_STORE_005,SKU_005_Tata_Tea_Gold_500g,2026-06-28,16,5120.0,320.0,26.88,0.0,False,False
CHENNAI_STORE_005,SKU_005_Tata_Tea_Gold_500g,2026-06-29,12,3840.0,320.0,23.64,0.0,False,False
CHENNAI_STORE_005,SKU_005_Tata_Tea_Gold_500g,2026-06-30,14,4480.0,320.0,22.53,0.0,False,False
CHENNAI_STORE_005,SKU_005_Tata_Tea_Gold_500g,2026-07-01,10,3200.0,320.0,18.15,0.0,False,False
CHENNAI_STORE_005,SKU_005_Tata_Tea_Gold_500g,2026-07-02,10,3200.0,320.0,19.49,0.0,False,False
CHENNAI_STORE_005,SKU_005_Tata_Tea_Gold_500g,2026-07-03,13,4160.0,320.0,23.09,0.0,False,False
CHENNAI_STORE_005,SKU_005_Tata_Tea_Gold_500g,2026-07-04,18,5760.0,320.0,23.31,0.0,False,False
CHENNAI_STORE_005,SKU_005_Tata_Tea_Gold_500g,2026-07-05,24,7680.0,320.0,23.19,0.0,False,False
CHENNAI_STORE_005,SKU_005_Tata_Tea_Gold_500g,2026-07-06,13,4160.0,320.0,27.18,0.0,False,False
CHENNAI_STORE_005,SKU_005_Tata_Tea_Gold_500g,2026-07-07,9,2880.0,320.0,26.36,0.0,False,False
CHENNAI_STORE_005,SKU_005_Tata_Tea_Gold_500g,2026-07-08,10,3200.0,320.0,22.41,0.0,False,False
CHENNAI_STORE_005,SKU_005_Tata_Tea_Gold_500g,2026-07-09,7,2240.0,320.0,21.46,0.0,False,False
CHENNAI_STORE_005,SKU_005_Tata_Tea_Gold_500g,2026-07-10,18,5760.0,320.0,26.88,0.0,False,False
CHENNAI_STORE_005,SKU_005_Tata_Tea_Gold_500g,2026-07-11,17,5440.0,320.0,27.2,0.0,False,False
CHENNAI_STORE_005,SKU_005_Tata_Tea_Gold_500g,2026-07-12,18,5760.0,320.0,22.02,0.0,False,False
CHENNAI_STORE_005,SKU_005_Tata_Tea_Gold_500g,2026-07-13,10,3200.0,320.0,25.71,0.0,False,False
CHENNAI_STORE_005,SKU_005_Tata_Tea_Gold_500g,2026-07-14,9,2880.0,320.0,26.5,0.0,False,False
CHENNAI_STORE_005,SKU_005_Tata_Tea_Gold_500g,2026-07-15,14,4480.0,320.0,20.89,0.0,False,False
CHENNAI_STORE_005,SKU_005_Tata_Tea_Gold_500g,2026-07-16,10,3200.0,320.0,18.87,0.0,False,False
CHENNAI_STORE_005,SKU_005_Tata_Tea_Gold_500g,2026-07-17,13,4160.0,320.0,23.65,0.0,False,False
CHENNAI_STORE_005,SKU_005_Tata_Tea_Gold_500g,2026-07-18,18,5760.0,320.0,22.15,0.0,False,False
CHENNAI_STORE_005,SKU_005_Tata_Tea_Gold_500g,2026-07-19,22,7040.0,320.0,25.16,0.0,False,False
CHENNAI_STORE_005,SKU_005_Tata_Tea_Gold_500g,2026-07-20,10,3200.0,320.0,27.07,0.0,False,False
CHENNAI_STORE_005,SKU_005_Tata_Tea_Gold_500g,2026-07-21,5,1600.0,320.0,23.27,0.0,False,False
CHENNAI_STORE_005,SKU_005_Tata_Tea_Gold_500g,2026-07-22,12,3840.0,320.0,19.72,0.0,False,False
CHENNAI_STORE_005,SKU_005_Tata_Tea_Gold_500g,2026-07-23,14,4480.0,320.0,21.22,0.0,False,False
CHENNAI_STORE_005,SKU_005_Tata_Tea_Gold_500g,2026-07-24,9,2880.0,320.0,24.83,0.0,False,False
CHENNAI_STORE_005,SKU_005_Tata_Tea_Gold_500g,2026-07-25,10,3200.0,320.0,23.81,0.0,False,False
CHENNAI_STORE_005,SKU_005_Tata_Tea_Gold_500g,2026-07-26,21,6720.0,320.0,25.52,0.0,False,False
CHENNAI_STORE_005,SKU_005_Tata_Tea_Gold_500g,2026-07-27,8,2560.0,320.0,24.33,0.0,False,False
CHENNAI_STORE_005,SKU_005_Tata_Tea_Gold_500g,2026-07-28,8,2560.0,320.0,24.66,0.0,False,False
CHENNAI_STORE_005,SKU_005_Tata_Tea_Gold_500g,2026-07-29,13,4160.0,320.0,19.61,0.0,False,False
CHENNAI_STORE_005,SKU_005_Tata_Tea_Gold_500g,2026-07-30,11,3520.0,320.0,17.44,0.0,False,False
CHENNAI_STORE_005,SKU_005_Tata_Tea_Gold_500g,2026-07-31,14,4480.0,320.0,25.25,0.0,False,False
CHENNAI_STORE_005,SKU_005_Tata_Tea_Gold_500g,2026-08-01,16,5120.0,320.0,24.08,0.0,False,False
CHENNAI_STORE_005,SKU_005_Tata_Tea_Gold_500g,2026-08-02,15,4800.0,320.0,23.64,0.0,False,False
CHENNAI_STORE_005,SKU_005_Tata_Tea_Gold_500g,2026-08-03,19,6080.0,320.0,23.45,0.0,False,False
CHENNAI_STORE_005,SKU_005_Tata_Tea_Gold_500g,2026-08-04,11,3520.0,320.0,25.52,0.0,False,False
CHENNAI_STORE_005,SKU_005_Tata_Tea_Gold_500g,2026-08-05,12,3840.0,320.0,19.36,0.0,False,False
CHENNAI_STORE_005,SKU_005_Tata_Tea_Gold_500g,2026-08-06,14,4480.0,320.0,22.05,0.0,False,False
CHENNAI_STORE_005,SKU_005_Tata_Tea_Gold_500g,2026-08-07,12,3840.0,320.0,24.73,0.0,False,False
CHENNAI_STORE_005,SKU_005_Tata_Tea_Gold_500g,2026-08-08,24,7680.0,320.0,26.09,0.0,False,False
CHENNAI_STORE_005,SKU_005_Tata_Tea_Gold_500g,2026-08-09,13,4160.0,320.0,22.23,0.0,False,False
CHENNAI_STORE_005,SKU_005_Tata_Tea_Gold_500g,2026-08-10,13,4160.0,320.0,22.05,0.0,False,False
CHENNAI_STORE_005,SKU_005_Tata_Tea_Gold_500g,2026-08-11,10,3200.0,320.0,23.8,0.0,False,False
CHENNAI_STORE_005,SKU_005_Tata_Tea_Gold_500g,2026-08-12,7,2240.0,320.0,17.7,0.0,False,False
CHENNAI_STORE_005,SKU_005_Tata_Tea_Gold_500g,2026-08-13,14,4480.0,320.0,22.65,0.0,False,False
CHENNAI_STORE_005,SKU_005_Tata_Tea_Gold_500g,2026-08-14,14,4480.0,320.0,27.82,0.0,False,False
CHENNAI_STORE_005,SKU_005_Tata_Tea_Gold_500g,2026-08-15,6,1920.0,320.0,26.23,0.0,False,False
CHENNAI_STORE_005,SKU_005_Tata_Tea_Gold_500g,2026-08-16,12,3840.0,320.0,25.83,0.0,False,False
CHENNAI_STORE_005,SKU_005_Tata_Tea_Gold_500g,2026-08-17,14,4480.0,320.0,27.14,0.0,False,False
CHENNAI_STORE_005,SKU_005_Tata_Tea_Gold_500g,2026-08-18,7,2240.0,320.0,26.15,0.0,False,False
CHENNAI_STORE_005,SKU_005_Tata_Tea_Gold_500g,2026-08-19,10,3200.0,320.0,22.41,0.0,False,False
CHENNAI_STORE_005,SKU_005_Tata_Tea_Gold_500g,2026-08-20,12,3840.0,320.0,19.17,0.0,False,False
CHENNAI_STORE_005,SKU_005_Tata_Tea_Gold_500g,2026-08-21,10,3200.0,320.0,22.53,0.0,False,False
CHENNAI_STORE_005,SKU_005_Tata_Tea_Gold_500g,2026-08-22,21,6720.0,320.0,27.09,0.0,False,False
CHENNAI_STORE_005,SKU_005_Tata_Tea_Gold_500g,2026-08-23,23,7360.0,320.0,25.23,0.0,False,False
CHENNAI_STORE_005,SKU_005_Tata_Tea_Gold_500g,2026-08-24,8,2560.0,320.0,27.04,0.0,False,False
CHENNAI_STORE_005,SKU_005_Tata_Tea_Gold_500g,2026-08-25,14,4480.0,320.0,23.19,0.0,False,False
CHENNAI_STORE_005,SKU_005_Tata_Tea_Gold_500g,2026-08-26,6,1920.0,320.0,21.15,0.0,False,False
CHENNAI_STORE_005,SKU_005_Tata_Tea_Gold_500g,2026-08-27,11,3520.0,320.0,20.63,0.0,False,False
CHENNAI_STORE_005,SKU_005_Tata_Tea_Gold_500g,2026-08-28,15,4800.0,320.0,27.79,0.0,False,False
CHENNAI_STORE_005,SKU_005_Tata_Tea_Gold_500g,2026-08-29,17,5440.0,320.0,23.27,0.0,False,False
CHENNAI_STORE_005,SKU_006_Tata_Salt_1kg,2026-05-31,53,1484.0,28.0,27.97,0.0,False,False
CHENNAI_STORE_005,SKU_006_Tata_Salt_1kg,2026-06-01,44,1232.0,28.0,26.32,0.0,False,False
CHENNAI_STORE_005,SKU_006_Tata_Salt_1kg,2026-06-02,41,1148.0,28.0,27.08,0.0,False,False
CHENNAI_STORE_005,SKU_006_Tata_Salt_1kg,2026-06-03,34,952.0,28.0,18.98,0.0,False,False
CHENNAI_STORE_005,SKU_006_Tata_Salt_1kg,2026-06-04,35,980.0,28.0,19.57,0.0,False,False
CHENNAI_STORE_005,SKU_006_Tata_Salt_1kg,2026-06-05,30,840.0,28.0,26.83,0.0,False,False
CHENNAI_STORE_005,SKU_006_Tata_Salt_1kg,2026-06-06,49,1372.0,28.0,27.33,0.0,False,False
CHENNAI_STORE_005,SKU_006_Tata_Salt_1kg,2026-06-07,35,980.0,28.0,23.01,0.0,False,False
CHENNAI_STORE_005,SKU_006_Tata_Salt_1kg,2026-06-08,42,1176.0,28.0,27.29,0.0,False,False
CHENNAI_STORE_005,SKU_006_Tata_Salt_1kg,2026-06-09,43,1204.0,28.0,25.39,0.0,False,False
CHENNAI_STORE_005,SKU_006_Tata_Salt_1kg,2026-06-10,30,840.0,28.0,19.58,0.0,False,False
CHENNAI_STORE_005,SKU_006_Tata_Salt_1kg,2026-06-11,34,952.0,28.0,21.47,0.0,False,False
CHENNAI_STORE_005,SKU_006_Tata_Salt_1kg,2026-06-12,36,1008.0,28.0,26.9,0.0,False,False
CHENNAI_STORE_005,SKU_006_Tata_Salt_1kg,2026-06-13,54,1512.0,28.0,22.19,0.0,False,False
CHENNAI_STORE_005,SKU_006_Tata_Salt_1kg,2026-06-14,43,1204.0,28.0,24.03,0.0,False,False
CHENNAI_STORE_005,SKU_006_Tata_Salt_1kg,2026-06-15,38,1064.0,28.0,23.9,0.0,False,False
CHENNAI_STORE_005,SKU_006_Tata_Salt_1kg,2026-06-16,38,1064.0,28.0,23.6,0.0,False,False
CHENNAI_STORE_005,SKU_006_Tata_Salt_1kg,2026-06-17,36,1008.0,28.0,17.73,0.0,False,False
CHENNAI_STORE_005,SKU_006_Tata_Salt_1kg,2026-06-18,33,924.0,28.0,17.05,0.0,False,False
CHENNAI_STORE_005,SKU_006_Tata_Salt_1kg,2026-06-19,36,1008.0,28.0,25.29,0.0,False,False
CHENNAI_STORE_005,SKU_006_Tata_Salt_1kg,2026-06-20,37,1036.0,28.0,26.68,0.0,False,False
CHENNAI_STORE_005,SKU_006_Tata_Salt_1kg,2026-06-21,46,1288.0,28.0,27.52,0.0,False,False
CHENNAI_STORE_005,SKU_006_Tata_Salt_1kg,2026-06-22,28,784.0,28.0,26.86,0.0,False,False
CHENNAI_STORE_005,SKU_006_Tata_Salt_1kg,2026-06-23,38,1064.0,28.0,24.92,0.0,False,False
CHENNAI_STORE_005,SKU_006_Tata_Salt_1kg,2026-06-24,36,1008.0,28.0,21.51,0.0,False,False
CHENNAI_STORE_005,SKU_006_Tata_Salt_1kg,2026-06-25,30,840.0,28.0,18.53,0.0,False,False
CHENNAI_STORE_005,SKU_006_Tata_Salt_1kg,2026-06-26,25,700.0,28.0,24.24,0.0,False,False
CHENNAI_STORE_005,SKU_006_Tata_Salt_1kg,2026-06-27,32,896.0,28.0,22.06,0.0,False,False
CHENNAI_STORE_005,SKU_006_Tata_Salt_1kg,2026-06-28,42,1176.0,28.0,22.66,0.0,False,False
CHENNAI_STORE_005,SKU_006_Tata_Salt_1kg,2026-06-29,33,924.0,28.0,23.9,0.0,False,False
CHENNAI_STORE_005,SKU_006_Tata_Salt_1kg,2026-06-30,40,1120.0,28.0,27.76,0.0,False,False
CHENNAI_STORE_005,SKU_006_Tata_Salt_1kg,2026-07-01,33,924.0,28.0,19.94,0.0,False,False
CHENNAI_STORE_005,SKU_006_Tata_Salt_1kg,2026-07-02,29,812.0,28.0,22.36,0.0,False,False
CHENNAI_STORE_005,SKU_006_Tata_Salt_1kg,2026-07-03,38,1064.0,28.0,25.13,0.0,False,False
CHENNAI_STORE_005,SKU_006_Tata_Salt_1kg,2026-07-04,44,1232.0,28.0,26.16,0.0,False,False
CHENNAI_STORE_005,SKU_006_Tata_Salt_1kg,2026-07-05,47,1316.0,28.0,23.53,0.0,False,False
CHENNAI_STORE_005,SKU_006_Tata_Salt_1kg,2026-07-06,35,980.0,28.0,26.65,0.0,False,False
CHENNAI_STORE_005,SKU_006_Tata_Salt_1kg,2026-07-07,35,980.0,28.0,26.1,0.0,False,False
CHENNAI_STORE_005,SKU_006_Tata_Salt_1kg,2026-07-08,35,980.0,28.0,17.35,0.0,False,False
CHENNAI_STORE_005,SKU_006_Tata_Salt_1kg,2026-07-09,20,560.0,28.0,22.8,0.0,False,False
CHENNAI_STORE_005,SKU_006_Tata_Salt_1kg,2026-07-10,35,980.0,28.0,23.17,0.0,False,False
CHENNAI_STORE_005,SKU_006_Tata_Salt_1kg,2026-07-11,42,1176.0,28.0,26.24,0.0,False,False
CHENNAI_STORE_005,SKU_006_Tata_Salt_1kg,2026-07-12,47,1316.0,28.0,24.36,0.0,False,False
CHENNAI_STORE_005,SKU_006_Tata_Salt_1kg,2026-07-13,36,1008.0,28.0,25.87,0.0,False,False
CHENNAI_STORE_005,SKU_006_Tata_Salt_1kg,2026-07-14,34,952.0,28.0,27.49,0.0,False,False
CHENNAI_STORE_005,SKU_006_Tata_Salt_1kg,2026-07-15,34,952.0,28.0,22.42,0.0,False,False
CHENNAI_STORE_005,SKU_006_Tata_Salt_1kg,2026-07-16,28,784.0,28.0,20.26,0.0,False,False
CHENNAI_STORE_005,SKU_006_Tata_Salt_1kg,2026-07-17,30,840.0,28.0,27.73,0.0,False,False
CHENNAI_STORE_005,SKU_006_Tata_Salt_1kg,2026-07-18,42,1176.0,28.0,24.44,0.0,False,False
CHENNAI_STORE_005,SKU_006_Tata_Salt_1kg,2026-07-19,45,1260.0,28.0,26.05,0.0,False,False
CHENNAI_STORE_005,SKU_006_Tata_Salt_1kg,2026-07-20,33,924.0,28.0,25.91,0.0,False,False
CHENNAI_STORE_005,SKU_006_Tata_Salt_1kg,2026-07-21,34,952.0,28.0,23.98,0.0,False,False
CHENNAI_STORE_005,SKU_006_Tata_Salt_1kg,2026-07-22,35,980.0,28.0,20.66,0.0,False,False
CHENNAI_STORE_005,SKU_006_Tata_Salt_1kg,2026-07-23,30,840.0,28.0,21.3,0.0,False,False
CHENNAI_STORE_005,SKU_006_Tata_Salt_1kg,2026-07-24,29,812.0,28.0,23.77,0.0,False,False
CHENNAI_STORE_005,SKU_006_Tata_Salt_1kg,2026-07-25,38,1064.0,28.0,22.72,0.0,False,False
CHENNAI_STORE_005,SKU_006_Tata_Salt_1kg,2026-07-26,63,1764.0,28.0,25.61,0.0,False,False
CHENNAI_STORE_005,SKU_006_Tata_Salt_1kg,2026-07-27,44,1232.0,28.0,26.3,0.0,False,False
CHENNAI_STORE_005,SKU_006_Tata_Salt_1kg,2026-07-28,29,812.0,28.0,24.42,0.0,False,False
CHENNAI_STORE_005,SKU_006_Tata_Salt_1kg,2026-07-29,43,1204.0,28.0,21.3,0.0,False,False
CHENNAI_STORE_005,SKU_006_Tata_Salt_1kg,2026-07-30,50,1400.0,28.0,17.69,0.0,False,False
CHENNAI_STORE_005,SKU_006_Tata_Salt_1kg,2026-07-31,32,896.0,28.0,28.0,0.0,False,False
CHENNAI_STORE_005,SKU_006_Tata_Salt_1kg,2026-08-01,38,1064.0,28.0,26.38,0.0,False,False
CHENNAI_STORE_005,SKU_006_Tata_Salt_1kg,2026-08-02,49,1372.0,28.0,26.42,0.0,False,False
CHENNAI_STORE_005,SKU_006_Tata_Salt_1kg,2026-08-03,41,1148.0,28.0,27.91,0.0,False,False
CHENNAI_STORE_005,SKU_006_Tata_Salt_1kg,2026-08-04,33,924.0,28.0,22.48,0.0,False,False
CHENNAI_STORE_005,SKU_006_Tata_Salt_1kg,2026-08-05,30,840.0,28.0,17.06,0.0,False,False
CHENNAI_STORE_005,SKU_006_Tata_Salt_1kg,2026-08-06,43,1204.0,28.0,20.07,0.0,False,False
CHENNAI_STORE_005,SKU_006_Tata_Salt_1kg,2026-08-07,33,924.0,28.0,26.52,0.0,False,False
CHENNAI_STORE_005,SKU_006_Tata_Salt_1kg,2026-08-08,50,1400.0,28.0,22.32,0.0,False,False
CHENNAI_STORE_005,SKU_006_Tata_Salt_1kg,2026-08-09,42,1176.0,28.0,22.78,0.0,False,False
CHENNAI_STORE_005,SKU_006_Tata_Salt_1kg,2026-08-10,29,812.0,28.0,27.12,0.0,False,False
CHENNAI_STORE_005,SKU_006_Tata_Salt_1kg,2026-08-11,28,784.0,28.0,26.7,0.0,False,False
CHENNAI_STORE_005,SKU_006_Tata_Salt_1kg,2026-08-12,39,1092.0,28.0,18.3,0.0,False,False
CHENNAI_STORE_005,SKU_006_Tata_Salt_1kg,2026-08-13,32,896.0,28.0,18.14,0.0,False,False
CHENNAI_STORE_005,SKU_006_Tata_Salt_1kg,2026-08-14,31,868.0,28.0,25.58,0.0,False,False
CHENNAI_STORE_005,SKU_006_Tata_Salt_1kg,2026-08-15,60,1680.0,28.0,23.51,0.0,False,False
CHENNAI_STORE_005,SKU_006_Tata_Salt_1kg,2026-08-16,46,1288.0,28.0,23.69,0.0,False,False
CHENNAI_STORE_005,SKU_006_Tata_Salt_1kg,2026-08-17,33,924.0,28.0,24.84,0.0,False,False
CHENNAI_STORE_005,SKU_006_Tata_Salt_1kg,2026-08-18,37,1036.0,28.0,22.65,0.0,False,False
CHENNAI_STORE_005,SKU_006_Tata_Salt_1kg,2026-08-19,41,1148.0,28.0,20.55,0.0,False,False
CHENNAI_STORE_005,SKU_006_Tata_Salt_1kg,2026-08-20,29,812.0,28.0,18.47,0.0,False,False
CHENNAI_STORE_005,SKU_006_Tata_Salt_1kg,2026-08-21,33,924.0,28.0,23.02,0.0,False,False
CHENNAI_STORE_005,SKU_006_Tata_Salt_1kg,2026-08-22,54,1512.0,28.0,23.64,0.0,False,False
CHENNAI_STORE_005,SKU_006_Tata_Salt_1kg,2026-08-23,51,1428.0,28.0,24.37,0.0,False,False
CHENNAI_STORE_005,SKU_006_Tata_Salt_1kg,2026-08-24,43,1204.0,28.0,26.25,0.0,False,False
CHENNAI_STORE_005,SKU_006_Tata_Salt_1kg,2026-08-25,34,952.0,28.0,24.23,0.0,False,False
CHENNAI_STORE_005,SKU_006_Tata_Salt_1kg,2026-08-26,45,1260.0,28.0,22.58,0.0,False,False
CHENNAI_STORE_005,SKU_006_Tata_Salt_1kg,2026-08-27,39,1092.0,28.0,22.33,0.0,False,False
CHENNAI_STORE_005,SKU_006_Tata_Salt_1kg,2026-08-28,38,1064.0,28.0,27.33,0.0,False,False
CHENNAI_STORE_005,SKU_006_Tata_Salt_1kg,2026-08-29,41,1148.0,28.0,25.46,0.0,False,False
CHENNAI_STORE_005,SKU_007_Toor_Dal_Premium_1kg,2026-05-31,15,2475.0,165.0,32.19,0.0,False,False
CHENNAI_STORE_005,SKU_007_Toor_Dal_Premium_1kg,2026-06-01,16,2640.0,165.0,32.45,0.0,False,False
CHENNAI_STORE_005,SKU_007_Toor_Dal_Premium_1kg,2026-06-02,13,2145.0,165.0,27.83,0.0,False,False
CHENNAI_STORE_005,SKU_007_Toor_Dal_Premium_1kg,2026-06-03,18,2970.0,165.0,25.45,0.0,False,False
CHENNAI_STORE_005,SKU_007_Toor_Dal_Premium_1kg,2026-06-04,16,2640.0,165.0,23.68,0.0,False,False
CHENNAI_STORE_005,SKU_007_Toor_Dal_Premium_1kg,2026-06-05,14,2310.0,165.0,32.8,0.0,False,False
CHENNAI_STORE_005,SKU_007_Toor_Dal_Premium_1kg,2026-06-06,25,4125.0,165.0,29.69,0.0,False,False
CHENNAI_STORE_005,SKU_007_Toor_Dal_Premium_1kg,2026-06-07,31,5115.0,165.0,29.77,0.0,False,False
CHENNAI_STORE_005,SKU_007_Toor_Dal_Premium_1kg,2026-06-08,17,2805.0,165.0,29.74,0.0,False,False
CHENNAI_STORE_005,SKU_007_Toor_Dal_Premium_1kg,2026-06-09,23,3795.0,165.0,29.88,0.0,False,False
CHENNAI_STORE_005,SKU_007_Toor_Dal_Premium_1kg,2026-06-10,13,2145.0,165.0,24.81,0.0,False,False
CHENNAI_STORE_005,SKU_007_Toor_Dal_Premium_1kg,2026-06-11,12,1980.0,165.0,24.23,0.0,False,False
CHENNAI_STORE_005,SKU_007_Toor_Dal_Premium_1kg,2026-06-12,14,2310.0,165.0,30.3,0.0,False,False
CHENNAI_STORE_005,SKU_007_Toor_Dal_Premium_1kg,2026-06-13,17,2805.0,165.0,28.09,0.0,False,False
CHENNAI_STORE_005,SKU_007_Toor_Dal_Premium_1kg,2026-06-14,16,2640.0,165.0,30.41,0.0,False,False
CHENNAI_STORE_005,SKU_007_Toor_Dal_Premium_1kg,2026-06-15,15,2475.0,165.0,32.92,0.0,False,False
CHENNAI_STORE_005,SKU_007_Toor_Dal_Premium_1kg,2026-06-16,11,1815.0,165.0,32.61,0.0,False,False
CHENNAI_STORE_005,SKU_007_Toor_Dal_Premium_1kg,2026-06-17,13,2145.0,165.0,25.41,0.0,False,False
CHENNAI_STORE_005,SKU_007_Toor_Dal_Premium_1kg,2026-06-18,14,2310.0,165.0,27.63,0.0,False,False
CHENNAI_STORE_005,SKU_007_Toor_Dal_Premium_1kg,2026-06-19,19,3135.0,165.0,30.63,0.0,False,False
CHENNAI_STORE_005,SKU_007_Toor_Dal_Premium_1kg,2026-06-20,24,3960.0,165.0,31.07,0.0,False,False
CHENNAI_STORE_005,SKU_007_Toor_Dal_Premium_1kg,2026-06-21,28,4620.0,165.0,30.71,0.0,False,False
CHENNAI_STORE_005,SKU_007_Toor_Dal_Premium_1kg,2026-06-22,13,2145.0,165.0,30.46,0.0,False,False
CHENNAI_STORE_005,SKU_007_Toor_Dal_Premium_1kg,2026-06-23,11,1815.0,165.0,29.21,0.0,False,False
CHENNAI_STORE_005,SKU_007_Toor_Dal_Premium_1kg,2026-06-24,18,2970.0,165.0,24.4,0.0,False,False
CHENNAI_STORE_005,SKU_007_Toor_Dal_Premium_1kg,2026-06-25,16,2640.0,165.0,27.15,0.0,False,False
CHENNAI_STORE_005,SKU_007_Toor_Dal_Premium_1kg,2026-06-26,13,2145.0,165.0,27.32,0.0,False,False
CHENNAI_STORE_005,SKU_007_Toor_Dal_Premium_1kg,2026-06-27,20,3300.0,165.0,32.72,0.0,False,False
CHENNAI_STORE_005,SKU_007_Toor_Dal_Premium_1kg,2026-06-28,25,4125.0,165.0,32.62,0.0,False,False
CHENNAI_STORE_005,SKU_007_Toor_Dal_Premium_1kg,2026-06-29,17,2805.0,165.0,30.98,0.0,False,False
CHENNAI_STORE_005,SKU_007_Toor_Dal_Premium_1kg,2026-06-30,19,3135.0,165.0,28.85,0.0,False,False
CHENNAI_STORE_005,SKU_007_Toor_Dal_Premium_1kg,2026-07-01,23,3795.0,165.0,27.98,0.0,False,False
CHENNAI_STORE_005,SKU_007_Toor_Dal_Premium_1kg,2026-07-02,13,2145.0,165.0,23.45,0.0,False,False
CHENNAI_STORE_005,SKU_007_Toor_Dal_Premium_1kg,2026-07-03,17,2805.0,165.0,27.29,0.0,False,False
CHENNAI_STORE_005,SKU_007_Toor_Dal_Premium_1kg,2026-07-04,23,3795.0,165.0,32.11,0.0,False,False
CHENNAI_STORE_005,SKU_007_Toor_Dal_Premium_1kg,2026-07-05,28,4620.0,165.0,29.17,0.0,False,False
CHENNAI_STORE_005,SKU_007_Toor_Dal_Premium_1kg,2026-07-06,15,2475.0,165.0,29.24,0.0,False,False
CHENNAI_STORE_005,SKU_007_Toor_Dal_Premium_1kg,2026-07-07,17,2805.0,165.0,27.48,0.0,False,False
CHENNAI_STORE_005,SKU_007_Toor_Dal_Premium_1kg,2026-07-08,18,2970.0,165.0,27.04,0.0,False,False
CHENNAI_STORE_005,SKU_007_Toor_Dal_Premium_1kg,2026-07-09,15,2475.0,165.0,26.36,0.0,False,False
CHENNAI_STORE_005,SKU_007_Toor_Dal_Premium_1kg,2026-07-10,16,2640.0,165.0,31.06,0.0,False,False
CHENNAI_STORE_005,SKU_007_Toor_Dal_Premium_1kg,2026-07-11,38,6270.0,165.0,31.7,0.0,False,False
CHENNAI_STORE_005,SKU_007_Toor_Dal_Premium_1kg,2026-07-12,27,4455.0,165.0,31.99,0.0,False,False
CHENNAI_STORE_005,SKU_007_Toor_Dal_Premium_1kg,2026-07-13,9,1485.0,165.0,29.08,0.0,False,False
CHENNAI_STORE_005,SKU_007_Toor_Dal_Premium_1kg,2026-07-14,14,2310.0,165.0,28.26,0.0,False,False
CHENNAI_STORE_005,SKU_007_Toor_Dal_Premium_1kg,2026-07-15,17,2805.0,165.0,27.25,0.0,False,False
CHENNAI_STORE_005,SKU_007_Toor_Dal_Premium_1kg,2026-07-16,12,1980.0,165.0,22.09,0.0,False,False
CHENNAI_STORE_005,SKU_007_Toor_Dal_Premium_1kg,2026-07-17,21,3465.0,165.0,28.73,0.0,False,False
CHENNAI_STORE_005,SKU_007_Toor_Dal_Premium_1kg,2026-07-18,19,3135.0,165.0,29.21,0.0,False,False
CHENNAI_STORE_005,SKU_007_Toor_Dal_Premium_1kg,2026-07-19,26,4290.0,165.0,31.57,0.0,False,False
CHENNAI_STORE_005,SKU_007_Toor_Dal_Premium_1kg,2026-07-20,13,2145.0,165.0,29.21,0.0,False,False
CHENNAI_STORE_005,SKU_007_Toor_Dal_Premium_1kg,2026-07-21,15,2475.0,165.0,32.72,0.0,False,False
CHENNAI_STORE_005,SKU_007_Toor_Dal_Premium_1kg,2026-07-22,23,3795.0,165.0,24.7,0.0,False,False
CHENNAI_STORE_005,SKU_007_Toor_Dal_Premium_1kg,2026-07-23,13,2145.0,165.0,26.78,0.0,False,False
CHENNAI_STORE_005,SKU_007_Toor_Dal_Premium_1kg,2026-07-24,25,4125.0,165.0,29.11,0.0,False,False
CHENNAI_STORE_005,SKU_007_Toor_Dal_Premium_1kg,2026-07-25,20,3300.0,165.0,29.65,0.0,False,False
CHENNAI_STORE_005,SKU_007_Toor_Dal_Premium_1kg,2026-07-26,15,2475.0,165.0,29.98,0.0,False,False
CHENNAI_STORE_005,SKU_007_Toor_Dal_Premium_1kg,2026-07-27,22,3630.0,165.0,27.28,0.0,False,False
CHENNAI_STORE_005,SKU_007_Toor_Dal_Premium_1kg,2026-07-28,16,2640.0,165.0,29.43,0.0,False,False
CHENNAI_STORE_005,SKU_007_Toor_Dal_Premium_1kg,2026-07-29,15,2475.0,165.0,22.8,0.0,False,False
CHENNAI_STORE_005,SKU_007_Toor_Dal_Premium_1kg,2026-07-30,14,2310.0,165.0,26.22,0.0,False,False
CHENNAI_STORE_005,SKU_007_Toor_Dal_Premium_1kg,2026-07-31,17,2805.0,165.0,30.16,0.0,False,False
CHENNAI_STORE_005,SKU_007_Toor_Dal_Premium_1kg,2026-08-01,21,3465.0,165.0,28.69,0.0,False,False
CHENNAI_STORE_005,SKU_007_Toor_Dal_Premium_1kg,2026-08-02,19,3135.0,165.0,27.97,0.0,False,False
CHENNAI_STORE_005,SKU_007_Toor_Dal_Premium_1kg,2026-08-03,13,2145.0,165.0,28.11,0.0,False,False
CHENNAI_STORE_005,SKU_007_Toor_Dal_Premium_1kg,2026-08-04,15,2475.0,165.0,30.75,0.0,False,False
CHENNAI_STORE_005,SKU_007_Toor_Dal_Premium_1kg,2026-08-05,20,3300.0,165.0,26.25,0.0,False,False
CHENNAI_STORE_005,SKU_007_Toor_Dal_Premium_1kg,2026-08-06,15,2475.0,165.0,24.94,0.0,False,False
CHENNAI_STORE_005,SKU_007_Toor_Dal_Premium_1kg,2026-08-07,14,2310.0,165.0,32.23,0.0,False,False
CHENNAI_STORE_005,SKU_007_Toor_Dal_Premium_1kg,2026-08-08,17,2805.0,165.0,30.95,0.0,False,False
CHENNAI_STORE_005,SKU_007_Toor_Dal_Premium_1kg,2026-08-09,23,3795.0,165.0,32.76,0.0,False,False
CHENNAI_STORE_005,SKU_007_Toor_Dal_Premium_1kg,2026-08-10,20,3300.0,165.0,28.8,0.0,False,False
CHENNAI_STORE_005,SKU_007_Toor_Dal_Premium_1kg,2026-08-11,14,2310.0,165.0,27.88,0.0,False,False
CHENNAI_STORE_005,SKU_007_Toor_Dal_Premium_1kg,2026-08-12,17,2805.0,165.0,24.3,0.0,False,False
CHENNAI_STORE_005,SKU_007_Toor_Dal_Premium_1kg,2026-08-13,14,2310.0,165.0,27.22,0.0,False,False
CHENNAI_STORE_005,SKU_007_Toor_Dal_Premium_1kg,2026-08-14,10,1650.0,165.0,31.64,0.0,False,False
CHENNAI_STORE_005,SKU_007_Toor_Dal_Premium_1kg,2026-08-15,27,4455.0,165.0,28.09,0.0,False,False
CHENNAI_STORE_005,SKU_007_Toor_Dal_Premium_1kg,2026-08-16,31,5115.0,165.0,29.0,0.0,False,False
CHENNAI_STORE_005,SKU_007_Toor_Dal_Premium_1kg,2026-08-17,11,1815.0,165.0,27.24,0.0,False,False
CHENNAI_STORE_005,SKU_007_Toor_Dal_Premium_1kg,2026-08-18,14,2310.0,165.0,30.58,0.0,False,False
CHENNAI_STORE_005,SKU_007_Toor_Dal_Premium_1kg,2026-08-19,13,2145.0,165.0,23.81,0.0,False,False
CHENNAI_STORE_005,SKU_007_Toor_Dal_Premium_1kg,2026-08-20,14,2310.0,165.0,25.37,0.0,False,False
CHENNAI_STORE_005,SKU_007_Toor_Dal_Premium_1kg,2026-08-21,22,3630.0,165.0,28.72,0.0,False,False
CHENNAI_STORE_005,SKU_007_Toor_Dal_Premium_1kg,2026-08-22,18,2970.0,165.0,27.12,0.0,False,False
CHENNAI_STORE_005,SKU_007_Toor_Dal_Premium_1kg,2026-08-23,24,3960.0,165.0,32.24,0.0,False,False
CHENNAI_STORE_005,SKU_007_Toor_Dal_Premium_1kg,2026-08-24,20,3300.0,165.0,28.78,0.0,False,False
CHENNAI_STORE_005,SKU_007_Toor_Dal_Premium_1kg,2026-08-25,11,1815.0,165.0,30.45,0.0,False,False
CHENNAI_STORE_005,SKU_007_Toor_Dal_Premium_1kg,2026-08-26,23,3795.0,165.0,23.67,0.0,False,False
CHENNAI_STORE_005,SKU_007_Toor_Dal_Premium_1kg,2026-08-27,12,1980.0,165.0,23.48,0.0,False,False
CHENNAI_STORE_005,SKU_007_Toor_Dal_Premium_1kg,2026-08-28,12,1980.0,165.0,32.63,0.0,False,False
CHENNAI_STORE_005,SKU_007_Toor_Dal_Premium_1kg,2026-08-29,26,4290.0,165.0,28.7,0.0,False,False
CHENNAI_STORE_005,SKU_008_Maggi_Noodles_12Pack,2026-05-31,45,7560.0,168.0,31.57,0.0,False,False
CHENNAI_STORE_005,SKU_008_Maggi_Noodles_12Pack,2026-06-01,27,4536.0,168.0,31.42,0.0,False,False
CHENNAI_STORE_005,SKU_008_Maggi_Noodles_12Pack,2026-06-02,33,5544.0,168.0,32.84,0.0,False,False
CHENNAI_STORE_005,SKU_008_Maggi_Noodles_12Pack,2026-06-03,25,4200.0,168.0,25.23,0.0,False,False
CHENNAI_STORE_005,SKU_008_Maggi_Noodles_12Pack,2026-06-04,16,2688.0,168.0,27.82,0.0,False,False
CHENNAI_STORE_005,SKU_008_Maggi_Noodles_12Pack,2026-06-05,30,5040.0,168.0,30.6,0.0,False,False
CHENNAI_STORE_005,SKU_008_Maggi_Noodles_12Pack,2026-06-06,29,4872.0,168.0,32.56,0.0,False,False
CHENNAI_STORE_005,SKU_008_Maggi_Noodles_12Pack,2026-06-07,35,5880.0,168.0,27.66,0.0,False,False
CHENNAI_STORE_005,SKU_008_Maggi_Noodles_12Pack,2026-06-08,32,5376.0,168.0,29.49,0.0,False,False
CHENNAI_STORE_005,SKU_008_Maggi_Noodles_12Pack,2026-06-09,28,4704.0,168.0,32.39,0.0,False,False
CHENNAI_STORE_005,SKU_008_Maggi_Noodles_12Pack,2026-06-10,24,4032.0,168.0,26.37,0.0,False,False
CHENNAI_STORE_005,SKU_008_Maggi_Noodles_12Pack,2026-06-11,26,4368.0,168.0,27.44,0.0,False,False
CHENNAI_STORE_005,SKU_008_Maggi_Noodles_12Pack,2026-06-12,28,4704.0,168.0,32.97,0.0,False,False
CHENNAI_STORE_005,SKU_008_Maggi_Noodles_12Pack,2026-06-13,26,4368.0,168.0,32.16,0.0,False,False
CHENNAI_STORE_005,SKU_008_Maggi_Noodles_12Pack,2026-06-14,36,6048.0,168.0,29.49,0.0,False,False
CHENNAI_STORE_005,SKU_008_Maggi_Noodles_12Pack,2026-06-15,28,4704.0,168.0,30.26,0.0,False,False
CHENNAI_STORE_005,SKU_008_Maggi_Noodles_12Pack,2026-06-16,23,3864.0,168.0,29.25,0.0,False,False
CHENNAI_STORE_005,SKU_008_Maggi_Noodles_12Pack,2026-06-17,24,4032.0,168.0,22.92,0.0,False,False
CHENNAI_STORE_005,SKU_008_Maggi_Noodles_12Pack,2026-06-18,22,3696.0,168.0,24.25,0.0,False,False
CHENNAI_STORE_005,SKU_008_Maggi_Noodles_12Pack,2026-06-19,27,4536.0,168.0,27.93,0.0,False,False
CHENNAI_STORE_005,SKU_008_Maggi_Noodles_12Pack,2026-06-20,32,5376.0,168.0,32.1,0.0,False,False
CHENNAI_STORE_005,SKU_008_Maggi_Noodles_12Pack,2026-06-21,31,5208.0,168.0,29.95,0.0,False,False
CHENNAI_STORE_005,SKU_008_Maggi_Noodles_12Pack,2026-06-22,33,5544.0,168.0,32.23,0.0,False,False
CHENNAI_STORE_005,SKU_008_Maggi_Noodles_12Pack,2026-06-23,27,4536.0,168.0,27.09,0.0,False,False
CHENNAI_STORE_005,SKU_008_Maggi_Noodles_12Pack,2026-06-24,34,5712.0,168.0,27.0,0.0,False,False
CHENNAI_STORE_005,SKU_008_Maggi_Noodles_12Pack,2026-06-25,31,5208.0,168.0,22.58,0.0,False,False
CHENNAI_STORE_005,SKU_008_Maggi_Noodles_12Pack,2026-06-26,22,3696.0,168.0,27.45,0.0,False,False
CHENNAI_STORE_005,SKU_008_Maggi_Noodles_12Pack,2026-06-27,31,5208.0,168.0,28.77,0.0,False,False
CHENNAI_STORE_005,SKU_008_Maggi_Noodles_12Pack,2026-06-28,31,5208.0,168.0,30.89,0.0,False,False
CHENNAI_STORE_005,SKU_008_Maggi_Noodles_12Pack,2026-06-29,32,5376.0,168.0,30.38,0.0,False,False
CHENNAI_STORE_005,SKU_008_Maggi_Noodles_12Pack,2026-06-30,23,3864.0,168.0,28.91,0.0,False,False
CHENNAI_STORE_005,SKU_008_Maggi_Noodles_12Pack,2026-07-01,26,4368.0,168.0,25.6,0.0,False,False
CHENNAI_STORE_005,SKU_008_Maggi_Noodles_12Pack,2026-07-02,24,4032.0,168.0,26.14,0.0,False,False
CHENNAI_STORE_005,SKU_008_Maggi_Noodles_12Pack,2026-07-03,28,4704.0,168.0,28.62,0.0,False,False
CHENNAI_STORE_005,SKU_008_Maggi_Noodles_12Pack,2026-07-04,28,4704.0,168.0,30.76,0.0,False,False
CHENNAI_STORE_005,SKU_008_Maggi_Noodles_12Pack,2026-07-05,32,5376.0,168.0,30.02,0.0,False,False
CHENNAI_STORE_005,SKU_008_Maggi_Noodles_12Pack,2026-07-06,25,4200.0,168.0,31.86,0.0,False,False
CHENNAI_STORE_005,SKU_008_Maggi_Noodles_12Pack,2026-07-07,21,3528.0,168.0,29.31,0.0,False,False
CHENNAI_STORE_005,SKU_008_Maggi_Noodles_12Pack,2026-07-08,21,3528.0,168.0,26.2,0.0,False,False
CHENNAI_STORE_005,SKU_008_Maggi_Noodles_12Pack,2026-07-09,33,5544.0,168.0,26.27,0.0,False,False
CHENNAI_STORE_005,SKU_008_Maggi_Noodles_12Pack,2026-07-10,29,4872.0,168.0,28.54,0.0,False,False
CHENNAI_STORE_005,SKU_008_Maggi_Noodles_12Pack,2026-07-11,38,6384.0,168.0,28.95,0.0,False,False
CHENNAI_STORE_005,SKU_008_Maggi_Noodles_12Pack,2026-07-12,35,5880.0,168.0,29.12,0.0,False,False
CHENNAI_STORE_005,SKU_008_Maggi_Noodles_12Pack,2026-07-13,28,4704.0,168.0,29.48,0.0,False,False
CHENNAI_STORE_005,SKU_008_Maggi_Noodles_12Pack,2026-07-14,35,5880.0,168.0,31.98,0.0,False,False
CHENNAI_STORE_005,SKU_008_Maggi_Noodles_12Pack,2026-07-15,23,3864.0,168.0,27.25,0.0,False,False
CHENNAI_STORE_005,SKU_008_Maggi_Noodles_12Pack,2026-07-16,20,3360.0,168.0,25.95,0.0,False,False
CHENNAI_STORE_005,SKU_008_Maggi_Noodles_12Pack,2026-07-17,21,3528.0,168.0,31.43,0.0,False,False
CHENNAI_STORE_005,SKU_008_Maggi_Noodles_12Pack,2026-07-18,39,6552.0,168.0,27.03,0.0,False,False
CHENNAI_STORE_005,SKU_008_Maggi_Noodles_12Pack,2026-07-19,37,6216.0,168.0,29.08,0.0,False,False
CHENNAI_STORE_005,SKU_008_Maggi_Noodles_12Pack,2026-07-20,26,4368.0,168.0,29.38,0.0,False,False
CHENNAI_STORE_005,SKU_008_Maggi_Noodles_12Pack,2026-07-21,24,4032.0,168.0,32.38,0.0,False,False
CHENNAI_STORE_005,SKU_008_Maggi_Noodles_12Pack,2026-07-22,31,5208.0,168.0,24.89,0.0,False,False
CHENNAI_STORE_005,SKU_008_Maggi_Noodles_12Pack,2026-07-23,17,2856.0,168.0,23.32,0.0,False,False
CHENNAI_STORE_005,SKU_008_Maggi_Noodles_12Pack,2026-07-24,33,5544.0,168.0,28.65,0.0,False,False
CHENNAI_STORE_005,SKU_008_Maggi_Noodles_12Pack,2026-07-25,41,6888.0,168.0,29.1,0.0,False,False
CHENNAI_STORE_005,SKU_008_Maggi_Noodles_12Pack,2026-07-26,44,7392.0,168.0,29.7,0.0,False,False
CHENNAI_STORE_005,SKU_008_Maggi_Noodles_12Pack,2026-07-27,23,3864.0,168.0,29.13,0.0,False,False
CHENNAI_STORE_005,SKU_008_Maggi_Noodles_12Pack,2026-07-28,26,4368.0,168.0,31.34,0.0,False,False
CHENNAI_STORE_005,SKU_008_Maggi_Noodles_12Pack,2026-07-29,20,3360.0,168.0,27.71,0.0,False,False
CHENNAI_STORE_005,SKU_008_Maggi_Noodles_12Pack,2026-07-30,24,4032.0,168.0,27.21,0.0,False,False
CHENNAI_STORE_005,SKU_008_Maggi_Noodles_12Pack,2026-07-31,24,4032.0,168.0,31.12,0.0,False,False
CHENNAI_STORE_005,SKU_008_Maggi_Noodles_12Pack,2026-08-01,41,6888.0,168.0,32.98,0.0,False,False
CHENNAI_STORE_005,SKU_008_Maggi_Noodles_12Pack,2026-08-02,36,6048.0,168.0,31.45,0.0,False,False
CHENNAI_STORE_005,SKU_008_Maggi_Noodles_12Pack,2026-08-03,34,5712.0,168.0,28.63,0.0,False,False
CHENNAI_STORE_005,SKU_008_Maggi_Noodles_12Pack,2026-08-04,22,3696.0,168.0,28.52,0.0,False,False
CHENNAI_STORE_005,SKU_008_Maggi_Noodles_12Pack,2026-08-05,20,3360.0,168.0,23.36,0.0,False,False
CHENNAI_STORE_005,SKU_008_Maggi_Noodles_12Pack,2026-08-06,34,5712.0,168.0,27.84,0.0,False,False
CHENNAI_STORE_005,SKU_008_Maggi_Noodles_12Pack,2026-08-07,28,4704.0,168.0,32.89,0.0,False,False
CHENNAI_STORE_005,SKU_008_Maggi_Noodles_12Pack,2026-08-08,40,6720.0,168.0,28.81,0.0,False,False
CHENNAI_STORE_005,SKU_008_Maggi_Noodles_12Pack,2026-08-09,39,6552.0,168.0,28.08,0.0,False,False
CHENNAI_STORE_005,SKU_008_Maggi_Noodles_12Pack,2026-08-10,20,3360.0,168.0,27.12,0.0,False,False
CHENNAI_STORE_005,SKU_008_Maggi_Noodles_12Pack,2026-08-11,27,4536.0,168.0,29.26,0.0,False,False
CHENNAI_STORE_005,SKU_008_Maggi_Noodles_12Pack,2026-08-12,26,4368.0,168.0,27.62,0.0,False,False
CHENNAI_STORE_005,SKU_008_Maggi_Noodles_12Pack,2026-08-13,26,4368.0,168.0,27.84,0.0,False,False
CHENNAI_STORE_005,SKU_008_Maggi_Noodles_12Pack,2026-08-14,35,5880.0,168.0,30.64,0.0,False,False
CHENNAI_STORE_005,SKU_008_Maggi_Noodles_12Pack,2026-08-15,31,5208.0,168.0,27.12,0.0,False,False
CHENNAI_STORE_005,SKU_008_Maggi_Noodles_12Pack,2026-08-16,35,5880.0,168.0,30.66,0.0,False,False
CHENNAI_STORE_005,SKU_008_Maggi_Noodles_12Pack,2026-08-17,24,4032.0,168.0,27.18,0.0,False,False
CHENNAI_STORE_005,SKU_008_Maggi_Noodles_12Pack,2026-08-18,19,3192.0,168.0,30.26,0.0,False,False
CHENNAI_STORE_005,SKU_008_Maggi_Noodles_12Pack,2026-08-19,33,5544.0,168.0,27.75,0.0,False,False
CHENNAI_STORE_005,SKU_008_Maggi_Noodles_12Pack,2026-08-20,29,4872.0,168.0,25.27,0.0,False,False
CHENNAI_STORE_005,SKU_008_Maggi_Noodles_12Pack,2026-08-21,20,3360.0,168.0,28.34,0.0,False,False
CHENNAI_STORE_005,SKU_008_Maggi_Noodles_12Pack,2026-08-22,31,5208.0,168.0,27.5,0.0,False,False
CHENNAI_STORE_005,SKU_008_Maggi_Noodles_12Pack,2026-08-23,38,6384.0,168.0,32.67,0.0,False,False
CHENNAI_STORE_005,SKU_008_Maggi_Noodles_12Pack,2026-08-24,31,5208.0,168.0,27.34,0.0,False,False
CHENNAI_STORE_005,SKU_008_Maggi_Noodles_12Pack,2026-08-25,22,3696.0,168.0,27.85,0.0,False,False
CHENNAI_STORE_005,SKU_008_Maggi_Noodles_12Pack,2026-08-26,23,3864.0,168.0,24.56,0.0,False,False
CHENNAI_STORE_005,SKU_008_Maggi_Noodles_12Pack,2026-08-27,27,4536.0,168.0,23.5,0.0,False,False
CHENNAI_STORE_005,SKU_008_Maggi_Noodles_12Pack,2026-08-28,30,5040.0,168.0,32.59,0.0,False,False
CHENNAI_STORE_005,SKU_008_Maggi_Noodles_12Pack,2026-08-29,48,8064.0,168.0,30.6,0.0,False,False
CHENNAI_STORE_005,SKU_009_Cadbury_Dairy_Milk_Silk,2026-05-31,30,2850.0,95.0,26.96,0.0,False,False
CHENNAI_STORE_005,SKU_009_Cadbury_Dairy_Milk_Silk,2026-06-01,26,2470.0,95.0,28.0,0.0,False,False
CHENNAI_STORE_005,SKU_009_Cadbury_Dairy_Milk_Silk,2026-06-02,22,2090.0,95.0,27.79,0.0,False,False
CHENNAI_STORE_005,SKU_009_Cadbury_Dairy_Milk_Silk,2026-06-03,28,2660.0,95.0,22.39,0.0,False,False
CHENNAI_STORE_005,SKU_009_Cadbury_Dairy_Milk_Silk,2026-06-04,16,1520.0,95.0,17.06,0.0,False,False
CHENNAI_STORE_005,SKU_009_Cadbury_Dairy_Milk_Silk,2026-06-05,22,2090.0,95.0,25.25,0.0,False,False
CHENNAI_STORE_005,SKU_009_Cadbury_Dairy_Milk_Silk,2026-06-06,16,1520.0,95.0,27.37,0.0,False,False
CHENNAI_STORE_005,SKU_009_Cadbury_Dairy_Milk_Silk,2026-06-07,14,1330.0,95.0,27.06,0.0,False,False
CHENNAI_STORE_005,SKU_009_Cadbury_Dairy_Milk_Silk,2026-06-08,17,1615.0,95.0,27.91,0.0,False,False
CHENNAI_STORE_005,SKU_009_Cadbury_Dairy_Milk_Silk,2026-06-09,18,1710.0,95.0,27.91,0.0,False,False
CHENNAI_STORE_005,SKU_009_Cadbury_Dairy_Milk_Silk,2026-06-10,16,1520.0,95.0,22.58,0.0,False,False
CHENNAI_STORE_005,SKU_009_Cadbury_Dairy_Milk_Silk,2026-06-11,17,1615.0,95.0,21.84,0.0,False,False
CHENNAI_STORE_005,SKU_009_Cadbury_Dairy_Milk_Silk,2026-06-12,16,1520.0,95.0,27.16,0.0,False,False
CHENNAI_STORE_005,SKU_009_Cadbury_Dairy_Milk_Silk,2026-06-13,34,3230.0,95.0,26.9,0.0,False,False
CHENNAI_STORE_005,SKU_009_Cadbury_Dairy_Milk_Silk,2026-06-14,23,2185.0,95.0,22.61,0.0,False,False
CHENNAI_STORE_005,SKU_009_Cadbury_Dairy_Milk_Silk,2026-06-15,22,2090.0,95.0,22.79,0.0,False,False
CHENNAI_STORE_005,SKU_009_Cadbury_Dairy_Milk_Silk,2026-06-16,15,1425.0,95.0,26.24,0.0,False,False
CHENNAI_STORE_005,SKU_009_Cadbury_Dairy_Milk_Silk,2026-06-17,15,1425.0,95.0,22.73,0.0,False,False
CHENNAI_STORE_005,SKU_009_Cadbury_Dairy_Milk_Silk,2026-06-18,24,2280.0,95.0,21.22,0.0,False,False
CHENNAI_STORE_005,SKU_009_Cadbury_Dairy_Milk_Silk,2026-06-19,18,1710.0,95.0,22.51,0.0,False,False
CHENNAI_STORE_005,SKU_009_Cadbury_Dairy_Milk_Silk,2026-06-20,23,2185.0,95.0,25.71,0.0,False,False
CHENNAI_STORE_005,SKU_009_Cadbury_Dairy_Milk_Silk,2026-06-21,23,2185.0,95.0,24.11,0.0,False,False
CHENNAI_STORE_005,SKU_009_Cadbury_Dairy_Milk_Silk,2026-06-22,19,1805.0,95.0,24.87,0.0,False,False
CHENNAI_STORE_005,SKU_009_Cadbury_Dairy_Milk_Silk,2026-06-23,12,1140.0,95.0,26.04,0.0,False,False
CHENNAI_STORE_005,SKU_009_Cadbury_Dairy_Milk_Silk,2026-06-24,24,2280.0,95.0,17.23,0.0,False,False
CHENNAI_STORE_005,SKU_009_Cadbury_Dairy_Milk_Silk,2026-06-25,25,2375.0,95.0,20.2,0.0,False,False
CHENNAI_STORE_005,SKU_009_Cadbury_Dairy_Milk_Silk,2026-06-26,18,1710.0,95.0,25.36,0.0,False,False
CHENNAI_STORE_005,SKU_009_Cadbury_Dairy_Milk_Silk,2026-06-27,30,2850.0,95.0,24.07,0.0,False,False
CHENNAI_STORE_005,SKU_009_Cadbury_Dairy_Milk_Silk,2026-06-28,28,2660.0,95.0,26.66,0.0,False,False
CHENNAI_STORE_005,SKU_009_Cadbury_Dairy_Milk_Silk,2026-06-29,22,2090.0,95.0,25.64,0.0,False,False
CHENNAI_STORE_005,SKU_009_Cadbury_Dairy_Milk_Silk,2026-06-30,30,2850.0,95.0,27.15,0.0,False,False
CHENNAI_STORE_005,SKU_009_Cadbury_Dairy_Milk_Silk,2026-07-01,22,2090.0,95.0,18.13,0.0,False,False
CHENNAI_STORE_005,SKU_009_Cadbury_Dairy_Milk_Silk,2026-07-02,16,1520.0,95.0,18.24,0.0,False,False
CHENNAI_STORE_005,SKU_009_Cadbury_Dairy_Milk_Silk,2026-07-03,29,2755.0,95.0,23.96,0.0,False,False
CHENNAI_STORE_005,SKU_009_Cadbury_Dairy_Milk_Silk,2026-07-04,23,2185.0,95.0,24.11,0.0,False,False
CHENNAI_STORE_005,SKU_009_Cadbury_Dairy_Milk_Silk,2026-07-05,26,2470.0,95.0,27.88,0.0,False,False
CHENNAI_STORE_005,SKU_009_Cadbury_Dairy_Milk_Silk,2026-07-06,21,1995.0,95.0,24.07,0.0,False,False
CHENNAI_STORE_005,SKU_009_Cadbury_Dairy_Milk_Silk,2026-07-07,15,1425.0,95.0,27.13,0.0,False,False
CHENNAI_STORE_005,SKU_009_Cadbury_Dairy_Milk_Silk,2026-07-08,10,950.0,95.0,19.43,0.0,False,False
CHENNAI_STORE_005,SKU_009_Cadbury_Dairy_Milk_Silk,2026-07-09,29,2755.0,95.0,19.65,0.0,False,False
CHENNAI_STORE_005,SKU_009_Cadbury_Dairy_Milk_Silk,2026-07-10,22,2090.0,95.0,23.93,0.0,False,False
CHENNAI_STORE_005,SKU_009_Cadbury_Dairy_Milk_Silk,2026-07-11,24,2280.0,95.0,24.34,0.0,False,False
CHENNAI_STORE_005,SKU_009_Cadbury_Dairy_Milk_Silk,2026-07-12,39,3705.0,95.0,24.12,0.0,False,False
CHENNAI_STORE_005,SKU_009_Cadbury_Dairy_Milk_Silk,2026-07-13,13,1235.0,95.0,25.98,0.0,False,False
CHENNAI_STORE_005,SKU_009_Cadbury_Dairy_Milk_Silk,2026-07-14,16,1520.0,95.0,23.53,0.0,False,False
CHENNAI_STORE_005,SKU_009_Cadbury_Dairy_Milk_Silk,2026-07-15,13,1235.0,95.0,17.47,0.0,False,False
CHENNAI_STORE_005,SKU_009_Cadbury_Dairy_Milk_Silk,2026-07-16,19,1805.0,95.0,21.23,0.0,False,False
CHENNAI_STORE_005,SKU_009_Cadbury_Dairy_Milk_Silk,2026-07-17,15,1425.0,95.0,23.27,0.0,False,False
CHENNAI_STORE_005,SKU_009_Cadbury_Dairy_Milk_Silk,2026-07-18,19,1805.0,95.0,24.13,0.0,False,False
CHENNAI_STORE_005,SKU_009_Cadbury_Dairy_Milk_Silk,2026-07-19,24,2280.0,95.0,22.63,0.0,False,False
CHENNAI_STORE_005,SKU_009_Cadbury_Dairy_Milk_Silk,2026-07-20,22,2090.0,95.0,25.0,0.0,False,False
CHENNAI_STORE_005,SKU_009_Cadbury_Dairy_Milk_Silk,2026-07-21,22,2090.0,95.0,26.68,0.0,False,False
CHENNAI_STORE_005,SKU_009_Cadbury_Dairy_Milk_Silk,2026-07-22,28,2660.0,95.0,19.28,0.0,False,False
CHENNAI_STORE_005,SKU_009_Cadbury_Dairy_Milk_Silk,2026-07-23,23,2185.0,95.0,22.62,0.0,False,False
CHENNAI_STORE_005,SKU_009_Cadbury_Dairy_Milk_Silk,2026-07-24,17,1615.0,95.0,27.03,0.0,False,False
CHENNAI_STORE_005,SKU_009_Cadbury_Dairy_Milk_Silk,2026-07-25,33,3135.0,95.0,22.06,0.0,False,False
CHENNAI_STORE_005,SKU_009_Cadbury_Dairy_Milk_Silk,2026-07-26,26,2470.0,95.0,22.25,0.0,False,False
CHENNAI_STORE_005,SKU_009_Cadbury_Dairy_Milk_Silk,2026-07-27,23,2185.0,95.0,26.84,0.0,False,False
CHENNAI_STORE_005,SKU_009_Cadbury_Dairy_Milk_Silk,2026-07-28,19,1805.0,95.0,22.36,0.0,False,False
CHENNAI_STORE_005,SKU_009_Cadbury_Dairy_Milk_Silk,2026-07-29,21,1995.0,95.0,21.89,0.0,False,False
CHENNAI_STORE_005,SKU_009_Cadbury_Dairy_Milk_Silk,2026-07-30,21,1995.0,95.0,22.7,0.0,False,False
CHENNAI_STORE_005,SKU_009_Cadbury_Dairy_Milk_Silk,2026-07-31,31,2945.0,95.0,25.1,0.0,False,False
CHENNAI_STORE_005,SKU_009_Cadbury_Dairy_Milk_Silk,2026-08-01,29,2755.0,95.0,23.7,0.0,False,False
CHENNAI_STORE_005,SKU_009_Cadbury_Dairy_Milk_Silk,2026-08-02,26,2470.0,95.0,24.09,0.0,False,False
CHENNAI_STORE_005,SKU_009_Cadbury_Dairy_Milk_Silk,2026-08-03,21,1995.0,95.0,26.36,0.0,False,False
CHENNAI_STORE_005,SKU_009_Cadbury_Dairy_Milk_Silk,2026-08-04,17,1615.0,95.0,26.54,0.0,False,False
CHENNAI_STORE_005,SKU_009_Cadbury_Dairy_Milk_Silk,2026-08-05,19,1805.0,95.0,21.61,0.0,False,False
CHENNAI_STORE_005,SKU_009_Cadbury_Dairy_Milk_Silk,2026-08-06,17,1615.0,95.0,22.06,0.0,False,False
CHENNAI_STORE_005,SKU_009_Cadbury_Dairy_Milk_Silk,2026-08-07,21,1995.0,95.0,23.95,0.0,False,False
CHENNAI_STORE_005,SKU_009_Cadbury_Dairy_Milk_Silk,2026-08-08,30,2850.0,95.0,27.28,0.0,False,False
CHENNAI_STORE_005,SKU_009_Cadbury_Dairy_Milk_Silk,2026-08-09,26,2470.0,95.0,23.45,0.0,False,False
CHENNAI_STORE_005,SKU_009_Cadbury_Dairy_Milk_Silk,2026-08-10,25,2375.0,95.0,23.63,0.0,False,False
CHENNAI_STORE_005,SKU_009_Cadbury_Dairy_Milk_Silk,2026-08-11,16,1520.0,95.0,26.92,0.0,False,False
CHENNAI_STORE_005,SKU_009_Cadbury_Dairy_Milk_Silk,2026-08-12,25,2375.0,95.0,22.58,0.0,False,False
CHENNAI_STORE_005,SKU_009_Cadbury_Dairy_Milk_Silk,2026-08-13,25,2375.0,95.0,20.1,0.0,False,False
CHENNAI_STORE_005,SKU_009_Cadbury_Dairy_Milk_Silk,2026-08-14,22,2090.0,95.0,25.9,0.0,False,False
CHENNAI_STORE_005,SKU_009_Cadbury_Dairy_Milk_Silk,2026-08-15,30,2850.0,95.0,23.31,0.0,False,False
CHENNAI_STORE_005,SKU_009_Cadbury_Dairy_Milk_Silk,2026-08-16,33,3135.0,95.0,27.71,0.0,False,False
CHENNAI_STORE_005,SKU_009_Cadbury_Dairy_Milk_Silk,2026-08-17,17,1615.0,95.0,27.14,0.0,False,False
CHENNAI_STORE_005,SKU_009_Cadbury_Dairy_Milk_Silk,2026-08-18,24,2280.0,95.0,27.88,0.0,False,False
CHENNAI_STORE_005,SKU_009_Cadbury_Dairy_Milk_Silk,2026-08-19,16,1520.0,95.0,20.18,0.0,False,False
CHENNAI_STORE_005,SKU_009_Cadbury_Dairy_Milk_Silk,2026-08-20,28,2660.0,95.0,20.38,0.0,False,False
CHENNAI_STORE_005,SKU_009_Cadbury_Dairy_Milk_Silk,2026-08-21,25,2375.0,95.0,27.17,0.0,False,False
CHENNAI_STORE_005,SKU_009_Cadbury_Dairy_Milk_Silk,2026-08-22,33,3135.0,95.0,25.32,0.0,False,False
CHENNAI_STORE_005,SKU_009_Cadbury_Dairy_Milk_Silk,2026-08-23,32,3040.0,95.0,24.41,0.0,False,False
CHENNAI_STORE_005,SKU_009_Cadbury_Dairy_Milk_Silk,2026-08-24,22,2090.0,95.0,23.75,0.0,False,False
CHENNAI_STORE_005,SKU_009_Cadbury_Dairy_Milk_Silk,2026-08-25,13,1235.0,95.0,26.09,0.0,False,False
CHENNAI_STORE_005,SKU_009_Cadbury_Dairy_Milk_Silk,2026-08-26,17,1615.0,95.0,20.39,0.0,False,False
CHENNAI_STORE_005,SKU_009_Cadbury_Dairy_Milk_Silk,2026-08-27,25,2375.0,95.0,19.2,0.0,False,False
CHENNAI_STORE_005,SKU_009_Cadbury_Dairy_Milk_Silk,2026-08-28,24,2280.0,95.0,22.32,0.0,False,False
CHENNAI_STORE_005,SKU_009_Cadbury_Dairy_Milk_Silk,2026-08-29,33,3135.0,95.0,22.69,0.0,False,False
CHENNAI_STORE_005,SKU_010_Surf_Excel_Matic_2kg,2026-05-31,11,4290.0,390.0,25.56,0.0,False,False
CHENNAI_STORE_005,SKU_010_Surf_Excel_Matic_2kg,2026-06-01,7,2730.0,390.0,26.33,0.0,False,False
CHENNAI_STORE_005,SKU_010_Surf_Excel_Matic_2kg,2026-06-02,8,3120.0,390.0,24.6,0.0,False,False
CHENNAI_STORE_005,SKU_010_Surf_Excel_Matic_2kg,2026-06-03,10,3900.0,390.0,18.95,0.0,False,False
CHENNAI_STORE_005,SKU_010_Surf_Excel_Matic_2kg,2026-06-04,12,4680.0,390.0,19.51,0.0,False,False
CHENNAI_STORE_005,SKU_010_Surf_Excel_Matic_2kg,2026-06-05,7,2730.0,390.0,26.31,0.0,False,False
CHENNAI_STORE_005,SKU_010_Surf_Excel_Matic_2kg,2026-06-06,7,2730.0,390.0,27.56,0.0,False,False
CHENNAI_STORE_005,SKU_010_Surf_Excel_Matic_2kg,2026-06-07,14,5460.0,390.0,24.41,0.0,False,False
CHENNAI_STORE_005,SKU_010_Surf_Excel_Matic_2kg,2026-06-08,15,5850.0,390.0,26.13,0.0,False,False
CHENNAI_STORE_005,SKU_010_Surf_Excel_Matic_2kg,2026-06-09,18,7020.0,390.0,26.77,0.0,False,False
CHENNAI_STORE_005,SKU_010_Surf_Excel_Matic_2kg,2026-06-10,7,2730.0,390.0,20.94,0.0,False,False
CHENNAI_STORE_005,SKU_010_Surf_Excel_Matic_2kg,2026-06-11,11,4290.0,390.0,17.76,0.0,False,False
CHENNAI_STORE_005,SKU_010_Surf_Excel_Matic_2kg,2026-06-12,10,3900.0,390.0,22.2,0.0,False,False
CHENNAI_STORE_005,SKU_010_Surf_Excel_Matic_2kg,2026-06-13,9,3510.0,390.0,26.27,0.0,False,False
CHENNAI_STORE_005,SKU_010_Surf_Excel_Matic_2kg,2026-06-14,12,4680.0,390.0,24.06,0.0,False,False
CHENNAI_STORE_005,SKU_010_Surf_Excel_Matic_2kg,2026-06-15,10,3900.0,390.0,27.21,0.0,False,False
CHENNAI_STORE_005,SKU_010_Surf_Excel_Matic_2kg,2026-06-16,10,3900.0,390.0,24.65,0.0,False,False
CHENNAI_STORE_005,SKU_010_Surf_Excel_Matic_2kg,2026-06-17,9,3510.0,390.0,20.19,0.0,False,False
CHENNAI_STORE_005,SKU_010_Surf_Excel_Matic_2kg,2026-06-18,7,2730.0,390.0,19.62,0.0,False,False
CHENNAI_STORE_005,SKU_010_Surf_Excel_Matic_2kg,2026-06-19,7,2730.0,390.0,25.91,0.0,False,False
CHENNAI_STORE_005,SKU_010_Surf_Excel_Matic_2kg,2026-06-20,14,5460.0,390.0,26.27,0.0,False,False
CHENNAI_STORE_005,SKU_010_Surf_Excel_Matic_2kg,2026-06-21,14,5460.0,390.0,22.66,0.0,False,False
CHENNAI_STORE_005,SKU_010_Surf_Excel_Matic_2kg,2026-06-22,16,6240.0,390.0,24.56,0.0,False,False
CHENNAI_STORE_005,SKU_010_Surf_Excel_Matic_2kg,2026-06-23,10,3900.0,390.0,22.53,0.0,False,False
CHENNAI_STORE_005,SKU_010_Surf_Excel_Matic_2kg,2026-06-24,12,4680.0,390.0,20.96,0.0,False,False
CHENNAI_STORE_005,SKU_010_Surf_Excel_Matic_2kg,2026-06-25,7,2730.0,390.0,18.43,0.0,False,False
CHENNAI_STORE_005,SKU_010_Surf_Excel_Matic_2kg,2026-06-26,6,2340.0,390.0,22.5,0.0,False,False
CHENNAI_STORE_005,SKU_010_Surf_Excel_Matic_2kg,2026-06-27,15,5850.0,390.0,24.21,0.0,False,False
CHENNAI_STORE_005,SKU_010_Surf_Excel_Matic_2kg,2026-06-28,14,5460.0,390.0,23.56,0.0,False,False
CHENNAI_STORE_005,SKU_010_Surf_Excel_Matic_2kg,2026-06-29,8,3120.0,390.0,26.11,0.0,False,False
CHENNAI_STORE_005,SKU_010_Surf_Excel_Matic_2kg,2026-06-30,16,6240.0,390.0,24.57,0.0,False,False
CHENNAI_STORE_005,SKU_010_Surf_Excel_Matic_2kg,2026-07-01,14,5460.0,390.0,18.58,0.0,False,False
CHENNAI_STORE_005,SKU_010_Surf_Excel_Matic_2kg,2026-07-02,6,2340.0,390.0,19.01,0.0,False,False
CHENNAI_STORE_005,SKU_010_Surf_Excel_Matic_2kg,2026-07-03,17,6630.0,390.0,25.5,0.0,False,False
CHENNAI_STORE_005,SKU_010_Surf_Excel_Matic_2kg,2026-07-04,12,4680.0,390.0,27.46,0.0,False,False
CHENNAI_STORE_005,SKU_010_Surf_Excel_Matic_2kg,2026-07-05,17,6630.0,390.0,27.81,0.0,False,False
CHENNAI_STORE_005,SKU_010_Surf_Excel_Matic_2kg,2026-07-06,11,4290.0,390.0,25.83,0.0,False,False
CHENNAI_STORE_005,SKU_010_Surf_Excel_Matic_2kg,2026-07-07,10,3900.0,390.0,27.04,0.0,False,False
CHENNAI_STORE_005,SKU_010_Surf_Excel_Matic_2kg,2026-07-08,9,3510.0,390.0,22.94,0.0,False,False
CHENNAI_STORE_005,SKU_010_Surf_Excel_Matic_2kg,2026-07-09,9,3510.0,390.0,22.84,0.0,False,False
CHENNAI_STORE_005,SKU_010_Surf_Excel_Matic_2kg,2026-07-10,11,4290.0,390.0,24.13,0.0,False,False
CHENNAI_STORE_005,SKU_010_Surf_Excel_Matic_2kg,2026-07-11,16,6240.0,390.0,25.43,0.0,False,False
CHENNAI_STORE_005,SKU_010_Surf_Excel_Matic_2kg,2026-07-12,13,5070.0,390.0,27.98,0.0,False,False
CHENNAI_STORE_005,SKU_010_Surf_Excel_Matic_2kg,2026-07-13,6,2340.0,390.0,26.97,0.0,False,False
CHENNAI_STORE_005,SKU_010_Surf_Excel_Matic_2kg,2026-07-14,8,3120.0,390.0,24.19,0.0,False,False
CHENNAI_STORE_005,SKU_010_Surf_Excel_Matic_2kg,2026-07-15,9,3510.0,390.0,17.35,0.0,False,False
CHENNAI_STORE_005,SKU_010_Surf_Excel_Matic_2kg,2026-07-16,11,4290.0,390.0,18.6,0.0,False,False
CHENNAI_STORE_005,SKU_010_Surf_Excel_Matic_2kg,2026-07-17,9,3510.0,390.0,26.45,0.0,False,False
CHENNAI_STORE_005,SKU_010_Surf_Excel_Matic_2kg,2026-07-18,15,5850.0,390.0,24.13,0.0,False,False
CHENNAI_STORE_005,SKU_010_Surf_Excel_Matic_2kg,2026-07-19,11,4290.0,390.0,24.51,0.0,False,False
CHENNAI_STORE_005,SKU_010_Surf_Excel_Matic_2kg,2026-07-20,8,3120.0,390.0,22.99,0.0,False,False
CHENNAI_STORE_005,SKU_010_Surf_Excel_Matic_2kg,2026-07-21,6,2340.0,390.0,25.3,0.0,False,False
CHENNAI_STORE_005,SKU_010_Surf_Excel_Matic_2kg,2026-07-22,9,3510.0,390.0,19.1,0.0,False,False
CHENNAI_STORE_005,SKU_010_Surf_Excel_Matic_2kg,2026-07-23,10,3900.0,390.0,21.86,0.0,False,False
CHENNAI_STORE_005,SKU_010_Surf_Excel_Matic_2kg,2026-07-24,5,1950.0,390.0,27.37,0.0,False,False
CHENNAI_STORE_005,SKU_010_Surf_Excel_Matic_2kg,2026-07-25,17,6630.0,390.0,27.99,0.0,False,False
CHENNAI_STORE_005,SKU_010_Surf_Excel_Matic_2kg,2026-07-26,14,5460.0,390.0,25.79,0.0,False,False
CHENNAI_STORE_005,SKU_010_Surf_Excel_Matic_2kg,2026-07-27,7,2730.0,390.0,27.08,0.0,False,False
CHENNAI_STORE_005,SKU_010_Surf_Excel_Matic_2kg,2026-07-28,10,3900.0,390.0,27.66,0.0,False,False
CHENNAI_STORE_005,SKU_010_Surf_Excel_Matic_2kg,2026-07-29,7,2730.0,390.0,17.17,0.0,False,False
CHENNAI_STORE_005,SKU_010_Surf_Excel_Matic_2kg,2026-07-30,10,3900.0,390.0,19.7,0.0,False,False
CHENNAI_STORE_005,SKU_010_Surf_Excel_Matic_2kg,2026-07-31,13,5070.0,390.0,25.63,0.0,False,False
CHENNAI_STORE_005,SKU_010_Surf_Excel_Matic_2kg,2026-08-01,21,8190.0,390.0,27.95,0.0,False,False
CHENNAI_STORE_005,SKU_010_Surf_Excel_Matic_2kg,2026-08-02,17,6630.0,390.0,27.59,0.0,False,False
CHENNAI_STORE_005,SKU_010_Surf_Excel_Matic_2kg,2026-08-03,9,3510.0,390.0,23.73,0.0,False,False
CHENNAI_STORE_005,SKU_010_Surf_Excel_Matic_2kg,2026-08-04,7,2730.0,390.0,23.89,0.0,False,False
CHENNAI_STORE_005,SKU_010_Surf_Excel_Matic_2kg,2026-08-05,6,2340.0,390.0,17.91,0.0,False,False
CHENNAI_STORE_005,SKU_010_Surf_Excel_Matic_2kg,2026-08-06,8,3120.0,390.0,19.13,0.0,False,False
CHENNAI_STORE_005,SKU_010_Surf_Excel_Matic_2kg,2026-08-07,11,4290.0,390.0,27.32,0.0,False,False
CHENNAI_STORE_005,SKU_010_Surf_Excel_Matic_2kg,2026-08-08,10,3900.0,390.0,27.67,0.0,False,False
CHENNAI_STORE_005,SKU_010_Surf_Excel_Matic_2kg,2026-08-09,12,4680.0,390.0,24.52,0.0,False,False
CHENNAI_STORE_005,SKU_010_Surf_Excel_Matic_2kg,2026-08-10,14,5460.0,390.0,27.91,0.0,False,False
CHENNAI_STORE_005,SKU_010_Surf_Excel_Matic_2kg,2026-08-11,10,3900.0,390.0,26.1,0.0,False,False
CHENNAI_STORE_005,SKU_010_Surf_Excel_Matic_2kg,2026-08-12,7,2730.0,390.0,17.01,0.0,False,False
CHENNAI_STORE_005,SKU_010_Surf_Excel_Matic_2kg,2026-08-13,11,4290.0,390.0,18.54,0.0,False,False
CHENNAI_STORE_005,SKU_010_Surf_Excel_Matic_2kg,2026-08-14,8,3120.0,390.0,24.17,0.0,False,False
CHENNAI_STORE_005,SKU_010_Surf_Excel_Matic_2kg,2026-08-15,15,5850.0,390.0,23.21,0.0,False,False
CHENNAI_STORE_005,SKU_010_Surf_Excel_Matic_2kg,2026-08-16,15,5850.0,390.0,24.0,0.0,False,False
CHENNAI_STORE_005,SKU_010_Surf_Excel_Matic_2kg,2026-08-17,8,3120.0,390.0,25.57,0.0,False,False
CHENNAI_STORE_005,SKU_010_Surf_Excel_Matic_2kg,2026-08-18,11,4290.0,390.0,24.28,0.0,False,False
CHENNAI_STORE_005,SKU_010_Surf_Excel_Matic_2kg,2026-08-19,13,5070.0,390.0,19.32,0.0,False,False
CHENNAI_STORE_005,SKU_010_Surf_Excel_Matic_2kg,2026-08-20,11,4290.0,390.0,22.81,0.0,False,False
CHENNAI_STORE_005,SKU_010_Surf_Excel_Matic_2kg,2026-08-21,9,3510.0,390.0,26.53,0.0,False,False
CHENNAI_STORE_005,SKU_010_Surf_Excel_Matic_2kg,2026-08-22,10,3900.0,390.0,23.22,0.0,False,False
CHENNAI_STORE_005,SKU_010_Surf_Excel_Matic_2kg,2026-08-23,20,7800.0,390.0,22.01,0.0,False,False
CHENNAI_STORE_005,SKU_010_Surf_Excel_Matic_2kg,2026-08-24,7,2730.0,390.0,24.95,0.0,False,False
CHENNAI_STORE_005,SKU_010_Surf_Excel_Matic_2kg,2026-08-25,8,3120.0,390.0,23.62,0.0,False,False
CHENNAI_STORE_005,SKU_010_Surf_Excel_Matic_2kg,2026-08-26,6,2340.0,390.0,21.13,0.0,False,False
CHENNAI_STORE_005,SKU_010_Surf_Excel_Matic_2kg,2026-08-27,15,5850.0,390.0,22.57,0.0,False,False
CHENNAI_STORE_005,SKU_010_Surf_Excel_Matic_2kg,2026-08-28,7,2730.0,390.0,24.65,0.0,False,False
CHENNAI_STORE_005,SKU_010_Surf_Excel_Matic_2kg,2026-08-29,16,6240.0,390.0,27.49,0.0,False,False
DELHI_STORE_002,SKU_001_Aashirvaad_Atta_5kg,2026-05-31,21,5565.0,265.0,36.88,0.0,False,False
DELHI_STORE_002,SKU_001_Aashirvaad_Atta_5kg,2026-06-01,9,2385.0,265.0,36.15,0.0,False,False
DELHI_STORE_002,SKU_001_Aashirvaad_Atta_5kg,2026-06-02,16,4240.0,265.0,33.88,0.0,False,False
DELHI_STORE_002,SKU_001_Aashirvaad_Atta_5kg,2026-06-03,21,5565.0,265.0,27.53,0.0,False,False
DELHI_STORE_002,SKU_001_Aashirvaad_Atta_5kg,2026-06-04,22,5830.0,265.0,32.05,0.0,False,False
DELHI_STORE_002,SKU_001_Aashirvaad_Atta_5kg,2026-06-05,9,2385.0,265.0,37.05,0.0,False,False
DELHI_STORE_002,SKU_001_Aashirvaad_Atta_5kg,2026-06-06,15,3975.0,265.0,33.81,0.0,False,False
DELHI_STORE_002,SKU_001_Aashirvaad_Atta_5kg,2026-06-07,29,7685.0,265.0,37.63,0.0,False,False
DELHI_STORE_002,SKU_001_Aashirvaad_Atta_5kg,2026-06-08,19,5035.0,265.0,35.4,0.0,False,False
DELHI_STORE_002,SKU_001_Aashirvaad_Atta_5kg,2026-06-09,11,2915.0,265.0,33.25,0.0,False,False
DELHI_STORE_002,SKU_001_Aashirvaad_Atta_5kg,2026-06-10,19,5035.0,265.0,29.67,0.0,False,False
DELHI_STORE_002,SKU_001_Aashirvaad_Atta_5kg,2026-06-11,14,3710.0,265.0,28.9,0.0,False,False
DELHI_STORE_002,SKU_001_Aashirvaad_Atta_5kg,2026-06-12,13,3445.0,265.0,37.13,0.0,False,False
DELHI_STORE_002,SKU_001_Aashirvaad_Atta_5kg,2026-06-13,29,7685.0,265.0,35.07,0.0,False,False
DELHI_STORE_002,SKU_001_Aashirvaad_Atta_5kg,2026-06-14,18,4770.0,265.0,33.63,0.0,False,False
DELHI_STORE_002,SKU_001_Aashirvaad_Atta_5kg,2026-06-15,14,3710.0,265.0,34.68,0.0,False,False
DELHI_STORE_002,SKU_001_Aashirvaad_Atta_5kg,2026-06-16,12,3180.0,265.0,34.24,0.0,False,False
DELHI_STORE_002,SKU_001_Aashirvaad_Atta_5kg,2026-06-17,20,5300.0,265.0,32.57,0.0,False,False
DELHI_STORE_002,SKU_001_Aashirvaad_Atta_5kg,2026-06-18,20,5300.0,265.0,28.89,0.0,False,False
DELHI_STORE_002,SKU_001_Aashirvaad_Atta_5kg,2026-06-19,19,5035.0,265.0,36.31,0.0,False,False
DELHI_STORE_002,SKU_001_Aashirvaad_Atta_5kg,2026-06-20,19,5035.0,265.0,35.89,0.0,False,False
DELHI_STORE_002,SKU_001_Aashirvaad_Atta_5kg,2026-06-21,11,2915.0,265.0,36.4,0.0,False,False
DELHI_STORE_002,SKU_001_Aashirvaad_Atta_5kg,2026-06-22,6,1590.0,265.0,35.13,0.0,False,False
DELHI_STORE_002,SKU_001_Aashirvaad_Atta_5kg,2026-06-23,9,2385.0,265.0,35.69,0.0,False,False
DELHI_STORE_002,SKU_001_Aashirvaad_Atta_5kg,2026-06-24,8,2120.0,265.0,29.37,0.0,False,False
DELHI_STORE_002,SKU_001_Aashirvaad_Atta_5kg,2026-06-25,13,3445.0,265.0,28.11,0.0,False,False
DELHI_STORE_002,SKU_001_Aashirvaad_Atta_5kg,2026-06-26,20,5300.0,265.0,36.39,0.0,False,False
DELHI_STORE_002,SKU_001_Aashirvaad_Atta_5kg,2026-06-27,32,8480.0,265.0,37.16,0.0,False,False
DELHI_STORE_002,SKU_001_Aashirvaad_Atta_5kg,2026-06-28,20,5300.0,265.0,36.82,0.0,False,False
DELHI_STORE_002,SKU_001_Aashirvaad_Atta_5kg,2026-06-29,18,4770.0,265.0,36.1,0.0,False,False
DELHI_STORE_002,SKU_001_Aashirvaad_Atta_5kg,2026-06-30,18,4770.0,265.0,33.49,0.0,False,False
DELHI_STORE_002,SKU_001_Aashirvaad_Atta_5kg,2026-07-01,16,4240.0,265.0,30.37,0.0,False,False
DELHI_STORE_002,SKU_001_Aashirvaad_Atta_5kg,2026-07-02,17,4505.0,265.0,32.64,0.0,False,False
DELHI_STORE_002,SKU_001_Aashirvaad_Atta_5kg,2026-07-03,17,4505.0,265.0,33.96,0.0,False,False
DELHI_STORE_002,SKU_001_Aashirvaad_Atta_5kg,2026-07-04,23,6095.0,265.0,37.97,0.0,False,False
DELHI_STORE_002,SKU_001_Aashirvaad_Atta_5kg,2026-07-05,16,4240.0,265.0,36.29,0.0,False,False
DELHI_STORE_002,SKU_001_Aashirvaad_Atta_5kg,2026-07-06,12,3180.0,265.0,34.36,0.0,False,False
DELHI_STORE_002,SKU_001_Aashirvaad_Atta_5kg,2026-07-07,7,1855.0,265.0,32.77,0.0,False,False
DELHI_STORE_002,SKU_001_Aashirvaad_Atta_5kg,2026-07-08,19,5035.0,265.0,27.41,0.0,False,False
DELHI_STORE_002,SKU_001_Aashirvaad_Atta_5kg,2026-07-09,14,3710.0,265.0,30.83,0.0,False,False
DELHI_STORE_002,SKU_001_Aashirvaad_Atta_5kg,2026-07-10,17,4505.0,265.0,37.97,0.0,False,False
DELHI_STORE_002,SKU_001_Aashirvaad_Atta_5kg,2026-07-11,25,6625.0,265.0,33.81,0.0,False,False
DELHI_STORE_002,SKU_001_Aashirvaad_Atta_5kg,2026-07-12,24,6360.0,265.0,36.02,0.0,False,False
DELHI_STORE_002,SKU_001_Aashirvaad_Atta_5kg,2026-07-13,15,3975.0,265.0,33.03,0.0,False,False
DELHI_STORE_002,SKU_001_Aashirvaad_Atta_5kg,2026-07-14,19,5035.0,265.0,36.94,0.0,False,False
DELHI_STORE_002,SKU_001_Aashirvaad_Atta_5kg,2026-07-15,20,5300.0,265.0,28.86,0.0,False,False
DELHI_STORE_002,SKU_001_Aashirvaad_Atta_5kg,2026-07-16,6,1590.0,265.0,28.2,0.0,False,False
DELHI_STORE_002,SKU_001_Aashirvaad_Atta_5kg,2026-07-17,12,3180.0,265.0,32.18,0.0,False,False
DELHI_STORE_002,SKU_001_Aashirvaad_Atta_5kg,2026-07-18,15,3975.0,265.0,35.37,0.0,False,False
DELHI_STORE_002,SKU_001_Aashirvaad_Atta_5kg,2026-07-19,19,5035.0,265.0,36.76,0.0,False,False
DELHI_STORE_002,SKU_001_Aashirvaad_Atta_5kg,2026-07-20,18,4770.0,265.0,37.97,0.0,False,False
DELHI_STORE_002,SKU_001_Aashirvaad_Atta_5kg,2026-07-21,15,3975.0,265.0,34.19,0.0,False,False
DELHI_STORE_002,SKU_001_Aashirvaad_Atta_5kg,2026-07-22,12,3180.0,265.0,28.55,0.0,False,False
DELHI_STORE_002,SKU_001_Aashirvaad_Atta_5kg,2026-07-23,16,4240.0,265.0,29.08,0.0,False,False
DELHI_STORE_002,SKU_001_Aashirvaad_Atta_5kg,2026-07-24,12,3180.0,265.0,33.01,0.0,False,False
DELHI_STORE_002,SKU_001_Aashirvaad_Atta_5kg,2026-07-25,27,7155.0,265.0,36.42,0.0,False,False
DELHI_STORE_002,SKU_001_Aashirvaad_Atta_5kg,2026-07-26,21,5565.0,265.0,35.47,0.0,False,False
DELHI_STORE_002,SKU_001_Aashirvaad_Atta_5kg,2026-07-27,20,5300.0,265.0,37.73,0.0,False,False
DELHI_STORE_002,SKU_001_Aashirvaad_Atta_5kg,2026-07-28,10,2650.0,265.0,37.71,0.0,False,False
DELHI_STORE_002,SKU_001_Aashirvaad_Atta_5kg,2026-07-29,14,3710.0,265.0,30.33,0.0,False,False
DELHI_STORE_002,SKU_001_Aashirvaad_Atta_5kg,2026-07-30,10,2650.0,265.0,28.3,0.0,False,False
DELHI_STORE_002,SKU_001_Aashirvaad_Atta_5kg,2026-07-31,10,2650.0,265.0,36.77,0.0,False,False
DELHI_STORE_002,SKU_001_Aashirvaad_Atta_5kg,2026-08-01,18,4770.0,265.0,35.34,0.0,False,False
DELHI_STORE_002,SKU_001_Aashirvaad_Atta_5kg,2026-08-02,27,7155.0,265.0,37.86,0.0,False,False
DELHI_STORE_002,SKU_001_Aashirvaad_Atta_5kg,2026-08-03,18,4770.0,265.0,34.77,0.0,False,False
DELHI_STORE_002,SKU_001_Aashirvaad_Atta_5kg,2026-08-04,14,3710.0,265.0,35.15,0.0,False,False
DELHI_STORE_002,SKU_001_Aashirvaad_Atta_5kg,2026-08-05,17,4505.0,265.0,31.6,0.0,False,False
DELHI_STORE_002,SKU_001_Aashirvaad_Atta_5kg,2026-08-06,7,1855.0,265.0,30.58,0.0,False,False
DELHI_STORE_002,SKU_001_Aashirvaad_Atta_5kg,2026-08-07,15,3975.0,265.0,35.31,0.0,False,False
DELHI_STORE_002,SKU_001_Aashirvaad_Atta_5kg,2026-08-08,24,6360.0,265.0,32.52,0.0,False,False
DELHI_STORE_002,SKU_001_Aashirvaad_Atta_5kg,2026-08-09,21,5565.0,265.0,36.37,0.0,False,False
DELHI_STORE_002,SKU_001_Aashirvaad_Atta_5kg,2026-08-10,13,3445.0,265.0,34.98,0.0,False,False
DELHI_STORE_002,SKU_001_Aashirvaad_Atta_5kg,2026-08-11,16,4240.0,265.0,35.38,0.0,False,False
DELHI_STORE_002,SKU_001_Aashirvaad_Atta_5kg,2026-08-12,17,4505.0,265.0,31.3,0.0,False,False
DELHI_STORE_002,SKU_001_Aashirvaad_Atta_5kg,2026-08-13,10,2650.0,265.0,32.57,0.0,False,False
DELHI_STORE_002,SKU_001_Aashirvaad_Atta_5kg,2026-08-14,17,4505.0,265.0,33.36,0.0,False,False
DELHI_STORE_002,SKU_001_Aashirvaad_Atta_5kg,2026-08-15,22,5830.0,265.0,33.22,0.0,False,False
DELHI_STORE_002,SKU_001_Aashirvaad_Atta_5kg,2026-08-16,22,5830.0,265.0,37.32,0.0,False,False
DELHI_STORE_002,SKU_001_Aashirvaad_Atta_5kg,2026-08-17,15,3975.0,265.0,32.66,0.0,False,False
DELHI_STORE_002,SKU_001_Aashirvaad_Atta_5kg,2026-08-18,13,3445.0,265.0,36.5,0.0,False,False
DELHI_STORE_002,SKU_001_Aashirvaad_Atta_5kg,2026-08-19,14,3710.0,265.0,29.25,0.0,False,False
DELHI_STORE_002,SKU_001_Aashirvaad_Atta_5kg,2026-08-20,13,3445.0,265.0,31.87,0.0,False,False
DELHI_STORE_002,SKU_001_Aashirvaad_Atta_5kg,2026-08-21,18,4770.0,265.0,33.09,0.0,False,False
DELHI_STORE_002,SKU_001_Aashirvaad_Atta_5kg,2026-08-22,31,8215.0,265.0,35.26,0.0,False,False
DELHI_STORE_002,SKU_001_Aashirvaad_Atta_5kg,2026-08-23,21,5565.0,265.0,32.96,0.0,False,False
DELHI_STORE_002,SKU_001_Aashirvaad_Atta_5kg,2026-08-24,15,3975.0,265.0,32.79,0.0,False,False
DELHI_STORE_002,SKU_001_Aashirvaad_Atta_5kg,2026-08-25,18,4770.0,265.0,33.55,0.0,False,False
DELHI_STORE_002,SKU_001_Aashirvaad_Atta_5kg,2026-08-26,9,2385.0,265.0,30.83,0.0,False,False
DELHI_STORE_002,SKU_001_Aashirvaad_Atta_5kg,2026-08-27,10,2650.0,265.0,31.37,0.0,False,False
DELHI_STORE_002,SKU_001_Aashirvaad_Atta_5kg,2026-08-28,14,3710.0,265.0,36.64,0.0,False,False
DELHI_STORE_002,SKU_001_Aashirvaad_Atta_5kg,2026-08-29,16,4240.0,265.0,35.3,0.0,False,False
DELHI_STORE_002,SKU_002_IndiaGate_Basmati_5kg,2026-05-31,5,2400.0,480.0,32.56,0.0,False,False
DELHI_STORE_002,SKU_002_IndiaGate_Basmati_5kg,2026-06-01,8,3840.0,480.0,34.77,0.0,False,False
DELHI_STORE_002,SKU_002_IndiaGate_Basmati_5kg,2026-06-02,12,5760.0,480.0,33.2,0.0,False,False
DELHI_STORE_002,SKU_002_IndiaGate_Basmati_5kg,2026-06-03,8,3840.0,480.0,30.66,0.0,False,False
DELHI_STORE_002,SKU_002_IndiaGate_Basmati_5kg,2026-06-04,12,5760.0,480.0,27.86,0.0,False,False
DELHI_STORE_002,SKU_002_IndiaGate_Basmati_5kg,2026-06-05,9,4320.0,480.0,37.64,0.0,False,False
DELHI_STORE_002,SKU_002_IndiaGate_Basmati_5kg,2026-06-06,6,2880.0,480.0,35.64,0.0,False,False
DELHI_STORE_002,SKU_002_IndiaGate_Basmati_5kg,2026-06-07,9,4320.0,480.0,35.23,0.0,False,False
DELHI_STORE_002,SKU_002_IndiaGate_Basmati_5kg,2026-06-08,5,2400.0,480.0,32.8,0.0,False,False
DELHI_STORE_002,SKU_002_IndiaGate_Basmati_5kg,2026-06-09,7,3360.0,480.0,35.67,0.0,False,False
DELHI_STORE_002,SKU_002_IndiaGate_Basmati_5kg,2026-06-10,9,4320.0,480.0,30.69,0.0,False,False
DELHI_STORE_002,SKU_002_IndiaGate_Basmati_5kg,2026-06-11,10,4800.0,480.0,32.56,0.0,False,False
DELHI_STORE_002,SKU_002_IndiaGate_Basmati_5kg,2026-06-12,12,5760.0,480.0,37.79,0.0,False,False
DELHI_STORE_002,SKU_002_IndiaGate_Basmati_5kg,2026-06-13,8,3840.0,480.0,32.09,0.0,False,False
DELHI_STORE_002,SKU_002_IndiaGate_Basmati_5kg,2026-06-14,7,3360.0,480.0,34.61,0.0,False,False
DELHI_STORE_002,SKU_002_IndiaGate_Basmati_5kg,2026-06-15,11,5280.0,480.0,35.14,0.0,False,False
DELHI_STORE_002,SKU_002_IndiaGate_Basmati_5kg,2026-06-16,5,2400.0,480.0,35.4,0.0,False,False
DELHI_STORE_002,SKU_002_IndiaGate_Basmati_5kg,2026-06-17,11,5280.0,480.0,28.3,0.0,False,False
DELHI_STORE_002,SKU_002_IndiaGate_Basmati_5kg,2026-06-18,7,3360.0,480.0,31.95,0.0,False,False
DELHI_STORE_002,SKU_002_IndiaGate_Basmati_5kg,2026-06-19,8,3840.0,480.0,37.17,0.0,False,False
DELHI_STORE_002,SKU_002_IndiaGate_Basmati_5kg,2026-06-20,9,4320.0,480.0,32.78,0.0,False,False
DELHI_STORE_002,SKU_002_IndiaGate_Basmati_5kg,2026-06-21,10,4800.0,480.0,37.59,0.0,False,False
DELHI_STORE_002,SKU_002_IndiaGate_Basmati_5kg,2026-06-22,11,5280.0,480.0,36.17,0.0,False,False
DELHI_STORE_002,SKU_002_IndiaGate_Basmati_5kg,2026-06-23,8,3840.0,480.0,32.51,0.0,False,False
DELHI_STORE_002,SKU_002_IndiaGate_Basmati_5kg,2026-06-24,4,1920.0,480.0,29.19,0.0,False,False
DELHI_STORE_002,SKU_002_IndiaGate_Basmati_5kg,2026-06-25,11,5280.0,480.0,28.82,0.0,False,False
DELHI_STORE_002,SKU_002_IndiaGate_Basmati_5kg,2026-06-26,8,3840.0,480.0,35.37,0.0,False,False
DELHI_STORE_002,SKU_002_IndiaGate_Basmati_5kg,2026-06-27,8,3840.0,480.0,36.61,0.0,False,False
DELHI_STORE_002,SKU_002_IndiaGate_Basmati_5kg,2026-06-28,11,5280.0,480.0,36.04,0.0,False,False
DELHI_STORE_002,SKU_002_IndiaGate_Basmati_5kg,2026-06-29,7,3360.0,480.0,32.01,0.0,False,False
DELHI_STORE_002,SKU_002_IndiaGate_Basmati_5kg,2026-06-30,6,2880.0,480.0,36.41,0.0,False,False
DELHI_STORE_002,SKU_002_IndiaGate_Basmati_5kg,2026-07-01,6,2880.0,480.0,32.97,0.0,False,False
DELHI_STORE_002,SKU_002_IndiaGate_Basmati_5kg,2026-07-02,11,5280.0,480.0,31.92,0.0,False,False
DELHI_STORE_002,SKU_002_IndiaGate_Basmati_5kg,2026-07-03,6,2880.0,480.0,33.95,0.0,False,False
DELHI_STORE_002,SKU_002_IndiaGate_Basmati_5kg,2026-07-04,10,4800.0,480.0,37.36,0.0,False,False
DELHI_STORE_002,SKU_002_IndiaGate_Basmati_5kg,2026-07-05,10,4800.0,480.0,33.56,0.0,False,False
DELHI_STORE_002,SKU_002_IndiaGate_Basmati_5kg,2026-07-06,6,2880.0,480.0,32.84,0.0,False,False
DELHI_STORE_002,SKU_002_IndiaGate_Basmati_5kg,2026-07-07,10,4800.0,480.0,32.75,0.0,False,False
DELHI_STORE_002,SKU_002_IndiaGate_Basmati_5kg,2026-07-08,6,2880.0,480.0,32.7,0.0,False,False
DELHI_STORE_002,SKU_002_IndiaGate_Basmati_5kg,2026-07-09,7,3360.0,480.0,28.75,0.0,False,False
DELHI_STORE_002,SKU_002_IndiaGate_Basmati_5kg,2026-07-10,9,4320.0,480.0,35.39,0.0,False,False
DELHI_STORE_002,SKU_002_IndiaGate_Basmati_5kg,2026-07-11,11,5280.0,480.0,33.77,0.0,False,False
DELHI_STORE_002,SKU_002_IndiaGate_Basmati_5kg,2026-07-12,9,4320.0,480.0,33.83,0.0,False,False
DELHI_STORE_002,SKU_002_IndiaGate_Basmati_5kg,2026-07-13,7,3360.0,480.0,34.72,0.0,False,False
DELHI_STORE_002,SKU_002_IndiaGate_Basmati_5kg,2026-07-14,8,3840.0,480.0,33.49,0.0,False,False
DELHI_STORE_002,SKU_002_IndiaGate_Basmati_5kg,2026-07-15,9,4320.0,480.0,28.78,0.0,False,False
DELHI_STORE_002,SKU_002_IndiaGate_Basmati_5kg,2026-07-16,10,4800.0,480.0,27.45,0.0,False,False
DELHI_STORE_002,SKU_002_IndiaGate_Basmati_5kg,2026-07-17,3,1440.0,480.0,35.66,0.0,False,False
DELHI_STORE_002,SKU_002_IndiaGate_Basmati_5kg,2026-07-18,9,4320.0,480.0,34.11,0.0,False,False
DELHI_STORE_002,SKU_002_IndiaGate_Basmati_5kg,2026-07-19,9,4320.0,480.0,33.1,0.0,False,False
DELHI_STORE_002,SKU_002_IndiaGate_Basmati_5kg,2026-07-20,9,4320.0,480.0,32.86,0.0,False,False
DELHI_STORE_002,SKU_002_IndiaGate_Basmati_5kg,2026-07-21,10,4800.0,480.0,33.01,0.0,False,False
DELHI_STORE_002,SKU_002_IndiaGate_Basmati_5kg,2026-07-22,11,5280.0,480.0,31.91,0.0,False,False
DELHI_STORE_002,SKU_002_IndiaGate_Basmati_5kg,2026-07-23,10,4800.0,480.0,30.05,0.0,False,False
DELHI_STORE_002,SKU_002_IndiaGate_Basmati_5kg,2026-07-24,10,4800.0,480.0,33.94,0.0,False,False
DELHI_STORE_002,SKU_002_IndiaGate_Basmati_5kg,2026-07-25,20,9600.0,480.0,36.29,0.0,False,False
DELHI_STORE_002,SKU_002_IndiaGate_Basmati_5kg,2026-07-26,5,2400.0,480.0,34.18,0.0,False,False
DELHI_STORE_002,SKU_002_IndiaGate_Basmati_5kg,2026-07-27,8,3840.0,480.0,36.59,0.0,False,False
DELHI_STORE_002,SKU_002_IndiaGate_Basmati_5kg,2026-07-28,11,5280.0,480.0,34.81,0.0,False,False
DELHI_STORE_002,SKU_002_IndiaGate_Basmati_5kg,2026-07-29,9,4320.0,480.0,30.83,0.0,False,False
DELHI_STORE_002,SKU_002_IndiaGate_Basmati_5kg,2026-07-30,8,3840.0,480.0,28.49,0.0,False,False
DELHI_STORE_002,SKU_002_IndiaGate_Basmati_5kg,2026-07-31,8,3840.0,480.0,37.14,0.0,False,False
DELHI_STORE_002,SKU_002_IndiaGate_Basmati_5kg,2026-08-01,11,5280.0,480.0,37.06,0.0,False,False
DELHI_STORE_002,SKU_002_IndiaGate_Basmati_5kg,2026-08-02,6,2880.0,480.0,37.58,0.0,False,False
DELHI_STORE_002,SKU_002_IndiaGate_Basmati_5kg,2026-08-03,11,5280.0,480.0,37.22,0.0,False,False
DELHI_STORE_002,SKU_002_IndiaGate_Basmati_5kg,2026-08-04,7,3360.0,480.0,34.62,0.0,False,False
DELHI_STORE_002,SKU_002_IndiaGate_Basmati_5kg,2026-08-05,10,4800.0,480.0,28.0,0.0,False,False
DELHI_STORE_002,SKU_002_IndiaGate_Basmati_5kg,2026-08-06,5,2400.0,480.0,29.15,0.0,False,False
DELHI_STORE_002,SKU_002_IndiaGate_Basmati_5kg,2026-08-07,12,5760.0,480.0,32.86,0.0,False,False
DELHI_STORE_002,SKU_002_IndiaGate_Basmati_5kg,2026-08-08,8,3840.0,480.0,34.11,0.0,False,False
DELHI_STORE_002,SKU_002_IndiaGate_Basmati_5kg,2026-08-09,5,2400.0,480.0,33.77,0.0,False,False
DELHI_STORE_002,SKU_002_IndiaGate_Basmati_5kg,2026-08-10,9,4320.0,480.0,36.05,0.0,False,False
DELHI_STORE_002,SKU_002_IndiaGate_Basmati_5kg,2026-08-11,10,4800.0,480.0,34.86,0.0,False,False
DELHI_STORE_002,SKU_002_IndiaGate_Basmati_5kg,2026-08-12,9,4320.0,480.0,28.84,0.0,False,False
DELHI_STORE_002,SKU_002_IndiaGate_Basmati_5kg,2026-08-13,7,3360.0,480.0,32.13,0.0,False,False
DELHI_STORE_002,SKU_002_IndiaGate_Basmati_5kg,2026-08-14,6,2880.0,480.0,34.09,0.0,False,False
DELHI_STORE_002,SKU_002_IndiaGate_Basmati_5kg,2026-08-15,14,6720.0,480.0,36.3,0.0,False,False
DELHI_STORE_002,SKU_002_IndiaGate_Basmati_5kg,2026-08-16,12,5760.0,480.0,36.49,0.0,False,False
DELHI_STORE_002,SKU_002_IndiaGate_Basmati_5kg,2026-08-17,6,2880.0,480.0,35.2,0.0,False,False
DELHI_STORE_002,SKU_002_IndiaGate_Basmati_5kg,2026-08-18,10,4800.0,480.0,32.27,0.0,False,False
DELHI_STORE_002,SKU_002_IndiaGate_Basmati_5kg,2026-08-19,12,5760.0,480.0,27.07,0.0,False,False
DELHI_STORE_002,SKU_002_IndiaGate_Basmati_5kg,2026-08-20,11,5280.0,480.0,29.53,0.0,False,False
DELHI_STORE_002,SKU_002_IndiaGate_Basmati_5kg,2026-08-21,11,5280.0,480.0,36.77,0.0,False,False
DELHI_STORE_002,SKU_002_IndiaGate_Basmati_5kg,2026-08-22,11,5280.0,480.0,36.12,0.0,False,False
DELHI_STORE_002,SKU_002_IndiaGate_Basmati_5kg,2026-08-23,11,5280.0,480.0,37.09,0.0,False,False
DELHI_STORE_002,SKU_002_IndiaGate_Basmati_5kg,2026-08-24,10,4800.0,480.0,36.01,0.0,False,False
DELHI_STORE_002,SKU_002_IndiaGate_Basmati_5kg,2026-08-25,3,1440.0,480.0,32.35,0.0,False,False
DELHI_STORE_002,SKU_002_IndiaGate_Basmati_5kg,2026-08-26,8,3840.0,480.0,27.41,0.0,False,False
DELHI_STORE_002,SKU_002_IndiaGate_Basmati_5kg,2026-08-27,12,5760.0,480.0,30.17,0.0,False,False
DELHI_STORE_002,SKU_002_IndiaGate_Basmati_5kg,2026-08-28,5,2400.0,480.0,34.82,0.0,False,False
DELHI_STORE_002,SKU_002_IndiaGate_Basmati_5kg,2026-08-29,14,6720.0,480.0,36.9,0.0,False,False
DELHI_STORE_002,SKU_003_Fortune_Sunflower_Oil_1L,2026-05-31,29,4205.0,145.0,30.14,0.0,False,False
DELHI_STORE_002,SKU_003_Fortune_Sunflower_Oil_1L,2026-06-01,19,2755.0,145.0,31.69,0.0,False,False
DELHI_STORE_002,SKU_003_Fortune_Sunflower_Oil_1L,2026-06-02,18,2610.0,145.0,30.15,0.0,False,False
DELHI_STORE_002,SKU_003_Fortune_Sunflower_Oil_1L,2026-06-03,20,2900.0,145.0,22.22,0.0,False,False
DELHI_STORE_002,SKU_003_Fortune_Sunflower_Oil_1L,2026-06-04,26,3770.0,145.0,27.17,0.0,False,False
DELHI_STORE_002,SKU_003_Fortune_Sunflower_Oil_1L,2026-06-05,18,2610.0,145.0,28.16,0.0,False,False
DELHI_STORE_002,SKU_003_Fortune_Sunflower_Oil_1L,2026-06-06,34,4930.0,145.0,31.37,0.0,False,False
DELHI_STORE_002,SKU_003_Fortune_Sunflower_Oil_1L,2026-06-07,40,5800.0,145.0,27.48,0.0,False,False
DELHI_STORE_002,SKU_003_Fortune_Sunflower_Oil_1L,2026-06-08,24,3480.0,145.0,32.33,0.0,False,False
DELHI_STORE_002,SKU_003_Fortune_Sunflower_Oil_1L,2026-06-09,18,2610.0,145.0,28.48,0.0,False,False
DELHI_STORE_002,SKU_003_Fortune_Sunflower_Oil_1L,2026-06-10,22,3190.0,145.0,22.53,0.0,False,False
DELHI_STORE_002,SKU_003_Fortune_Sunflower_Oil_1L,2026-06-11,29,4205.0,145.0,22.7,0.0,False,False
DELHI_STORE_002,SKU_003_Fortune_Sunflower_Oil_1L,2026-06-12,23,3335.0,145.0,30.54,0.0,False,False
DELHI_STORE_002,SKU_003_Fortune_Sunflower_Oil_1L,2026-06-13,36,5220.0,145.0,29.67,0.0,False,False
DELHI_STORE_002,SKU_003_Fortune_Sunflower_Oil_1L,2026-06-14,37,5365.0,145.0,30.01,0.0,False,False
DELHI_STORE_002,SKU_003_Fortune_Sunflower_Oil_1L,2026-06-15,17,2465.0,145.0,29.81,0.0,False,False
DELHI_STORE_002,SKU_003_Fortune_Sunflower_Oil_1L,2026-06-16,35,5075.0,145.0,30.51,0.0,False,False
DELHI_STORE_002,SKU_003_Fortune_Sunflower_Oil_1L,2026-06-17,23,3335.0,145.0,26.12,0.0,False,False
DELHI_STORE_002,SKU_003_Fortune_Sunflower_Oil_1L,2026-06-18,19,2755.0,145.0,25.49,0.0,False,False
DELHI_STORE_002,SKU_003_Fortune_Sunflower_Oil_1L,2026-06-19,19,2755.0,145.0,27.99,0.0,False,False
DELHI_STORE_002,SKU_003_Fortune_Sunflower_Oil_1L,2026-06-20,33,4785.0,145.0,28.23,0.0,False,False
DELHI_STORE_002,SKU_003_Fortune_Sunflower_Oil_1L,2026-06-21,22,3190.0,145.0,30.0,0.0,False,False
DELHI_STORE_002,SKU_003_Fortune_Sunflower_Oil_1L,2026-06-22,25,3625.0,145.0,32.77,0.0,False,False
DELHI_STORE_002,SKU_003_Fortune_Sunflower_Oil_1L,2026-06-23,22,3190.0,145.0,29.66,0.0,False,False
DELHI_STORE_002,SKU_003_Fortune_Sunflower_Oil_1L,2026-06-24,20,2900.0,145.0,24.45,0.0,False,False
DELHI_STORE_002,SKU_003_Fortune_Sunflower_Oil_1L,2026-06-25,23,3335.0,145.0,22.12,0.0,False,False
DELHI_STORE_002,SKU_003_Fortune_Sunflower_Oil_1L,2026-06-26,19,2755.0,145.0,27.56,0.0,False,False
DELHI_STORE_002,SKU_003_Fortune_Sunflower_Oil_1L,2026-06-27,22,3190.0,145.0,29.97,0.0,False,False
DELHI_STORE_002,SKU_003_Fortune_Sunflower_Oil_1L,2026-06-28,31,4495.0,145.0,32.51,0.0,False,False
DELHI_STORE_002,SKU_003_Fortune_Sunflower_Oil_1L,2026-06-29,29,4205.0,145.0,27.92,0.0,False,False
DELHI_STORE_002,SKU_003_Fortune_Sunflower_Oil_1L,2026-06-30,18,2610.0,145.0,27.75,0.0,False,False
DELHI_STORE_002,SKU_003_Fortune_Sunflower_Oil_1L,2026-07-01,32,4640.0,145.0,23.66,0.0,False,False
DELHI_STORE_002,SKU_003_Fortune_Sunflower_Oil_1L,2026-07-02,15,2175.0,145.0,25.78,0.0,False,False
DELHI_STORE_002,SKU_003_Fortune_Sunflower_Oil_1L,2026-07-03,26,3770.0,145.0,31.78,0.0,False,False
DELHI_STORE_002,SKU_003_Fortune_Sunflower_Oil_1L,2026-07-04,24,3480.0,145.0,29.75,0.0,False,False
DELHI_STORE_002,SKU_003_Fortune_Sunflower_Oil_1L,2026-07-05,33,4785.0,145.0,30.54,0.0,False,False
DELHI_STORE_002,SKU_003_Fortune_Sunflower_Oil_1L,2026-07-06,23,3335.0,145.0,32.88,0.0,False,False
DELHI_STORE_002,SKU_003_Fortune_Sunflower_Oil_1L,2026-07-07,25,3625.0,145.0,29.0,0.0,False,False
DELHI_STORE_002,SKU_003_Fortune_Sunflower_Oil_1L,2026-07-08,22,3190.0,145.0,25.11,0.0,False,False
DELHI_STORE_002,SKU_003_Fortune_Sunflower_Oil_1L,2026-07-09,23,3335.0,145.0,26.96,0.0,False,False
DELHI_STORE_002,SKU_003_Fortune_Sunflower_Oil_1L,2026-07-10,28,4060.0,145.0,31.09,0.0,False,False
DELHI_STORE_002,SKU_003_Fortune_Sunflower_Oil_1L,2026-07-11,34,4930.0,145.0,32.69,0.0,False,False
DELHI_STORE_002,SKU_003_Fortune_Sunflower_Oil_1L,2026-07-12,27,3915.0,145.0,29.52,0.0,False,False
DELHI_STORE_002,SKU_003_Fortune_Sunflower_Oil_1L,2026-07-13,18,2610.0,145.0,27.86,0.0,False,False
DELHI_STORE_002,SKU_003_Fortune_Sunflower_Oil_1L,2026-07-14,18,2610.0,145.0,28.92,0.0,False,False
DELHI_STORE_002,SKU_003_Fortune_Sunflower_Oil_1L,2026-07-15,19,2755.0,145.0,22.67,0.0,False,False
DELHI_STORE_002,SKU_003_Fortune_Sunflower_Oil_1L,2026-07-16,21,3045.0,145.0,27.4,0.0,False,False
DELHI_STORE_002,SKU_003_Fortune_Sunflower_Oil_1L,2026-07-17,22,3190.0,145.0,31.58,0.0,False,False
DELHI_STORE_002,SKU_003_Fortune_Sunflower_Oil_1L,2026-07-18,36,5220.0,145.0,32.41,0.0,False,False
DELHI_STORE_002,SKU_003_Fortune_Sunflower_Oil_1L,2026-07-19,31,4495.0,145.0,31.55,0.0,False,False
DELHI_STORE_002,SKU_003_Fortune_Sunflower_Oil_1L,2026-07-20,23,3335.0,145.0,31.84,0.0,False,False
DELHI_STORE_002,SKU_003_Fortune_Sunflower_Oil_1L,2026-07-21,18,2610.0,145.0,30.12,0.0,False,False
DELHI_STORE_002,SKU_003_Fortune_Sunflower_Oil_1L,2026-07-22,24,3480.0,145.0,22.12,0.0,False,False
DELHI_STORE_002,SKU_003_Fortune_Sunflower_Oil_1L,2026-07-23,15,2175.0,145.0,23.23,0.0,False,False
DELHI_STORE_002,SKU_003_Fortune_Sunflower_Oil_1L,2026-07-24,17,2465.0,145.0,29.89,0.0,False,False
DELHI_STORE_002,SKU_003_Fortune_Sunflower_Oil_1L,2026-07-25,29,4205.0,145.0,27.9,0.0,False,False
DELHI_STORE_002,SKU_003_Fortune_Sunflower_Oil_1L,2026-07-26,39,5655.0,145.0,29.91,0.0,False,False
DELHI_STORE_002,SKU_003_Fortune_Sunflower_Oil_1L,2026-07-27,22,3190.0,145.0,28.34,0.0,False,False
DELHI_STORE_002,SKU_003_Fortune_Sunflower_Oil_1L,2026-07-28,22,3190.0,145.0,29.05,0.0,False,False
DELHI_STORE_002,SKU_003_Fortune_Sunflower_Oil_1L,2026-07-29,21,3045.0,145.0,25.53,0.0,False,False
DELHI_STORE_002,SKU_003_Fortune_Sunflower_Oil_1L,2026-07-30,24,3480.0,145.0,24.89,0.0,False,False
DELHI_STORE_002,SKU_003_Fortune_Sunflower_Oil_1L,2026-07-31,17,2465.0,145.0,32.64,0.0,False,False
DELHI_STORE_002,SKU_003_Fortune_Sunflower_Oil_1L,2026-08-01,27,3915.0,145.0,32.16,0.0,False,False
DELHI_STORE_002,SKU_003_Fortune_Sunflower_Oil_1L,2026-08-02,33,4785.0,145.0,30.9,0.0,False,False
DELHI_STORE_002,SKU_003_Fortune_Sunflower_Oil_1L,2026-08-03,20,2900.0,145.0,31.16,0.0,False,False
DELHI_STORE_002,SKU_003_Fortune_Sunflower_Oil_1L,2026-08-04,17,2465.0,145.0,28.46,0.0,False,False
DELHI_STORE_002,SKU_003_Fortune_Sunflower_Oil_1L,2026-08-05,22,3190.0,145.0,27.29,0.0,False,False
DELHI_STORE_002,SKU_003_Fortune_Sunflower_Oil_1L,2026-08-06,23,3335.0,145.0,25.57,0.0,False,False
DELHI_STORE_002,SKU_003_Fortune_Sunflower_Oil_1L,2026-08-07,19,2755.0,145.0,28.67,0.0,False,False
DELHI_STORE_002,SKU_003_Fortune_Sunflower_Oil_1L,2026-08-08,37,5365.0,145.0,28.5,0.0,False,False
DELHI_STORE_002,SKU_003_Fortune_Sunflower_Oil_1L,2026-08-09,23,3335.0,145.0,30.11,0.0,False,False
DELHI_STORE_002,SKU_003_Fortune_Sunflower_Oil_1L,2026-08-10,13,1885.0,145.0,29.84,0.0,False,False
DELHI_STORE_002,SKU_003_Fortune_Sunflower_Oil_1L,2026-08-11,23,3335.0,145.0,30.04,0.0,False,False
DELHI_STORE_002,SKU_003_Fortune_Sunflower_Oil_1L,2026-08-12,18,2610.0,145.0,27.3,0.0,False,False
DELHI_STORE_002,SKU_003_Fortune_Sunflower_Oil_1L,2026-08-13,26,3770.0,145.0,27.23,0.0,False,False
DELHI_STORE_002,SKU_003_Fortune_Sunflower_Oil_1L,2026-08-14,21,3045.0,145.0,28.09,0.0,False,False
DELHI_STORE_002,SKU_003_Fortune_Sunflower_Oil_1L,2026-08-15,26,3770.0,145.0,29.85,0.0,False,False
DELHI_STORE_002,SKU_003_Fortune_Sunflower_Oil_1L,2026-08-16,33,4785.0,145.0,30.69,0.0,False,False
DELHI_STORE_002,SKU_003_Fortune_Sunflower_Oil_1L,2026-08-17,26,3770.0,145.0,30.95,0.0,False,False
DELHI_STORE_002,SKU_003_Fortune_Sunflower_Oil_1L,2026-08-18,25,3625.0,145.0,29.07,0.0,False,False
DELHI_STORE_002,SKU_003_Fortune_Sunflower_Oil_1L,2026-08-19,24,3480.0,145.0,23.06,0.0,False,False
DELHI_STORE_002,SKU_003_Fortune_Sunflower_Oil_1L,2026-08-20,16,2320.0,145.0,27.94,0.0,False,False
DELHI_STORE_002,SKU_003_Fortune_Sunflower_Oil_1L,2026-08-21,27,3915.0,145.0,29.82,0.0,False,False
DELHI_STORE_002,SKU_003_Fortune_Sunflower_Oil_1L,2026-08-22,33,4785.0,145.0,32.36,0.0,False,False
DELHI_STORE_002,SKU_003_Fortune_Sunflower_Oil_1L,2026-08-23,21,3045.0,145.0,28.27,0.0,False,False
DELHI_STORE_002,SKU_003_Fortune_Sunflower_Oil_1L,2026-08-24,23,3335.0,145.0,29.51,0.0,False,False
DELHI_STORE_002,SKU_003_Fortune_Sunflower_Oil_1L,2026-08-25,24,3480.0,145.0,32.51,0.0,False,False
DELHI_STORE_002,SKU_003_Fortune_Sunflower_Oil_1L,2026-08-26,24,3480.0,145.0,25.53,0.0,False,False
DELHI_STORE_002,SKU_003_Fortune_Sunflower_Oil_1L,2026-08-27,25,3625.0,145.0,23.01,0.0,False,False
DELHI_STORE_002,SKU_003_Fortune_Sunflower_Oil_1L,2026-08-28,18,2610.0,145.0,28.36,0.0,False,False
DELHI_STORE_002,SKU_003_Fortune_Sunflower_Oil_1L,2026-08-29,31,4495.0,145.0,30.41,0.0,False,False
DELHI_STORE_002,SKU_004_Amul_Butter_500g,2026-05-31,22,6050.0,275.0,35.53,0.0,False,False
DELHI_STORE_002,SKU_004_Amul_Butter_500g,2026-06-01,21,5775.0,275.0,35.15,0.0,False,False
DELHI_STORE_002,SKU_004_Amul_Butter_500g,2026-06-02,16,4400.0,275.0,32.83,0.0,False,False
DELHI_STORE_002,SKU_004_Amul_Butter_500g,2026-06-03,16,4400.0,275.0,28.02,0.0,False,False
DELHI_STORE_002,SKU_004_Amul_Butter_500g,2026-06-04,17,4675.0,275.0,31.93,0.0,False,False
DELHI_STORE_002,SKU_004_Amul_Butter_500g,2026-06-05,17,4675.0,275.0,35.87,0.0,False,False
DELHI_STORE_002,SKU_004_Amul_Butter_500g,2026-06-06,24,6600.0,275.0,36.34,0.0,False,False
DELHI_STORE_002,SKU_004_Amul_Butter_500g,2026-06-07,32,8800.0,275.0,34.73,0.0,False,False
DELHI_STORE_002,SKU_004_Amul_Butter_500g,2026-06-08,29,7975.0,275.0,32.15,0.0,False,False
DELHI_STORE_002,SKU_004_Amul_Butter_500g,2026-06-09,12,3300.0,275.0,37.77,0.0,False,False
DELHI_STORE_002,SKU_004_Amul_Butter_500g,2026-06-10,16,4400.0,275.0,31.34,0.0,False,False
DELHI_STORE_002,SKU_004_Amul_Butter_500g,2026-06-11,18,4950.0,275.0,29.8,0.0,False,False
DELHI_STORE_002,SKU_004_Amul_Butter_500g,2026-06-12,24,6600.0,275.0,33.33,0.0,False,False
DELHI_STORE_002,SKU_004_Amul_Butter_500g,2026-06-13,24,6600.0,275.0,36.55,0.0,False,False
DELHI_STORE_002,SKU_004_Amul_Butter_500g,2026-06-14,27,7425.0,275.0,37.03,0.0,False,False
DELHI_STORE_002,SKU_004_Amul_Butter_500g,2026-06-15,21,5775.0,275.0,36.45,0.0,False,False
DELHI_STORE_002,SKU_004_Amul_Butter_500g,2026-06-16,19,5225.0,275.0,37.87,0.0,False,False
DELHI_STORE_002,SKU_004_Amul_Butter_500g,2026-06-17,13,3575.0,275.0,31.99,0.0,False,False
DELHI_STORE_002,SKU_004_Amul_Butter_500g,2026-06-18,13,3575.0,275.0,29.88,0.0,False,False
DELHI_STORE_002,SKU_004_Amul_Butter_500g,2026-06-19,16,4400.0,275.0,34.88,0.0,False,False
DELHI_STORE_002,SKU_004_Amul_Butter_500g,2026-06-20,25,6875.0,275.0,37.23,0.0,False,False
DELHI_STORE_002,SKU_004_Amul_Butter_500g,2026-06-21,23,6325.0,275.0,33.49,0.0,False,False
DELHI_STORE_002,SKU_004_Amul_Butter_500g,2026-06-22,20,5500.0,275.0,32.45,0.0,False,False
DELHI_STORE_002,SKU_004_Amul_Butter_500g,2026-06-23,19,5225.0,275.0,32.82,0.0,False,False
DELHI_STORE_002,SKU_004_Amul_Butter_500g,2026-06-24,15,4125.0,275.0,30.23,0.0,False,False
DELHI_STORE_002,SKU_004_Amul_Butter_500g,2026-06-25,27,7425.0,275.0,29.61,0.0,False,False
DELHI_STORE_002,SKU_004_Amul_Butter_500g,2026-06-26,15,4125.0,275.0,34.11,0.0,False,False
DELHI_STORE_002,SKU_004_Amul_Butter_500g,2026-06-27,20,5500.0,275.0,34.5,0.0,False,False
DELHI_STORE_002,SKU_004_Amul_Butter_500g,2026-06-28,27,7425.0,275.0,35.84,0.0,False,False
DELHI_STORE_002,SKU_004_Amul_Butter_500g,2026-06-29,15,4125.0,275.0,32.97,0.0,False,False
DELHI_STORE_002,SKU_004_Amul_Butter_500g,2026-06-30,17,4675.0,275.0,33.38,0.0,False,False
DELHI_STORE_002,SKU_004_Amul_Butter_500g,2026-07-01,19,5225.0,275.0,29.95,0.0,False,False
DELHI_STORE_002,SKU_004_Amul_Butter_500g,2026-07-02,23,6325.0,275.0,29.08,0.0,False,False
DELHI_STORE_002,SKU_004_Amul_Butter_500g,2026-07-03,16,4400.0,275.0,32.48,0.0,False,False
DELHI_STORE_002,SKU_004_Amul_Butter_500g,2026-07-04,25,6875.0,275.0,36.34,0.0,False,False
DELHI_STORE_002,SKU_004_Amul_Butter_500g,2026-07-05,26,7150.0,275.0,37.91,0.0,False,False
DELHI_STORE_002,SKU_004_Amul_Butter_500g,2026-07-06,15,4125.0,275.0,32.54,0.0,False,False
DELHI_STORE_002,SKU_004_Amul_Butter_500g,2026-07-07,17,4675.0,275.0,35.59,0.0,False,False
DELHI_STORE_002,SKU_004_Amul_Butter_500g,2026-07-08,20,5500.0,275.0,30.83,0.0,False,False
DELHI_STORE_002,SKU_004_Amul_Butter_500g,2026-07-09,20,5500.0,275.0,32.7,0.0,False,False
DELHI_STORE_002,SKU_004_Amul_Butter_500g,2026-07-10,17,4675.0,275.0,37.99,0.0,False,False
DELHI_STORE_002,SKU_004_Amul_Butter_500g,2026-07-11,36,9900.0,275.0,35.18,0.0,False,False
DELHI_STORE_002,SKU_004_Amul_Butter_500g,2026-07-12,28,7700.0,275.0,36.35,0.0,False,False
DELHI_STORE_002,SKU_004_Amul_Butter_500g,2026-07-13,24,6600.0,275.0,37.44,0.0,False,False
DELHI_STORE_002,SKU_004_Amul_Butter_500g,2026-07-14,26,7150.0,275.0,33.17,0.0,False,False
DELHI_STORE_002,SKU_004_Amul_Butter_500g,2026-07-15,17,4675.0,275.0,30.36,0.0,False,False
DELHI_STORE_002,SKU_004_Amul_Butter_500g,2026-07-16,15,4125.0,275.0,28.7,0.0,False,False
DELHI_STORE_002,SKU_004_Amul_Butter_500g,2026-07-17,17,4675.0,275.0,33.2,0.0,False,False
DELHI_STORE_002,SKU_004_Amul_Butter_500g,2026-07-18,33,9075.0,275.0,35.72,0.0,False,False
DELHI_STORE_002,SKU_004_Amul_Butter_500g,2026-07-19,17,4675.0,275.0,33.32,0.0,False,False
DELHI_STORE_002,SKU_004_Amul_Butter_500g,2026-07-20,16,4400.0,275.0,35.69,0.0,False,False
DELHI_STORE_002,SKU_004_Amul_Butter_500g,2026-07-21,16,4400.0,275.0,36.71,0.0,False,False
DELHI_STORE_002,SKU_004_Amul_Butter_500g,2026-07-22,14,3850.0,275.0,28.95,0.0,False,False
DELHI_STORE_002,SKU_004_Amul_Butter_500g,2026-07-23,21,5775.0,275.0,27.09,0.0,False,False
DELHI_STORE_002,SKU_004_Amul_Butter_500g,2026-07-24,10,2750.0,275.0,36.35,0.0,False,False
DELHI_STORE_002,SKU_004_Amul_Butter_500g,2026-07-25,31,8525.0,275.0,35.49,0.0,False,False
DELHI_STORE_002,SKU_004_Amul_Butter_500g,2026-07-26,23,6325.0,275.0,35.12,0.0,False,False
DELHI_STORE_002,SKU_004_Amul_Butter_500g,2026-07-27,14,3850.0,275.0,37.48,0.0,False,False
DELHI_STORE_002,SKU_004_Amul_Butter_500g,2026-07-28,16,4400.0,275.0,35.88,0.0,False,False
DELHI_STORE_002,SKU_004_Amul_Butter_500g,2026-07-29,14,3850.0,275.0,30.18,0.0,False,False
DELHI_STORE_002,SKU_004_Amul_Butter_500g,2026-07-30,13,3575.0,275.0,31.86,0.0,False,False
DELHI_STORE_002,SKU_004_Amul_Butter_500g,2026-07-31,21,5775.0,275.0,32.69,0.0,False,False
DELHI_STORE_002,SKU_004_Amul_Butter_500g,2026-08-01,20,5500.0,275.0,32.46,0.0,False,False
DELHI_STORE_002,SKU_004_Amul_Butter_500g,2026-08-02,31,8525.0,275.0,36.53,0.0,False,False
DELHI_STORE_002,SKU_004_Amul_Butter_500g,2026-08-03,19,5225.0,275.0,34.56,0.0,False,False
DELHI_STORE_002,SKU_004_Amul_Butter_500g,2026-08-04,14,3850.0,275.0,32.14,0.0,False,False
DELHI_STORE_002,SKU_004_Amul_Butter_500g,2026-08-05,22,6050.0,275.0,30.96,0.0,False,False
DELHI_STORE_002,SKU_004_Amul_Butter_500g,2026-08-06,12,3300.0,275.0,29.89,0.0,False,False
DELHI_STORE_002,SKU_004_Amul_Butter_500g,2026-08-07,14,3850.0,275.0,34.43,0.0,False,False
DELHI_STORE_002,SKU_004_Amul_Butter_500g,2026-08-08,35,9625.0,275.0,35.55,0.0,False,False
DELHI_STORE_002,SKU_004_Amul_Butter_500g,2026-08-09,28,7700.0,275.0,33.74,0.0,False,False
DELHI_STORE_002,SKU_004_Amul_Butter_500g,2026-08-10,18,4950.0,275.0,37.39,0.0,False,False
DELHI_STORE_002,SKU_004_Amul_Butter_500g,2026-08-11,16,4400.0,275.0,32.96,0.0,False,False
DELHI_STORE_002,SKU_004_Amul_Butter_500g,2026-08-12,13,3575.0,275.0,30.52,0.0,False,False
DELHI_STORE_002,SKU_004_Amul_Butter_500g,2026-08-13,16,4400.0,275.0,32.21,0.0,False,False
DELHI_STORE_002,SKU_004_Amul_Butter_500g,2026-08-14,13,3575.0,275.0,34.96,0.0,False,False
DELHI_STORE_002,SKU_004_Amul_Butter_500g,2026-08-15,28,7700.0,275.0,32.99,0.0,False,False
DELHI_STORE_002,SKU_004_Amul_Butter_500g,2026-08-16,18,4950.0,275.0,35.36,0.0,False,False
DELHI_STORE_002,SKU_004_Amul_Butter_500g,2026-08-17,19,5225.0,275.0,35.88,0.0,False,False
DELHI_STORE_002,SKU_004_Amul_Butter_500g,2026-08-18,17,4675.0,275.0,35.3,0.0,False,False
DELHI_STORE_002,SKU_004_Amul_Butter_500g,2026-08-19,20,5500.0,275.0,31.86,0.0,False,False
DELHI_STORE_002,SKU_004_Amul_Butter_500g,2026-08-20,12,3300.0,275.0,29.28,0.0,False,False
DELHI_STORE_002,SKU_004_Amul_Butter_500g,2026-08-21,12,3300.0,275.0,35.95,0.0,False,False
DELHI_STORE_002,SKU_004_Amul_Butter_500g,2026-08-22,23,6325.0,275.0,35.97,0.0,False,False
DELHI_STORE_002,SKU_004_Amul_Butter_500g,2026-08-23,31,8525.0,275.0,35.73,0.0,False,False
DELHI_STORE_002,SKU_004_Amul_Butter_500g,2026-08-24,17,4675.0,275.0,36.34,0.0,False,False
DELHI_STORE_002,SKU_004_Amul_Butter_500g,2026-08-25,18,4950.0,275.0,34.16,0.0,False,False
DELHI_STORE_002,SKU_004_Amul_Butter_500g,2026-08-26,11,3025.0,275.0,28.85,0.0,False,False
DELHI_STORE_002,SKU_004_Amul_Butter_500g,2026-08-27,17,4675.0,275.0,28.39,0.0,False,False
DELHI_STORE_002,SKU_004_Amul_Butter_500g,2026-08-28,19,5225.0,275.0,33.54,0.0,False,False
DELHI_STORE_002,SKU_004_Amul_Butter_500g,2026-08-29,20,5500.0,275.0,35.44,0.0,False,False
DELHI_STORE_002,SKU_005_Tata_Tea_Gold_500g,2026-05-31,21,6720.0,320.0,22.54,0.0,False,False
DELHI_STORE_002,SKU_005_Tata_Tea_Gold_500g,2026-06-01,9,2880.0,320.0,22.87,0.0,False,False
DELHI_STORE_002,SKU_005_Tata_Tea_Gold_500g,2026-06-02,7,2240.0,320.0,22.88,0.0,False,False
DELHI_STORE_002,SKU_005_Tata_Tea_Gold_500g,2026-06-03,9,2880.0,320.0,18.63,0.0,False,False
DELHI_STORE_002,SKU_005_Tata_Tea_Gold_500g,2026-06-04,16,5120.0,320.0,18.0,0.0,False,False
DELHI_STORE_002,SKU_005_Tata_Tea_Gold_500g,2026-06-05,12,3840.0,320.0,23.2,0.0,False,False
DELHI_STORE_002,SKU_005_Tata_Tea_Gold_500g,2026-06-06,17,5440.0,320.0,22.85,0.0,False,False
DELHI_STORE_002,SKU_005_Tata_Tea_Gold_500g,2026-06-07,12,3840.0,320.0,23.07,0.0,False,False
DELHI_STORE_002,SKU_005_Tata_Tea_Gold_500g,2026-06-08,15,4800.0,320.0,23.93,0.0,False,False
DELHI_STORE_002,SKU_005_Tata_Tea_Gold_500g,2026-06-09,7,2240.0,320.0,22.24,0.0,False,False
DELHI_STORE_002,SKU_005_Tata_Tea_Gold_500g,2026-06-10,9,2880.0,320.0,18.5,0.0,False,False
DELHI_STORE_002,SKU_005_Tata_Tea_Gold_500g,2026-06-11,10,3200.0,320.0,21.86,0.0,False,False
DELHI_STORE_002,SKU_005_Tata_Tea_Gold_500g,2026-06-12,13,4160.0,320.0,24.41,0.0,False,False
DELHI_STORE_002,SKU_005_Tata_Tea_Gold_500g,2026-06-13,14,4480.0,320.0,22.4,0.0,False,False
DELHI_STORE_002,SKU_005_Tata_Tea_Gold_500g,2026-06-14,15,4800.0,320.0,26.01,0.0,False,False
DELHI_STORE_002,SKU_005_Tata_Tea_Gold_500g,2026-06-15,14,4480.0,320.0,25.23,0.0,False,False
DELHI_STORE_002,SKU_005_Tata_Tea_Gold_500g,2026-06-16,13,4160.0,320.0,23.01,0.0,False,False
DELHI_STORE_002,SKU_005_Tata_Tea_Gold_500g,2026-06-17,12,3840.0,320.0,22.76,0.0,False,False
DELHI_STORE_002,SKU_005_Tata_Tea_Gold_500g,2026-06-18,10,3200.0,320.0,21.84,0.0,False,False
DELHI_STORE_002,SKU_005_Tata_Tea_Gold_500g,2026-06-19,15,4800.0,320.0,27.91,0.0,False,False
DELHI_STORE_002,SKU_005_Tata_Tea_Gold_500g,2026-06-20,15,4800.0,320.0,25.53,0.0,False,False
DELHI_STORE_002,SKU_005_Tata_Tea_Gold_500g,2026-06-21,10,3200.0,320.0,24.37,0.0,False,False
DELHI_STORE_002,SKU_005_Tata_Tea_Gold_500g,2026-06-22,11,3520.0,320.0,22.65,0.0,False,False
DELHI_STORE_002,SKU_005_Tata_Tea_Gold_500g,2026-06-23,13,4160.0,320.0,22.67,0.0,False,False
DELHI_STORE_002,SKU_005_Tata_Tea_Gold_500g,2026-06-24,9,2880.0,320.0,22.84,0.0,False,False
DELHI_STORE_002,SKU_005_Tata_Tea_Gold_500g,2026-06-25,12,3840.0,320.0,19.45,0.0,False,False
DELHI_STORE_002,SKU_005_Tata_Tea_Gold_500g,2026-06-26,13,4160.0,320.0,23.12,0.0,False,False
DELHI_STORE_002,SKU_005_Tata_Tea_Gold_500g,2026-06-27,12,3840.0,320.0,27.33,0.0,False,False
DELHI_STORE_002,SKU_005_Tata_Tea_Gold_500g,2026-06-28,13,4160.0,320.0,22.34,0.0,False,False
DELHI_STORE_002,SKU_005_Tata_Tea_Gold_500g,2026-06-29,12,3840.0,320.0,23.74,0.0,False,False
DELHI_STORE_002,SKU_005_Tata_Tea_Gold_500g,2026-06-30,11,3520.0,320.0,23.25,0.0,False,False
DELHI_STORE_002,SKU_005_Tata_Tea_Gold_500g,2026-07-01,14,4480.0,320.0,22.82,0.0,False,False
DELHI_STORE_002,SKU_005_Tata_Tea_Gold_500g,2026-07-02,9,2880.0,320.0,21.98,0.0,False,False
DELHI_STORE_002,SKU_005_Tata_Tea_Gold_500g,2026-07-03,14,4480.0,320.0,24.7,0.0,False,False
DELHI_STORE_002,SKU_005_Tata_Tea_Gold_500g,2026-07-04,24,7680.0,320.0,23.44,0.0,False,False
DELHI_STORE_002,SKU_005_Tata_Tea_Gold_500g,2026-07-05,11,3520.0,320.0,24.91,0.0,False,False
DELHI_STORE_002,SKU_005_Tata_Tea_Gold_500g,2026-07-06,10,3200.0,320.0,24.35,0.0,False,False
DELHI_STORE_002,SKU_005_Tata_Tea_Gold_500g,2026-07-07,7,2240.0,320.0,25.28,0.0,False,False
DELHI_STORE_002,SKU_005_Tata_Tea_Gold_500g,2026-07-08,20,6400.0,320.0,22.92,0.0,False,False
DELHI_STORE_002,SKU_005_Tata_Tea_Gold_500g,2026-07-09,14,4480.0,320.0,18.83,0.0,False,False
DELHI_STORE_002,SKU_005_Tata_Tea_Gold_500g,2026-07-10,11,3520.0,320.0,26.77,0.0,False,False
DELHI_STORE_002,SKU_005_Tata_Tea_Gold_500g,2026-07-11,22,7040.0,320.0,23.07,0.0,False,False
DELHI_STORE_002,SKU_005_Tata_Tea_Gold_500g,2026-07-12,13,4160.0,320.0,26.11,0.0,False,False
DELHI_STORE_002,SKU_005_Tata_Tea_Gold_500g,2026-07-13,11,3520.0,320.0,22.63,0.0,False,False
DELHI_STORE_002,SKU_005_Tata_Tea_Gold_500g,2026-07-14,14,4480.0,320.0,25.61,0.0,False,False
DELHI_STORE_002,SKU_005_Tata_Tea_Gold_500g,2026-07-15,10,3200.0,320.0,22.35,0.0,False,False
DELHI_STORE_002,SKU_005_Tata_Tea_Gold_500g,2026-07-16,12,3840.0,320.0,22.72,0.0,False,False
DELHI_STORE_002,SKU_005_Tata_Tea_Gold_500g,2026-07-17,18,5760.0,320.0,24.21,0.0,False,False
DELHI_STORE_002,SKU_005_Tata_Tea_Gold_500g,2026-07-18,15,4800.0,320.0,27.64,0.0,False,False
DELHI_STORE_002,SKU_005_Tata_Tea_Gold_500g,2026-07-19,32,10240.0,320.0,26.74,0.0,False,False
DELHI_STORE_002,SKU_005_Tata_Tea_Gold_500g,2026-07-20,11,3520.0,320.0,23.12,0.0,False,False
DELHI_STORE_002,SKU_005_Tata_Tea_Gold_500g,2026-07-21,5,1600.0,320.0,25.8,0.0,False,False
DELHI_STORE_002,SKU_005_Tata_Tea_Gold_500g,2026-07-22,10,3200.0,320.0,21.09,0.0,False,False
DELHI_STORE_002,SKU_005_Tata_Tea_Gold_500g,2026-07-23,9,2880.0,320.0,19.88,0.0,False,False
DELHI_STORE_002,SKU_005_Tata_Tea_Gold_500g,2026-07-24,11,3520.0,320.0,24.55,0.0,False,False
DELHI_STORE_002,SKU_005_Tata_Tea_Gold_500g,2026-07-25,18,5760.0,320.0,26.46,0.0,False,False
DELHI_STORE_002,SKU_005_Tata_Tea_Gold_500g,2026-07-26,19,6080.0,320.0,27.64,0.0,False,False
DELHI_STORE_002,SKU_005_Tata_Tea_Gold_500g,2026-07-27,15,4800.0,320.0,22.51,0.0,False,False
DELHI_STORE_002,SKU_005_Tata_Tea_Gold_500g,2026-07-28,10,3200.0,320.0,23.92,0.0,False,False
DELHI_STORE_002,SKU_005_Tata_Tea_Gold_500g,2026-07-29,11,3520.0,320.0,21.56,0.0,False,False
DELHI_STORE_002,SKU_005_Tata_Tea_Gold_500g,2026-07-30,14,4480.0,320.0,21.9,0.0,False,False
DELHI_STORE_002,SKU_005_Tata_Tea_Gold_500g,2026-07-31,9,2880.0,320.0,23.89,0.0,False,False
DELHI_STORE_002,SKU_005_Tata_Tea_Gold_500g,2026-08-01,23,7360.0,320.0,25.61,0.0,False,False
DELHI_STORE_002,SKU_005_Tata_Tea_Gold_500g,2026-08-02,12,3840.0,320.0,25.15,0.0,False,False
DELHI_STORE_002,SKU_005_Tata_Tea_Gold_500g,2026-08-03,13,4160.0,320.0,22.06,0.0,False,False
DELHI_STORE_002,SKU_005_Tata_Tea_Gold_500g,2026-08-04,20,6400.0,320.0,26.96,0.0,False,False
DELHI_STORE_002,SKU_005_Tata_Tea_Gold_500g,2026-08-05,9,2880.0,320.0,17.92,0.0,False,False
DELHI_STORE_002,SKU_005_Tata_Tea_Gold_500g,2026-08-06,15,4800.0,320.0,19.97,0.0,False,False
DELHI_STORE_002,SKU_005_Tata_Tea_Gold_500g,2026-08-07,16,5120.0,320.0,24.75,0.0,False,False
DELHI_STORE_002,SKU_005_Tata_Tea_Gold_500g,2026-08-08,19,6080.0,320.0,22.03,0.0,False,False
DELHI_STORE_002,SKU_005_Tata_Tea_Gold_500g,2026-08-09,14,4480.0,320.0,27.67,0.0,False,False
DELHI_STORE_002,SKU_005_Tata_Tea_Gold_500g,2026-08-10,16,5120.0,320.0,24.63,0.0,False,False
DELHI_STORE_002,SKU_005_Tata_Tea_Gold_500g,2026-08-11,16,5120.0,320.0,27.84,0.0,False,False
DELHI_STORE_002,SKU_005_Tata_Tea_Gold_500g,2026-08-12,12,3840.0,320.0,17.86,0.0,False,False
DELHI_STORE_002,SKU_005_Tata_Tea_Gold_500g,2026-08-13,5,1600.0,320.0,21.23,0.0,False,False
DELHI_STORE_002,SKU_005_Tata_Tea_Gold_500g,2026-08-14,15,4800.0,320.0,24.95,0.0,False,False
DELHI_STORE_002,SKU_005_Tata_Tea_Gold_500g,2026-08-15,12,3840.0,320.0,25.5,0.0,False,False
DELHI_STORE_002,SKU_005_Tata_Tea_Gold_500g,2026-08-16,23,7360.0,320.0,22.38,0.0,False,False
DELHI_STORE_002,SKU_005_Tata_Tea_Gold_500g,2026-08-17,8,2560.0,320.0,26.78,0.0,False,False
DELHI_STORE_002,SKU_005_Tata_Tea_Gold_500g,2026-08-18,9,2880.0,320.0,25.48,0.0,False,False
DELHI_STORE_002,SKU_005_Tata_Tea_Gold_500g,2026-08-19,12,3840.0,320.0,22.61,0.0,False,False
DELHI_STORE_002,SKU_005_Tata_Tea_Gold_500g,2026-08-20,11,3520.0,320.0,19.91,0.0,False,False
DELHI_STORE_002,SKU_005_Tata_Tea_Gold_500g,2026-08-21,17,5440.0,320.0,24.06,0.0,False,False
DELHI_STORE_002,SKU_005_Tata_Tea_Gold_500g,2026-08-22,19,6080.0,320.0,25.41,0.0,False,False
DELHI_STORE_002,SKU_005_Tata_Tea_Gold_500g,2026-08-23,13,4160.0,320.0,24.36,0.0,False,False
DELHI_STORE_002,SKU_005_Tata_Tea_Gold_500g,2026-08-24,14,4480.0,320.0,24.49,0.0,False,False
DELHI_STORE_002,SKU_005_Tata_Tea_Gold_500g,2026-08-25,15,4800.0,320.0,25.69,0.0,False,False
DELHI_STORE_002,SKU_005_Tata_Tea_Gold_500g,2026-08-26,16,5120.0,320.0,20.15,0.0,False,False
DELHI_STORE_002,SKU_005_Tata_Tea_Gold_500g,2026-08-27,9,2880.0,320.0,22.75,0.0,False,False
DELHI_STORE_002,SKU_005_Tata_Tea_Gold_500g,2026-08-28,13,4160.0,320.0,27.31,0.0,False,False
DELHI_STORE_002,SKU_005_Tata_Tea_Gold_500g,2026-08-29,23,7360.0,320.0,27.63,0.0,False,False
DELHI_STORE_002,SKU_006_Tata_Salt_1kg,2026-05-31,54,1512.0,28.0,26.45,0.0,False,False
DELHI_STORE_002,SKU_006_Tata_Salt_1kg,2026-06-01,39,1092.0,28.0,24.12,0.0,False,False
DELHI_STORE_002,SKU_006_Tata_Salt_1kg,2026-06-02,37,1036.0,28.0,26.14,0.0,False,False
DELHI_STORE_002,SKU_006_Tata_Salt_1kg,2026-06-03,35,980.0,28.0,17.43,0.0,False,False
DELHI_STORE_002,SKU_006_Tata_Salt_1kg,2026-06-04,37,1036.0,28.0,17.66,0.0,False,False
DELHI_STORE_002,SKU_006_Tata_Salt_1kg,2026-06-05,30,840.0,28.0,22.07,0.0,False,False
DELHI_STORE_002,SKU_006_Tata_Salt_1kg,2026-06-06,38,1064.0,28.0,25.02,0.0,False,False
DELHI_STORE_002,SKU_006_Tata_Salt_1kg,2026-06-07,33,924.0,28.0,27.07,0.0,False,False
DELHI_STORE_002,SKU_006_Tata_Salt_1kg,2026-06-08,33,924.0,28.0,27.36,0.0,False,False
DELHI_STORE_002,SKU_006_Tata_Salt_1kg,2026-06-09,25,700.0,28.0,26.56,0.0,False,False
DELHI_STORE_002,SKU_006_Tata_Salt_1kg,2026-06-10,39,1092.0,28.0,22.43,0.0,False,False
DELHI_STORE_002,SKU_006_Tata_Salt_1kg,2026-06-11,35,980.0,28.0,22.6,0.0,False,False
DELHI_STORE_002,SKU_006_Tata_Salt_1kg,2026-06-12,34,952.0,28.0,23.81,0.0,False,False
DELHI_STORE_002,SKU_006_Tata_Salt_1kg,2026-06-13,46,1288.0,28.0,22.74,0.0,False,False
DELHI_STORE_002,SKU_006_Tata_Salt_1kg,2026-06-14,57,1596.0,28.0,26.7,0.0,False,False
DELHI_STORE_002,SKU_006_Tata_Salt_1kg,2026-06-15,33,924.0,28.0,27.04,0.0,False,False
DELHI_STORE_002,SKU_006_Tata_Salt_1kg,2026-06-16,28,784.0,28.0,26.23,0.0,False,False
DELHI_STORE_002,SKU_006_Tata_Salt_1kg,2026-06-17,34,952.0,28.0,21.87,0.0,False,False
DELHI_STORE_002,SKU_006_Tata_Salt_1kg,2026-06-18,27,756.0,28.0,19.37,0.0,False,False
DELHI_STORE_002,SKU_006_Tata_Salt_1kg,2026-06-19,32,896.0,28.0,25.35,0.0,False,False
DELHI_STORE_002,SKU_006_Tata_Salt_1kg,2026-06-20,62,1736.0,28.0,27.9,0.0,False,False
DELHI_STORE_002,SKU_006_Tata_Salt_1kg,2026-06-21,49,1372.0,28.0,23.97,0.0,False,False
DELHI_STORE_002,SKU_006_Tata_Salt_1kg,2026-06-22,39,1092.0,28.0,25.23,0.0,False,False
DELHI_STORE_002,SKU_006_Tata_Salt_1kg,2026-06-23,30,840.0,28.0,23.26,0.0,False,False
DELHI_STORE_002,SKU_006_Tata_Salt_1kg,2026-06-24,40,1120.0,28.0,19.09,0.0,False,False
DELHI_STORE_002,SKU_006_Tata_Salt_1kg,2026-06-25,28,784.0,28.0,21.12,0.0,False,False
DELHI_STORE_002,SKU_006_Tata_Salt_1kg,2026-06-26,41,1148.0,28.0,26.97,0.0,False,False
DELHI_STORE_002,SKU_006_Tata_Salt_1kg,2026-06-27,43,1204.0,28.0,24.2,0.0,False,False
DELHI_STORE_002,SKU_006_Tata_Salt_1kg,2026-06-28,37,1036.0,28.0,26.81,0.0,False,False
DELHI_STORE_002,SKU_006_Tata_Salt_1kg,2026-06-29,38,1064.0,28.0,27.42,0.0,False,False
DELHI_STORE_002,SKU_006_Tata_Salt_1kg,2026-06-30,41,1148.0,28.0,24.62,0.0,False,False
DELHI_STORE_002,SKU_006_Tata_Salt_1kg,2026-07-01,30,840.0,28.0,18.17,0.0,False,False
DELHI_STORE_002,SKU_006_Tata_Salt_1kg,2026-07-02,26,728.0,28.0,19.08,0.0,False,False
DELHI_STORE_002,SKU_006_Tata_Salt_1kg,2026-07-03,42,1176.0,28.0,23.55,0.0,False,False
DELHI_STORE_002,SKU_006_Tata_Salt_1kg,2026-07-04,51,1428.0,28.0,22.33,0.0,False,False
DELHI_STORE_002,SKU_006_Tata_Salt_1kg,2026-07-05,44,1232.0,28.0,24.48,0.0,False,False
DELHI_STORE_002,SKU_006_Tata_Salt_1kg,2026-07-06,40,1120.0,28.0,26.08,0.0,False,False
DELHI_STORE_002,SKU_006_Tata_Salt_1kg,2026-07-07,38,1064.0,28.0,23.25,0.0,False,False
DELHI_STORE_002,SKU_006_Tata_Salt_1kg,2026-07-08,36,1008.0,28.0,19.89,0.0,False,False
DELHI_STORE_002,SKU_006_Tata_Salt_1kg,2026-07-09,31,868.0,28.0,18.81,0.0,False,False
DELHI_STORE_002,SKU_006_Tata_Salt_1kg,2026-07-10,29,812.0,28.0,22.58,0.0,False,False
DELHI_STORE_002,SKU_006_Tata_Salt_1kg,2026-07-11,58,1624.0,28.0,24.61,0.0,False,False
DELHI_STORE_002,SKU_006_Tata_Salt_1kg,2026-07-12,51,1428.0,28.0,26.1,0.0,False,False
DELHI_STORE_002,SKU_006_Tata_Salt_1kg,2026-07-13,42,1176.0,28.0,23.54,0.0,False,False
DELHI_STORE_002,SKU_006_Tata_Salt_1kg,2026-07-14,31,868.0,28.0,27.87,0.0,False,False
DELHI_STORE_002,SKU_006_Tata_Salt_1kg,2026-07-15,44,1232.0,28.0,17.0,0.0,False,False
DELHI_STORE_002,SKU_006_Tata_Salt_1kg,2026-07-16,43,1204.0,28.0,22.47,0.0,False,False
DELHI_STORE_002,SKU_006_Tata_Salt_1kg,2026-07-17,36,1008.0,28.0,27.05,0.0,False,False
DELHI_STORE_002,SKU_006_Tata_Salt_1kg,2026-07-18,53,1484.0,28.0,24.78,0.0,False,False
DELHI_STORE_002,SKU_006_Tata_Salt_1kg,2026-07-19,61,1708.0,28.0,25.51,0.0,False,False
DELHI_STORE_002,SKU_006_Tata_Salt_1kg,2026-07-20,42,1176.0,28.0,27.32,0.0,False,False
DELHI_STORE_002,SKU_006_Tata_Salt_1kg,2026-07-21,43,1204.0,28.0,22.04,0.0,False,False
DELHI_STORE_002,SKU_006_Tata_Salt_1kg,2026-07-22,38,1064.0,28.0,20.77,0.0,False,False
DELHI_STORE_002,SKU_006_Tata_Salt_1kg,2026-07-23,37,1036.0,28.0,22.95,0.0,False,False
DELHI_STORE_002,SKU_006_Tata_Salt_1kg,2026-07-24,28,784.0,28.0,23.89,0.0,False,False
DELHI_STORE_002,SKU_006_Tata_Salt_1kg,2026-07-25,53,1484.0,28.0,27.84,0.0,False,False
DELHI_STORE_002,SKU_006_Tata_Salt_1kg,2026-07-26,38,1064.0,28.0,23.27,0.0,False,False
DELHI_STORE_002,SKU_006_Tata_Salt_1kg,2026-07-27,38,1064.0,28.0,24.66,0.0,False,False
DELHI_STORE_002,SKU_006_Tata_Salt_1kg,2026-07-28,37,1036.0,28.0,23.89,0.0,False,False
DELHI_STORE_002,SKU_006_Tata_Salt_1kg,2026-07-29,47,1316.0,28.0,18.26,0.0,False,False
DELHI_STORE_002,SKU_006_Tata_Salt_1kg,2026-07-30,47,1316.0,28.0,22.25,0.0,False,False
DELHI_STORE_002,SKU_006_Tata_Salt_1kg,2026-07-31,36,1008.0,28.0,27.95,0.0,False,False
DELHI_STORE_002,SKU_006_Tata_Salt_1kg,2026-08-01,49,1372.0,28.0,24.97,0.0,False,False
DELHI_STORE_002,SKU_006_Tata_Salt_1kg,2026-08-02,41,1148.0,28.0,26.59,0.0,False,False
DELHI_STORE_002,SKU_006_Tata_Salt_1kg,2026-08-03,34,952.0,28.0,24.82,0.0,False,False
DELHI_STORE_002,SKU_006_Tata_Salt_1kg,2026-08-04,29,812.0,28.0,24.12,0.0,False,False
DELHI_STORE_002,SKU_006_Tata_Salt_1kg,2026-08-05,41,1148.0,28.0,22.63,0.0,False,False
DELHI_STORE_002,SKU_006_Tata_Salt_1kg,2026-08-06,38,1064.0,28.0,21.57,0.0,False,False
DELHI_STORE_002,SKU_006_Tata_Salt_1kg,2026-08-07,40,1120.0,28.0,23.76,0.0,False,False
DELHI_STORE_002,SKU_006_Tata_Salt_1kg,2026-08-08,45,1260.0,28.0,23.19,0.0,False,False
DELHI_STORE_002,SKU_006_Tata_Salt_1kg,2026-08-09,56,1568.0,28.0,23.42,0.0,False,False
DELHI_STORE_002,SKU_006_Tata_Salt_1kg,2026-08-10,27,756.0,28.0,22.78,0.0,False,False
DELHI_STORE_002,SKU_006_Tata_Salt_1kg,2026-08-11,33,924.0,28.0,23.43,0.0,False,False
DELHI_STORE_002,SKU_006_Tata_Salt_1kg,2026-08-12,29,812.0,28.0,19.17,0.0,False,False
DELHI_STORE_002,SKU_006_Tata_Salt_1kg,2026-08-13,32,896.0,28.0,20.52,0.0,False,False
DELHI_STORE_002,SKU_006_Tata_Salt_1kg,2026-08-14,32,896.0,28.0,23.77,0.0,False,False
DELHI_STORE_002,SKU_006_Tata_Salt_1kg,2026-08-15,45,1260.0,28.0,26.48,0.0,False,False
DELHI_STORE_002,SKU_006_Tata_Salt_1kg,2026-08-16,59,1652.0,28.0,23.8,0.0,False,False
DELHI_STORE_002,SKU_006_Tata_Salt_1kg,2026-08-17,39,1092.0,28.0,27.32,0.0,False,False
DELHI_STORE_002,SKU_006_Tata_Salt_1kg,2026-08-18,40,1120.0,28.0,26.49,0.0,False,False
DELHI_STORE_002,SKU_006_Tata_Salt_1kg,2026-08-19,32,896.0,28.0,17.61,0.0,False,False
DELHI_STORE_002,SKU_006_Tata_Salt_1kg,2026-08-20,31,868.0,28.0,20.81,0.0,False,False
DELHI_STORE_002,SKU_006_Tata_Salt_1kg,2026-08-21,22,616.0,28.0,22.86,0.0,False,False
DELHI_STORE_002,SKU_006_Tata_Salt_1kg,2026-08-22,43,1204.0,28.0,27.95,0.0,False,False
DELHI_STORE_002,SKU_006_Tata_Salt_1kg,2026-08-23,58,1624.0,28.0,27.14,0.0,False,False
DELHI_STORE_002,SKU_006_Tata_Salt_1kg,2026-08-24,24,672.0,28.0,25.24,0.0,False,False
DELHI_STORE_002,SKU_006_Tata_Salt_1kg,2026-08-25,43,1204.0,28.0,22.17,0.0,False,False
DELHI_STORE_002,SKU_006_Tata_Salt_1kg,2026-08-26,32,896.0,28.0,20.75,0.0,False,False
DELHI_STORE_002,SKU_006_Tata_Salt_1kg,2026-08-27,28,784.0,28.0,21.75,0.0,False,False
DELHI_STORE_002,SKU_006_Tata_Salt_1kg,2026-08-28,47,1316.0,28.0,24.46,0.0,False,False
DELHI_STORE_002,SKU_006_Tata_Salt_1kg,2026-08-29,49,1372.0,28.0,24.42,0.0,False,False
DELHI_STORE_002,SKU_007_Toor_Dal_Premium_1kg,2026-05-31,21,3465.0,165.0,32.68,0.0,False,False
DELHI_STORE_002,SKU_007_Toor_Dal_Premium_1kg,2026-06-01,13,2145.0,165.0,28.57,0.0,False,False
DELHI_STORE_002,SKU_007_Toor_Dal_Premium_1kg,2026-06-02,16,2640.0,165.0,27.94,0.0,False,False
DELHI_STORE_002,SKU_007_Toor_Dal_Premium_1kg,2026-06-03,17,2805.0,165.0,23.62,0.0,False,False
DELHI_STORE_002,SKU_007_Toor_Dal_Premium_1kg,2026-06-04,13,2145.0,165.0,22.22,0.0,False,False
DELHI_STORE_002,SKU_007_Toor_Dal_Premium_1kg,2026-06-05,11,1815.0,165.0,32.72,0.0,False,False
DELHI_STORE_002,SKU_007_Toor_Dal_Premium_1kg,2026-06-06,27,4455.0,165.0,27.51,0.0,False,False
DELHI_STORE_002,SKU_007_Toor_Dal_Premium_1kg,2026-06-07,28,4620.0,165.0,32.62,0.0,False,False
DELHI_STORE_002,SKU_007_Toor_Dal_Premium_1kg,2026-06-08,18,2970.0,165.0,30.1,0.0,False,False
DELHI_STORE_002,SKU_007_Toor_Dal_Premium_1kg,2026-06-09,18,2970.0,165.0,32.64,0.0,False,False
DELHI_STORE_002,SKU_007_Toor_Dal_Premium_1kg,2026-06-10,13,2145.0,165.0,26.22,0.0,False,False
DELHI_STORE_002,SKU_007_Toor_Dal_Premium_1kg,2026-06-11,14,2310.0,165.0,27.89,0.0,False,False
DELHI_STORE_002,SKU_007_Toor_Dal_Premium_1kg,2026-06-12,20,3300.0,165.0,28.33,0.0,False,False
DELHI_STORE_002,SKU_007_Toor_Dal_Premium_1kg,2026-06-13,19,3135.0,165.0,29.04,0.0,False,False
DELHI_STORE_002,SKU_007_Toor_Dal_Premium_1kg,2026-06-14,19,3135.0,165.0,32.63,0.0,False,False
DELHI_STORE_002,SKU_007_Toor_Dal_Premium_1kg,2026-06-15,14,2310.0,165.0,32.16,0.0,False,False
DELHI_STORE_002,SKU_007_Toor_Dal_Premium_1kg,2026-06-16,20,3300.0,165.0,30.25,0.0,False,False
DELHI_STORE_002,SKU_007_Toor_Dal_Premium_1kg,2026-06-17,15,2475.0,165.0,27.72,0.0,False,False
DELHI_STORE_002,SKU_007_Toor_Dal_Premium_1kg,2026-06-18,14,2310.0,165.0,23.61,0.0,False,False
DELHI_STORE_002,SKU_007_Toor_Dal_Premium_1kg,2026-06-19,14,2310.0,165.0,27.99,0.0,False,False
DELHI_STORE_002,SKU_007_Toor_Dal_Premium_1kg,2026-06-20,21,3465.0,165.0,30.53,0.0,False,False
DELHI_STORE_002,SKU_007_Toor_Dal_Premium_1kg,2026-06-21,20,3300.0,165.0,28.43,0.0,False,False
DELHI_STORE_002,SKU_007_Toor_Dal_Premium_1kg,2026-06-22,16,2640.0,165.0,30.1,0.0,False,False
DELHI_STORE_002,SKU_007_Toor_Dal_Premium_1kg,2026-06-23,16,2640.0,165.0,29.32,0.0,False,False
DELHI_STORE_002,SKU_007_Toor_Dal_Premium_1kg,2026-06-24,19,3135.0,165.0,27.45,0.0,False,False
DELHI_STORE_002,SKU_007_Toor_Dal_Premium_1kg,2026-06-25,13,2145.0,165.0,27.01,0.0,False,False
DELHI_STORE_002,SKU_007_Toor_Dal_Premium_1kg,2026-06-26,16,2640.0,165.0,28.51,0.0,False,False
DELHI_STORE_002,SKU_007_Toor_Dal_Premium_1kg,2026-06-27,14,2310.0,165.0,30.46,0.0,False,False
DELHI_STORE_002,SKU_007_Toor_Dal_Premium_1kg,2026-06-28,25,4125.0,165.0,27.03,0.0,False,False
DELHI_STORE_002,SKU_007_Toor_Dal_Premium_1kg,2026-06-29,16,2640.0,165.0,29.63,0.0,False,False
DELHI_STORE_002,SKU_007_Toor_Dal_Premium_1kg,2026-06-30,19,3135.0,165.0,28.17,0.0,False,False
DELHI_STORE_002,SKU_007_Toor_Dal_Premium_1kg,2026-07-01,10,1650.0,165.0,27.25,0.0,False,False
DELHI_STORE_002,SKU_007_Toor_Dal_Premium_1kg,2026-07-02,11,1815.0,165.0,26.24,0.0,False,False
DELHI_STORE_002,SKU_007_Toor_Dal_Premium_1kg,2026-07-03,20,3300.0,165.0,29.26,0.0,False,False
DELHI_STORE_002,SKU_007_Toor_Dal_Premium_1kg,2026-07-04,23,3795.0,165.0,31.54,0.0,False,False
DELHI_STORE_002,SKU_007_Toor_Dal_Premium_1kg,2026-07-05,19,3135.0,165.0,30.78,0.0,False,False
DELHI_STORE_002,SKU_007_Toor_Dal_Premium_1kg,2026-07-06,20,3300.0,165.0,27.57,0.0,False,False
DELHI_STORE_002,SKU_007_Toor_Dal_Premium_1kg,2026-07-07,23,3795.0,165.0,32.36,0.0,False,False
DELHI_STORE_002,SKU_007_Toor_Dal_Premium_1kg,2026-07-08,9,1485.0,165.0,26.11,0.0,False,False
DELHI_STORE_002,SKU_007_Toor_Dal_Premium_1kg,2026-07-09,10,1650.0,165.0,24.76,0.0,False,False
DELHI_STORE_002,SKU_007_Toor_Dal_Premium_1kg,2026-07-10,19,3135.0,165.0,28.1,0.0,False,False
DELHI_STORE_002,SKU_007_Toor_Dal_Premium_1kg,2026-07-11,20,3300.0,165.0,30.86,0.0,False,False
DELHI_STORE_002,SKU_007_Toor_Dal_Premium_1kg,2026-07-12,10,1650.0,165.0,27.28,0.0,False,False
DELHI_STORE_002,SKU_007_Toor_Dal_Premium_1kg,2026-07-13,12,1980.0,165.0,31.11,0.0,False,False
DELHI_STORE_002,SKU_007_Toor_Dal_Premium_1kg,2026-07-14,21,3465.0,165.0,27.25,0.0,False,False
DELHI_STORE_002,SKU_007_Toor_Dal_Premium_1kg,2026-07-15,14,2310.0,165.0,25.54,0.0,False,False
DELHI_STORE_002,SKU_007_Toor_Dal_Premium_1kg,2026-07-16,11,1815.0,165.0,26.11,0.0,False,False
DELHI_STORE_002,SKU_007_Toor_Dal_Premium_1kg,2026-07-17,13,2145.0,165.0,31.98,0.0,False,False
DELHI_STORE_002,SKU_007_Toor_Dal_Premium_1kg,2026-07-18,14,2310.0,165.0,27.04,0.0,False,False
DELHI_STORE_002,SKU_007_Toor_Dal_Premium_1kg,2026-07-19,32,5280.0,165.0,29.46,0.0,False,False
DELHI_STORE_002,SKU_007_Toor_Dal_Premium_1kg,2026-07-20,12,1980.0,165.0,27.39,0.0,False,False
DELHI_STORE_002,SKU_007_Toor_Dal_Premium_1kg,2026-07-21,17,2805.0,165.0,28.47,0.0,False,False
DELHI_STORE_002,SKU_007_Toor_Dal_Premium_1kg,2026-07-22,20,3300.0,165.0,26.72,0.0,False,False
DELHI_STORE_002,SKU_007_Toor_Dal_Premium_1kg,2026-07-23,16,2640.0,165.0,24.3,0.0,False,False
DELHI_STORE_002,SKU_007_Toor_Dal_Premium_1kg,2026-07-24,16,2640.0,165.0,31.53,0.0,False,False
DELHI_STORE_002,SKU_007_Toor_Dal_Premium_1kg,2026-07-25,24,3960.0,165.0,28.01,0.0,False,False
DELHI_STORE_002,SKU_007_Toor_Dal_Premium_1kg,2026-07-26,25,4125.0,165.0,29.01,0.0,False,False
DELHI_STORE_002,SKU_007_Toor_Dal_Premium_1kg,2026-07-27,9,1485.0,165.0,29.74,0.0,False,False
DELHI_STORE_002,SKU_007_Toor_Dal_Premium_1kg,2026-07-28,11,1815.0,165.0,31.88,0.0,False,False
DELHI_STORE_002,SKU_007_Toor_Dal_Premium_1kg,2026-07-29,13,2145.0,165.0,26.47,0.0,False,False
DELHI_STORE_002,SKU_007_Toor_Dal_Premium_1kg,2026-07-30,16,2640.0,165.0,26.1,0.0,False,False
DELHI_STORE_002,SKU_007_Toor_Dal_Premium_1kg,2026-07-31,16,2640.0,165.0,27.29,0.0,False,False
DELHI_STORE_002,SKU_007_Toor_Dal_Premium_1kg,2026-08-01,33,5445.0,165.0,30.5,0.0,False,False
DELHI_STORE_002,SKU_007_Toor_Dal_Premium_1kg,2026-08-02,24,3960.0,165.0,30.78,0.0,False,False
DELHI_STORE_002,SKU_007_Toor_Dal_Premium_1kg,2026-08-03,10,1650.0,165.0,32.38,0.0,False,False
DELHI_STORE_002,SKU_007_Toor_Dal_Premium_1kg,2026-08-04,12,1980.0,165.0,29.79,0.0,False,False
DELHI_STORE_002,SKU_007_Toor_Dal_Premium_1kg,2026-08-05,7,1155.0,165.0,22.66,0.0,False,False
DELHI_STORE_002,SKU_007_Toor_Dal_Premium_1kg,2026-08-06,25,4125.0,165.0,27.41,0.0,False,False
DELHI_STORE_002,SKU_007_Toor_Dal_Premium_1kg,2026-08-07,20,3300.0,165.0,28.42,0.0,False,False
DELHI_STORE_002,SKU_007_Toor_Dal_Premium_1kg,2026-08-08,36,5940.0,165.0,29.95,0.0,False,False
DELHI_STORE_002,SKU_007_Toor_Dal_Premium_1kg,2026-08-09,28,4620.0,165.0,27.94,0.0,False,False
DELHI_STORE_002,SKU_007_Toor_Dal_Premium_1kg,2026-08-10,14,2310.0,165.0,28.06,0.0,False,False
DELHI_STORE_002,SKU_007_Toor_Dal_Premium_1kg,2026-08-11,11,1815.0,165.0,29.7,0.0,False,False
DELHI_STORE_002,SKU_007_Toor_Dal_Premium_1kg,2026-08-12,16,2640.0,165.0,26.4,0.0,False,False
DELHI_STORE_002,SKU_007_Toor_Dal_Premium_1kg,2026-08-13,14,2310.0,165.0,25.95,0.0,False,False
DELHI_STORE_002,SKU_007_Toor_Dal_Premium_1kg,2026-08-14,22,3630.0,165.0,31.71,0.0,False,False
DELHI_STORE_002,SKU_007_Toor_Dal_Premium_1kg,2026-08-15,25,4125.0,165.0,28.76,0.0,False,False
DELHI_STORE_002,SKU_007_Toor_Dal_Premium_1kg,2026-08-16,14,2310.0,165.0,32.3,0.0,False,False
DELHI_STORE_002,SKU_007_Toor_Dal_Premium_1kg,2026-08-17,16,2640.0,165.0,29.25,0.0,False,False
DELHI_STORE_002,SKU_007_Toor_Dal_Premium_1kg,2026-08-18,18,2970.0,165.0,27.69,0.0,False,False
DELHI_STORE_002,SKU_007_Toor_Dal_Premium_1kg,2026-08-19,26,4290.0,165.0,27.3,0.0,False,False
DELHI_STORE_002,SKU_007_Toor_Dal_Premium_1kg,2026-08-20,13,2145.0,165.0,24.55,0.0,False,False
DELHI_STORE_002,SKU_007_Toor_Dal_Premium_1kg,2026-08-21,8,1320.0,165.0,27.9,0.0,False,False
DELHI_STORE_002,SKU_007_Toor_Dal_Premium_1kg,2026-08-22,25,4125.0,165.0,28.39,0.0,False,False
DELHI_STORE_002,SKU_007_Toor_Dal_Premium_1kg,2026-08-23,25,4125.0,165.0,31.38,0.0,False,False
DELHI_STORE_002,SKU_007_Toor_Dal_Premium_1kg,2026-08-24,12,1980.0,165.0,27.55,0.0,False,False
DELHI_STORE_002,SKU_007_Toor_Dal_Premium_1kg,2026-08-25,13,2145.0,165.0,29.41,0.0,False,False
DELHI_STORE_002,SKU_007_Toor_Dal_Premium_1kg,2026-08-26,17,2805.0,165.0,23.42,0.0,False,False
DELHI_STORE_002,SKU_007_Toor_Dal_Premium_1kg,2026-08-27,12,1980.0,165.0,22.17,0.0,False,False
DELHI_STORE_002,SKU_007_Toor_Dal_Premium_1kg,2026-08-28,17,2805.0,165.0,29.67,0.0,False,False
DELHI_STORE_002,SKU_007_Toor_Dal_Premium_1kg,2026-08-29,29,4785.0,165.0,32.57,0.0,False,False
DELHI_STORE_002,SKU_008_Maggi_Noodles_12Pack,2026-05-31,33,5544.0,168.0,27.23,0.0,False,False
DELHI_STORE_002,SKU_008_Maggi_Noodles_12Pack,2026-06-01,18,3024.0,168.0,28.57,0.0,False,False
DELHI_STORE_002,SKU_008_Maggi_Noodles_12Pack,2026-06-02,12,2016.0,168.0,31.53,0.0,False,False
DELHI_STORE_002,SKU_008_Maggi_Noodles_12Pack,2026-06-03,19,3192.0,168.0,25.5,0.0,False,False
DELHI_STORE_002,SKU_008_Maggi_Noodles_12Pack,2026-06-04,31,5208.0,168.0,23.73,0.0,False,False
DELHI_STORE_002,SKU_008_Maggi_Noodles_12Pack,2026-06-05,25,4200.0,168.0,32.93,0.0,False,False
DELHI_STORE_002,SKU_008_Maggi_Noodles_12Pack,2026-06-06,31,5208.0,168.0,32.69,0.0,False,False
DELHI_STORE_002,SKU_008_Maggi_Noodles_12Pack,2026-06-07,40,6720.0,168.0,30.12,0.0,False,False
DELHI_STORE_002,SKU_008_Maggi_Noodles_12Pack,2026-06-08,33,5544.0,168.0,27.74,0.0,False,False
DELHI_STORE_002,SKU_008_Maggi_Noodles_12Pack,2026-06-09,27,4536.0,168.0,30.62,0.0,False,False
DELHI_STORE_002,SKU_008_Maggi_Noodles_12Pack,2026-06-10,32,5376.0,168.0,27.73,0.0,False,False
DELHI_STORE_002,SKU_008_Maggi_Noodles_12Pack,2026-06-11,26,4368.0,168.0,25.88,0.0,False,False
DELHI_STORE_002,SKU_008_Maggi_Noodles_12Pack,2026-06-12,22,3696.0,168.0,30.83,0.0,False,False
DELHI_STORE_002,SKU_008_Maggi_Noodles_12Pack,2026-06-13,31,5208.0,168.0,29.53,0.0,False,False
DELHI_STORE_002,SKU_008_Maggi_Noodles_12Pack,2026-06-14,42,7056.0,168.0,29.03,0.0,False,False
DELHI_STORE_002,SKU_008_Maggi_Noodles_12Pack,2026-06-15,24,4032.0,168.0,30.67,0.0,False,False
DELHI_STORE_002,SKU_008_Maggi_Noodles_12Pack,2026-06-16,22,3696.0,168.0,30.84,0.0,False,False
DELHI_STORE_002,SKU_008_Maggi_Noodles_12Pack,2026-06-17,25,4200.0,168.0,22.3,0.0,False,False
DELHI_STORE_002,SKU_008_Maggi_Noodles_12Pack,2026-06-18,36,6048.0,168.0,26.02,0.0,False,False
DELHI_STORE_002,SKU_008_Maggi_Noodles_12Pack,2026-06-19,23,3864.0,168.0,32.62,0.0,False,False
DELHI_STORE_002,SKU_008_Maggi_Noodles_12Pack,2026-06-20,27,4536.0,168.0,29.41,0.0,False,False
DELHI_STORE_002,SKU_008_Maggi_Noodles_12Pack,2026-06-21,43,7224.0,168.0,31.98,0.0,False,False
DELHI_STORE_002,SKU_008_Maggi_Noodles_12Pack,2026-06-22,25,4200.0,168.0,30.29,0.0,False,False
DELHI_STORE_002,SKU_008_Maggi_Noodles_12Pack,2026-06-23,31,5208.0,168.0,32.12,0.0,False,False
DELHI_STORE_002,SKU_008_Maggi_Noodles_12Pack,2026-06-24,32,5376.0,168.0,26.96,0.0,False,False
DELHI_STORE_002,SKU_008_Maggi_Noodles_12Pack,2026-06-25,24,4032.0,168.0,27.72,0.0,False,False
DELHI_STORE_002,SKU_008_Maggi_Noodles_12Pack,2026-06-26,29,4872.0,168.0,27.56,0.0,False,False
DELHI_STORE_002,SKU_008_Maggi_Noodles_12Pack,2026-06-27,41,6888.0,168.0,28.41,0.0,False,False
DELHI_STORE_002,SKU_008_Maggi_Noodles_12Pack,2026-06-28,41,6888.0,168.0,28.02,0.0,False,False
DELHI_STORE_002,SKU_008_Maggi_Noodles_12Pack,2026-06-29,20,3360.0,168.0,30.44,0.0,False,False
DELHI_STORE_002,SKU_008_Maggi_Noodles_12Pack,2026-06-30,26,4368.0,168.0,29.55,0.0,False,False
DELHI_STORE_002,SKU_008_Maggi_Noodles_12Pack,2026-07-01,21,3528.0,168.0,22.75,0.0,False,False
DELHI_STORE_002,SKU_008_Maggi_Noodles_12Pack,2026-07-02,28,4704.0,168.0,24.19,0.0,False,False
DELHI_STORE_002,SKU_008_Maggi_Noodles_12Pack,2026-07-03,20,3360.0,168.0,27.61,0.0,False,False
DELHI_STORE_002,SKU_008_Maggi_Noodles_12Pack,2026-07-04,42,7056.0,168.0,32.22,0.0,False,False
DELHI_STORE_002,SKU_008_Maggi_Noodles_12Pack,2026-07-05,36,6048.0,168.0,31.6,0.0,False,False
DELHI_STORE_002,SKU_008_Maggi_Noodles_12Pack,2026-07-06,23,3864.0,168.0,32.42,0.0,False,False
DELHI_STORE_002,SKU_008_Maggi_Noodles_12Pack,2026-07-07,22,3696.0,168.0,31.89,0.0,False,False
DELHI_STORE_002,SKU_008_Maggi_Noodles_12Pack,2026-07-08,26,4368.0,168.0,27.95,0.0,False,False
DELHI_STORE_002,SKU_008_Maggi_Noodles_12Pack,2026-07-09,21,3528.0,168.0,24.41,0.0,False,False
DELHI_STORE_002,SKU_008_Maggi_Noodles_12Pack,2026-07-10,34,5712.0,168.0,29.69,0.0,False,False
DELHI_STORE_002,SKU_008_Maggi_Noodles_12Pack,2026-07-11,46,7728.0,168.0,32.06,0.0,False,False
DELHI_STORE_002,SKU_008_Maggi_Noodles_12Pack,2026-07-12,42,7056.0,168.0,28.26,0.0,False,False
DELHI_STORE_002,SKU_008_Maggi_Noodles_12Pack,2026-07-13,20,3360.0,168.0,29.92,0.0,False,False
DELHI_STORE_002,SKU_008_Maggi_Noodles_12Pack,2026-07-14,31,5208.0,168.0,31.28,0.0,False,False
DELHI_STORE_002,SKU_008_Maggi_Noodles_12Pack,2026-07-15,22,3696.0,168.0,23.17,0.0,False,False
DELHI_STORE_002,SKU_008_Maggi_Noodles_12Pack,2026-07-16,26,4368.0,168.0,26.19,0.0,False,False
DELHI_STORE_002,SKU_008_Maggi_Noodles_12Pack,2026-07-17,21,3528.0,168.0,31.07,0.0,False,False
DELHI_STORE_002,SKU_008_Maggi_Noodles_12Pack,2026-07-18,24,4032.0,168.0,30.42,0.0,False,False
DELHI_STORE_002,SKU_008_Maggi_Noodles_12Pack,2026-07-19,27,4536.0,168.0,30.92,0.0,False,False
DELHI_STORE_002,SKU_008_Maggi_Noodles_12Pack,2026-07-20,20,3360.0,168.0,32.23,0.0,False,False
DELHI_STORE_002,SKU_008_Maggi_Noodles_12Pack,2026-07-21,26,4368.0,168.0,30.55,0.0,False,False
DELHI_STORE_002,SKU_008_Maggi_Noodles_12Pack,2026-07-22,31,5208.0,168.0,24.53,0.0,False,False
DELHI_STORE_002,SKU_008_Maggi_Noodles_12Pack,2026-07-23,27,4536.0,168.0,25.24,0.0,False,False
DELHI_STORE_002,SKU_008_Maggi_Noodles_12Pack,2026-07-24,19,3192.0,168.0,30.56,0.0,False,False
DELHI_STORE_002,SKU_008_Maggi_Noodles_12Pack,2026-07-25,34,5712.0,168.0,32.63,0.0,False,False
DELHI_STORE_002,SKU_008_Maggi_Noodles_12Pack,2026-07-26,31,5208.0,168.0,30.96,0.0,False,False
DELHI_STORE_002,SKU_008_Maggi_Noodles_12Pack,2026-07-27,29,4872.0,168.0,28.17,0.0,False,False
DELHI_STORE_002,SKU_008_Maggi_Noodles_12Pack,2026-07-28,24,4032.0,168.0,32.28,0.0,False,False
DELHI_STORE_002,SKU_008_Maggi_Noodles_12Pack,2026-07-29,21,3528.0,168.0,25.72,0.0,False,False
DELHI_STORE_002,SKU_008_Maggi_Noodles_12Pack,2026-07-30,23,3864.0,168.0,23.95,0.0,False,False
DELHI_STORE_002,SKU_008_Maggi_Noodles_12Pack,2026-07-31,21,3528.0,168.0,29.22,0.0,False,False
DELHI_STORE_002,SKU_008_Maggi_Noodles_12Pack,2026-08-01,27,4536.0,168.0,28.36,0.0,False,False
DELHI_STORE_002,SKU_008_Maggi_Noodles_12Pack,2026-08-02,44,7392.0,168.0,32.57,0.0,False,False
DELHI_STORE_002,SKU_008_Maggi_Noodles_12Pack,2026-08-03,16,2688.0,168.0,29.72,0.0,False,False
DELHI_STORE_002,SKU_008_Maggi_Noodles_12Pack,2026-08-04,23,3864.0,168.0,30.46,0.0,False,False
DELHI_STORE_002,SKU_008_Maggi_Noodles_12Pack,2026-08-05,29,4872.0,168.0,27.97,0.0,False,False
DELHI_STORE_002,SKU_008_Maggi_Noodles_12Pack,2026-08-06,22,3696.0,168.0,26.28,0.0,False,False
DELHI_STORE_002,SKU_008_Maggi_Noodles_12Pack,2026-08-07,33,5544.0,168.0,27.31,0.0,False,False
DELHI_STORE_002,SKU_008_Maggi_Noodles_12Pack,2026-08-08,31,5208.0,168.0,28.49,0.0,False,False
DELHI_STORE_002,SKU_008_Maggi_Noodles_12Pack,2026-08-09,28,4704.0,168.0,31.68,0.0,False,False
DELHI_STORE_002,SKU_008_Maggi_Noodles_12Pack,2026-08-10,24,4032.0,168.0,28.5,0.0,False,False
DELHI_STORE_002,SKU_008_Maggi_Noodles_12Pack,2026-08-11,21,3528.0,168.0,27.76,0.0,False,False
DELHI_STORE_002,SKU_008_Maggi_Noodles_12Pack,2026-08-12,31,5208.0,168.0,24.28,0.0,False,False
DELHI_STORE_002,SKU_008_Maggi_Noodles_12Pack,2026-08-13,34,5712.0,168.0,27.01,0.0,False,False
DELHI_STORE_002,SKU_008_Maggi_Noodles_12Pack,2026-08-14,17,2856.0,168.0,29.71,0.0,False,False
DELHI_STORE_002,SKU_008_Maggi_Noodles_12Pack,2026-08-15,34,5712.0,168.0,29.4,0.0,False,False
DELHI_STORE_002,SKU_008_Maggi_Noodles_12Pack,2026-08-16,40,6720.0,168.0,31.13,0.0,False,False
DELHI_STORE_002,SKU_008_Maggi_Noodles_12Pack,2026-08-17,32,5376.0,168.0,28.29,0.0,False,False
DELHI_STORE_002,SKU_008_Maggi_Noodles_12Pack,2026-08-18,23,3864.0,168.0,29.19,0.0,False,False
DELHI_STORE_002,SKU_008_Maggi_Noodles_12Pack,2026-08-19,28,4704.0,168.0,26.53,0.0,False,False
DELHI_STORE_002,SKU_008_Maggi_Noodles_12Pack,2026-08-20,34,5712.0,168.0,26.45,0.0,False,False
DELHI_STORE_002,SKU_008_Maggi_Noodles_12Pack,2026-08-21,27,4536.0,168.0,27.33,0.0,False,False
DELHI_STORE_002,SKU_008_Maggi_Noodles_12Pack,2026-08-22,31,5208.0,168.0,29.0,0.0,False,False
DELHI_STORE_002,SKU_008_Maggi_Noodles_12Pack,2026-08-23,38,6384.0,168.0,28.5,0.0,False,False
DELHI_STORE_002,SKU_008_Maggi_Noodles_12Pack,2026-08-24,19,3192.0,168.0,29.31,0.0,False,False
DELHI_STORE_002,SKU_008_Maggi_Noodles_12Pack,2026-08-25,31,5208.0,168.0,31.13,0.0,False,False
DELHI_STORE_002,SKU_008_Maggi_Noodles_12Pack,2026-08-26,28,4704.0,168.0,26.89,0.0,False,False
DELHI_STORE_002,SKU_008_Maggi_Noodles_12Pack,2026-08-27,23,3864.0,168.0,26.57,0.0,False,False
DELHI_STORE_002,SKU_008_Maggi_Noodles_12Pack,2026-08-28,25,4200.0,168.0,31.46,0.0,False,False
DELHI_STORE_002,SKU_008_Maggi_Noodles_12Pack,2026-08-29,47,7896.0,168.0,31.89,0.0,False,False
DELHI_STORE_002,SKU_009_Cadbury_Dairy_Milk_Silk,2026-05-31,33,3135.0,95.0,22.41,0.0,False,False
DELHI_STORE_002,SKU_009_Cadbury_Dairy_Milk_Silk,2026-06-01,23,2185.0,95.0,26.64,0.0,False,False
DELHI_STORE_002,SKU_009_Cadbury_Dairy_Milk_Silk,2026-06-02,13,1235.0,95.0,26.2,0.0,False,False
DELHI_STORE_002,SKU_009_Cadbury_Dairy_Milk_Silk,2026-06-03,20,1900.0,95.0,22.88,0.0,False,False
DELHI_STORE_002,SKU_009_Cadbury_Dairy_Milk_Silk,2026-06-04,13,1235.0,95.0,18.21,0.0,False,False
DELHI_STORE_002,SKU_009_Cadbury_Dairy_Milk_Silk,2026-06-05,26,2470.0,95.0,27.68,0.0,False,False
DELHI_STORE_002,SKU_009_Cadbury_Dairy_Milk_Silk,2026-06-06,30,2850.0,95.0,26.32,0.0,False,False
DELHI_STORE_002,SKU_009_Cadbury_Dairy_Milk_Silk,2026-06-07,26,2470.0,95.0,25.19,0.0,False,False
DELHI_STORE_002,SKU_009_Cadbury_Dairy_Milk_Silk,2026-06-08,16,1520.0,95.0,22.58,0.0,False,False
DELHI_STORE_002,SKU_009_Cadbury_Dairy_Milk_Silk,2026-06-09,27,2565.0,95.0,23.72,0.0,False,False
DELHI_STORE_002,SKU_009_Cadbury_Dairy_Milk_Silk,2026-06-10,32,3040.0,95.0,17.27,0.0,False,False
DELHI_STORE_002,SKU_009_Cadbury_Dairy_Milk_Silk,2026-06-11,14,1330.0,95.0,17.27,0.0,False,False
DELHI_STORE_002,SKU_009_Cadbury_Dairy_Milk_Silk,2026-06-12,28,2660.0,95.0,27.31,0.0,False,False
DELHI_STORE_002,SKU_009_Cadbury_Dairy_Milk_Silk,2026-06-13,34,3230.0,95.0,23.98,0.0,False,False
DELHI_STORE_002,SKU_009_Cadbury_Dairy_Milk_Silk,2026-06-14,28,2660.0,95.0,27.25,0.0,False,False
DELHI_STORE_002,SKU_009_Cadbury_Dairy_Milk_Silk,2026-06-15,19,1805.0,95.0,24.04,0.0,False,False
DELHI_STORE_002,SKU_009_Cadbury_Dairy_Milk_Silk,2026-06-16,22,2090.0,95.0,23.94,0.0,False,False
DELHI_STORE_002,SKU_009_Cadbury_Dairy_Milk_Silk,2026-06-17,20,1900.0,95.0,19.1,0.0,False,False
DELHI_STORE_002,SKU_009_Cadbury_Dairy_Milk_Silk,2026-06-18,23,2185.0,95.0,20.68,0.0,False,False
DELHI_STORE_002,SKU_009_Cadbury_Dairy_Milk_Silk,2026-06-19,13,1235.0,95.0,24.27,0.0,False,False
DELHI_STORE_002,SKU_009_Cadbury_Dairy_Milk_Silk,2026-06-20,31,2945.0,95.0,27.78,0.0,False,False
DELHI_STORE_002,SKU_009_Cadbury_Dairy_Milk_Silk,2026-06-21,30,2850.0,95.0,25.64,0.0,False,False
DELHI_STORE_002,SKU_009_Cadbury_Dairy_Milk_Silk,2026-06-22,20,1900.0,95.0,26.0,0.0,False,False
DELHI_STORE_002,SKU_009_Cadbury_Dairy_Milk_Silk,2026-06-23,21,1995.0,95.0,25.63,0.0,False,False
DELHI_STORE_002,SKU_009_Cadbury_Dairy_Milk_Silk,2026-06-24,27,2565.0,95.0,17.03,0.0,False,False
DELHI_STORE_002,SKU_009_Cadbury_Dairy_Milk_Silk,2026-06-25,21,1995.0,95.0,19.81,0.0,False,False
DELHI_STORE_002,SKU_009_Cadbury_Dairy_Milk_Silk,2026-06-26,23,2185.0,95.0,25.43,0.0,False,False
DELHI_STORE_002,SKU_009_Cadbury_Dairy_Milk_Silk,2026-06-27,31,2945.0,95.0,22.15,0.0,False,False
DELHI_STORE_002,SKU_009_Cadbury_Dairy_Milk_Silk,2026-06-28,31,2945.0,95.0,25.19,0.0,False,False
DELHI_STORE_002,SKU_009_Cadbury_Dairy_Milk_Silk,2026-06-29,21,1995.0,95.0,25.24,0.0,False,False
DELHI_STORE_002,SKU_009_Cadbury_Dairy_Milk_Silk,2026-06-30,15,1425.0,95.0,22.8,0.0,False,False
DELHI_STORE_002,SKU_009_Cadbury_Dairy_Milk_Silk,2026-07-01,13,1235.0,95.0,22.74,0.0,False,False
DELHI_STORE_002,SKU_009_Cadbury_Dairy_Milk_Silk,2026-07-02,16,1520.0,95.0,18.48,0.0,False,False
DELHI_STORE_002,SKU_009_Cadbury_Dairy_Milk_Silk,2026-07-03,18,1710.0,95.0,25.07,0.0,False,False
DELHI_STORE_002,SKU_009_Cadbury_Dairy_Milk_Silk,2026-07-04,34,3230.0,95.0,24.09,0.0,False,False
DELHI_STORE_002,SKU_009_Cadbury_Dairy_Milk_Silk,2026-07-05,34,3230.0,95.0,24.15,0.0,False,False
DELHI_STORE_002,SKU_009_Cadbury_Dairy_Milk_Silk,2026-07-06,27,2565.0,95.0,25.52,0.0,False,False
DELHI_STORE_002,SKU_009_Cadbury_Dairy_Milk_Silk,2026-07-07,17,1615.0,95.0,25.7,0.0,False,False
DELHI_STORE_002,SKU_009_Cadbury_Dairy_Milk_Silk,2026-07-08,22,2090.0,95.0,17.62,0.0,False,False
DELHI_STORE_002,SKU_009_Cadbury_Dairy_Milk_Silk,2026-07-09,16,1520.0,95.0,19.85,0.0,False,False
DELHI_STORE_002,SKU_009_Cadbury_Dairy_Milk_Silk,2026-07-10,13,1235.0,95.0,22.5,0.0,False,False
DELHI_STORE_002,SKU_009_Cadbury_Dairy_Milk_Silk,2026-07-11,27,2565.0,95.0,25.19,0.0,False,False
DELHI_STORE_002,SKU_009_Cadbury_Dairy_Milk_Silk,2026-07-12,32,3040.0,95.0,24.36,0.0,False,False
DELHI_STORE_002,SKU_009_Cadbury_Dairy_Milk_Silk,2026-07-13,20,1900.0,95.0,27.78,0.0,False,False
DELHI_STORE_002,SKU_009_Cadbury_Dairy_Milk_Silk,2026-07-14,28,2660.0,95.0,27.5,0.0,False,False
DELHI_STORE_002,SKU_009_Cadbury_Dairy_Milk_Silk,2026-07-15,27,2565.0,95.0,19.14,0.0,False,False
DELHI_STORE_002,SKU_009_Cadbury_Dairy_Milk_Silk,2026-07-16,22,2090.0,95.0,21.24,0.0,False,False
DELHI_STORE_002,SKU_009_Cadbury_Dairy_Milk_Silk,2026-07-17,14,1330.0,95.0,25.8,0.0,False,False
DELHI_STORE_002,SKU_009_Cadbury_Dairy_Milk_Silk,2026-07-18,26,2470.0,95.0,22.08,0.0,False,False
DELHI_STORE_002,SKU_009_Cadbury_Dairy_Milk_Silk,2026-07-19,29,2755.0,95.0,27.59,0.0,False,False
DELHI_STORE_002,SKU_009_Cadbury_Dairy_Milk_Silk,2026-07-20,20,1900.0,95.0,25.59,0.0,False,False
DELHI_STORE_002,SKU_009_Cadbury_Dairy_Milk_Silk,2026-07-21,18,1710.0,95.0,22.18,0.0,False,False
DELHI_STORE_002,SKU_009_Cadbury_Dairy_Milk_Silk,2026-07-22,20,1900.0,95.0,21.71,0.0,False,False
DELHI_STORE_002,SKU_009_Cadbury_Dairy_Milk_Silk,2026-07-23,20,1900.0,95.0,22.21,0.0,False,False
DELHI_STORE_002,SKU_009_Cadbury_Dairy_Milk_Silk,2026-07-24,17,1615.0,95.0,26.86,0.0,False,False
DELHI_STORE_002,SKU_009_Cadbury_Dairy_Milk_Silk,2026-07-25,27,2565.0,95.0,24.62,0.0,False,False
DELHI_STORE_002,SKU_009_Cadbury_Dairy_Milk_Silk,2026-07-26,29,2755.0,95.0,24.34,0.0,False,False
DELHI_STORE_002,SKU_009_Cadbury_Dairy_Milk_Silk,2026-07-27,24,2280.0,95.0,26.49,0.0,False,False
DELHI_STORE_002,SKU_009_Cadbury_Dairy_Milk_Silk,2026-07-28,11,1045.0,95.0,27.41,0.0,False,False
DELHI_STORE_002,SKU_009_Cadbury_Dairy_Milk_Silk,2026-07-29,21,1995.0,95.0,22.21,0.0,False,False
DELHI_STORE_002,SKU_009_Cadbury_Dairy_Milk_Silk,2026-07-30,14,1330.0,95.0,18.81,0.0,False,False
DELHI_STORE_002,SKU_009_Cadbury_Dairy_Milk_Silk,2026-07-31,19,1805.0,95.0,23.29,0.0,False,False
DELHI_STORE_002,SKU_009_Cadbury_Dairy_Milk_Silk,2026-08-01,21,1995.0,95.0,23.05,0.0,False,False
DELHI_STORE_002,SKU_009_Cadbury_Dairy_Milk_Silk,2026-08-02,31,2945.0,95.0,23.11,0.0,False,False
DELHI_STORE_002,SKU_009_Cadbury_Dairy_Milk_Silk,2026-08-03,17,1615.0,95.0,22.91,0.0,False,False
DELHI_STORE_002,SKU_009_Cadbury_Dairy_Milk_Silk,2026-08-04,18,1710.0,95.0,27.37,0.0,False,False
DELHI_STORE_002,SKU_009_Cadbury_Dairy_Milk_Silk,2026-08-05,32,3040.0,95.0,21.22,0.0,False,False
DELHI_STORE_002,SKU_009_Cadbury_Dairy_Milk_Silk,2026-08-06,19,1805.0,95.0,22.96,0.0,False,False
DELHI_STORE_002,SKU_009_Cadbury_Dairy_Milk_Silk,2026-08-07,17,1615.0,95.0,26.76,0.0,False,False
DELHI_STORE_002,SKU_009_Cadbury_Dairy_Milk_Silk,2026-08-08,31,2945.0,95.0,22.41,0.0,False,False
DELHI_STORE_002,SKU_009_Cadbury_Dairy_Milk_Silk,2026-08-09,19,1805.0,95.0,25.25,0.0,False,False
DELHI_STORE_002,SKU_009_Cadbury_Dairy_Milk_Silk,2026-08-10,24,2280.0,95.0,22.01,0.0,False,False
DELHI_STORE_002,SKU_009_Cadbury_Dairy_Milk_Silk,2026-08-11,14,1330.0,95.0,24.52,0.0,False,False
DELHI_STORE_002,SKU_009_Cadbury_Dairy_Milk_Silk,2026-08-12,17,1615.0,95.0,18.26,0.0,False,False
DELHI_STORE_002,SKU_009_Cadbury_Dairy_Milk_Silk,2026-08-13,21,1995.0,95.0,21.09,0.0,False,False
DELHI_STORE_002,SKU_009_Cadbury_Dairy_Milk_Silk,2026-08-14,18,1710.0,95.0,22.12,0.0,False,False
DELHI_STORE_002,SKU_009_Cadbury_Dairy_Milk_Silk,2026-08-15,23,2185.0,95.0,26.1,0.0,False,False
DELHI_STORE_002,SKU_009_Cadbury_Dairy_Milk_Silk,2026-08-16,29,2755.0,95.0,22.34,0.0,False,False
DELHI_STORE_002,SKU_009_Cadbury_Dairy_Milk_Silk,2026-08-17,10,950.0,95.0,27.02,0.0,False,False
DELHI_STORE_002,SKU_009_Cadbury_Dairy_Milk_Silk,2026-08-18,14,1330.0,95.0,25.12,0.0,False,False
DELHI_STORE_002,SKU_009_Cadbury_Dairy_Milk_Silk,2026-08-19,17,1615.0,95.0,21.93,0.0,False,False
DELHI_STORE_002,SKU_009_Cadbury_Dairy_Milk_Silk,2026-08-20,18,1710.0,95.0,21.23,0.0,False,False
DELHI_STORE_002,SKU_009_Cadbury_Dairy_Milk_Silk,2026-08-21,23,2185.0,95.0,25.17,0.0,False,False
DELHI_STORE_002,SKU_009_Cadbury_Dairy_Milk_Silk,2026-08-22,29,2755.0,95.0,25.51,0.0,False,False
DELHI_STORE_002,SKU_009_Cadbury_Dairy_Milk_Silk,2026-08-23,20,1900.0,95.0,26.99,0.0,False,False
DELHI_STORE_002,SKU_009_Cadbury_Dairy_Milk_Silk,2026-08-24,21,1995.0,95.0,22.08,0.0,False,False
DELHI_STORE_002,SKU_009_Cadbury_Dairy_Milk_Silk,2026-08-25,12,1140.0,95.0,22.88,0.0,False,False
DELHI_STORE_002,SKU_009_Cadbury_Dairy_Milk_Silk,2026-08-26,23,2185.0,95.0,17.62,0.0,False,False
DELHI_STORE_002,SKU_009_Cadbury_Dairy_Milk_Silk,2026-08-27,28,2660.0,95.0,18.21,0.0,False,False
DELHI_STORE_002,SKU_009_Cadbury_Dairy_Milk_Silk,2026-08-28,27,2565.0,95.0,25.26,0.0,False,False
DELHI_STORE_002,SKU_009_Cadbury_Dairy_Milk_Silk,2026-08-29,33,3135.0,95.0,27.09,0.0,False,False
DELHI_STORE_002,SKU_010_Surf_Excel_Matic_2kg,2026-05-31,9,3510.0,390.0,24.27,0.0,False,False
DELHI_STORE_002,SKU_010_Surf_Excel_Matic_2kg,2026-06-01,10,3900.0,390.0,24.34,0.0,False,False
DELHI_STORE_002,SKU_010_Surf_Excel_Matic_2kg,2026-06-02,9,3510.0,390.0,24.1,0.0,False,False
DELHI_STORE_002,SKU_010_Surf_Excel_Matic_2kg,2026-06-03,7,2730.0,390.0,21.16,0.0,False,False
DELHI_STORE_002,SKU_010_Surf_Excel_Matic_2kg,2026-06-04,12,4680.0,390.0,20.71,0.0,False,False
DELHI_STORE_002,SKU_010_Surf_Excel_Matic_2kg,2026-06-05,16,6240.0,390.0,24.26,0.0,False,False
DELHI_STORE_002,SKU_010_Surf_Excel_Matic_2kg,2026-06-06,15,5850.0,390.0,22.08,0.0,False,False
DELHI_STORE_002,SKU_010_Surf_Excel_Matic_2kg,2026-06-07,15,5850.0,390.0,22.72,0.0,False,False
DELHI_STORE_002,SKU_010_Surf_Excel_Matic_2kg,2026-06-08,6,2340.0,390.0,22.5,0.0,False,False
DELHI_STORE_002,SKU_010_Surf_Excel_Matic_2kg,2026-06-09,8,3120.0,390.0,22.74,0.0,False,False
DELHI_STORE_002,SKU_010_Surf_Excel_Matic_2kg,2026-06-10,9,3510.0,390.0,21.84,0.0,False,False
DELHI_STORE_002,SKU_010_Surf_Excel_Matic_2kg,2026-06-11,10,3900.0,390.0,22.79,0.0,False,False
DELHI_STORE_002,SKU_010_Surf_Excel_Matic_2kg,2026-06-12,11,4290.0,390.0,25.67,0.0,False,False
DELHI_STORE_002,SKU_010_Surf_Excel_Matic_2kg,2026-06-13,11,4290.0,390.0,22.09,0.0,False,False
DELHI_STORE_002,SKU_010_Surf_Excel_Matic_2kg,2026-06-14,20,7800.0,390.0,23.36,0.0,False,False
DELHI_STORE_002,SKU_010_Surf_Excel_Matic_2kg,2026-06-15,10,3900.0,390.0,25.54,0.0,False,False
DELHI_STORE_002,SKU_010_Surf_Excel_Matic_2kg,2026-06-16,12,4680.0,390.0,25.01,0.0,False,False
DELHI_STORE_002,SKU_010_Surf_Excel_Matic_2kg,2026-06-17,3,1170.0,390.0,19.99,0.0,False,False
DELHI_STORE_002,SKU_010_Surf_Excel_Matic_2kg,2026-06-18,14,5460.0,390.0,19.58,0.0,False,False
DELHI_STORE_002,SKU_010_Surf_Excel_Matic_2kg,2026-06-19,6,2340.0,390.0,22.65,0.0,False,False
DELHI_STORE_002,SKU_010_Surf_Excel_Matic_2kg,2026-06-20,15,5850.0,390.0,25.16,0.0,False,False
DELHI_STORE_002,SKU_010_Surf_Excel_Matic_2kg,2026-06-21,15,5850.0,390.0,27.39,0.0,False,False
DELHI_STORE_002,SKU_010_Surf_Excel_Matic_2kg,2026-06-22,12,4680.0,390.0,26.13,0.0,False,False
DELHI_STORE_002,SKU_010_Surf_Excel_Matic_2kg,2026-06-23,9,3510.0,390.0,27.58,0.0,False,False
DELHI_STORE_002,SKU_010_Surf_Excel_Matic_2kg,2026-06-24,5,1950.0,390.0,20.69,0.0,False,False
DELHI_STORE_002,SKU_010_Surf_Excel_Matic_2kg,2026-06-25,10,3900.0,390.0,20.96,0.0,False,False
DELHI_STORE_002,SKU_010_Surf_Excel_Matic_2kg,2026-06-26,12,4680.0,390.0,22.34,0.0,False,False
DELHI_STORE_002,SKU_010_Surf_Excel_Matic_2kg,2026-06-27,7,2730.0,390.0,22.07,0.0,False,False
DELHI_STORE_002,SKU_010_Surf_Excel_Matic_2kg,2026-06-28,9,3510.0,390.0,27.87,0.0,False,False
DELHI_STORE_002,SKU_010_Surf_Excel_Matic_2kg,2026-06-29,10,3900.0,390.0,27.73,0.0,False,False
DELHI_STORE_002,SKU_010_Surf_Excel_Matic_2kg,2026-06-30,12,4680.0,390.0,23.7,0.0,False,False
DELHI_STORE_002,SKU_010_Surf_Excel_Matic_2kg,2026-07-01,15,5850.0,390.0,18.65,0.0,False,False
DELHI_STORE_002,SKU_010_Surf_Excel_Matic_2kg,2026-07-02,8,3120.0,390.0,17.83,0.0,False,False
DELHI_STORE_002,SKU_010_Surf_Excel_Matic_2kg,2026-07-03,8,3120.0,390.0,23.13,0.0,False,False
DELHI_STORE_002,SKU_010_Surf_Excel_Matic_2kg,2026-07-04,20,7800.0,390.0,27.62,0.0,False,False
DELHI_STORE_002,SKU_010_Surf_Excel_Matic_2kg,2026-07-05,11,4290.0,390.0,25.01,0.0,False,False
DELHI_STORE_002,SKU_010_Surf_Excel_Matic_2kg,2026-07-06,11,4290.0,390.0,26.03,0.0,False,False
DELHI_STORE_002,SKU_010_Surf_Excel_Matic_2kg,2026-07-07,6,2340.0,390.0,22.6,0.0,False,False
DELHI_STORE_002,SKU_010_Surf_Excel_Matic_2kg,2026-07-08,10,3900.0,390.0,20.34,0.0,False,False
DELHI_STORE_002,SKU_010_Surf_Excel_Matic_2kg,2026-07-09,8,3120.0,390.0,20.61,0.0,False,False
DELHI_STORE_002,SKU_010_Surf_Excel_Matic_2kg,2026-07-10,15,5850.0,390.0,27.65,0.0,False,False
DELHI_STORE_002,SKU_010_Surf_Excel_Matic_2kg,2026-07-11,8,3120.0,390.0,23.9,0.0,False,False
DELHI_STORE_002,SKU_010_Surf_Excel_Matic_2kg,2026-07-12,12,4680.0,390.0,24.76,0.0,False,False
DELHI_STORE_002,SKU_010_Surf_Excel_Matic_2kg,2026-07-13,14,5460.0,390.0,24.73,0.0,False,False
DELHI_STORE_002,SKU_010_Surf_Excel_Matic_2kg,2026-07-14,10,3900.0,390.0,26.89,0.0,False,False
DELHI_STORE_002,SKU_010_Surf_Excel_Matic_2kg,2026-07-15,8,3120.0,390.0,21.6,0.0,False,False
DELHI_STORE_002,SKU_010_Surf_Excel_Matic_2kg,2026-07-16,4,1560.0,390.0,17.57,0.0,False,False
DELHI_STORE_002,SKU_010_Surf_Excel_Matic_2kg,2026-07-17,8,3120.0,390.0,24.14,0.0,False,False
DELHI_STORE_002,SKU_010_Surf_Excel_Matic_2kg,2026-07-18,14,5460.0,390.0,23.53,0.0,False,False
DELHI_STORE_002,SKU_010_Surf_Excel_Matic_2kg,2026-07-19,15,5850.0,390.0,26.63,0.0,False,False
DELHI_STORE_002,SKU_010_Surf_Excel_Matic_2kg,2026-07-20,11,4290.0,390.0,24.34,0.0,False,False
DELHI_STORE_002,SKU_010_Surf_Excel_Matic_2kg,2026-07-21,9,3510.0,390.0,27.22,0.0,False,False
DELHI_STORE_002,SKU_010_Surf_Excel_Matic_2kg,2026-07-22,11,4290.0,390.0,17.2,0.0,False,False
DELHI_STORE_002,SKU_010_Surf_Excel_Matic_2kg,2026-07-23,8,3120.0,390.0,17.27,0.0,False,False
DELHI_STORE_002,SKU_010_Surf_Excel_Matic_2kg,2026-07-24,7,2730.0,390.0,24.84,0.0,False,False
DELHI_STORE_002,SKU_010_Surf_Excel_Matic_2kg,2026-07-25,14,5460.0,390.0,22.28,0.0,False,False
DELHI_STORE_002,SKU_010_Surf_Excel_Matic_2kg,2026-07-26,24,9360.0,390.0,22.11,0.0,False,False
DELHI_STORE_002,SKU_010_Surf_Excel_Matic_2kg,2026-07-27,10,3900.0,390.0,25.96,0.0,False,False
DELHI_STORE_002,SKU_010_Surf_Excel_Matic_2kg,2026-07-28,9,3510.0,390.0,22.12,0.0,False,False
DELHI_STORE_002,SKU_010_Surf_Excel_Matic_2kg,2026-07-29,8,3120.0,390.0,18.35,0.0,False,False
DELHI_STORE_002,SKU_010_Surf_Excel_Matic_2kg,2026-07-30,6,2340.0,390.0,20.91,0.0,False,False
DELHI_STORE_002,SKU_010_Surf_Excel_Matic_2kg,2026-07-31,9,3510.0,390.0,25.27,0.0,False,False
DELHI_STORE_002,SKU_010_Surf_Excel_Matic_2kg,2026-08-01,16,6240.0,390.0,26.24,0.0,False,False
DELHI_STORE_002,SKU_010_Surf_Excel_Matic_2kg,2026-08-02,7,2730.0,390.0,23.66,0.0,False,False
DELHI_STORE_002,SKU_010_Surf_Excel_Matic_2kg,2026-08-03,14,5460.0,390.0,25.45,0.0,False,False
DELHI_STORE_002,SKU_010_Surf_Excel_Matic_2kg,2026-08-04,11,4290.0,390.0,26.8,0.0,False,False
DELHI_STORE_002,SKU_010_Surf_Excel_Matic_2kg,2026-08-05,10,3900.0,390.0,20.89,0.0,False,False
DELHI_STORE_002,SKU_010_Surf_Excel_Matic_2kg,2026-08-06,8,3120.0,390.0,18.73,0.0,False,False
DELHI_STORE_002,SKU_010_Surf_Excel_Matic_2kg,2026-08-07,10,3900.0,390.0,27.78,0.0,False,False
DELHI_STORE_002,SKU_010_Surf_Excel_Matic_2kg,2026-08-08,13,5070.0,390.0,22.58,0.0,False,False
DELHI_STORE_002,SKU_010_Surf_Excel_Matic_2kg,2026-08-09,17,6630.0,390.0,24.32,0.0,False,False
DELHI_STORE_002,SKU_010_Surf_Excel_Matic_2kg,2026-08-10,19,7410.0,390.0,22.41,0.0,False,False
DELHI_STORE_002,SKU_010_Surf_Excel_Matic_2kg,2026-08-11,5,1950.0,390.0,25.23,0.0,False,False
DELHI_STORE_002,SKU_010_Surf_Excel_Matic_2kg,2026-08-12,16,6240.0,390.0,22.7,0.0,False,False
DELHI_STORE_002,SKU_010_Surf_Excel_Matic_2kg,2026-08-13,9,3510.0,390.0,18.1,0.0,False,False
DELHI_STORE_002,SKU_010_Surf_Excel_Matic_2kg,2026-08-14,5,1950.0,390.0,24.58,0.0,False,False
DELHI_STORE_002,SKU_010_Surf_Excel_Matic_2kg,2026-08-15,12,4680.0,390.0,27.48,0.0,False,False
DELHI_STORE_002,SKU_010_Surf_Excel_Matic_2kg,2026-08-16,17,6630.0,390.0,22.65,0.0,False,False
DELHI_STORE_002,SKU_010_Surf_Excel_Matic_2kg,2026-08-17,12,4680.0,390.0,23.72,0.0,False,False
DELHI_STORE_002,SKU_010_Surf_Excel_Matic_2kg,2026-08-18,12,4680.0,390.0,22.56,0.0,False,False
DELHI_STORE_002,SKU_010_Surf_Excel_Matic_2kg,2026-08-19,4,1560.0,390.0,22.3,0.0,False,False
DELHI_STORE_002,SKU_010_Surf_Excel_Matic_2kg,2026-08-20,5,1950.0,390.0,22.05,0.0,False,False
DELHI_STORE_002,SKU_010_Surf_Excel_Matic_2kg,2026-08-21,7,2730.0,390.0,27.6,0.0,False,False
DELHI_STORE_002,SKU_010_Surf_Excel_Matic_2kg,2026-08-22,16,6240.0,390.0,23.62,0.0,False,False
DELHI_STORE_002,SKU_010_Surf_Excel_Matic_2kg,2026-08-23,16,6240.0,390.0,24.87,0.0,False,False
DELHI_STORE_002,SKU_010_Surf_Excel_Matic_2kg,2026-08-24,10,3900.0,390.0,25.56,0.0,False,False
DELHI_STORE_002,SKU_010_Surf_Excel_Matic_2kg,2026-08-25,13,5070.0,390.0,25.08,0.0,False,False
DELHI_STORE_002,SKU_010_Surf_Excel_Matic_2kg,2026-08-26,10,3900.0,390.0,18.46,0.0,False,False
DELHI_STORE_002,SKU_010_Surf_Excel_Matic_2kg,2026-08-27,14,5460.0,390.0,19.42,0.0,False,False
DELHI_STORE_002,SKU_010_Surf_Excel_Matic_2kg,2026-08-28,14,5460.0,390.0,27.08,0.0,False,False
DELHI_STORE_002,SKU_010_Surf_Excel_Matic_2kg,2026-08-29,13,5070.0,390.0,25.37,0.0,False,False
HYDERABAD_STORE_004,SKU_001_Aashirvaad_Atta_5kg,2026-05-31,21,5565.0,265.0,35.3,0.0,False,False
HYDERABAD_STORE_004,SKU_001_Aashirvaad_Atta_5kg,2026-06-01,20,5300.0,265.0,34.49,0.0,False,False
HYDERABAD_STORE_004,SKU_001_Aashirvaad_Atta_5kg,2026-06-02,12,3180.0,265.0,35.27,0.0,False,False
HYDERABAD_STORE_004,SKU_001_Aashirvaad_Atta_5kg,2026-06-03,11,2915.0,265.0,27.3,0.0,False,False
HYDERABAD_STORE_004,SKU_001_Aashirvaad_Atta_5kg,2026-06-04,9,2385.0,265.0,28.86,0.0,False,False
HYDERABAD_STORE_004,SKU_001_Aashirvaad_Atta_5kg,2026-06-05,13,3445.0,265.0,33.15,0.0,False,False
HYDERABAD_STORE_004,SKU_001_Aashirvaad_Atta_5kg,2026-06-06,11,2915.0,265.0,33.27,0.0,False,False
HYDERABAD_STORE_004,SKU_001_Aashirvaad_Atta_5kg,2026-06-07,21,5565.0,265.0,35.41,0.0,False,False
HYDERABAD_STORE_004,SKU_001_Aashirvaad_Atta_5kg,2026-06-08,16,4240.0,265.0,32.18,0.0,False,False
HYDERABAD_STORE_004,SKU_001_Aashirvaad_Atta_5kg,2026-06-09,13,3445.0,265.0,34.05,0.0,False,False
HYDERABAD_STORE_004,SKU_001_Aashirvaad_Atta_5kg,2026-06-10,12,3180.0,265.0,32.95,0.0,False,False
HYDERABAD_STORE_004,SKU_001_Aashirvaad_Atta_5kg,2026-06-11,17,4505.0,265.0,29.87,0.0,False,False
HYDERABAD_STORE_004,SKU_001_Aashirvaad_Atta_5kg,2026-06-12,19,5035.0,265.0,34.38,0.0,False,False
HYDERABAD_STORE_004,SKU_001_Aashirvaad_Atta_5kg,2026-06-13,19,5035.0,265.0,33.3,0.0,False,False
HYDERABAD_STORE_004,SKU_001_Aashirvaad_Atta_5kg,2026-06-14,28,7420.0,265.0,37.44,0.0,False,False
HYDERABAD_STORE_004,SKU_001_Aashirvaad_Atta_5kg,2026-06-15,13,3445.0,265.0,33.22,0.0,False,False
HYDERABAD_STORE_004,SKU_001_Aashirvaad_Atta_5kg,2026-06-16,16,4240.0,265.0,32.42,0.0,False,False
HYDERABAD_STORE_004,SKU_001_Aashirvaad_Atta_5kg,2026-06-17,18,4770.0,265.0,28.47,0.0,False,False
HYDERABAD_STORE_004,SKU_001_Aashirvaad_Atta_5kg,2026-06-18,16,4240.0,265.0,28.58,0.0,False,False
HYDERABAD_STORE_004,SKU_001_Aashirvaad_Atta_5kg,2026-06-19,13,3445.0,265.0,35.27,0.0,False,False
HYDERABAD_STORE_004,SKU_001_Aashirvaad_Atta_5kg,2026-06-20,18,4770.0,265.0,36.65,0.0,False,False
HYDERABAD_STORE_004,SKU_001_Aashirvaad_Atta_5kg,2026-06-21,10,2650.0,265.0,33.08,0.0,False,False
HYDERABAD_STORE_004,SKU_001_Aashirvaad_Atta_5kg,2026-06-22,18,4770.0,265.0,37.08,0.0,False,False
HYDERABAD_STORE_004,SKU_001_Aashirvaad_Atta_5kg,2026-06-23,11,2915.0,265.0,34.63,0.0,False,False
HYDERABAD_STORE_004,SKU_001_Aashirvaad_Atta_5kg,2026-06-24,17,4505.0,265.0,29.23,0.0,False,False
HYDERABAD_STORE_004,SKU_001_Aashirvaad_Atta_5kg,2026-06-25,12,3180.0,265.0,29.29,0.0,False,False
HYDERABAD_STORE_004,SKU_001_Aashirvaad_Atta_5kg,2026-06-26,7,1855.0,265.0,37.72,0.0,False,False
HYDERABAD_STORE_004,SKU_001_Aashirvaad_Atta_5kg,2026-06-27,16,4240.0,265.0,34.56,0.0,False,False
HYDERABAD_STORE_004,SKU_001_Aashirvaad_Atta_5kg,2026-06-28,23,6095.0,265.0,36.93,0.0,False,False
HYDERABAD_STORE_004,SKU_001_Aashirvaad_Atta_5kg,2026-06-29,11,2915.0,265.0,34.74,0.0,False,False
HYDERABAD_STORE_004,SKU_001_Aashirvaad_Atta_5kg,2026-06-30,15,3975.0,265.0,34.67,0.0,False,False
HYDERABAD_STORE_004,SKU_001_Aashirvaad_Atta_5kg,2026-07-01,12,3180.0,265.0,30.28,0.0,False,False
HYDERABAD_STORE_004,SKU_001_Aashirvaad_Atta_5kg,2026-07-02,15,3975.0,265.0,27.34,0.0,False,False
HYDERABAD_STORE_004,SKU_001_Aashirvaad_Atta_5kg,2026-07-03,17,4505.0,265.0,35.14,0.0,False,False
HYDERABAD_STORE_004,SKU_001_Aashirvaad_Atta_5kg,2026-07-04,19,5035.0,265.0,33.33,0.0,False,False
HYDERABAD_STORE_004,SKU_001_Aashirvaad_Atta_5kg,2026-07-05,21,5565.0,265.0,36.39,0.0,False,False
HYDERABAD_STORE_004,SKU_001_Aashirvaad_Atta_5kg,2026-07-06,20,5300.0,265.0,37.12,0.0,False,False
HYDERABAD_STORE_004,SKU_001_Aashirvaad_Atta_5kg,2026-07-07,16,4240.0,265.0,37.25,0.0,False,False
HYDERABAD_STORE_004,SKU_001_Aashirvaad_Atta_5kg,2026-07-08,6,1590.0,265.0,29.87,0.0,False,False
HYDERABAD_STORE_004,SKU_001_Aashirvaad_Atta_5kg,2026-07-09,14,3710.0,265.0,30.72,0.0,False,False
HYDERABAD_STORE_004,SKU_001_Aashirvaad_Atta_5kg,2026-07-10,15,3975.0,265.0,33.52,0.0,False,False
HYDERABAD_STORE_004,SKU_001_Aashirvaad_Atta_5kg,2026-07-11,20,5300.0,265.0,35.38,0.0,False,False
HYDERABAD_STORE_004,SKU_001_Aashirvaad_Atta_5kg,2026-07-12,13,3445.0,265.0,34.8,0.0,False,False
HYDERABAD_STORE_004,SKU_001_Aashirvaad_Atta_5kg,2026-07-13,18,4770.0,265.0,32.17,0.0,False,False
HYDERABAD_STORE_004,SKU_001_Aashirvaad_Atta_5kg,2026-07-14,18,4770.0,265.0,34.5,0.0,False,False
HYDERABAD_STORE_004,SKU_001_Aashirvaad_Atta_5kg,2026-07-15,15,3975.0,265.0,27.14,0.0,False,False
HYDERABAD_STORE_004,SKU_001_Aashirvaad_Atta_5kg,2026-07-16,16,4240.0,265.0,30.68,0.0,False,False
HYDERABAD_STORE_004,SKU_001_Aashirvaad_Atta_5kg,2026-07-17,10,2650.0,265.0,35.38,0.0,False,False
HYDERABAD_STORE_004,SKU_001_Aashirvaad_Atta_5kg,2026-07-18,21,5565.0,265.0,33.84,0.0,False,False
HYDERABAD_STORE_004,SKU_001_Aashirvaad_Atta_5kg,2026-07-19,23,6095.0,265.0,33.66,0.0,False,False
HYDERABAD_STORE_004,SKU_001_Aashirvaad_Atta_5kg,2026-07-20,15,3975.0,265.0,37.89,0.0,False,False
HYDERABAD_STORE_004,SKU_001_Aashirvaad_Atta_5kg,2026-07-21,8,2120.0,265.0,33.56,0.0,False,False
HYDERABAD_STORE_004,SKU_001_Aashirvaad_Atta_5kg,2026-07-22,15,3975.0,265.0,30.02,0.0,False,False
HYDERABAD_STORE_004,SKU_001_Aashirvaad_Atta_5kg,2026-07-23,17,4505.0,265.0,32.53,0.0,False,False
HYDERABAD_STORE_004,SKU_001_Aashirvaad_Atta_5kg,2026-07-24,15,3975.0,265.0,32.07,0.0,False,False
HYDERABAD_STORE_004,SKU_001_Aashirvaad_Atta_5kg,2026-07-25,22,5830.0,265.0,36.74,0.0,False,False
HYDERABAD_STORE_004,SKU_001_Aashirvaad_Atta_5kg,2026-07-26,25,6625.0,265.0,32.97,0.0,False,False
HYDERABAD_STORE_004,SKU_001_Aashirvaad_Atta_5kg,2026-07-27,12,3180.0,265.0,34.84,0.0,False,False
HYDERABAD_STORE_004,SKU_001_Aashirvaad_Atta_5kg,2026-07-28,12,3180.0,265.0,34.83,0.0,False,False
HYDERABAD_STORE_004,SKU_001_Aashirvaad_Atta_5kg,2026-07-29,16,4240.0,265.0,27.84,0.0,False,False
HYDERABAD_STORE_004,SKU_001_Aashirvaad_Atta_5kg,2026-07-30,16,4240.0,265.0,28.17,0.0,False,False
HYDERABAD_STORE_004,SKU_001_Aashirvaad_Atta_5kg,2026-07-31,21,5565.0,265.0,35.58,0.0,False,False
HYDERABAD_STORE_004,SKU_001_Aashirvaad_Atta_5kg,2026-08-01,27,7155.0,265.0,33.77,0.0,False,False
HYDERABAD_STORE_004,SKU_001_Aashirvaad_Atta_5kg,2026-08-02,26,6890.0,265.0,34.62,0.0,False,False
HYDERABAD_STORE_004,SKU_001_Aashirvaad_Atta_5kg,2026-08-03,24,6360.0,265.0,35.14,0.0,False,False
HYDERABAD_STORE_004,SKU_001_Aashirvaad_Atta_5kg,2026-08-04,13,3445.0,265.0,32.43,0.0,False,False
HYDERABAD_STORE_004,SKU_001_Aashirvaad_Atta_5kg,2026-08-05,15,3975.0,265.0,27.37,0.0,False,False
HYDERABAD_STORE_004,SKU_001_Aashirvaad_Atta_5kg,2026-08-06,7,1855.0,265.0,32.02,0.0,False,False
HYDERABAD_STORE_004,SKU_001_Aashirvaad_Atta_5kg,2026-08-07,9,2385.0,265.0,32.09,0.0,False,False
HYDERABAD_STORE_004,SKU_001_Aashirvaad_Atta_5kg,2026-08-08,16,4240.0,265.0,36.38,0.0,False,False
HYDERABAD_STORE_004,SKU_001_Aashirvaad_Atta_5kg,2026-08-09,22,5830.0,265.0,33.79,0.0,False,False
HYDERABAD_STORE_004,SKU_001_Aashirvaad_Atta_5kg,2026-08-10,14,3710.0,265.0,36.41,0.0,False,False
HYDERABAD_STORE_004,SKU_001_Aashirvaad_Atta_5kg,2026-08-11,16,4240.0,265.0,32.72,0.0,False,False
HYDERABAD_STORE_004,SKU_001_Aashirvaad_Atta_5kg,2026-08-12,20,5300.0,265.0,28.29,0.0,False,False
HYDERABAD_STORE_004,SKU_001_Aashirvaad_Atta_5kg,2026-08-13,19,5035.0,265.0,31.0,0.0,False,False
HYDERABAD_STORE_004,SKU_001_Aashirvaad_Atta_5kg,2026-08-14,8,2120.0,265.0,33.61,0.0,False,False
HYDERABAD_STORE_004,SKU_001_Aashirvaad_Atta_5kg,2026-08-15,21,5565.0,265.0,34.69,0.0,False,False
HYDERABAD_STORE_004,SKU_001_Aashirvaad_Atta_5kg,2026-08-16,19,5035.0,265.0,36.26,0.0,False,False
HYDERABAD_STORE_004,SKU_001_Aashirvaad_Atta_5kg,2026-08-17,10,2650.0,265.0,34.52,0.0,False,False
HYDERABAD_STORE_004,SKU_001_Aashirvaad_Atta_5kg,2026-08-18,12,3180.0,265.0,33.35,0.0,False,False
HYDERABAD_STORE_004,SKU_001_Aashirvaad_Atta_5kg,2026-08-19,16,4240.0,265.0,31.22,0.0,False,False
HYDERABAD_STORE_004,SKU_001_Aashirvaad_Atta_5kg,2026-08-20,16,4240.0,265.0,32.0,0.0,False,False
HYDERABAD_STORE_004,SKU_001_Aashirvaad_Atta_5kg,2026-08-21,8,2120.0,265.0,32.61,0.0,False,False
HYDERABAD_STORE_004,SKU_001_Aashirvaad_Atta_5kg,2026-08-22,29,7685.0,265.0,37.81,0.0,False,False
HYDERABAD_STORE_004,SKU_001_Aashirvaad_Atta_5kg,2026-08-23,24,6360.0,265.0,36.64,0.0,False,False
HYDERABAD_STORE_004,SKU_001_Aashirvaad_Atta_5kg,2026-08-24,19,5035.0,265.0,35.11,0.0,False,False
HYDERABAD_STORE_004,SKU_001_Aashirvaad_Atta_5kg,2026-08-25,17,4505.0,265.0,36.52,0.0,False,False
HYDERABAD_STORE_004,SKU_001_Aashirvaad_Atta_5kg,2026-08-26,19,5035.0,265.0,28.25,0.0,False,False
HYDERABAD_STORE_004,SKU_001_Aashirvaad_Atta_5kg,2026-08-27,15,3975.0,265.0,32.41,0.0,False,False
HYDERABAD_STORE_004,SKU_001_Aashirvaad_Atta_5kg,2026-08-28,11,2915.0,265.0,37.56,0.0,False,False
HYDERABAD_STORE_004,SKU_001_Aashirvaad_Atta_5kg,2026-08-29,18,4770.0,265.0,32.67,0.0,False,False
HYDERABAD_STORE_004,SKU_002_IndiaGate_Basmati_5kg,2026-05-31,16,7680.0,480.0,33.65,0.0,False,False
HYDERABAD_STORE_004,SKU_002_IndiaGate_Basmati_5kg,2026-06-01,4,1920.0,480.0,37.44,0.0,False,False
HYDERABAD_STORE_004,SKU_002_IndiaGate_Basmati_5kg,2026-06-02,6,2880.0,480.0,35.59,0.0,False,False
HYDERABAD_STORE_004,SKU_002_IndiaGate_Basmati_5kg,2026-06-03,12,5760.0,480.0,31.1,0.0,False,False
HYDERABAD_STORE_004,SKU_002_IndiaGate_Basmati_5kg,2026-06-04,9,4320.0,480.0,32.66,0.0,False,False
HYDERABAD_STORE_004,SKU_002_IndiaGate_Basmati_5kg,2026-06-05,6,2880.0,480.0,36.78,0.0,False,False
HYDERABAD_STORE_004,SKU_002_IndiaGate_Basmati_5kg,2026-06-06,7,3360.0,480.0,34.92,0.0,False,False
HYDERABAD_STORE_004,SKU_002_IndiaGate_Basmati_5kg,2026-06-07,11,5280.0,480.0,33.97,0.0,False,False
HYDERABAD_STORE_004,SKU_002_IndiaGate_Basmati_5kg,2026-06-08,8,3840.0,480.0,32.93,0.0,False,False
HYDERABAD_STORE_004,SKU_002_IndiaGate_Basmati_5kg,2026-06-09,12,5760.0,480.0,34.56,0.0,False,False
HYDERABAD_STORE_004,SKU_002_IndiaGate_Basmati_5kg,2026-06-10,5,2400.0,480.0,28.83,0.0,False,False
HYDERABAD_STORE_004,SKU_002_IndiaGate_Basmati_5kg,2026-06-11,6,2880.0,480.0,31.03,0.0,False,False
HYDERABAD_STORE_004,SKU_002_IndiaGate_Basmati_5kg,2026-06-12,6,2880.0,480.0,37.62,0.0,False,False
HYDERABAD_STORE_004,SKU_002_IndiaGate_Basmati_5kg,2026-06-13,12,5760.0,480.0,36.97,0.0,False,False
HYDERABAD_STORE_004,SKU_002_IndiaGate_Basmati_5kg,2026-06-14,15,7200.0,480.0,37.63,0.0,False,False
HYDERABAD_STORE_004,SKU_002_IndiaGate_Basmati_5kg,2026-06-15,4,1920.0,480.0,36.84,0.0,False,False
HYDERABAD_STORE_004,SKU_002_IndiaGate_Basmati_5kg,2026-06-16,5,2400.0,480.0,37.27,0.0,False,False
HYDERABAD_STORE_004,SKU_002_IndiaGate_Basmati_5kg,2026-06-17,9,4320.0,480.0,28.68,0.0,False,False
HYDERABAD_STORE_004,SKU_002_IndiaGate_Basmati_5kg,2026-06-18,9,4320.0,480.0,27.9,0.0,False,False
HYDERABAD_STORE_004,SKU_002_IndiaGate_Basmati_5kg,2026-06-19,9,4320.0,480.0,33.63,0.0,False,False
HYDERABAD_STORE_004,SKU_002_IndiaGate_Basmati_5kg,2026-06-20,8,3840.0,480.0,36.8,0.0,False,False
HYDERABAD_STORE_004,SKU_002_IndiaGate_Basmati_5kg,2026-06-21,11,5280.0,480.0,34.52,0.0,False,False
HYDERABAD_STORE_004,SKU_002_IndiaGate_Basmati_5kg,2026-06-22,9,4320.0,480.0,33.54,0.0,False,False
HYDERABAD_STORE_004,SKU_002_IndiaGate_Basmati_5kg,2026-06-23,9,4320.0,480.0,32.92,0.0,False,False
HYDERABAD_STORE_004,SKU_002_IndiaGate_Basmati_5kg,2026-06-24,7,3360.0,480.0,28.58,0.0,False,False
HYDERABAD_STORE_004,SKU_002_IndiaGate_Basmati_5kg,2026-06-25,9,4320.0,480.0,30.87,0.0,False,False
HYDERABAD_STORE_004,SKU_002_IndiaGate_Basmati_5kg,2026-06-26,8,3840.0,480.0,37.02,0.0,False,False
HYDERABAD_STORE_004,SKU_002_IndiaGate_Basmati_5kg,2026-06-27,16,7680.0,480.0,36.5,0.0,False,False
HYDERABAD_STORE_004,SKU_002_IndiaGate_Basmati_5kg,2026-06-28,12,5760.0,480.0,37.42,0.0,False,False
HYDERABAD_STORE_004,SKU_002_IndiaGate_Basmati_5kg,2026-06-29,7,3360.0,480.0,34.55,0.0,False,False
HYDERABAD_STORE_004,SKU_002_IndiaGate_Basmati_5kg,2026-06-30,4,1920.0,480.0,33.09,0.0,False,False
HYDERABAD_STORE_004,SKU_002_IndiaGate_Basmati_5kg,2026-07-01,8,3840.0,480.0,27.25,0.0,False,False
HYDERABAD_STORE_004,SKU_002_IndiaGate_Basmati_5kg,2026-07-02,0,0.0,480.0,28.45,0.0,False,False
HYDERABAD_STORE_004,SKU_002_IndiaGate_Basmati_5kg,2026-07-03,7,3360.0,480.0,33.14,0.0,False,False
HYDERABAD_STORE_004,SKU_002_IndiaGate_Basmati_5kg,2026-07-04,10,4800.0,480.0,32.2,0.0,False,False
HYDERABAD_STORE_004,SKU_002_IndiaGate_Basmati_5kg,2026-07-05,6,2880.0,480.0,37.6,0.0,False,False
HYDERABAD_STORE_004,SKU_002_IndiaGate_Basmati_5kg,2026-07-06,5,2400.0,480.0,35.65,0.0,False,False
HYDERABAD_STORE_004,SKU_002_IndiaGate_Basmati_5kg,2026-07-07,11,5280.0,480.0,33.38,0.0,False,False
HYDERABAD_STORE_004,SKU_002_IndiaGate_Basmati_5kg,2026-07-08,7,3360.0,480.0,32.97,0.0,False,False
HYDERABAD_STORE_004,SKU_002_IndiaGate_Basmati_5kg,2026-07-09,4,1920.0,480.0,28.97,0.0,False,False
HYDERABAD_STORE_004,SKU_002_IndiaGate_Basmati_5kg,2026-07-10,9,4320.0,480.0,32.84,0.0,False,False
HYDERABAD_STORE_004,SKU_002_IndiaGate_Basmati_5kg,2026-07-11,6,2880.0,480.0,34.51,0.0,False,False
HYDERABAD_STORE_004,SKU_002_IndiaGate_Basmati_5kg,2026-07-12,15,7200.0,480.0,34.38,0.0,False,False
HYDERABAD_STORE_004,SKU_002_IndiaGate_Basmati_5kg,2026-07-13,7,3360.0,480.0,37.03,0.0,False,False
HYDERABAD_STORE_004,SKU_002_IndiaGate_Basmati_5kg,2026-07-14,7,3360.0,480.0,37.13,0.0,False,False
HYDERABAD_STORE_004,SKU_002_IndiaGate_Basmati_5kg,2026-07-15,6,2880.0,480.0,31.08,0.0,False,False
HYDERABAD_STORE_004,SKU_002_IndiaGate_Basmati_5kg,2026-07-16,10,4800.0,480.0,31.9,0.0,False,False
HYDERABAD_STORE_004,SKU_002_IndiaGate_Basmati_5kg,2026-07-17,12,5760.0,480.0,33.53,0.0,False,False
HYDERABAD_STORE_004,SKU_002_IndiaGate_Basmati_5kg,2026-07-18,12,5760.0,480.0,32.28,0.0,False,False
HYDERABAD_STORE_004,SKU_002_IndiaGate_Basmati_5kg,2026-07-19,9,4320.0,480.0,32.3,0.0,False,False
HYDERABAD_STORE_004,SKU_002_IndiaGate_Basmati_5kg,2026-07-20,9,4320.0,480.0,35.03,0.0,False,False
HYDERABAD_STORE_004,SKU_002_IndiaGate_Basmati_5kg,2026-07-21,10,4800.0,480.0,35.74,0.0,False,False
HYDERABAD_STORE_004,SKU_002_IndiaGate_Basmati_5kg,2026-07-22,10,4800.0,480.0,27.48,0.0,False,False
HYDERABAD_STORE_004,SKU_002_IndiaGate_Basmati_5kg,2026-07-23,5,2400.0,480.0,32.26,0.0,False,False
HYDERABAD_STORE_004,SKU_002_IndiaGate_Basmati_5kg,2026-07-24,5,2400.0,480.0,34.59,0.0,False,False
HYDERABAD_STORE_004,SKU_002_IndiaGate_Basmati_5kg,2026-07-25,9,4320.0,480.0,37.65,0.0,False,False
HYDERABAD_STORE_004,SKU_002_IndiaGate_Basmati_5kg,2026-07-26,9,4320.0,480.0,33.25,0.0,False,False
HYDERABAD_STORE_004,SKU_002_IndiaGate_Basmati_5kg,2026-07-27,19,9120.0,480.0,37.85,0.0,False,False
HYDERABAD_STORE_004,SKU_002_IndiaGate_Basmati_5kg,2026-07-28,9,4320.0,480.0,33.07,0.0,False,False
HYDERABAD_STORE_004,SKU_002_IndiaGate_Basmati_5kg,2026-07-29,10,4800.0,480.0,31.22,0.0,False,False
HYDERABAD_STORE_004,SKU_002_IndiaGate_Basmati_5kg,2026-07-30,10,4800.0,480.0,32.76,0.0,False,False
HYDERABAD_STORE_004,SKU_002_IndiaGate_Basmati_5kg,2026-07-31,10,4800.0,480.0,33.21,0.0,False,False
HYDERABAD_STORE_004,SKU_002_IndiaGate_Basmati_5kg,2026-08-01,8,3840.0,480.0,35.95,0.0,False,False
HYDERABAD_STORE_004,SKU_002_IndiaGate_Basmati_5kg,2026-08-02,12,5760.0,480.0,37.63,0.0,False,False
HYDERABAD_STORE_004,SKU_002_IndiaGate_Basmati_5kg,2026-08-03,10,4800.0,480.0,37.48,0.0,False,False
HYDERABAD_STORE_004,SKU_002_IndiaGate_Basmati_5kg,2026-08-04,13,6240.0,480.0,34.58,0.0,False,False
HYDERABAD_STORE_004,SKU_002_IndiaGate_Basmati_5kg,2026-08-05,8,3840.0,480.0,30.92,0.0,False,False
HYDERABAD_STORE_004,SKU_002_IndiaGate_Basmati_5kg,2026-08-06,4,1920.0,480.0,31.69,0.0,False,False
HYDERABAD_STORE_004,SKU_002_IndiaGate_Basmati_5kg,2026-08-07,7,3360.0,480.0,37.12,0.0,False,False
HYDERABAD_STORE_004,SKU_002_IndiaGate_Basmati_5kg,2026-08-08,9,4320.0,480.0,37.27,0.0,False,False
HYDERABAD_STORE_004,SKU_002_IndiaGate_Basmati_5kg,2026-08-09,11,5280.0,480.0,32.52,0.0,False,False
HYDERABAD_STORE_004,SKU_002_IndiaGate_Basmati_5kg,2026-08-10,8,3840.0,480.0,34.08,0.0,False,False
HYDERABAD_STORE_004,SKU_002_IndiaGate_Basmati_5kg,2026-08-11,8,3840.0,480.0,33.37,0.0,False,False
HYDERABAD_STORE_004,SKU_002_IndiaGate_Basmati_5kg,2026-08-12,9,4320.0,480.0,30.91,0.0,False,False
HYDERABAD_STORE_004,SKU_002_IndiaGate_Basmati_5kg,2026-08-13,8,3840.0,480.0,31.84,0.0,False,False
HYDERABAD_STORE_004,SKU_002_IndiaGate_Basmati_5kg,2026-08-14,9,4320.0,480.0,33.86,0.0,False,False
HYDERABAD_STORE_004,SKU_002_IndiaGate_Basmati_5kg,2026-08-15,9,4320.0,480.0,35.55,0.0,False,False
HYDERABAD_STORE_004,SKU_002_IndiaGate_Basmati_5kg,2026-08-16,5,2400.0,480.0,32.75,0.0,False,False
HYDERABAD_STORE_004,SKU_002_IndiaGate_Basmati_5kg,2026-08-17,6,2880.0,480.0,36.51,0.0,False,False
HYDERABAD_STORE_004,SKU_002_IndiaGate_Basmati_5kg,2026-08-18,12,5760.0,480.0,37.09,0.0,False,False
HYDERABAD_STORE_004,SKU_002_IndiaGate_Basmati_5kg,2026-08-19,8,3840.0,480.0,31.22,0.0,False,False
HYDERABAD_STORE_004,SKU_002_IndiaGate_Basmati_5kg,2026-08-20,6,2880.0,480.0,28.67,0.0,False,False
HYDERABAD_STORE_004,SKU_002_IndiaGate_Basmati_5kg,2026-08-21,9,4320.0,480.0,36.18,0.0,False,False
HYDERABAD_STORE_004,SKU_002_IndiaGate_Basmati_5kg,2026-08-22,9,4320.0,480.0,37.16,0.0,False,False
HYDERABAD_STORE_004,SKU_002_IndiaGate_Basmati_5kg,2026-08-23,12,5760.0,480.0,33.51,0.0,False,False
HYDERABAD_STORE_004,SKU_002_IndiaGate_Basmati_5kg,2026-08-24,9,4320.0,480.0,32.98,0.0,False,False
HYDERABAD_STORE_004,SKU_002_IndiaGate_Basmati_5kg,2026-08-25,11,5280.0,480.0,34.67,0.0,False,False
HYDERABAD_STORE_004,SKU_002_IndiaGate_Basmati_5kg,2026-08-26,9,4320.0,480.0,32.37,0.0,False,False
HYDERABAD_STORE_004,SKU_002_IndiaGate_Basmati_5kg,2026-08-27,10,4800.0,480.0,29.59,0.0,False,False
HYDERABAD_STORE_004,SKU_002_IndiaGate_Basmati_5kg,2026-08-28,12,5760.0,480.0,33.13,0.0,False,False
HYDERABAD_STORE_004,SKU_002_IndiaGate_Basmati_5kg,2026-08-29,13,6240.0,480.0,37.15,0.0,False,False
HYDERABAD_STORE_004,SKU_003_Fortune_Sunflower_Oil_1L,2026-05-31,34,4930.0,145.0,32.78,0.0,False,False
HYDERABAD_STORE_004,SKU_003_Fortune_Sunflower_Oil_1L,2026-06-01,32,4640.0,145.0,27.92,0.0,False,False
HYDERABAD_STORE_004,SKU_003_Fortune_Sunflower_Oil_1L,2026-06-02,14,2030.0,145.0,28.3,0.0,False,False
HYDERABAD_STORE_004,SKU_003_Fortune_Sunflower_Oil_1L,2026-06-03,23,3335.0,145.0,26.45,0.0,False,False
HYDERABAD_STORE_004,SKU_003_Fortune_Sunflower_Oil_1L,2026-06-04,18,2610.0,145.0,27.19,0.0,False,False
HYDERABAD_STORE_004,SKU_003_Fortune_Sunflower_Oil_1L,2026-06-05,20,2900.0,145.0,27.56,0.0,False,False
HYDERABAD_STORE_004,SKU_003_Fortune_Sunflower_Oil_1L,2026-06-06,34,4930.0,145.0,32.38,0.0,False,False
HYDERABAD_STORE_004,SKU_003_Fortune_Sunflower_Oil_1L,2026-06-07,36,5220.0,145.0,30.27,0.0,False,False
HYDERABAD_STORE_004,SKU_003_Fortune_Sunflower_Oil_1L,2026-06-08,31,4495.0,145.0,30.44,0.0,False,False
HYDERABAD_STORE_004,SKU_003_Fortune_Sunflower_Oil_1L,2026-06-09,21,3045.0,145.0,30.95,0.0,False,False
HYDERABAD_STORE_004,SKU_003_Fortune_Sunflower_Oil_1L,2026-06-10,24,3480.0,145.0,23.2,0.0,False,False
HYDERABAD_STORE_004,SKU_003_Fortune_Sunflower_Oil_1L,2026-06-11,18,2610.0,145.0,25.11,0.0,False,False
HYDERABAD_STORE_004,SKU_003_Fortune_Sunflower_Oil_1L,2026-06-12,24,3480.0,145.0,27.24,0.0,False,False
HYDERABAD_STORE_004,SKU_003_Fortune_Sunflower_Oil_1L,2026-06-13,45,6525.0,145.0,32.3,0.0,False,False
HYDERABAD_STORE_004,SKU_003_Fortune_Sunflower_Oil_1L,2026-06-14,28,4060.0,145.0,27.19,0.0,False,False
HYDERABAD_STORE_004,SKU_003_Fortune_Sunflower_Oil_1L,2026-06-15,38,5510.0,145.0,27.39,0.0,False,False
HYDERABAD_STORE_004,SKU_003_Fortune_Sunflower_Oil_1L,2026-06-16,28,4060.0,145.0,31.36,0.0,False,False
HYDERABAD_STORE_004,SKU_003_Fortune_Sunflower_Oil_1L,2026-06-17,16,2320.0,145.0,23.69,0.0,False,False
HYDERABAD_STORE_004,SKU_003_Fortune_Sunflower_Oil_1L,2026-06-18,27,3915.0,145.0,22.62,0.0,False,False
HYDERABAD_STORE_004,SKU_003_Fortune_Sunflower_Oil_1L,2026-06-19,22,3190.0,145.0,31.42,0.0,False,False
HYDERABAD_STORE_004,SKU_003_Fortune_Sunflower_Oil_1L,2026-06-20,29,4205.0,145.0,28.06,0.0,False,False
HYDERABAD_STORE_004,SKU_003_Fortune_Sunflower_Oil_1L,2026-06-21,30,4350.0,145.0,30.68,0.0,False,False
HYDERABAD_STORE_004,SKU_003_Fortune_Sunflower_Oil_1L,2026-06-22,25,3625.0,145.0,31.54,0.0,False,False
HYDERABAD_STORE_004,SKU_003_Fortune_Sunflower_Oil_1L,2026-06-23,20,2900.0,145.0,28.66,0.0,False,False
HYDERABAD_STORE_004,SKU_003_Fortune_Sunflower_Oil_1L,2026-06-24,24,3480.0,145.0,22.69,0.0,False,False
HYDERABAD_STORE_004,SKU_003_Fortune_Sunflower_Oil_1L,2026-06-25,26,3770.0,145.0,23.28,0.0,False,False
HYDERABAD_STORE_004,SKU_003_Fortune_Sunflower_Oil_1L,2026-06-26,23,3335.0,145.0,31.74,0.0,False,False
HYDERABAD_STORE_004,SKU_003_Fortune_Sunflower_Oil_1L,2026-06-27,18,2610.0,145.0,32.54,0.0,False,False
HYDERABAD_STORE_004,SKU_003_Fortune_Sunflower_Oil_1L,2026-06-28,39,5655.0,145.0,32.97,0.0,False,False
HYDERABAD_STORE_004,SKU_003_Fortune_Sunflower_Oil_1L,2026-06-29,23,3335.0,145.0,32.79,0.0,False,False
HYDERABAD_STORE_004,SKU_003_Fortune_Sunflower_Oil_1L,2026-06-30,21,3045.0,145.0,27.48,0.0,False,False
HYDERABAD_STORE_004,SKU_003_Fortune_Sunflower_Oil_1L,2026-07-01,23,3335.0,145.0,24.04,0.0,False,False
HYDERABAD_STORE_004,SKU_003_Fortune_Sunflower_Oil_1L,2026-07-02,28,4060.0,145.0,25.73,0.0,False,False
HYDERABAD_STORE_004,SKU_003_Fortune_Sunflower_Oil_1L,2026-07-03,21,3045.0,145.0,30.46,0.0,False,False
HYDERABAD_STORE_004,SKU_003_Fortune_Sunflower_Oil_1L,2026-07-04,33,4785.0,145.0,30.57,0.0,False,False
HYDERABAD_STORE_004,SKU_003_Fortune_Sunflower_Oil_1L,2026-07-05,33,4785.0,145.0,27.66,0.0,False,False
HYDERABAD_STORE_004,SKU_003_Fortune_Sunflower_Oil_1L,2026-07-06,21,3045.0,145.0,31.45,0.0,False,False
HYDERABAD_STORE_004,SKU_003_Fortune_Sunflower_Oil_1L,2026-07-07,25,3625.0,145.0,30.97,0.0,False,False
HYDERABAD_STORE_004,SKU_003_Fortune_Sunflower_Oil_1L,2026-07-08,25,3625.0,145.0,25.87,0.0,False,False
HYDERABAD_STORE_004,SKU_003_Fortune_Sunflower_Oil_1L,2026-07-09,25,3625.0,145.0,24.14,0.0,False,False
HYDERABAD_STORE_004,SKU_003_Fortune_Sunflower_Oil_1L,2026-07-10,25,3625.0,145.0,27.57,0.0,False,False
HYDERABAD_STORE_004,SKU_003_Fortune_Sunflower_Oil_1L,2026-07-11,27,3915.0,145.0,28.68,0.0,False,False
HYDERABAD_STORE_004,SKU_003_Fortune_Sunflower_Oil_1L,2026-07-12,33,4785.0,145.0,32.85,0.0,False,False
HYDERABAD_STORE_004,SKU_003_Fortune_Sunflower_Oil_1L,2026-07-13,23,3335.0,145.0,32.91,0.0,False,False
HYDERABAD_STORE_004,SKU_003_Fortune_Sunflower_Oil_1L,2026-07-14,19,2755.0,145.0,29.07,0.0,False,False
HYDERABAD_STORE_004,SKU_003_Fortune_Sunflower_Oil_1L,2026-07-15,25,3625.0,145.0,24.73,0.0,False,False
HYDERABAD_STORE_004,SKU_003_Fortune_Sunflower_Oil_1L,2026-07-16,27,3915.0,145.0,24.99,0.0,False,False
HYDERABAD_STORE_004,SKU_003_Fortune_Sunflower_Oil_1L,2026-07-17,26,3770.0,145.0,32.37,0.0,False,False
HYDERABAD_STORE_004,SKU_003_Fortune_Sunflower_Oil_1L,2026-07-18,27,3915.0,145.0,28.4,0.0,False,False
HYDERABAD_STORE_004,SKU_003_Fortune_Sunflower_Oil_1L,2026-07-19,25,3625.0,145.0,29.45,0.0,False,False
HYDERABAD_STORE_004,SKU_003_Fortune_Sunflower_Oil_1L,2026-07-20,20,2900.0,145.0,30.49,0.0,False,False
HYDERABAD_STORE_004,SKU_003_Fortune_Sunflower_Oil_1L,2026-07-21,14,2030.0,145.0,29.8,0.0,False,False
HYDERABAD_STORE_004,SKU_003_Fortune_Sunflower_Oil_1L,2026-07-22,33,4785.0,145.0,25.18,0.0,False,False
HYDERABAD_STORE_004,SKU_003_Fortune_Sunflower_Oil_1L,2026-07-23,12,1740.0,145.0,24.18,0.0,False,False
HYDERABAD_STORE_004,SKU_003_Fortune_Sunflower_Oil_1L,2026-07-24,20,2900.0,145.0,30.84,0.0,False,False
HYDERABAD_STORE_004,SKU_003_Fortune_Sunflower_Oil_1L,2026-07-25,33,4785.0,145.0,30.02,0.0,False,False
HYDERABAD_STORE_004,SKU_003_Fortune_Sunflower_Oil_1L,2026-07-26,34,4930.0,145.0,28.11,0.0,False,False
HYDERABAD_STORE_004,SKU_003_Fortune_Sunflower_Oil_1L,2026-07-27,23,3335.0,145.0,30.98,0.0,False,False
HYDERABAD_STORE_004,SKU_003_Fortune_Sunflower_Oil_1L,2026-07-28,25,3625.0,145.0,29.79,0.0,False,False
HYDERABAD_STORE_004,SKU_003_Fortune_Sunflower_Oil_1L,2026-07-29,13,1885.0,145.0,27.01,0.0,False,False
HYDERABAD_STORE_004,SKU_003_Fortune_Sunflower_Oil_1L,2026-07-30,22,3190.0,145.0,27.65,0.0,False,False
HYDERABAD_STORE_004,SKU_003_Fortune_Sunflower_Oil_1L,2026-07-31,25,3625.0,145.0,28.66,0.0,False,False
HYDERABAD_STORE_004,SKU_003_Fortune_Sunflower_Oil_1L,2026-08-01,36,5220.0,145.0,32.4,0.0,False,False
HYDERABAD_STORE_004,SKU_003_Fortune_Sunflower_Oil_1L,2026-08-02,25,3625.0,145.0,30.05,0.0,False,False
HYDERABAD_STORE_004,SKU_003_Fortune_Sunflower_Oil_1L,2026-08-03,23,3335.0,145.0,31.64,0.0,False,False
HYDERABAD_STORE_004,SKU_003_Fortune_Sunflower_Oil_1L,2026-08-04,25,3625.0,145.0,29.83,0.0,False,False
HYDERABAD_STORE_004,SKU_003_Fortune_Sunflower_Oil_1L,2026-08-05,24,3480.0,145.0,25.11,0.0,False,False
HYDERABAD_STORE_004,SKU_003_Fortune_Sunflower_Oil_1L,2026-08-06,22,3190.0,145.0,25.53,0.0,False,False
HYDERABAD_STORE_004,SKU_003_Fortune_Sunflower_Oil_1L,2026-08-07,25,3625.0,145.0,32.6,0.0,False,False
HYDERABAD_STORE_004,SKU_003_Fortune_Sunflower_Oil_1L,2026-08-08,32,4640.0,145.0,31.39,0.0,False,False
HYDERABAD_STORE_004,SKU_003_Fortune_Sunflower_Oil_1L,2026-08-09,35,5075.0,145.0,30.87,0.0,False,False
HYDERABAD_STORE_004,SKU_003_Fortune_Sunflower_Oil_1L,2026-08-10,30,4350.0,145.0,31.48,0.0,False,False
HYDERABAD_STORE_004,SKU_003_Fortune_Sunflower_Oil_1L,2026-08-11,19,2755.0,145.0,28.56,0.0,False,False
HYDERABAD_STORE_004,SKU_003_Fortune_Sunflower_Oil_1L,2026-08-12,26,3770.0,145.0,24.06,0.0,False,False
HYDERABAD_STORE_004,SKU_003_Fortune_Sunflower_Oil_1L,2026-08-13,21,3045.0,145.0,23.65,0.0,False,False
HYDERABAD_STORE_004,SKU_003_Fortune_Sunflower_Oil_1L,2026-08-14,27,3915.0,145.0,27.84,0.0,False,False
HYDERABAD_STORE_004,SKU_003_Fortune_Sunflower_Oil_1L,2026-08-15,28,4060.0,145.0,31.22,0.0,False,False
HYDERABAD_STORE_004,SKU_003_Fortune_Sunflower_Oil_1L,2026-08-16,36,5220.0,145.0,28.0,0.0,False,False
HYDERABAD_STORE_004,SKU_003_Fortune_Sunflower_Oil_1L,2026-08-17,18,2610.0,145.0,28.81,0.0,False,False
HYDERABAD_STORE_004,SKU_003_Fortune_Sunflower_Oil_1L,2026-08-18,28,4060.0,145.0,27.68,0.0,False,False
HYDERABAD_STORE_004,SKU_003_Fortune_Sunflower_Oil_1L,2026-08-19,19,2755.0,145.0,23.21,0.0,False,False
HYDERABAD_STORE_004,SKU_003_Fortune_Sunflower_Oil_1L,2026-08-20,15,2175.0,145.0,23.21,0.0,False,False
HYDERABAD_STORE_004,SKU_003_Fortune_Sunflower_Oil_1L,2026-08-21,32,4640.0,145.0,28.24,0.0,False,False
HYDERABAD_STORE_004,SKU_003_Fortune_Sunflower_Oil_1L,2026-08-22,34,4930.0,145.0,29.14,0.0,False,False
HYDERABAD_STORE_004,SKU_003_Fortune_Sunflower_Oil_1L,2026-08-23,35,5075.0,145.0,29.19,0.0,False,False
HYDERABAD_STORE_004,SKU_003_Fortune_Sunflower_Oil_1L,2026-08-24,25,3625.0,145.0,29.51,0.0,False,False
HYDERABAD_STORE_004,SKU_003_Fortune_Sunflower_Oil_1L,2026-08-25,23,3335.0,145.0,27.75,0.0,False,False
HYDERABAD_STORE_004,SKU_003_Fortune_Sunflower_Oil_1L,2026-08-26,20,2900.0,145.0,24.73,0.0,False,False
HYDERABAD_STORE_004,SKU_003_Fortune_Sunflower_Oil_1L,2026-08-27,24,3480.0,145.0,24.31,0.0,False,False
HYDERABAD_STORE_004,SKU_003_Fortune_Sunflower_Oil_1L,2026-08-28,15,2175.0,145.0,32.88,0.0,False,False
HYDERABAD_STORE_004,SKU_003_Fortune_Sunflower_Oil_1L,2026-08-29,33,4785.0,145.0,30.99,0.0,False,False
HYDERABAD_STORE_004,SKU_004_Amul_Butter_500g,2026-05-31,24,6600.0,275.0,33.38,0.0,False,False
HYDERABAD_STORE_004,SKU_004_Amul_Butter_500g,2026-06-01,15,4125.0,275.0,32.4,0.0,False,False
HYDERABAD_STORE_004,SKU_004_Amul_Butter_500g,2026-06-02,12,3300.0,275.0,35.45,0.0,False,False
HYDERABAD_STORE_004,SKU_004_Amul_Butter_500g,2026-06-03,18,4950.0,275.0,31.9,0.0,False,False
HYDERABAD_STORE_004,SKU_004_Amul_Butter_500g,2026-06-04,13,3575.0,275.0,30.62,0.0,False,False
HYDERABAD_STORE_004,SKU_004_Amul_Butter_500g,2026-06-05,14,3850.0,275.0,35.44,0.0,False,False
HYDERABAD_STORE_004,SKU_004_Amul_Butter_500g,2026-06-06,31,8525.0,275.0,33.95,0.0,False,False
HYDERABAD_STORE_004,SKU_004_Amul_Butter_500g,2026-06-07,25,6875.0,275.0,32.99,0.0,False,False
HYDERABAD_STORE_004,SKU_004_Amul_Butter_500g,2026-06-08,20,5500.0,275.0,33.17,0.0,False,False
HYDERABAD_STORE_004,SKU_004_Amul_Butter_500g,2026-06-09,9,2475.0,275.0,37.69,0.0,False,False
HYDERABAD_STORE_004,SKU_004_Amul_Butter_500g,2026-06-10,12,3300.0,275.0,28.91,0.0,False,False
HYDERABAD_STORE_004,SKU_004_Amul_Butter_500g,2026-06-11,30,8250.0,275.0,31.52,0.0,False,False
HYDERABAD_STORE_004,SKU_004_Amul_Butter_500g,2026-06-12,18,4950.0,275.0,33.67,0.0,False,False
HYDERABAD_STORE_004,SKU_004_Amul_Butter_500g,2026-06-13,20,5500.0,275.0,36.6,0.0,False,False
HYDERABAD_STORE_004,SKU_004_Amul_Butter_500g,2026-06-14,36,9900.0,275.0,32.5,0.0,False,False
HYDERABAD_STORE_004,SKU_004_Amul_Butter_500g,2026-06-15,26,7150.0,275.0,36.82,0.0,False,False
HYDERABAD_STORE_004,SKU_004_Amul_Butter_500g,2026-06-16,12,3300.0,275.0,36.32,0.0,False,False
HYDERABAD_STORE_004,SKU_004_Amul_Butter_500g,2026-06-17,16,4400.0,275.0,31.5,0.0,False,False
HYDERABAD_STORE_004,SKU_004_Amul_Butter_500g,2026-06-18,10,2750.0,275.0,29.25,0.0,False,False
HYDERABAD_STORE_004,SKU_004_Amul_Butter_500g,2026-06-19,15,4125.0,275.0,33.32,0.0,False,False
HYDERABAD_STORE_004,SKU_004_Amul_Butter_500g,2026-06-20,28,7700.0,275.0,34.6,0.0,False,False
HYDERABAD_STORE_004,SKU_004_Amul_Butter_500g,2026-06-21,29,7975.0,275.0,33.97,0.0,False,False
HYDERABAD_STORE_004,SKU_004_Amul_Butter_500g,2026-06-22,25,6875.0,275.0,34.55,0.0,False,False
HYDERABAD_STORE_004,SKU_004_Amul_Butter_500g,2026-06-23,14,3850.0,275.0,35.53,0.0,False,False
HYDERABAD_STORE_004,SKU_004_Amul_Butter_500g,2026-06-24,18,4950.0,275.0,29.61,0.0,False,False
HYDERABAD_STORE_004,SKU_004_Amul_Butter_500g,2026-06-25,18,4950.0,275.0,31.35,0.0,False,False
HYDERABAD_STORE_004,SKU_004_Amul_Butter_500g,2026-06-26,20,5500.0,275.0,36.69,0.0,False,False
HYDERABAD_STORE_004,SKU_004_Amul_Butter_500g,2026-06-27,28,7700.0,275.0,37.12,0.0,False,False
HYDERABAD_STORE_004,SKU_004_Amul_Butter_500g,2026-06-28,25,6875.0,275.0,33.59,0.0,False,False
HYDERABAD_STORE_004,SKU_004_Amul_Butter_500g,2026-06-29,13,3575.0,275.0,35.63,0.0,False,False
HYDERABAD_STORE_004,SKU_004_Amul_Butter_500g,2026-06-30,18,4950.0,275.0,34.38,0.0,False,False
HYDERABAD_STORE_004,SKU_004_Amul_Butter_500g,2026-07-01,14,3850.0,275.0,27.23,0.0,False,False
HYDERABAD_STORE_004,SKU_004_Amul_Butter_500g,2026-07-02,20,5500.0,275.0,32.88,0.0,False,False
HYDERABAD_STORE_004,SKU_004_Amul_Butter_500g,2026-07-03,23,6325.0,275.0,35.26,0.0,False,False
HYDERABAD_STORE_004,SKU_004_Amul_Butter_500g,2026-07-04,39,10725.0,275.0,36.05,0.0,False,False
HYDERABAD_STORE_004,SKU_004_Amul_Butter_500g,2026-07-05,23,6325.0,275.0,36.03,0.0,False,False
HYDERABAD_STORE_004,SKU_004_Amul_Butter_500g,2026-07-06,21,5775.0,275.0,35.8,0.0,False,False
HYDERABAD_STORE_004,SKU_004_Amul_Butter_500g,2026-07-07,16,4400.0,275.0,34.26,0.0,False,False
HYDERABAD_STORE_004,SKU_004_Amul_Butter_500g,2026-07-08,18,4950.0,275.0,28.42,0.0,False,False
HYDERABAD_STORE_004,SKU_004_Amul_Butter_500g,2026-07-09,15,4125.0,275.0,29.4,0.0,False,False
HYDERABAD_STORE_004,SKU_004_Amul_Butter_500g,2026-07-10,16,4400.0,275.0,32.6,0.0,False,False
HYDERABAD_STORE_004,SKU_004_Amul_Butter_500g,2026-07-11,19,5225.0,275.0,36.51,0.0,False,False
HYDERABAD_STORE_004,SKU_004_Amul_Butter_500g,2026-07-12,26,7150.0,275.0,37.91,0.0,False,False
HYDERABAD_STORE_004,SKU_004_Amul_Butter_500g,2026-07-13,17,4675.0,275.0,35.36,0.0,False,False
HYDERABAD_STORE_004,SKU_004_Amul_Butter_500g,2026-07-14,16,4400.0,275.0,32.87,0.0,False,False
HYDERABAD_STORE_004,SKU_004_Amul_Butter_500g,2026-07-15,17,4675.0,275.0,29.34,0.0,False,False
HYDERABAD_STORE_004,SKU_004_Amul_Butter_500g,2026-07-16,13,3575.0,275.0,30.94,0.0,False,False
HYDERABAD_STORE_004,SKU_004_Amul_Butter_500g,2026-07-17,22,6050.0,275.0,35.0,0.0,False,False
HYDERABAD_STORE_004,SKU_004_Amul_Butter_500g,2026-07-18,27,7425.0,275.0,36.02,0.0,False,False
HYDERABAD_STORE_004,SKU_004_Amul_Butter_500g,2026-07-19,41,11275.0,275.0,32.66,0.0,False,False
HYDERABAD_STORE_004,SKU_004_Amul_Butter_500g,2026-07-20,25,6875.0,275.0,36.31,0.0,False,False
HYDERABAD_STORE_004,SKU_004_Amul_Butter_500g,2026-07-21,24,6600.0,275.0,37.13,0.0,False,False
HYDERABAD_STORE_004,SKU_004_Amul_Butter_500g,2026-07-22,12,3300.0,275.0,29.71,0.0,False,False
HYDERABAD_STORE_004,SKU_004_Amul_Butter_500g,2026-07-23,8,2200.0,275.0,32.8,0.0,False,False
HYDERABAD_STORE_004,SKU_004_Amul_Butter_500g,2026-07-24,15,4125.0,275.0,33.98,0.0,False,False
HYDERABAD_STORE_004,SKU_004_Amul_Butter_500g,2026-07-25,22,6050.0,275.0,33.99,0.0,False,False
HYDERABAD_STORE_004,SKU_004_Amul_Butter_500g,2026-07-26,29,7975.0,275.0,37.71,0.0,False,False
HYDERABAD_STORE_004,SKU_004_Amul_Butter_500g,2026-07-27,20,5500.0,275.0,33.41,0.0,False,False
HYDERABAD_STORE_004,SKU_004_Amul_Butter_500g,2026-07-28,21,5775.0,275.0,32.72,0.0,False,False
HYDERABAD_STORE_004,SKU_004_Amul_Butter_500g,2026-07-29,17,4675.0,275.0,27.58,0.0,False,False
HYDERABAD_STORE_004,SKU_004_Amul_Butter_500g,2026-07-30,14,3850.0,275.0,32.12,0.0,False,False
HYDERABAD_STORE_004,SKU_004_Amul_Butter_500g,2026-07-31,19,5225.0,275.0,35.97,0.0,False,False
HYDERABAD_STORE_004,SKU_004_Amul_Butter_500g,2026-08-01,22,6050.0,275.0,33.76,0.0,False,False
HYDERABAD_STORE_004,SKU_004_Amul_Butter_500g,2026-08-02,23,6325.0,275.0,34.31,0.0,False,False
HYDERABAD_STORE_004,SKU_004_Amul_Butter_500g,2026-08-03,17,4675.0,275.0,33.78,0.0,False,False
HYDERABAD_STORE_004,SKU_004_Amul_Butter_500g,2026-08-04,19,5225.0,275.0,32.19,0.0,False,False
HYDERABAD_STORE_004,SKU_004_Amul_Butter_500g,2026-08-05,14,3850.0,275.0,28.8,0.0,False,False
HYDERABAD_STORE_004,SKU_004_Amul_Butter_500g,2026-08-06,18,4950.0,275.0,28.43,0.0,False,False
HYDERABAD_STORE_004,SKU_004_Amul_Butter_500g,2026-08-07,20,5500.0,275.0,36.31,0.0,False,False
HYDERABAD_STORE_004,SKU_004_Amul_Butter_500g,2026-08-08,37,10175.0,275.0,32.16,0.0,False,False
HYDERABAD_STORE_004,SKU_004_Amul_Butter_500g,2026-08-09,29,7975.0,275.0,35.53,0.0,False,False
HYDERABAD_STORE_004,SKU_004_Amul_Butter_500g,2026-08-10,22,6050.0,275.0,33.15,0.0,False,False
HYDERABAD_STORE_004,SKU_004_Amul_Butter_500g,2026-08-11,14,3850.0,275.0,32.13,0.0,False,False
HYDERABAD_STORE_004,SKU_004_Amul_Butter_500g,2026-08-12,19,5225.0,275.0,31.52,0.0,False,False
HYDERABAD_STORE_004,SKU_004_Amul_Butter_500g,2026-08-13,20,5500.0,275.0,32.94,0.0,False,False
HYDERABAD_STORE_004,SKU_004_Amul_Butter_500g,2026-08-14,13,3575.0,275.0,32.3,0.0,False,False
HYDERABAD_STORE_004,SKU_004_Amul_Butter_500g,2026-08-15,23,6325.0,275.0,32.62,0.0,False,False
HYDERABAD_STORE_004,SKU_004_Amul_Butter_500g,2026-08-16,33,9075.0,275.0,36.16,0.0,False,False
HYDERABAD_STORE_004,SKU_004_Amul_Butter_500g,2026-08-17,18,4950.0,275.0,34.12,0.0,False,False
HYDERABAD_STORE_004,SKU_004_Amul_Butter_500g,2026-08-18,14,3850.0,275.0,36.27,0.0,False,False
HYDERABAD_STORE_004,SKU_004_Amul_Butter_500g,2026-08-19,14,3850.0,275.0,31.12,0.0,False,False
HYDERABAD_STORE_004,SKU_004_Amul_Butter_500g,2026-08-20,12,3300.0,275.0,27.59,0.0,False,False
HYDERABAD_STORE_004,SKU_004_Amul_Butter_500g,2026-08-21,16,4400.0,275.0,37.1,0.0,False,False
HYDERABAD_STORE_004,SKU_004_Amul_Butter_500g,2026-08-22,24,6600.0,275.0,33.07,0.0,False,False
HYDERABAD_STORE_004,SKU_004_Amul_Butter_500g,2026-08-23,27,7425.0,275.0,37.46,0.0,False,False
HYDERABAD_STORE_004,SKU_004_Amul_Butter_500g,2026-08-24,19,5225.0,275.0,36.6,0.0,False,False
HYDERABAD_STORE_004,SKU_004_Amul_Butter_500g,2026-08-25,14,3850.0,275.0,34.05,0.0,False,False
HYDERABAD_STORE_004,SKU_004_Amul_Butter_500g,2026-08-26,17,4675.0,275.0,30.5,0.0,False,False
HYDERABAD_STORE_004,SKU_004_Amul_Butter_500g,2026-08-27,22,6050.0,275.0,32.46,0.0,False,False
HYDERABAD_STORE_004,SKU_004_Amul_Butter_500g,2026-08-28,21,5775.0,275.0,36.19,0.0,False,False
HYDERABAD_STORE_004,SKU_004_Amul_Butter_500g,2026-08-29,26,7150.0,275.0,34.48,0.0,False,False
HYDERABAD_STORE_004,SKU_005_Tata_Tea_Gold_500g,2026-05-31,15,4800.0,320.0,25.24,0.0,False,False
HYDERABAD_STORE_004,SKU_005_Tata_Tea_Gold_500g,2026-06-01,6,1920.0,320.0,22.52,0.0,False,False
HYDERABAD_STORE_004,SKU_005_Tata_Tea_Gold_500g,2026-06-02,16,5120.0,320.0,24.66,0.0,False,False
HYDERABAD_STORE_004,SKU_005_Tata_Tea_Gold_500g,2026-06-03,18,5760.0,320.0,18.26,0.0,False,False
HYDERABAD_STORE_004,SKU_005_Tata_Tea_Gold_500g,2026-06-04,13,4160.0,320.0,20.16,0.0,False,False
HYDERABAD_STORE_004,SKU_005_Tata_Tea_Gold_500g,2026-06-05,13,4160.0,320.0,22.29,0.0,False,False
HYDERABAD_STORE_004,SKU_005_Tata_Tea_Gold_500g,2026-06-06,17,5440.0,320.0,22.49,0.0,False,False
HYDERABAD_STORE_004,SKU_005_Tata_Tea_Gold_500g,2026-06-07,10,3200.0,320.0,24.45,0.0,False,False
HYDERABAD_STORE_004,SKU_005_Tata_Tea_Gold_500g,2026-06-08,13,4160.0,320.0,22.89,0.0,False,False
HYDERABAD_STORE_004,SKU_005_Tata_Tea_Gold_500g,2026-06-09,13,4160.0,320.0,25.54,0.0,False,False
HYDERABAD_STORE_004,SKU_005_Tata_Tea_Gold_500g,2026-06-10,7,2240.0,320.0,22.59,0.0,False,False
HYDERABAD_STORE_004,SKU_005_Tata_Tea_Gold_500g,2026-06-11,16,5120.0,320.0,21.24,0.0,False,False
HYDERABAD_STORE_004,SKU_005_Tata_Tea_Gold_500g,2026-06-12,12,3840.0,320.0,22.63,0.0,False,False
HYDERABAD_STORE_004,SKU_005_Tata_Tea_Gold_500g,2026-06-13,18,5760.0,320.0,26.85,0.0,False,False
HYDERABAD_STORE_004,SKU_005_Tata_Tea_Gold_500g,2026-06-14,15,4800.0,320.0,24.07,0.0,False,False
HYDERABAD_STORE_004,SKU_005_Tata_Tea_Gold_500g,2026-06-15,13,4160.0,320.0,22.65,0.0,False,False
HYDERABAD_STORE_004,SKU_005_Tata_Tea_Gold_500g,2026-06-16,6,1920.0,320.0,22.32,0.0,False,False
HYDERABAD_STORE_004,SKU_005_Tata_Tea_Gold_500g,2026-06-17,10,3200.0,320.0,18.82,0.0,False,False
HYDERABAD_STORE_004,SKU_005_Tata_Tea_Gold_500g,2026-06-18,7,2240.0,320.0,22.56,0.0,False,False
HYDERABAD_STORE_004,SKU_005_Tata_Tea_Gold_500g,2026-06-19,12,3840.0,320.0,24.63,0.0,False,False
HYDERABAD_STORE_004,SKU_005_Tata_Tea_Gold_500g,2026-06-20,21,6720.0,320.0,23.31,0.0,False,False
HYDERABAD_STORE_004,SKU_005_Tata_Tea_Gold_500g,2026-06-21,19,6080.0,320.0,24.87,0.0,False,False
HYDERABAD_STORE_004,SKU_005_Tata_Tea_Gold_500g,2026-06-22,12,3840.0,320.0,27.26,0.0,False,False
HYDERABAD_STORE_004,SKU_005_Tata_Tea_Gold_500g,2026-06-23,21,6720.0,320.0,27.74,0.0,False,False
HYDERABAD_STORE_004,SKU_005_Tata_Tea_Gold_500g,2026-06-24,10,3200.0,320.0,21.01,0.0,False,False
HYDERABAD_STORE_004,SKU_005_Tata_Tea_Gold_500g,2026-06-25,7,2240.0,320.0,17.09,0.0,False,False
HYDERABAD_STORE_004,SKU_005_Tata_Tea_Gold_500g,2026-06-26,14,4480.0,320.0,22.92,0.0,False,False
HYDERABAD_STORE_004,SKU_005_Tata_Tea_Gold_500g,2026-06-27,10,3200.0,320.0,23.27,0.0,False,False
HYDERABAD_STORE_004,SKU_005_Tata_Tea_Gold_500g,2026-06-28,16,5120.0,320.0,25.46,0.0,False,False
HYDERABAD_STORE_004,SKU_005_Tata_Tea_Gold_500g,2026-06-29,9,2880.0,320.0,22.0,0.0,False,False
HYDERABAD_STORE_004,SKU_005_Tata_Tea_Gold_500g,2026-06-30,6,1920.0,320.0,23.88,0.0,False,False
HYDERABAD_STORE_004,SKU_005_Tata_Tea_Gold_500g,2026-07-01,8,2560.0,320.0,17.42,0.0,False,False
HYDERABAD_STORE_004,SKU_005_Tata_Tea_Gold_500g,2026-07-02,12,3840.0,320.0,20.77,0.0,False,False
HYDERABAD_STORE_004,SKU_005_Tata_Tea_Gold_500g,2026-07-03,10,3200.0,320.0,24.41,0.0,False,False
HYDERABAD_STORE_004,SKU_005_Tata_Tea_Gold_500g,2026-07-04,17,5440.0,320.0,23.89,0.0,False,False
HYDERABAD_STORE_004,SKU_005_Tata_Tea_Gold_500g,2026-07-05,25,8000.0,320.0,27.6,0.0,False,False
HYDERABAD_STORE_004,SKU_005_Tata_Tea_Gold_500g,2026-07-06,10,3200.0,320.0,23.25,0.0,False,False
HYDERABAD_STORE_004,SKU_005_Tata_Tea_Gold_500g,2026-07-07,10,3200.0,320.0,23.76,0.0,False,False
HYDERABAD_STORE_004,SKU_005_Tata_Tea_Gold_500g,2026-07-08,8,2560.0,320.0,18.67,0.0,False,False
HYDERABAD_STORE_004,SKU_005_Tata_Tea_Gold_500g,2026-07-09,16,5120.0,320.0,20.32,0.0,False,False
HYDERABAD_STORE_004,SKU_005_Tata_Tea_Gold_500g,2026-07-10,12,3840.0,320.0,23.83,0.0,False,False
HYDERABAD_STORE_004,SKU_005_Tata_Tea_Gold_500g,2026-07-11,23,7360.0,320.0,27.23,0.0,False,False
HYDERABAD_STORE_004,SKU_005_Tata_Tea_Gold_500g,2026-07-12,10,3200.0,320.0,26.17,0.0,False,False
HYDERABAD_STORE_004,SKU_005_Tata_Tea_Gold_500g,2026-07-13,12,3840.0,320.0,26.79,0.0,False,False
HYDERABAD_STORE_004,SKU_005_Tata_Tea_Gold_500g,2026-07-14,11,3520.0,320.0,22.37,0.0,False,False
HYDERABAD_STORE_004,SKU_005_Tata_Tea_Gold_500g,2026-07-15,17,5440.0,320.0,18.63,0.0,False,False
HYDERABAD_STORE_004,SKU_005_Tata_Tea_Gold_500g,2026-07-16,9,2880.0,320.0,20.43,0.0,False,False
HYDERABAD_STORE_004,SKU_005_Tata_Tea_Gold_500g,2026-07-17,13,4160.0,320.0,27.41,0.0,False,False
HYDERABAD_STORE_004,SKU_005_Tata_Tea_Gold_500g,2026-07-18,22,7040.0,320.0,23.28,0.0,False,False
HYDERABAD_STORE_004,SKU_005_Tata_Tea_Gold_500g,2026-07-19,13,4160.0,320.0,22.67,0.0,False,False
HYDERABAD_STORE_004,SKU_005_Tata_Tea_Gold_500g,2026-07-20,9,2880.0,320.0,23.56,0.0,False,False
HYDERABAD_STORE_004,SKU_005_Tata_Tea_Gold_500g,2026-07-21,15,4800.0,320.0,22.91,0.0,False,False
HYDERABAD_STORE_004,SKU_005_Tata_Tea_Gold_500g,2026-07-22,14,4480.0,320.0,20.64,0.0,False,False
HYDERABAD_STORE_004,SKU_005_Tata_Tea_Gold_500g,2026-07-23,10,3200.0,320.0,18.59,0.0,False,False
HYDERABAD_STORE_004,SKU_005_Tata_Tea_Gold_500g,2026-07-24,17,5440.0,320.0,24.24,0.0,False,False
HYDERABAD_STORE_004,SKU_005_Tata_Tea_Gold_500g,2026-07-25,17,5440.0,320.0,25.57,0.0,False,False
HYDERABAD_STORE_004,SKU_005_Tata_Tea_Gold_500g,2026-07-26,19,6080.0,320.0,27.75,0.0,False,False
HYDERABAD_STORE_004,SKU_005_Tata_Tea_Gold_500g,2026-07-27,16,5120.0,320.0,22.67,0.0,False,False
HYDERABAD_STORE_004,SKU_005_Tata_Tea_Gold_500g,2026-07-28,17,5440.0,320.0,27.43,0.0,False,False
HYDERABAD_STORE_004,SKU_005_Tata_Tea_Gold_500g,2026-07-29,9,2880.0,320.0,21.62,0.0,False,False
HYDERABAD_STORE_004,SKU_005_Tata_Tea_Gold_500g,2026-07-30,7,2240.0,320.0,22.0,0.0,False,False
HYDERABAD_STORE_004,SKU_005_Tata_Tea_Gold_500g,2026-07-31,10,3200.0,320.0,26.83,0.0,False,False
HYDERABAD_STORE_004,SKU_005_Tata_Tea_Gold_500g,2026-08-01,17,5440.0,320.0,22.8,0.0,False,False
HYDERABAD_STORE_004,SKU_005_Tata_Tea_Gold_500g,2026-08-02,19,6080.0,320.0,26.36,0.0,False,False
HYDERABAD_STORE_004,SKU_005_Tata_Tea_Gold_500g,2026-08-03,11,3520.0,320.0,22.89,0.0,False,False
HYDERABAD_STORE_004,SKU_005_Tata_Tea_Gold_500g,2026-08-04,14,4480.0,320.0,22.66,0.0,False,False
HYDERABAD_STORE_004,SKU_005_Tata_Tea_Gold_500g,2026-08-05,12,3840.0,320.0,20.9,0.0,False,False
HYDERABAD_STORE_004,SKU_005_Tata_Tea_Gold_500g,2026-08-06,19,6080.0,320.0,20.75,0.0,False,False
HYDERABAD_STORE_004,SKU_005_Tata_Tea_Gold_500g,2026-08-07,13,4160.0,320.0,24.12,0.0,False,False
HYDERABAD_STORE_004,SKU_005_Tata_Tea_Gold_500g,2026-08-08,12,3840.0,320.0,22.78,0.0,False,False
HYDERABAD_STORE_004,SKU_005_Tata_Tea_Gold_500g,2026-08-09,17,5440.0,320.0,24.2,0.0,False,False
HYDERABAD_STORE_004,SKU_005_Tata_Tea_Gold_500g,2026-08-10,19,6080.0,320.0,25.24,0.0,False,False
HYDERABAD_STORE_004,SKU_005_Tata_Tea_Gold_500g,2026-08-11,15,4800.0,320.0,22.68,0.0,False,False
HYDERABAD_STORE_004,SKU_005_Tata_Tea_Gold_500g,2026-08-12,9,2880.0,320.0,22.04,0.0,False,False
HYDERABAD_STORE_004,SKU_005_Tata_Tea_Gold_500g,2026-08-13,16,5120.0,320.0,20.27,0.0,False,False
HYDERABAD_STORE_004,SKU_005_Tata_Tea_Gold_500g,2026-08-14,8,2560.0,320.0,22.77,0.0,False,False
HYDERABAD_STORE_004,SKU_005_Tata_Tea_Gold_500g,2026-08-15,26,8320.0,320.0,25.03,0.0,False,False
HYDERABAD_STORE_004,SKU_005_Tata_Tea_Gold_500g,2026-08-16,13,4160.0,320.0,23.76,0.0,False,False
HYDERABAD_STORE_004,SKU_005_Tata_Tea_Gold_500g,2026-08-17,11,3520.0,320.0,23.0,0.0,False,False
HYDERABAD_STORE_004,SKU_005_Tata_Tea_Gold_500g,2026-08-18,9,2880.0,320.0,25.27,0.0,False,False
HYDERABAD_STORE_004,SKU_005_Tata_Tea_Gold_500g,2026-08-19,10,3200.0,320.0,20.49,0.0,False,False
HYDERABAD_STORE_004,SKU_005_Tata_Tea_Gold_500g,2026-08-20,15,4800.0,320.0,22.86,0.0,False,False
HYDERABAD_STORE_004,SKU_005_Tata_Tea_Gold_500g,2026-08-21,9,2880.0,320.0,27.41,0.0,False,False
HYDERABAD_STORE_004,SKU_005_Tata_Tea_Gold_500g,2026-08-22,14,4480.0,320.0,26.97,0.0,False,False
HYDERABAD_STORE_004,SKU_005_Tata_Tea_Gold_500g,2026-08-23,11,3520.0,320.0,26.4,0.0,False,False
HYDERABAD_STORE_004,SKU_005_Tata_Tea_Gold_500g,2026-08-24,11,3520.0,320.0,24.87,0.0,False,False
HYDERABAD_STORE_004,SKU_005_Tata_Tea_Gold_500g,2026-08-25,11,3520.0,320.0,26.56,0.0,False,False
HYDERABAD_STORE_004,SKU_005_Tata_Tea_Gold_500g,2026-08-26,11,3520.0,320.0,22.0,0.0,False,False
HYDERABAD_STORE_004,SKU_005_Tata_Tea_Gold_500g,2026-08-27,16,5120.0,320.0,22.57,0.0,False,False
HYDERABAD_STORE_004,SKU_005_Tata_Tea_Gold_500g,2026-08-28,13,4160.0,320.0,25.2,0.0,False,False
HYDERABAD_STORE_004,SKU_005_Tata_Tea_Gold_500g,2026-08-29,16,5120.0,320.0,25.69,0.0,False,False
HYDERABAD_STORE_004,SKU_006_Tata_Salt_1kg,2026-05-31,54,1512.0,28.0,23.0,0.0,False,False
HYDERABAD_STORE_004,SKU_006_Tata_Salt_1kg,2026-06-01,34,952.0,28.0,25.17,0.0,False,False
HYDERABAD_STORE_004,SKU_006_Tata_Salt_1kg,2026-06-02,46,1288.0,28.0,23.42,0.0,False,False
HYDERABAD_STORE_004,SKU_006_Tata_Salt_1kg,2026-06-03,36,1008.0,28.0,22.83,0.0,False,False
HYDERABAD_STORE_004,SKU_006_Tata_Salt_1kg,2026-06-04,33,924.0,28.0,19.09,0.0,False,False
HYDERABAD_STORE_004,SKU_006_Tata_Salt_1kg,2026-06-05,33,924.0,28.0,26.91,0.0,False,False
HYDERABAD_STORE_004,SKU_006_Tata_Salt_1kg,2026-06-06,49,1372.0,28.0,22.46,0.0,False,False
HYDERABAD_STORE_004,SKU_006_Tata_Salt_1kg,2026-06-07,53,1484.0,28.0,27.3,0.0,False,False
HYDERABAD_STORE_004,SKU_006_Tata_Salt_1kg,2026-06-08,43,1204.0,28.0,27.17,0.0,False,False
HYDERABAD_STORE_004,SKU_006_Tata_Salt_1kg,2026-06-09,34,952.0,28.0,23.37,0.0,False,False
HYDERABAD_STORE_004,SKU_006_Tata_Salt_1kg,2026-06-10,40,1120.0,28.0,19.21,0.0,False,False
HYDERABAD_STORE_004,SKU_006_Tata_Salt_1kg,2026-06-11,33,924.0,28.0,21.68,0.0,False,False
HYDERABAD_STORE_004,SKU_006_Tata_Salt_1kg,2026-06-12,35,980.0,28.0,25.63,0.0,False,False
HYDERABAD_STORE_004,SKU_006_Tata_Salt_1kg,2026-06-13,38,1064.0,28.0,23.48,0.0,False,False
HYDERABAD_STORE_004,SKU_006_Tata_Salt_1kg,2026-06-14,55,1540.0,28.0,27.89,0.0,False,False
HYDERABAD_STORE_004,SKU_006_Tata_Salt_1kg,2026-06-15,31,868.0,28.0,26.33,0.0,False,False
HYDERABAD_STORE_004,SKU_006_Tata_Salt_1kg,2026-06-16,36,1008.0,28.0,22.46,0.0,False,False
HYDERABAD_STORE_004,SKU_006_Tata_Salt_1kg,2026-06-17,34,952.0,28.0,18.96,0.0,False,False
HYDERABAD_STORE_004,SKU_006_Tata_Salt_1kg,2026-06-18,37,1036.0,28.0,17.05,0.0,False,False
HYDERABAD_STORE_004,SKU_006_Tata_Salt_1kg,2026-06-19,39,1092.0,28.0,26.56,0.0,False,False
HYDERABAD_STORE_004,SKU_006_Tata_Salt_1kg,2026-06-20,65,1820.0,28.0,25.42,0.0,False,False
HYDERABAD_STORE_004,SKU_006_Tata_Salt_1kg,2026-06-21,43,1204.0,28.0,27.57,0.0,False,False
HYDERABAD_STORE_004,SKU_006_Tata_Salt_1kg,2026-06-22,30,840.0,28.0,26.74,0.0,False,False
HYDERABAD_STORE_004,SKU_006_Tata_Salt_1kg,2026-06-23,38,1064.0,28.0,25.66,0.0,False,False
HYDERABAD_STORE_004,SKU_006_Tata_Salt_1kg,2026-06-24,53,1484.0,28.0,22.49,0.0,False,False
HYDERABAD_STORE_004,SKU_006_Tata_Salt_1kg,2026-06-25,35,980.0,28.0,17.67,0.0,False,False
HYDERABAD_STORE_004,SKU_006_Tata_Salt_1kg,2026-06-26,36,1008.0,28.0,24.42,0.0,False,False
HYDERABAD_STORE_004,SKU_006_Tata_Salt_1kg,2026-06-27,49,1372.0,28.0,23.66,0.0,False,False
HYDERABAD_STORE_004,SKU_006_Tata_Salt_1kg,2026-06-28,49,1372.0,28.0,23.75,0.0,False,False
HYDERABAD_STORE_004,SKU_006_Tata_Salt_1kg,2026-06-29,31,868.0,28.0,22.95,0.0,False,False
HYDERABAD_STORE_004,SKU_006_Tata_Salt_1kg,2026-06-30,40,1120.0,28.0,22.46,0.0,False,False
HYDERABAD_STORE_004,SKU_006_Tata_Salt_1kg,2026-07-01,35,980.0,28.0,19.64,0.0,False,False
HYDERABAD_STORE_004,SKU_006_Tata_Salt_1kg,2026-07-02,38,1064.0,28.0,18.94,0.0,False,False
HYDERABAD_STORE_004,SKU_006_Tata_Salt_1kg,2026-07-03,39,1092.0,28.0,25.1,0.0,False,False
HYDERABAD_STORE_004,SKU_006_Tata_Salt_1kg,2026-07-04,45,1260.0,28.0,22.61,0.0,False,False
HYDERABAD_STORE_004,SKU_006_Tata_Salt_1kg,2026-07-05,62,1736.0,28.0,24.79,0.0,False,False
HYDERABAD_STORE_004,SKU_006_Tata_Salt_1kg,2026-07-06,30,840.0,28.0,26.57,0.0,False,False
HYDERABAD_STORE_004,SKU_006_Tata_Salt_1kg,2026-07-07,42,1176.0,28.0,22.81,0.0,False,False
HYDERABAD_STORE_004,SKU_006_Tata_Salt_1kg,2026-07-08,41,1148.0,28.0,19.0,0.0,False,False
HYDERABAD_STORE_004,SKU_006_Tata_Salt_1kg,2026-07-09,23,644.0,28.0,19.2,0.0,False,False
HYDERABAD_STORE_004,SKU_006_Tata_Salt_1kg,2026-07-10,35,980.0,28.0,24.48,0.0,False,False
HYDERABAD_STORE_004,SKU_006_Tata_Salt_1kg,2026-07-11,50,1400.0,28.0,27.46,0.0,False,False
HYDERABAD_STORE_004,SKU_006_Tata_Salt_1kg,2026-07-12,56,1568.0,28.0,23.72,0.0,False,False
HYDERABAD_STORE_004,SKU_006_Tata_Salt_1kg,2026-07-13,35,980.0,28.0,25.4,0.0,False,False
HYDERABAD_STORE_004,SKU_006_Tata_Salt_1kg,2026-07-14,41,1148.0,28.0,25.55,0.0,False,False
HYDERABAD_STORE_004,SKU_006_Tata_Salt_1kg,2026-07-15,28,784.0,28.0,19.21,0.0,False,False
HYDERABAD_STORE_004,SKU_006_Tata_Salt_1kg,2026-07-16,40,1120.0,28.0,21.96,0.0,False,False
HYDERABAD_STORE_004,SKU_006_Tata_Salt_1kg,2026-07-17,32,896.0,28.0,24.72,0.0,False,False
HYDERABAD_STORE_004,SKU_006_Tata_Salt_1kg,2026-07-18,59,1652.0,28.0,27.42,0.0,False,False
HYDERABAD_STORE_004,SKU_006_Tata_Salt_1kg,2026-07-19,67,1876.0,28.0,23.11,0.0,False,False
HYDERABAD_STORE_004,SKU_006_Tata_Salt_1kg,2026-07-20,37,1036.0,28.0,25.25,0.0,False,False
HYDERABAD_STORE_004,SKU_006_Tata_Salt_1kg,2026-07-21,35,980.0,28.0,26.22,0.0,False,False
HYDERABAD_STORE_004,SKU_006_Tata_Salt_1kg,2026-07-22,30,840.0,28.0,20.8,0.0,False,False
HYDERABAD_STORE_004,SKU_006_Tata_Salt_1kg,2026-07-23,29,812.0,28.0,17.47,0.0,False,False
HYDERABAD_STORE_004,SKU_006_Tata_Salt_1kg,2026-07-24,42,1176.0,28.0,25.18,0.0,False,False
HYDERABAD_STORE_004,SKU_006_Tata_Salt_1kg,2026-07-25,59,1652.0,28.0,27.46,0.0,False,False
HYDERABAD_STORE_004,SKU_006_Tata_Salt_1kg,2026-07-26,49,1372.0,28.0,22.55,0.0,False,False
HYDERABAD_STORE_004,SKU_006_Tata_Salt_1kg,2026-07-27,35,980.0,28.0,23.74,0.0,False,False
HYDERABAD_STORE_004,SKU_006_Tata_Salt_1kg,2026-07-28,30,840.0,28.0,26.68,0.0,False,False
HYDERABAD_STORE_004,SKU_006_Tata_Salt_1kg,2026-07-29,35,980.0,28.0,20.77,0.0,False,False
HYDERABAD_STORE_004,SKU_006_Tata_Salt_1kg,2026-07-30,39,1092.0,28.0,22.19,0.0,False,False
HYDERABAD_STORE_004,SKU_006_Tata_Salt_1kg,2026-07-31,39,1092.0,28.0,25.48,0.0,False,False
HYDERABAD_STORE_004,SKU_006_Tata_Salt_1kg,2026-08-01,51,1428.0,28.0,26.49,0.0,False,False
HYDERABAD_STORE_004,SKU_006_Tata_Salt_1kg,2026-08-02,59,1652.0,28.0,23.79,0.0,False,False
HYDERABAD_STORE_004,SKU_006_Tata_Salt_1kg,2026-08-03,36,1008.0,28.0,24.27,0.0,False,False
HYDERABAD_STORE_004,SKU_006_Tata_Salt_1kg,2026-08-04,38,1064.0,28.0,22.92,0.0,False,False
HYDERABAD_STORE_004,SKU_006_Tata_Salt_1kg,2026-08-05,29,812.0,28.0,19.62,0.0,False,False
HYDERABAD_STORE_004,SKU_006_Tata_Salt_1kg,2026-08-06,25,700.0,28.0,17.48,0.0,False,False
HYDERABAD_STORE_004,SKU_006_Tata_Salt_1kg,2026-08-07,45,1260.0,28.0,22.81,0.0,False,False
HYDERABAD_STORE_004,SKU_006_Tata_Salt_1kg,2026-08-08,49,1372.0,28.0,26.43,0.0,False,False
HYDERABAD_STORE_004,SKU_006_Tata_Salt_1kg,2026-08-09,42,1176.0,28.0,23.39,0.0,False,False
HYDERABAD_STORE_004,SKU_006_Tata_Salt_1kg,2026-08-10,40,1120.0,28.0,26.88,0.0,False,False
HYDERABAD_STORE_004,SKU_006_Tata_Salt_1kg,2026-08-11,38,1064.0,28.0,27.97,0.0,False,False
HYDERABAD_STORE_004,SKU_006_Tata_Salt_1kg,2026-08-12,34,952.0,28.0,17.79,0.0,False,False
HYDERABAD_STORE_004,SKU_006_Tata_Salt_1kg,2026-08-13,32,896.0,28.0,22.06,0.0,False,False
HYDERABAD_STORE_004,SKU_006_Tata_Salt_1kg,2026-08-14,35,980.0,28.0,22.95,0.0,False,False
HYDERABAD_STORE_004,SKU_006_Tata_Salt_1kg,2026-08-15,44,1232.0,28.0,27.03,0.0,False,False
HYDERABAD_STORE_004,SKU_006_Tata_Salt_1kg,2026-08-16,50,1400.0,28.0,22.31,0.0,False,False
HYDERABAD_STORE_004,SKU_006_Tata_Salt_1kg,2026-08-17,33,924.0,28.0,22.77,0.0,False,False
HYDERABAD_STORE_004,SKU_006_Tata_Salt_1kg,2026-08-18,41,1148.0,28.0,24.59,0.0,False,False
HYDERABAD_STORE_004,SKU_006_Tata_Salt_1kg,2026-08-19,34,952.0,28.0,18.99,0.0,False,False
HYDERABAD_STORE_004,SKU_006_Tata_Salt_1kg,2026-08-20,32,896.0,28.0,20.19,0.0,False,False
HYDERABAD_STORE_004,SKU_006_Tata_Salt_1kg,2026-08-21,32,896.0,28.0,25.68,0.0,False,False
HYDERABAD_STORE_004,SKU_006_Tata_Salt_1kg,2026-08-22,38,1064.0,28.0,27.72,0.0,False,False
HYDERABAD_STORE_004,SKU_006_Tata_Salt_1kg,2026-08-23,59,1652.0,28.0,22.58,0.0,False,False
HYDERABAD_STORE_004,SKU_006_Tata_Salt_1kg,2026-08-24,37,1036.0,28.0,27.99,0.0,False,False
HYDERABAD_STORE_004,SKU_006_Tata_Salt_1kg,2026-08-25,31,868.0,28.0,22.48,0.0,False,False
HYDERABAD_STORE_004,SKU_006_Tata_Salt_1kg,2026-08-26,41,1148.0,28.0,21.36,0.0,False,False
HYDERABAD_STORE_004,SKU_006_Tata_Salt_1kg,2026-08-27,39,1092.0,28.0,20.5,0.0,False,False
HYDERABAD_STORE_004,SKU_006_Tata_Salt_1kg,2026-08-28,30,840.0,28.0,23.82,0.0,False,False
HYDERABAD_STORE_004,SKU_006_Tata_Salt_1kg,2026-08-29,47,1316.0,28.0,27.82,0.0,False,False
HYDERABAD_STORE_004,SKU_007_Toor_Dal_Premium_1kg,2026-05-31,25,4125.0,165.0,30.21,0.0,False,False
HYDERABAD_STORE_004,SKU_007_Toor_Dal_Premium_1kg,2026-06-01,11,1815.0,165.0,27.01,0.0,False,False
HYDERABAD_STORE_004,SKU_007_Toor_Dal_Premium_1kg,2026-06-02,19,3135.0,165.0,32.64,0.0,False,False
HYDERABAD_STORE_004,SKU_007_Toor_Dal_Premium_1kg,2026-06-03,17,2805.0,165.0,24.63,0.0,False,False
HYDERABAD_STORE_004,SKU_007_Toor_Dal_Premium_1kg,2026-06-04,14,2310.0,165.0,24.4,0.0,False,False
HYDERABAD_STORE_004,SKU_007_Toor_Dal_Premium_1kg,2026-06-05,14,2310.0,165.0,30.79,0.0,False,False
HYDERABAD_STORE_004,SKU_007_Toor_Dal_Premium_1kg,2026-06-06,28,4620.0,165.0,30.07,0.0,False,False
HYDERABAD_STORE_004,SKU_007_Toor_Dal_Premium_1kg,2026-06-07,16,2640.0,165.0,27.34,0.0,False,False
HYDERABAD_STORE_004,SKU_007_Toor_Dal_Premium_1kg,2026-06-08,10,1650.0,165.0,28.07,0.0,False,False
HYDERABAD_STORE_004,SKU_007_Toor_Dal_Premium_1kg,2026-06-09,17,2805.0,165.0,28.46,0.0,False,False
HYDERABAD_STORE_004,SKU_007_Toor_Dal_Premium_1kg,2026-06-10,21,3465.0,165.0,24.49,0.0,False,False
HYDERABAD_STORE_004,SKU_007_Toor_Dal_Premium_1kg,2026-06-11,14,2310.0,165.0,27.52,0.0,False,False
HYDERABAD_STORE_004,SKU_007_Toor_Dal_Premium_1kg,2026-06-12,14,2310.0,165.0,32.68,0.0,False,False
HYDERABAD_STORE_004,SKU_007_Toor_Dal_Premium_1kg,2026-06-13,25,4125.0,165.0,30.65,0.0,False,False
HYDERABAD_STORE_004,SKU_007_Toor_Dal_Premium_1kg,2026-06-14,26,4290.0,165.0,27.11,0.0,False,False
HYDERABAD_STORE_004,SKU_007_Toor_Dal_Premium_1kg,2026-06-15,13,2145.0,165.0,29.67,0.0,False,False
HYDERABAD_STORE_004,SKU_007_Toor_Dal_Premium_1kg,2026-06-16,18,2970.0,165.0,30.17,0.0,False,False
HYDERABAD_STORE_004,SKU_007_Toor_Dal_Premium_1kg,2026-06-17,19,3135.0,165.0,25.28,0.0,False,False
HYDERABAD_STORE_004,SKU_007_Toor_Dal_Premium_1kg,2026-06-18,7,1155.0,165.0,23.6,0.0,False,False
HYDERABAD_STORE_004,SKU_007_Toor_Dal_Premium_1kg,2026-06-19,14,2310.0,165.0,27.56,0.0,False,False
HYDERABAD_STORE_004,SKU_007_Toor_Dal_Premium_1kg,2026-06-20,21,3465.0,165.0,29.16,0.0,False,False
HYDERABAD_STORE_004,SKU_007_Toor_Dal_Premium_1kg,2026-06-21,22,3630.0,165.0,31.07,0.0,False,False
HYDERABAD_STORE_004,SKU_007_Toor_Dal_Premium_1kg,2026-06-22,19,3135.0,165.0,27.96,0.0,False,False
HYDERABAD_STORE_004,SKU_007_Toor_Dal_Premium_1kg,2026-06-23,20,3300.0,165.0,28.0,0.0,False,False
HYDERABAD_STORE_004,SKU_007_Toor_Dal_Premium_1kg,2026-06-24,13,2145.0,165.0,25.76,0.0,False,False
HYDERABAD_STORE_004,SKU_007_Toor_Dal_Premium_1kg,2026-06-25,14,2310.0,165.0,23.15,0.0,False,False
HYDERABAD_STORE_004,SKU_007_Toor_Dal_Premium_1kg,2026-06-26,15,2475.0,165.0,27.67,0.0,False,False
HYDERABAD_STORE_004,SKU_007_Toor_Dal_Premium_1kg,2026-06-27,20,3300.0,165.0,29.02,0.0,False,False
HYDERABAD_STORE_004,SKU_007_Toor_Dal_Premium_1kg,2026-06-28,30,4950.0,165.0,31.37,0.0,False,False
HYDERABAD_STORE_004,SKU_007_Toor_Dal_Premium_1kg,2026-06-29,12,1980.0,165.0,27.91,0.0,False,False
HYDERABAD_STORE_004,SKU_007_Toor_Dal_Premium_1kg,2026-06-30,16,2640.0,165.0,27.74,0.0,False,False
HYDERABAD_STORE_004,SKU_007_Toor_Dal_Premium_1kg,2026-07-01,13,2145.0,165.0,24.01,0.0,False,False
HYDERABAD_STORE_004,SKU_007_Toor_Dal_Premium_1kg,2026-07-02,14,2310.0,165.0,26.3,0.0,False,False
HYDERABAD_STORE_004,SKU_007_Toor_Dal_Premium_1kg,2026-07-03,15,2475.0,165.0,32.9,0.0,False,False
HYDERABAD_STORE_004,SKU_007_Toor_Dal_Premium_1kg,2026-07-04,25,4125.0,165.0,27.18,0.0,False,False
HYDERABAD_STORE_004,SKU_007_Toor_Dal_Premium_1kg,2026-07-05,19,3135.0,165.0,27.76,0.0,False,False
HYDERABAD_STORE_004,SKU_007_Toor_Dal_Premium_1kg,2026-07-06,16,2640.0,165.0,28.46,0.0,False,False
HYDERABAD_STORE_004,SKU_007_Toor_Dal_Premium_1kg,2026-07-07,10,1650.0,165.0,27.2,0.0,False,False
HYDERABAD_STORE_004,SKU_007_Toor_Dal_Premium_1kg,2026-07-08,18,2970.0,165.0,22.31,0.0,False,False
HYDERABAD_STORE_004,SKU_007_Toor_Dal_Premium_1kg,2026-07-09,9,1485.0,165.0,23.11,0.0,False,False
HYDERABAD_STORE_004,SKU_007_Toor_Dal_Premium_1kg,2026-07-10,17,2805.0,165.0,28.07,0.0,False,False
HYDERABAD_STORE_004,SKU_007_Toor_Dal_Premium_1kg,2026-07-11,16,2640.0,165.0,28.93,0.0,False,False
HYDERABAD_STORE_004,SKU_007_Toor_Dal_Premium_1kg,2026-07-12,29,4785.0,165.0,28.46,0.0,False,False
HYDERABAD_STORE_004,SKU_007_Toor_Dal_Premium_1kg,2026-07-13,13,2145.0,165.0,30.49,0.0,False,False
HYDERABAD_STORE_004,SKU_007_Toor_Dal_Premium_1kg,2026-07-14,14,2310.0,165.0,30.51,0.0,False,False
HYDERABAD_STORE_004,SKU_007_Toor_Dal_Premium_1kg,2026-07-15,17,2805.0,165.0,26.62,0.0,False,False
HYDERABAD_STORE_004,SKU_007_Toor_Dal_Premium_1kg,2026-07-16,11,1815.0,165.0,27.04,0.0,False,False
HYDERABAD_STORE_004,SKU_007_Toor_Dal_Premium_1kg,2026-07-17,20,3300.0,165.0,32.57,0.0,False,False
HYDERABAD_STORE_004,SKU_007_Toor_Dal_Premium_1kg,2026-07-18,28,4620.0,165.0,29.51,0.0,False,False
HYDERABAD_STORE_004,SKU_007_Toor_Dal_Premium_1kg,2026-07-19,23,3795.0,165.0,31.17,0.0,False,False
HYDERABAD_STORE_004,SKU_007_Toor_Dal_Premium_1kg,2026-07-20,15,2475.0,165.0,31.59,0.0,False,False
HYDERABAD_STORE_004,SKU_007_Toor_Dal_Premium_1kg,2026-07-21,14,2310.0,165.0,29.44,0.0,False,False
HYDERABAD_STORE_004,SKU_007_Toor_Dal_Premium_1kg,2026-07-22,23,3795.0,165.0,25.48,0.0,False,False
HYDERABAD_STORE_004,SKU_007_Toor_Dal_Premium_1kg,2026-07-23,23,3795.0,165.0,23.18,0.0,False,False
HYDERABAD_STORE_004,SKU_007_Toor_Dal_Premium_1kg,2026-07-24,17,2805.0,165.0,29.69,0.0,False,False
HYDERABAD_STORE_004,SKU_007_Toor_Dal_Premium_1kg,2026-07-25,24,3960.0,165.0,31.39,0.0,False,False
HYDERABAD_STORE_004,SKU_007_Toor_Dal_Premium_1kg,2026-07-26,20,3300.0,165.0,28.03,0.0,False,False
HYDERABAD_STORE_004,SKU_007_Toor_Dal_Premium_1kg,2026-07-27,7,1155.0,165.0,27.67,0.0,False,False
HYDERABAD_STORE_004,SKU_007_Toor_Dal_Premium_1kg,2026-07-28,16,2640.0,165.0,28.91,0.0,False,False
HYDERABAD_STORE_004,SKU_007_Toor_Dal_Premium_1kg,2026-07-29,16,2640.0,165.0,25.17,0.0,False,False
HYDERABAD_STORE_004,SKU_007_Toor_Dal_Premium_1kg,2026-07-30,9,1485.0,165.0,26.25,0.0,False,False
HYDERABAD_STORE_004,SKU_007_Toor_Dal_Premium_1kg,2026-07-31,11,1815.0,165.0,30.24,0.0,False,False
HYDERABAD_STORE_004,SKU_007_Toor_Dal_Premium_1kg,2026-08-01,25,4125.0,165.0,29.86,0.0,False,False
HYDERABAD_STORE_004,SKU_007_Toor_Dal_Premium_1kg,2026-08-02,11,1815.0,165.0,30.68,0.0,False,False
HYDERABAD_STORE_004,SKU_007_Toor_Dal_Premium_1kg,2026-08-03,15,2475.0,165.0,31.36,0.0,False,False
HYDERABAD_STORE_004,SKU_007_Toor_Dal_Premium_1kg,2026-08-04,15,2475.0,165.0,31.85,0.0,False,False
HYDERABAD_STORE_004,SKU_007_Toor_Dal_Premium_1kg,2026-08-05,16,2640.0,165.0,25.81,0.0,False,False
HYDERABAD_STORE_004,SKU_007_Toor_Dal_Premium_1kg,2026-08-06,16,2640.0,165.0,25.12,0.0,False,False
HYDERABAD_STORE_004,SKU_007_Toor_Dal_Premium_1kg,2026-08-07,17,2805.0,165.0,28.98,0.0,False,False
HYDERABAD_STORE_004,SKU_007_Toor_Dal_Premium_1kg,2026-08-08,27,4455.0,165.0,32.56,0.0,False,False
HYDERABAD_STORE_004,SKU_007_Toor_Dal_Premium_1kg,2026-08-09,20,3300.0,165.0,29.27,0.0,False,False
HYDERABAD_STORE_004,SKU_007_Toor_Dal_Premium_1kg,2026-08-10,16,2640.0,165.0,28.49,0.0,False,False
HYDERABAD_STORE_004,SKU_007_Toor_Dal_Premium_1kg,2026-08-11,17,2805.0,165.0,28.06,0.0,False,False
HYDERABAD_STORE_004,SKU_007_Toor_Dal_Premium_1kg,2026-08-12,17,2805.0,165.0,26.81,0.0,False,False
HYDERABAD_STORE_004,SKU_007_Toor_Dal_Premium_1kg,2026-08-13,7,1155.0,165.0,24.86,0.0,False,False
HYDERABAD_STORE_004,SKU_007_Toor_Dal_Premium_1kg,2026-08-14,18,2970.0,165.0,29.54,0.0,False,False
HYDERABAD_STORE_004,SKU_007_Toor_Dal_Premium_1kg,2026-08-15,21,3465.0,165.0,31.82,0.0,False,False
HYDERABAD_STORE_004,SKU_007_Toor_Dal_Premium_1kg,2026-08-16,25,4125.0,165.0,29.62,0.0,False,False
HYDERABAD_STORE_004,SKU_007_Toor_Dal_Premium_1kg,2026-08-17,18,2970.0,165.0,28.46,0.0,False,False
HYDERABAD_STORE_004,SKU_007_Toor_Dal_Premium_1kg,2026-08-18,21,3465.0,165.0,31.15,0.0,False,False
HYDERABAD_STORE_004,SKU_007_Toor_Dal_Premium_1kg,2026-08-19,21,3465.0,165.0,25.6,0.0,False,False
HYDERABAD_STORE_004,SKU_007_Toor_Dal_Premium_1kg,2026-08-20,16,2640.0,165.0,27.42,0.0,False,False
HYDERABAD_STORE_004,SKU_007_Toor_Dal_Premium_1kg,2026-08-21,22,3630.0,165.0,28.48,0.0,False,False
HYDERABAD_STORE_004,SKU_007_Toor_Dal_Premium_1kg,2026-08-22,23,3795.0,165.0,31.5,0.0,False,False
HYDERABAD_STORE_004,SKU_007_Toor_Dal_Premium_1kg,2026-08-23,26,4290.0,165.0,28.07,0.0,False,False
HYDERABAD_STORE_004,SKU_007_Toor_Dal_Premium_1kg,2026-08-24,18,2970.0,165.0,31.38,0.0,False,False
HYDERABAD_STORE_004,SKU_007_Toor_Dal_Premium_1kg,2026-08-25,19,3135.0,165.0,32.39,0.0,False,False
HYDERABAD_STORE_004,SKU_007_Toor_Dal_Premium_1kg,2026-08-26,22,3630.0,165.0,26.28,0.0,False,False
HYDERABAD_STORE_004,SKU_007_Toor_Dal_Premium_1kg,2026-08-27,15,2475.0,165.0,24.97,0.0,False,False
HYDERABAD_STORE_004,SKU_007_Toor_Dal_Premium_1kg,2026-08-28,15,2475.0,165.0,29.24,0.0,False,False
HYDERABAD_STORE_004,SKU_007_Toor_Dal_Premium_1kg,2026-08-29,22,3630.0,165.0,28.2,0.0,False,False
HYDERABAD_STORE_004,SKU_008_Maggi_Noodles_12Pack,2026-05-31,48,8064.0,168.0,29.31,0.0,False,False
HYDERABAD_STORE_004,SKU_008_Maggi_Noodles_12Pack,2026-06-01,17,2856.0,168.0,30.74,0.0,False,False
HYDERABAD_STORE_004,SKU_008_Maggi_Noodles_12Pack,2026-06-02,25,4200.0,168.0,27.54,0.0,False,False
HYDERABAD_STORE_004,SKU_008_Maggi_Noodles_12Pack,2026-06-03,33,5544.0,168.0,24.1,0.0,False,False
HYDERABAD_STORE_004,SKU_008_Maggi_Noodles_12Pack,2026-06-04,20,3360.0,168.0,26.13,0.0,False,False
HYDERABAD_STORE_004,SKU_008_Maggi_Noodles_12Pack,2026-06-05,27,4536.0,168.0,30.58,0.0,False,False
HYDERABAD_STORE_004,SKU_008_Maggi_Noodles_12Pack,2026-06-06,34,5712.0,168.0,28.26,0.0,False,False
HYDERABAD_STORE_004,SKU_008_Maggi_Noodles_12Pack,2026-06-07,37,6216.0,168.0,30.25,0.0,False,False
HYDERABAD_STORE_004,SKU_008_Maggi_Noodles_12Pack,2026-06-08,33,5544.0,168.0,27.75,0.0,False,False
HYDERABAD_STORE_004,SKU_008_Maggi_Noodles_12Pack,2026-06-09,23,3864.0,168.0,32.39,0.0,False,False
HYDERABAD_STORE_004,SKU_008_Maggi_Noodles_12Pack,2026-06-10,29,4872.0,168.0,25.78,0.0,False,False
HYDERABAD_STORE_004,SKU_008_Maggi_Noodles_12Pack,2026-06-11,30,5040.0,168.0,23.91,0.0,False,False
HYDERABAD_STORE_004,SKU_008_Maggi_Noodles_12Pack,2026-06-12,23,3864.0,168.0,31.31,0.0,False,False
HYDERABAD_STORE_004,SKU_008_Maggi_Noodles_12Pack,2026-06-13,30,5040.0,168.0,27.31,0.0,False,False
HYDERABAD_STORE_004,SKU_008_Maggi_Noodles_12Pack,2026-06-14,33,5544.0,168.0,31.21,0.0,False,False
HYDERABAD_STORE_004,SKU_008_Maggi_Noodles_12Pack,2026-06-15,23,3864.0,168.0,30.59,0.0,False,False
HYDERABAD_STORE_004,SKU_008_Maggi_Noodles_12Pack,2026-06-16,26,4368.0,168.0,29.04,0.0,False,False
HYDERABAD_STORE_004,SKU_008_Maggi_Noodles_12Pack,2026-06-17,26,4368.0,168.0,26.93,0.0,False,False
HYDERABAD_STORE_004,SKU_008_Maggi_Noodles_12Pack,2026-06-18,30,5040.0,168.0,25.62,0.0,False,False
HYDERABAD_STORE_004,SKU_008_Maggi_Noodles_12Pack,2026-06-19,18,3024.0,168.0,29.34,0.0,False,False
HYDERABAD_STORE_004,SKU_008_Maggi_Noodles_12Pack,2026-06-20,31,5208.0,168.0,31.31,0.0,False,False
HYDERABAD_STORE_004,SKU_008_Maggi_Noodles_12Pack,2026-06-21,25,4200.0,168.0,31.2,0.0,False,False
HYDERABAD_STORE_004,SKU_008_Maggi_Noodles_12Pack,2026-06-22,22,3696.0,168.0,30.81,0.0,False,False
HYDERABAD_STORE_004,SKU_008_Maggi_Noodles_12Pack,2026-06-23,22,3696.0,168.0,31.75,0.0,False,False
HYDERABAD_STORE_004,SKU_008_Maggi_Noodles_12Pack,2026-06-24,27,4536.0,168.0,26.62,0.0,False,False
HYDERABAD_STORE_004,SKU_008_Maggi_Noodles_12Pack,2026-06-25,24,4032.0,168.0,24.67,0.0,False,False
HYDERABAD_STORE_004,SKU_008_Maggi_Noodles_12Pack,2026-06-26,27,4536.0,168.0,28.31,0.0,False,False
HYDERABAD_STORE_004,SKU_008_Maggi_Noodles_12Pack,2026-06-27,41,6888.0,168.0,32.74,0.0,False,False
HYDERABAD_STORE_004,SKU_008_Maggi_Noodles_12Pack,2026-06-28,41,6888.0,168.0,30.61,0.0,False,False
HYDERABAD_STORE_004,SKU_008_Maggi_Noodles_12Pack,2026-06-29,24,4032.0,168.0,32.91,0.0,False,False
HYDERABAD_STORE_004,SKU_008_Maggi_Noodles_12Pack,2026-06-30,29,4872.0,168.0,30.12,0.0,False,False
HYDERABAD_STORE_004,SKU_008_Maggi_Noodles_12Pack,2026-07-01,21,3528.0,168.0,23.82,0.0,False,False
HYDERABAD_STORE_004,SKU_008_Maggi_Noodles_12Pack,2026-07-02,30,5040.0,168.0,27.09,0.0,False,False
HYDERABAD_STORE_004,SKU_008_Maggi_Noodles_12Pack,2026-07-03,34,5712.0,168.0,28.11,0.0,False,False
HYDERABAD_STORE_004,SKU_008_Maggi_Noodles_12Pack,2026-07-04,32,5376.0,168.0,31.94,0.0,False,False
HYDERABAD_STORE_004,SKU_008_Maggi_Noodles_12Pack,2026-07-05,47,7896.0,168.0,29.78,0.0,False,False
HYDERABAD_STORE_004,SKU_008_Maggi_Noodles_12Pack,2026-07-06,22,3696.0,168.0,30.26,0.0,False,False
HYDERABAD_STORE_004,SKU_008_Maggi_Noodles_12Pack,2026-07-07,31,5208.0,168.0,27.5,0.0,False,False
HYDERABAD_STORE_004,SKU_008_Maggi_Noodles_12Pack,2026-07-08,28,4704.0,168.0,22.79,0.0,False,False
HYDERABAD_STORE_004,SKU_008_Maggi_Noodles_12Pack,2026-07-09,31,5208.0,168.0,22.59,0.0,False,False
HYDERABAD_STORE_004,SKU_008_Maggi_Noodles_12Pack,2026-07-10,21,3528.0,168.0,32.91,0.0,False,False
HYDERABAD_STORE_004,SKU_008_Maggi_Noodles_12Pack,2026-07-11,41,6888.0,168.0,27.42,0.0,False,False
HYDERABAD_STORE_004,SKU_008_Maggi_Noodles_12Pack,2026-07-12,26,4368.0,168.0,27.76,0.0,False,False
HYDERABAD_STORE_004,SKU_008_Maggi_Noodles_12Pack,2026-07-13,32,5376.0,168.0,32.24,0.0,False,False
HYDERABAD_STORE_004,SKU_008_Maggi_Noodles_12Pack,2026-07-14,23,3864.0,168.0,32.03,0.0,False,False
HYDERABAD_STORE_004,SKU_008_Maggi_Noodles_12Pack,2026-07-15,34,5712.0,168.0,23.68,0.0,False,False
HYDERABAD_STORE_004,SKU_008_Maggi_Noodles_12Pack,2026-07-16,14,2352.0,168.0,23.44,0.0,False,False
HYDERABAD_STORE_004,SKU_008_Maggi_Noodles_12Pack,2026-07-17,25,4200.0,168.0,31.53,0.0,False,False
HYDERABAD_STORE_004,SKU_008_Maggi_Noodles_12Pack,2026-07-18,32,5376.0,168.0,32.71,0.0,False,False
HYDERABAD_STORE_004,SKU_008_Maggi_Noodles_12Pack,2026-07-19,33,5544.0,168.0,32.05,0.0,False,False
HYDERABAD_STORE_004,SKU_008_Maggi_Noodles_12Pack,2026-07-20,25,4200.0,168.0,28.04,0.0,False,False
HYDERABAD_STORE_004,SKU_008_Maggi_Noodles_12Pack,2026-07-21,23,3864.0,168.0,31.66,0.0,False,False
HYDERABAD_STORE_004,SKU_008_Maggi_Noodles_12Pack,2026-07-22,26,4368.0,168.0,22.66,0.0,False,False
HYDERABAD_STORE_004,SKU_008_Maggi_Noodles_12Pack,2026-07-23,32,5376.0,168.0,24.14,0.0,False,False
HYDERABAD_STORE_004,SKU_008_Maggi_Noodles_12Pack,2026-07-24,25,4200.0,168.0,31.88,0.0,False,False
HYDERABAD_STORE_004,SKU_008_Maggi_Noodles_12Pack,2026-07-25,42,7056.0,168.0,32.19,0.0,False,False
HYDERABAD_STORE_004,SKU_008_Maggi_Noodles_12Pack,2026-07-26,33,5544.0,168.0,28.64,0.0,False,False
HYDERABAD_STORE_004,SKU_008_Maggi_Noodles_12Pack,2026-07-27,30,5040.0,168.0,27.08,0.0,False,False
HYDERABAD_STORE_004,SKU_008_Maggi_Noodles_12Pack,2026-07-28,22,3696.0,168.0,30.86,0.0,False,False
HYDERABAD_STORE_004,SKU_008_Maggi_Noodles_12Pack,2026-07-29,18,3024.0,168.0,23.4,0.0,False,False
HYDERABAD_STORE_004,SKU_008_Maggi_Noodles_12Pack,2026-07-30,25,4200.0,168.0,25.58,0.0,False,False
HYDERABAD_STORE_004,SKU_008_Maggi_Noodles_12Pack,2026-07-31,23,3864.0,168.0,31.04,0.0,False,False
HYDERABAD_STORE_004,SKU_008_Maggi_Noodles_12Pack,2026-08-01,32,5376.0,168.0,28.09,0.0,False,False
HYDERABAD_STORE_004,SKU_008_Maggi_Noodles_12Pack,2026-08-02,32,5376.0,168.0,31.79,0.0,False,False
HYDERABAD_STORE_004,SKU_008_Maggi_Noodles_12Pack,2026-08-03,22,3696.0,168.0,31.57,0.0,False,False
HYDERABAD_STORE_004,SKU_008_Maggi_Noodles_12Pack,2026-08-04,28,4704.0,168.0,28.86,0.0,False,False
HYDERABAD_STORE_004,SKU_008_Maggi_Noodles_12Pack,2026-08-05,14,2352.0,168.0,23.53,0.0,False,False
HYDERABAD_STORE_004,SKU_008_Maggi_Noodles_12Pack,2026-08-06,33,5544.0,168.0,26.47,0.0,False,False
HYDERABAD_STORE_004,SKU_008_Maggi_Noodles_12Pack,2026-08-07,26,4368.0,168.0,32.87,0.0,False,False
HYDERABAD_STORE_004,SKU_008_Maggi_Noodles_12Pack,2026-08-08,33,5544.0,168.0,27.0,0.0,False,False
HYDERABAD_STORE_004,SKU_008_Maggi_Noodles_12Pack,2026-08-09,24,4032.0,168.0,30.61,0.0,False,False
HYDERABAD_STORE_004,SKU_008_Maggi_Noodles_12Pack,2026-08-10,30,5040.0,168.0,29.77,0.0,False,False
HYDERABAD_STORE_004,SKU_008_Maggi_Noodles_12Pack,2026-08-11,24,4032.0,168.0,28.73,0.0,False,False
HYDERABAD_STORE_004,SKU_008_Maggi_Noodles_12Pack,2026-08-12,20,3360.0,168.0,23.35,0.0,False,False
HYDERABAD_STORE_004,SKU_008_Maggi_Noodles_12Pack,2026-08-13,39,6552.0,168.0,25.92,0.0,False,False
HYDERABAD_STORE_004,SKU_008_Maggi_Noodles_12Pack,2026-08-14,28,4704.0,168.0,28.94,0.0,False,False
HYDERABAD_STORE_004,SKU_008_Maggi_Noodles_12Pack,2026-08-15,52,8736.0,168.0,28.85,0.0,False,False
HYDERABAD_STORE_004,SKU_008_Maggi_Noodles_12Pack,2026-08-16,31,5208.0,168.0,31.33,0.0,False,False
HYDERABAD_STORE_004,SKU_008_Maggi_Noodles_12Pack,2026-08-17,24,4032.0,168.0,30.44,0.0,False,False
HYDERABAD_STORE_004,SKU_008_Maggi_Noodles_12Pack,2026-08-18,24,4032.0,168.0,32.58,0.0,False,False
HYDERABAD_STORE_004,SKU_008_Maggi_Noodles_12Pack,2026-08-19,24,4032.0,168.0,26.25,0.0,False,False
HYDERABAD_STORE_004,SKU_008_Maggi_Noodles_12Pack,2026-08-20,29,4872.0,168.0,23.13,0.0,False,False
HYDERABAD_STORE_004,SKU_008_Maggi_Noodles_12Pack,2026-08-21,25,4200.0,168.0,32.22,0.0,False,False
HYDERABAD_STORE_004,SKU_008_Maggi_Noodles_12Pack,2026-08-22,29,4872.0,168.0,27.6,0.0,False,False
HYDERABAD_STORE_004,SKU_008_Maggi_Noodles_12Pack,2026-08-23,28,4704.0,168.0,32.05,0.0,False,False
HYDERABAD_STORE_004,SKU_008_Maggi_Noodles_12Pack,2026-08-24,29,4872.0,168.0,29.21,0.0,False,False
HYDERABAD_STORE_004,SKU_008_Maggi_Noodles_12Pack,2026-08-25,15,2520.0,168.0,29.4,0.0,False,False
HYDERABAD_STORE_004,SKU_008_Maggi_Noodles_12Pack,2026-08-26,28,4704.0,168.0,25.13,0.0,False,False
HYDERABAD_STORE_004,SKU_008_Maggi_Noodles_12Pack,2026-08-27,34,5712.0,168.0,25.44,0.0,False,False
HYDERABAD_STORE_004,SKU_008_Maggi_Noodles_12Pack,2026-08-28,24,4032.0,168.0,27.46,0.0,False,False
HYDERABAD_STORE_004,SKU_008_Maggi_Noodles_12Pack,2026-08-29,27,4536.0,168.0,28.73,0.0,False,False
HYDERABAD_STORE_004,SKU_009_Cadbury_Dairy_Milk_Silk,2026-05-31,25,2375.0,95.0,27.26,0.0,False,False
HYDERABAD_STORE_004,SKU_009_Cadbury_Dairy_Milk_Silk,2026-06-01,23,2185.0,95.0,25.34,0.0,False,False
HYDERABAD_STORE_004,SKU_009_Cadbury_Dairy_Milk_Silk,2026-06-02,17,1615.0,95.0,24.1,0.0,False,False
HYDERABAD_STORE_004,SKU_009_Cadbury_Dairy_Milk_Silk,2026-06-03,10,950.0,95.0,20.15,0.0,False,False
HYDERABAD_STORE_004,SKU_009_Cadbury_Dairy_Milk_Silk,2026-06-04,25,2375.0,95.0,22.42,0.0,False,False
HYDERABAD_STORE_004,SKU_009_Cadbury_Dairy_Milk_Silk,2026-06-05,31,2945.0,95.0,24.14,0.0,False,False
HYDERABAD_STORE_004,SKU_009_Cadbury_Dairy_Milk_Silk,2026-06-06,33,3135.0,95.0,27.55,0.0,False,False
HYDERABAD_STORE_004,SKU_009_Cadbury_Dairy_Milk_Silk,2026-06-07,26,2470.0,95.0,27.48,0.0,False,False
HYDERABAD_STORE_004,SKU_009_Cadbury_Dairy_Milk_Silk,2026-06-08,27,2565.0,95.0,24.69,0.0,False,False
HYDERABAD_STORE_004,SKU_009_Cadbury_Dairy_Milk_Silk,2026-06-09,27,2565.0,95.0,26.34,0.0,False,False
HYDERABAD_STORE_004,SKU_009_Cadbury_Dairy_Milk_Silk,2026-06-10,11,1045.0,95.0,19.19,0.0,False,False
HYDERABAD_STORE_004,SKU_009_Cadbury_Dairy_Milk_Silk,2026-06-11,17,1615.0,95.0,17.29,0.0,False,False
HYDERABAD_STORE_004,SKU_009_Cadbury_Dairy_Milk_Silk,2026-06-12,19,1805.0,95.0,23.59,0.0,False,False
HYDERABAD_STORE_004,SKU_009_Cadbury_Dairy_Milk_Silk,2026-06-13,37,3515.0,95.0,25.42,0.0,False,False
HYDERABAD_STORE_004,SKU_009_Cadbury_Dairy_Milk_Silk,2026-06-14,26,2470.0,95.0,25.88,0.0,False,False
HYDERABAD_STORE_004,SKU_009_Cadbury_Dairy_Milk_Silk,2026-06-15,16,1520.0,95.0,22.86,0.0,False,False
HYDERABAD_STORE_004,SKU_009_Cadbury_Dairy_Milk_Silk,2026-06-16,19,1805.0,95.0,23.08,0.0,False,False
HYDERABAD_STORE_004,SKU_009_Cadbury_Dairy_Milk_Silk,2026-06-17,24,2280.0,95.0,20.66,0.0,False,False
HYDERABAD_STORE_004,SKU_009_Cadbury_Dairy_Milk_Silk,2026-06-18,20,1900.0,95.0,22.61,0.0,False,False
HYDERABAD_STORE_004,SKU_009_Cadbury_Dairy_Milk_Silk,2026-06-19,18,1710.0,95.0,24.55,0.0,False,False
HYDERABAD_STORE_004,SKU_009_Cadbury_Dairy_Milk_Silk,2026-06-20,23,2185.0,95.0,27.49,0.0,False,False
HYDERABAD_STORE_004,SKU_009_Cadbury_Dairy_Milk_Silk,2026-06-21,30,2850.0,95.0,24.33,0.0,False,False
HYDERABAD_STORE_004,SKU_009_Cadbury_Dairy_Milk_Silk,2026-06-22,27,2565.0,95.0,22.42,0.0,False,False
HYDERABAD_STORE_004,SKU_009_Cadbury_Dairy_Milk_Silk,2026-06-23,19,1805.0,95.0,23.71,0.0,False,False
HYDERABAD_STORE_004,SKU_009_Cadbury_Dairy_Milk_Silk,2026-06-24,15,1425.0,95.0,17.99,0.0,False,False
HYDERABAD_STORE_004,SKU_009_Cadbury_Dairy_Milk_Silk,2026-06-25,17,1615.0,95.0,18.4,0.0,False,False
HYDERABAD_STORE_004,SKU_009_Cadbury_Dairy_Milk_Silk,2026-06-26,26,2470.0,95.0,25.87,0.0,False,False
HYDERABAD_STORE_004,SKU_009_Cadbury_Dairy_Milk_Silk,2026-06-27,29,2755.0,95.0,27.51,0.0,False,False
HYDERABAD_STORE_004,SKU_009_Cadbury_Dairy_Milk_Silk,2026-06-28,27,2565.0,95.0,23.73,0.0,False,False
HYDERABAD_STORE_004,SKU_009_Cadbury_Dairy_Milk_Silk,2026-06-29,22,2090.0,95.0,25.96,0.0,False,False
HYDERABAD_STORE_004,SKU_009_Cadbury_Dairy_Milk_Silk,2026-06-30,22,2090.0,95.0,25.6,0.0,False,False
HYDERABAD_STORE_004,SKU_009_Cadbury_Dairy_Milk_Silk,2026-07-01,14,1330.0,95.0,22.56,0.0,False,False
HYDERABAD_STORE_004,SKU_009_Cadbury_Dairy_Milk_Silk,2026-07-02,19,1805.0,95.0,20.77,0.0,False,False
HYDERABAD_STORE_004,SKU_009_Cadbury_Dairy_Milk_Silk,2026-07-03,16,1520.0,95.0,27.05,0.0,False,False
HYDERABAD_STORE_004,SKU_009_Cadbury_Dairy_Milk_Silk,2026-07-04,31,2945.0,95.0,23.41,0.0,False,False
HYDERABAD_STORE_004,SKU_009_Cadbury_Dairy_Milk_Silk,2026-07-05,38,3610.0,95.0,24.3,0.0,False,False
HYDERABAD_STORE_004,SKU_009_Cadbury_Dairy_Milk_Silk,2026-07-06,21,1995.0,95.0,26.7,0.0,False,False
HYDERABAD_STORE_004,SKU_009_Cadbury_Dairy_Milk_Silk,2026-07-07,20,1900.0,95.0,23.68,0.0,False,False
HYDERABAD_STORE_004,SKU_009_Cadbury_Dairy_Milk_Silk,2026-07-08,18,1710.0,95.0,20.7,0.0,False,False
HYDERABAD_STORE_004,SKU_009_Cadbury_Dairy_Milk_Silk,2026-07-09,23,2185.0,95.0,22.33,0.0,False,False
HYDERABAD_STORE_004,SKU_009_Cadbury_Dairy_Milk_Silk,2026-07-10,25,2375.0,95.0,22.76,0.0,False,False
HYDERABAD_STORE_004,SKU_009_Cadbury_Dairy_Milk_Silk,2026-07-11,35,3325.0,95.0,23.33,0.0,False,False
HYDERABAD_STORE_004,SKU_009_Cadbury_Dairy_Milk_Silk,2026-07-12,27,2565.0,95.0,23.78,0.0,False,False
HYDERABAD_STORE_004,SKU_009_Cadbury_Dairy_Milk_Silk,2026-07-13,20,1900.0,95.0,23.86,0.0,False,False
HYDERABAD_STORE_004,SKU_009_Cadbury_Dairy_Milk_Silk,2026-07-14,20,1900.0,95.0,27.31,0.0,False,False
HYDERABAD_STORE_004,SKU_009_Cadbury_Dairy_Milk_Silk,2026-07-15,19,1805.0,95.0,17.04,0.0,False,False
HYDERABAD_STORE_004,SKU_009_Cadbury_Dairy_Milk_Silk,2026-07-16,20,1900.0,95.0,19.36,0.0,False,False
HYDERABAD_STORE_004,SKU_009_Cadbury_Dairy_Milk_Silk,2026-07-17,23,2185.0,95.0,25.72,0.0,False,False
HYDERABAD_STORE_004,SKU_009_Cadbury_Dairy_Milk_Silk,2026-07-18,33,3135.0,95.0,23.69,0.0,False,False
HYDERABAD_STORE_004,SKU_009_Cadbury_Dairy_Milk_Silk,2026-07-19,34,3230.0,95.0,27.92,0.0,False,False
HYDERABAD_STORE_004,SKU_009_Cadbury_Dairy_Milk_Silk,2026-07-20,19,1805.0,95.0,27.59,0.0,False,False
HYDERABAD_STORE_004,SKU_009_Cadbury_Dairy_Milk_Silk,2026-07-21,22,2090.0,95.0,26.06,0.0,False,False
HYDERABAD_STORE_004,SKU_009_Cadbury_Dairy_Milk_Silk,2026-07-22,19,1805.0,95.0,22.54,0.0,False,False
HYDERABAD_STORE_004,SKU_009_Cadbury_Dairy_Milk_Silk,2026-07-23,25,2375.0,95.0,20.29,0.0,False,False
HYDERABAD_STORE_004,SKU_009_Cadbury_Dairy_Milk_Silk,2026-07-24,24,2280.0,95.0,24.23,0.0,False,False
HYDERABAD_STORE_004,SKU_009_Cadbury_Dairy_Milk_Silk,2026-07-25,23,2185.0,95.0,22.62,0.0,False,False
HYDERABAD_STORE_004,SKU_009_Cadbury_Dairy_Milk_Silk,2026-07-26,29,2755.0,95.0,23.18,0.0,False,False
HYDERABAD_STORE_004,SKU_009_Cadbury_Dairy_Milk_Silk,2026-07-27,21,1995.0,95.0,23.49,0.0,False,False
HYDERABAD_STORE_004,SKU_009_Cadbury_Dairy_Milk_Silk,2026-07-28,14,1330.0,95.0,25.22,0.0,False,False
HYDERABAD_STORE_004,SKU_009_Cadbury_Dairy_Milk_Silk,2026-07-29,20,1900.0,95.0,20.49,0.0,False,False
HYDERABAD_STORE_004,SKU_009_Cadbury_Dairy_Milk_Silk,2026-07-30,20,1900.0,95.0,21.21,0.0,False,False
HYDERABAD_STORE_004,SKU_009_Cadbury_Dairy_Milk_Silk,2026-07-31,18,1710.0,95.0,22.81,0.0,False,False
HYDERABAD_STORE_004,SKU_009_Cadbury_Dairy_Milk_Silk,2026-08-01,35,3325.0,95.0,27.59,0.0,False,False
HYDERABAD_STORE_004,SKU_009_Cadbury_Dairy_Milk_Silk,2026-08-02,39,3705.0,95.0,23.54,0.0,False,False
HYDERABAD_STORE_004,SKU_009_Cadbury_Dairy_Milk_Silk,2026-08-03,21,1995.0,95.0,27.86,0.0,False,False
HYDERABAD_STORE_004,SKU_009_Cadbury_Dairy_Milk_Silk,2026-08-04,19,1805.0,95.0,23.89,0.0,False,False
HYDERABAD_STORE_004,SKU_009_Cadbury_Dairy_Milk_Silk,2026-08-05,20,1900.0,95.0,21.1,0.0,False,False
HYDERABAD_STORE_004,SKU_009_Cadbury_Dairy_Milk_Silk,2026-08-06,22,2090.0,95.0,20.26,0.0,False,False
HYDERABAD_STORE_004,SKU_009_Cadbury_Dairy_Milk_Silk,2026-08-07,24,2280.0,95.0,24.0,0.0,False,False
HYDERABAD_STORE_004,SKU_009_Cadbury_Dairy_Milk_Silk,2026-08-08,32,3040.0,95.0,22.3,0.0,False,False
HYDERABAD_STORE_004,SKU_009_Cadbury_Dairy_Milk_Silk,2026-08-09,31,2945.0,95.0,26.87,0.0,False,False
HYDERABAD_STORE_004,SKU_009_Cadbury_Dairy_Milk_Silk,2026-08-10,26,2470.0,95.0,24.09,0.0,False,False
HYDERABAD_STORE_004,SKU_009_Cadbury_Dairy_Milk_Silk,2026-08-11,25,2375.0,95.0,24.98,0.0,False,False
HYDERABAD_STORE_004,SKU_009_Cadbury_Dairy_Milk_Silk,2026-08-12,20,1900.0,95.0,20.4,0.0,False,False
HYDERABAD_STORE_004,SKU_009_Cadbury_Dairy_Milk_Silk,2026-08-13,12,1140.0,95.0,17.43,0.0,False,False
HYDERABAD_STORE_004,SKU_009_Cadbury_Dairy_Milk_Silk,2026-08-14,25,2375.0,95.0,24.26,0.0,False,False
HYDERABAD_STORE_004,SKU_009_Cadbury_Dairy_Milk_Silk,2026-08-15,29,2755.0,95.0,24.09,0.0,False,False
HYDERABAD_STORE_004,SKU_009_Cadbury_Dairy_Milk_Silk,2026-08-16,20,1900.0,95.0,22.25,0.0,False,False
HYDERABAD_STORE_004,SKU_009_Cadbury_Dairy_Milk_Silk,2026-08-17,19,1805.0,95.0,23.44,0.0,False,False
HYDERABAD_STORE_004,SKU_009_Cadbury_Dairy_Milk_Silk,2026-08-18,18,1710.0,95.0,25.42,0.0,False,False
HYDERABAD_STORE_004,SKU_009_Cadbury_Dairy_Milk_Silk,2026-08-19,18,1710.0,95.0,19.29,0.0,False,False
HYDERABAD_STORE_004,SKU_009_Cadbury_Dairy_Milk_Silk,2026-08-20,12,1140.0,95.0,21.57,0.0,False,False
HYDERABAD_STORE_004,SKU_009_Cadbury_Dairy_Milk_Silk,2026-08-21,25,2375.0,95.0,22.11,0.0,False,False
HYDERABAD_STORE_004,SKU_009_Cadbury_Dairy_Milk_Silk,2026-08-22,28,2660.0,95.0,27.45,0.0,False,False
HYDERABAD_STORE_004,SKU_009_Cadbury_Dairy_Milk_Silk,2026-08-23,34,3230.0,95.0,24.51,0.0,False,False
HYDERABAD_STORE_004,SKU_009_Cadbury_Dairy_Milk_Silk,2026-08-24,17,1615.0,95.0,27.28,0.0,False,False
HYDERABAD_STORE_004,SKU_009_Cadbury_Dairy_Milk_Silk,2026-08-25,20,1900.0,95.0,26.64,0.0,False,False
HYDERABAD_STORE_004,SKU_009_Cadbury_Dairy_Milk_Silk,2026-08-26,21,1995.0,95.0,20.43,0.0,False,False
HYDERABAD_STORE_004,SKU_009_Cadbury_Dairy_Milk_Silk,2026-08-27,22,2090.0,95.0,22.4,0.0,False,False
HYDERABAD_STORE_004,SKU_009_Cadbury_Dairy_Milk_Silk,2026-08-28,23,2185.0,95.0,26.15,0.0,False,False
HYDERABAD_STORE_004,SKU_009_Cadbury_Dairy_Milk_Silk,2026-08-29,25,2375.0,95.0,27.28,0.0,False,False
HYDERABAD_STORE_004,SKU_010_Surf_Excel_Matic_2kg,2026-05-31,14,5460.0,390.0,25.69,0.0,False,False
HYDERABAD_STORE_004,SKU_010_Surf_Excel_Matic_2kg,2026-06-01,9,3510.0,390.0,24.83,0.0,False,False
HYDERABAD_STORE_004,SKU_010_Surf_Excel_Matic_2kg,2026-06-02,10,3900.0,390.0,24.07,0.0,False,False
HYDERABAD_STORE_004,SKU_010_Surf_Excel_Matic_2kg,2026-06-03,11,4290.0,390.0,20.52,0.0,False,False
HYDERABAD_STORE_004,SKU_010_Surf_Excel_Matic_2kg,2026-06-04,11,4290.0,390.0,18.16,0.0,False,False
HYDERABAD_STORE_004,SKU_010_Surf_Excel_Matic_2kg,2026-06-05,8,3120.0,390.0,22.01,0.0,False,False
HYDERABAD_STORE_004,SKU_010_Surf_Excel_Matic_2kg,2026-06-06,23,8970.0,390.0,23.42,0.0,False,False
HYDERABAD_STORE_004,SKU_010_Surf_Excel_Matic_2kg,2026-06-07,11,4290.0,390.0,22.41,0.0,False,False
HYDERABAD_STORE_004,SKU_010_Surf_Excel_Matic_2kg,2026-06-08,8,3120.0,390.0,23.81,0.0,False,False
HYDERABAD_STORE_004,SKU_010_Surf_Excel_Matic_2kg,2026-06-09,6,2340.0,390.0,25.61,0.0,False,False
HYDERABAD_STORE_004,SKU_010_Surf_Excel_Matic_2kg,2026-06-10,12,4680.0,390.0,17.37,0.0,False,False
HYDERABAD_STORE_004,SKU_010_Surf_Excel_Matic_2kg,2026-06-11,8,3120.0,390.0,17.42,0.0,False,False
HYDERABAD_STORE_004,SKU_010_Surf_Excel_Matic_2kg,2026-06-12,10,3900.0,390.0,22.81,0.0,False,False
HYDERABAD_STORE_004,SKU_010_Surf_Excel_Matic_2kg,2026-06-13,18,7020.0,390.0,24.26,0.0,False,False
HYDERABAD_STORE_004,SKU_010_Surf_Excel_Matic_2kg,2026-06-14,7,2730.0,390.0,26.98,0.0,False,False
HYDERABAD_STORE_004,SKU_010_Surf_Excel_Matic_2kg,2026-06-15,5,1950.0,390.0,22.35,0.0,False,False
HYDERABAD_STORE_004,SKU_010_Surf_Excel_Matic_2kg,2026-06-16,9,3510.0,390.0,25.98,0.0,False,False
HYDERABAD_STORE_004,SKU_010_Surf_Excel_Matic_2kg,2026-06-17,6,2340.0,390.0,20.09,0.0,False,False
HYDERABAD_STORE_004,SKU_010_Surf_Excel_Matic_2kg,2026-06-18,13,5070.0,390.0,18.89,0.0,False,False
HYDERABAD_STORE_004,SKU_010_Surf_Excel_Matic_2kg,2026-06-19,14,5460.0,390.0,27.85,0.0,False,False
HYDERABAD_STORE_004,SKU_010_Surf_Excel_Matic_2kg,2026-06-20,15,5850.0,390.0,24.98,0.0,False,False
HYDERABAD_STORE_004,SKU_010_Surf_Excel_Matic_2kg,2026-06-21,10,3900.0,390.0,25.68,0.0,False,False
HYDERABAD_STORE_004,SKU_010_Surf_Excel_Matic_2kg,2026-06-22,12,4680.0,390.0,23.09,0.0,False,False
HYDERABAD_STORE_004,SKU_010_Surf_Excel_Matic_2kg,2026-06-23,10,3900.0,390.0,24.99,0.0,False,False
HYDERABAD_STORE_004,SKU_010_Surf_Excel_Matic_2kg,2026-06-24,9,3510.0,390.0,22.75,0.0,False,False
HYDERABAD_STORE_004,SKU_010_Surf_Excel_Matic_2kg,2026-06-25,13,5070.0,390.0,20.32,0.0,False,False
HYDERABAD_STORE_004,SKU_010_Surf_Excel_Matic_2kg,2026-06-26,7,2730.0,390.0,25.27,0.0,False,False
HYDERABAD_STORE_004,SKU_010_Surf_Excel_Matic_2kg,2026-06-27,12,4680.0,390.0,23.42,0.0,False,False
HYDERABAD_STORE_004,SKU_010_Surf_Excel_Matic_2kg,2026-06-28,20,7800.0,390.0,27.96,0.0,False,False
HYDERABAD_STORE_004,SKU_010_Surf_Excel_Matic_2kg,2026-06-29,7,2730.0,390.0,26.84,0.0,False,False
HYDERABAD_STORE_004,SKU_010_Surf_Excel_Matic_2kg,2026-06-30,13,5070.0,390.0,25.13,0.0,False,False
HYDERABAD_STORE_004,SKU_010_Surf_Excel_Matic_2kg,2026-07-01,14,5460.0,390.0,22.29,0.0,False,False
HYDERABAD_STORE_004,SKU_010_Surf_Excel_Matic_2kg,2026-07-02,9,3510.0,390.0,20.79,0.0,False,False
HYDERABAD_STORE_004,SKU_010_Surf_Excel_Matic_2kg,2026-07-03,9,3510.0,390.0,23.68,0.0,False,False
HYDERABAD_STORE_004,SKU_010_Surf_Excel_Matic_2kg,2026-07-04,11,4290.0,390.0,27.11,0.0,False,False
HYDERABAD_STORE_004,SKU_010_Surf_Excel_Matic_2kg,2026-07-05,14,5460.0,390.0,27.85,0.0,False,False
HYDERABAD_STORE_004,SKU_010_Surf_Excel_Matic_2kg,2026-07-06,6,2340.0,390.0,25.41,0.0,False,False
HYDERABAD_STORE_004,SKU_010_Surf_Excel_Matic_2kg,2026-07-07,8,3120.0,390.0,23.38,0.0,False,False
HYDERABAD_STORE_004,SKU_010_Surf_Excel_Matic_2kg,2026-07-08,3,1170.0,390.0,19.62,0.0,False,False
HYDERABAD_STORE_004,SKU_010_Surf_Excel_Matic_2kg,2026-07-09,15,5850.0,390.0,21.67,0.0,False,False
HYDERABAD_STORE_004,SKU_010_Surf_Excel_Matic_2kg,2026-07-10,7,2730.0,390.0,27.48,0.0,False,False
HYDERABAD_STORE_004,SKU_010_Surf_Excel_Matic_2kg,2026-07-11,12,4680.0,390.0,27.06,0.0,False,False
HYDERABAD_STORE_004,SKU_010_Surf_Excel_Matic_2kg,2026-07-12,14,5460.0,390.0,22.22,0.0,False,False
HYDERABAD_STORE_004,SKU_010_Surf_Excel_Matic_2kg,2026-07-13,14,5460.0,390.0,22.64,0.0,False,False
HYDERABAD_STORE_004,SKU_010_Surf_Excel_Matic_2kg,2026-07-14,7,2730.0,390.0,27.34,0.0,False,False
HYDERABAD_STORE_004,SKU_010_Surf_Excel_Matic_2kg,2026-07-15,12,4680.0,390.0,19.9,0.0,False,False
HYDERABAD_STORE_004,SKU_010_Surf_Excel_Matic_2kg,2026-07-16,15,5850.0,390.0,18.16,0.0,False,False
HYDERABAD_STORE_004,SKU_010_Surf_Excel_Matic_2kg,2026-07-17,11,4290.0,390.0,25.15,0.0,False,False
HYDERABAD_STORE_004,SKU_010_Surf_Excel_Matic_2kg,2026-07-18,7,2730.0,390.0,26.41,0.0,False,False
HYDERABAD_STORE_004,SKU_010_Surf_Excel_Matic_2kg,2026-07-19,10,3900.0,390.0,27.12,0.0,False,False
HYDERABAD_STORE_004,SKU_010_Surf_Excel_Matic_2kg,2026-07-20,15,5850.0,390.0,25.42,0.0,False,False
HYDERABAD_STORE_004,SKU_010_Surf_Excel_Matic_2kg,2026-07-21,10,3900.0,390.0,25.11,0.0,False,False
HYDERABAD_STORE_004,SKU_010_Surf_Excel_Matic_2kg,2026-07-22,10,3900.0,390.0,18.6,0.0,False,False
HYDERABAD_STORE_004,SKU_010_Surf_Excel_Matic_2kg,2026-07-23,8,3120.0,390.0,22.83,0.0,False,False
HYDERABAD_STORE_004,SKU_010_Surf_Excel_Matic_2kg,2026-07-24,6,2340.0,390.0,27.77,0.0,False,False
HYDERABAD_STORE_004,SKU_010_Surf_Excel_Matic_2kg,2026-07-25,15,5850.0,390.0,23.47,0.0,False,False
HYDERABAD_STORE_004,SKU_010_Surf_Excel_Matic_2kg,2026-07-26,9,3510.0,390.0,22.5,0.0,False,False
HYDERABAD_STORE_004,SKU_010_Surf_Excel_Matic_2kg,2026-07-27,13,5070.0,390.0,24.63,0.0,False,False
HYDERABAD_STORE_004,SKU_010_Surf_Excel_Matic_2kg,2026-07-28,10,3900.0,390.0,24.25,0.0,False,False
HYDERABAD_STORE_004,SKU_010_Surf_Excel_Matic_2kg,2026-07-29,10,3900.0,390.0,18.81,0.0,False,False
HYDERABAD_STORE_004,SKU_010_Surf_Excel_Matic_2kg,2026-07-30,4,1560.0,390.0,17.26,0.0,False,False
HYDERABAD_STORE_004,SKU_010_Surf_Excel_Matic_2kg,2026-07-31,10,3900.0,390.0,27.58,0.0,False,False
HYDERABAD_STORE_004,SKU_010_Surf_Excel_Matic_2kg,2026-08-01,21,8190.0,390.0,23.84,0.0,False,False
HYDERABAD_STORE_004,SKU_010_Surf_Excel_Matic_2kg,2026-08-02,21,8190.0,390.0,27.85,0.0,False,False
HYDERABAD_STORE_004,SKU_010_Surf_Excel_Matic_2kg,2026-08-03,12,4680.0,390.0,26.74,0.0,False,False
HYDERABAD_STORE_004,SKU_010_Surf_Excel_Matic_2kg,2026-08-04,13,5070.0,390.0,22.98,0.0,False,False
HYDERABAD_STORE_004,SKU_010_Surf_Excel_Matic_2kg,2026-08-05,16,6240.0,390.0,17.04,0.0,False,False
HYDERABAD_STORE_004,SKU_010_Surf_Excel_Matic_2kg,2026-08-06,7,2730.0,390.0,20.69,0.0,False,False
HYDERABAD_STORE_004,SKU_010_Surf_Excel_Matic_2kg,2026-08-07,8,3120.0,390.0,22.17,0.0,False,False
HYDERABAD_STORE_004,SKU_010_Surf_Excel_Matic_2kg,2026-08-08,16,6240.0,390.0,24.54,0.0,False,False
HYDERABAD_STORE_004,SKU_010_Surf_Excel_Matic_2kg,2026-08-09,13,5070.0,390.0,23.06,0.0,False,False
HYDERABAD_STORE_004,SKU_010_Surf_Excel_Matic_2kg,2026-08-10,11,4290.0,390.0,25.12,0.0,False,False
HYDERABAD_STORE_004,SKU_010_Surf_Excel_Matic_2kg,2026-08-11,12,4680.0,390.0,23.7,0.0,False,False
HYDERABAD_STORE_004,SKU_010_Surf_Excel_Matic_2kg,2026-08-12,6,2340.0,390.0,17.97,0.0,False,False
HYDERABAD_STORE_004,SKU_010_Surf_Excel_Matic_2kg,2026-08-13,7,2730.0,390.0,17.25,0.0,False,False
HYDERABAD_STORE_004,SKU_010_Surf_Excel_Matic_2kg,2026-08-14,11,4290.0,390.0,24.89,0.0,False,False
HYDERABAD_STORE_004,SKU_010_Surf_Excel_Matic_2kg,2026-08-15,10,3900.0,390.0,24.34,0.0,False,False
HYDERABAD_STORE_004,SKU_010_Surf_Excel_Matic_2kg,2026-08-16,15,5850.0,390.0,27.78,0.0,False,False
HYDERABAD_STORE_004,SKU_010_Surf_Excel_Matic_2kg,2026-08-17,10,3900.0,390.0,24.93,0.0,False,False
HYDERABAD_STORE_004,SKU_010_Surf_Excel_Matic_2kg,2026-08-18,13,5070.0,390.0,22.21,0.0,False,False
HYDERABAD_STORE_004,SKU_010_Surf_Excel_Matic_2kg,2026-08-19,8,3120.0,390.0,17.21,0.0,False,False
HYDERABAD_STORE_004,SKU_010_Surf_Excel_Matic_2kg,2026-08-20,18,7020.0,390.0,18.08,0.0,False,False
HYDERABAD_STORE_004,SKU_010_Surf_Excel_Matic_2kg,2026-08-21,10,3900.0,390.0,24.07,0.0,False,False
HYDERABAD_STORE_004,SKU_010_Surf_Excel_Matic_2kg,2026-08-22,7,2730.0,390.0,25.01,0.0,False,False
HYDERABAD_STORE_004,SKU_010_Surf_Excel_Matic_2kg,2026-08-23,13,5070.0,390.0,27.33,0.0,False,False
HYDERABAD_STORE_004,SKU_010_Surf_Excel_Matic_2kg,2026-08-24,14,5460.0,390.0,26.15,0.0,False,False
HYDERABAD_STORE_004,SKU_010_Surf_Excel_Matic_2kg,2026-08-25,9,3510.0,390.0,26.89,0.0,False,False
HYDERABAD_STORE_004,SKU_010_Surf_Excel_Matic_2kg,2026-08-26,8,3120.0,390.0,19.83,0.0,False,False
HYDERABAD_STORE_004,SKU_010_Surf_Excel_Matic_2kg,2026-08-27,15,5850.0,390.0,22.54,0.0,False,False
HYDERABAD_STORE_004,SKU_010_Surf_Excel_Matic_2kg,2026-08-28,10,3900.0,390.0,26.15,0.0,False,False
HYDERABAD_STORE_004,SKU_010_Surf_Excel_Matic_2kg,2026-08-29,17,6630.0,390.0,23.55,0.0,False,False
MUMBAI_STORE_001,SKU_001_Aashirvaad_Atta_5kg,2026-05-31,23,6095.0,265.0,37.93,0.0,False,False
MUMBAI_STORE_001,SKU_001_Aashirvaad_Atta_5kg,2026-06-01,21,5565.0,265.0,34.22,0.0,False,False
MUMBAI_STORE_001,SKU_001_Aashirvaad_Atta_5kg,2026-06-02,14,3710.0,265.0,36.72,0.0,False,False
MUMBAI_STORE_001,SKU_001_Aashirvaad_Atta_5kg,2026-06-03,14,3710.0,265.0,28.36,0.0,False,False
MUMBAI_STORE_001,SKU_001_Aashirvaad_Atta_5kg,2026-06-04,18,4770.0,265.0,27.91,0.0,False,False
MUMBAI_STORE_001,SKU_001_Aashirvaad_Atta_5kg,2026-06-05,14,3710.0,265.0,35.86,0.0,False,False
MUMBAI_STORE_001,SKU_001_Aashirvaad_Atta_5kg,2026-06-06,21,5565.0,265.0,32.97,0.0,False,False
MUMBAI_STORE_001,SKU_001_Aashirvaad_Atta_5kg,2026-06-07,18,4770.0,265.0,33.58,0.0,False,False
MUMBAI_STORE_001,SKU_001_Aashirvaad_Atta_5kg,2026-06-08,21,5565.0,265.0,37.7,0.0,False,False
MUMBAI_STORE_001,SKU_001_Aashirvaad_Atta_5kg,2026-06-09,15,3975.0,265.0,36.67,0.0,False,False
MUMBAI_STORE_001,SKU_001_Aashirvaad_Atta_5kg,2026-06-10,18,4770.0,265.0,28.49,0.0,False,False
MUMBAI_STORE_001,SKU_001_Aashirvaad_Atta_5kg,2026-06-11,10,2650.0,265.0,27.96,0.0,False,False
MUMBAI_STORE_001,SKU_001_Aashirvaad_Atta_5kg,2026-06-12,11,2915.0,265.0,37.62,0.0,False,False
MUMBAI_STORE_001,SKU_001_Aashirvaad_Atta_5kg,2026-06-13,24,6360.0,265.0,34.71,0.0,False,False
MUMBAI_STORE_001,SKU_001_Aashirvaad_Atta_5kg,2026-06-14,12,3180.0,265.0,32.83,0.0,False,False
MUMBAI_STORE_001,SKU_001_Aashirvaad_Atta_5kg,2026-06-15,18,4770.0,265.0,36.69,0.0,False,False
MUMBAI_STORE_001,SKU_001_Aashirvaad_Atta_5kg,2026-06-16,12,3180.0,265.0,33.88,0.0,False,False
MUMBAI_STORE_001,SKU_001_Aashirvaad_Atta_5kg,2026-06-17,12,3180.0,265.0,30.68,0.0,False,False
MUMBAI_STORE_001,SKU_001_Aashirvaad_Atta_5kg,2026-06-18,16,4240.0,265.0,28.03,0.0,False,False
MUMBAI_STORE_001,SKU_001_Aashirvaad_Atta_5kg,2026-06-19,23,6095.0,265.0,33.01,0.0,False,False
MUMBAI_STORE_001,SKU_001_Aashirvaad_Atta_5kg,2026-06-20,19,5035.0,265.0,36.05,0.0,False,False
MUMBAI_STORE_001,SKU_001_Aashirvaad_Atta_5kg,2026-06-21,29,7685.0,265.0,37.91,0.0,False,False
MUMBAI_STORE_001,SKU_001_Aashirvaad_Atta_5kg,2026-06-22,15,3975.0,265.0,33.7,0.0,False,False
MUMBAI_STORE_001,SKU_001_Aashirvaad_Atta_5kg,2026-06-23,11,2915.0,265.0,32.17,0.0,False,False
MUMBAI_STORE_001,SKU_001_Aashirvaad_Atta_5kg,2026-06-24,14,3710.0,265.0,32.72,0.0,False,False
MUMBAI_STORE_001,SKU_001_Aashirvaad_Atta_5kg,2026-06-25,12,3180.0,265.0,27.29,0.0,False,False
MUMBAI_STORE_001,SKU_001_Aashirvaad_Atta_5kg,2026-06-26,12,3180.0,265.0,33.69,0.0,False,False
MUMBAI_STORE_001,SKU_001_Aashirvaad_Atta_5kg,2026-06-27,10,2650.0,265.0,33.85,0.0,False,False
MUMBAI_STORE_001,SKU_001_Aashirvaad_Atta_5kg,2026-06-28,24,6360.0,265.0,35.69,0.0,False,False
MUMBAI_STORE_001,SKU_001_Aashirvaad_Atta_5kg,2026-06-29,19,5035.0,265.0,34.84,0.0,False,False
MUMBAI_STORE_001,SKU_001_Aashirvaad_Atta_5kg,2026-06-30,13,3445.0,265.0,37.11,0.0,False,False
MUMBAI_STORE_001,SKU_001_Aashirvaad_Atta_5kg,2026-07-01,9,2385.0,265.0,29.36,0.0,False,False
MUMBAI_STORE_001,SKU_001_Aashirvaad_Atta_5kg,2026-07-02,15,3975.0,265.0,30.3,0.0,False,False
MUMBAI_STORE_001,SKU_001_Aashirvaad_Atta_5kg,2026-07-03,15,3975.0,265.0,32.66,0.0,False,False
MUMBAI_STORE_001,SKU_001_Aashirvaad_Atta_5kg,2026-07-04,17,4505.0,265.0,36.38,0.0,False,False
MUMBAI_STORE_001,SKU_001_Aashirvaad_Atta_5kg,2026-07-05,19,5035.0,265.0,36.5,0.0,False,False
MUMBAI_STORE_001,SKU_001_Aashirvaad_Atta_5kg,2026-07-06,16,4240.0,265.0,33.25,0.0,False,False
MUMBAI_STORE_001,SKU_001_Aashirvaad_Atta_5kg,2026-07-07,10,2650.0,265.0,32.22,0.0,False,False
MUMBAI_STORE_001,SKU_001_Aashirvaad_Atta_5kg,2026-07-08,14,3710.0,265.0,32.14,0.0,False,False
MUMBAI_STORE_001,SKU_001_Aashirvaad_Atta_5kg,2026-07-09,13,3445.0,265.0,30.09,0.0,False,False
MUMBAI_STORE_001,SKU_001_Aashirvaad_Atta_5kg,2026-07-10,15,3975.0,265.0,36.58,0.0,False,False
MUMBAI_STORE_001,SKU_001_Aashirvaad_Atta_5kg,2026-07-11,15,3975.0,265.0,34.05,0.0,False,False
MUMBAI_STORE_001,SKU_001_Aashirvaad_Atta_5kg,2026-07-12,15,3975.0,265.0,32.23,0.0,False,False
MUMBAI_STORE_001,SKU_001_Aashirvaad_Atta_5kg,2026-07-13,13,3445.0,265.0,36.82,0.0,False,False
MUMBAI_STORE_001,SKU_001_Aashirvaad_Atta_5kg,2026-07-14,12,3180.0,265.0,34.21,0.0,False,False
MUMBAI_STORE_001,SKU_001_Aashirvaad_Atta_5kg,2026-07-15,14,3710.0,265.0,27.74,0.0,False,False
MUMBAI_STORE_001,SKU_001_Aashirvaad_Atta_5kg,2026-07-16,14,3710.0,265.0,29.09,0.0,False,False
MUMBAI_STORE_001,SKU_001_Aashirvaad_Atta_5kg,2026-07-17,21,5565.0,265.0,33.11,0.0,False,False
MUMBAI_STORE_001,SKU_001_Aashirvaad_Atta_5kg,2026-07-18,14,3710.0,265.0,35.18,0.0,False,False
MUMBAI_STORE_001,SKU_001_Aashirvaad_Atta_5kg,2026-07-19,21,5565.0,265.0,36.98,0.0,False,False
MUMBAI_STORE_001,SKU_001_Aashirvaad_Atta_5kg,2026-07-20,12,3180.0,265.0,33.39,0.0,False,False
MUMBAI_STORE_001,SKU_001_Aashirvaad_Atta_5kg,2026-07-21,15,3975.0,265.0,37.6,0.0,False,False
MUMBAI_STORE_001,SKU_001_Aashirvaad_Atta_5kg,2026-07-22,11,2915.0,265.0,28.33,0.0,False,False
MUMBAI_STORE_001,SKU_001_Aashirvaad_Atta_5kg,2026-07-23,20,5300.0,265.0,30.66,0.0,False,False
MUMBAI_STORE_001,SKU_001_Aashirvaad_Atta_5kg,2026-07-24,19,5035.0,265.0,34.19,0.0,False,False
MUMBAI_STORE_001,SKU_001_Aashirvaad_Atta_5kg,2026-07-25,23,6095.0,265.0,35.93,0.0,False,False
MUMBAI_STORE_001,SKU_001_Aashirvaad_Atta_5kg,2026-07-26,14,3710.0,265.0,35.0,0.0,False,False
MUMBAI_STORE_001,SKU_001_Aashirvaad_Atta_5kg,2026-07-27,17,4505.0,265.0,35.73,0.0,False,False
MUMBAI_STORE_001,SKU_001_Aashirvaad_Atta_5kg,2026-07-28,12,3180.0,265.0,37.1,0.0,False,False
MUMBAI_STORE_001,SKU_001_Aashirvaad_Atta_5kg,2026-07-29,10,2650.0,265.0,32.09,0.0,False,False
MUMBAI_STORE_001,SKU_001_Aashirvaad_Atta_5kg,2026-07-30,17,4505.0,265.0,30.22,0.0,False,False
MUMBAI_STORE_001,SKU_001_Aashirvaad_Atta_5kg,2026-07-31,10,2650.0,265.0,36.9,0.0,False,False
MUMBAI_STORE_001,SKU_001_Aashirvaad_Atta_5kg,2026-08-01,17,4505.0,265.0,33.06,0.0,False,False
MUMBAI_STORE_001,SKU_001_Aashirvaad_Atta_5kg,2026-08-02,16,4240.0,265.0,36.28,0.0,False,False
MUMBAI_STORE_001,SKU_001_Aashirvaad_Atta_5kg,2026-08-03,15,3975.0,265.0,37.81,0.0,False,False
MUMBAI_STORE_001,SKU_001_Aashirvaad_Atta_5kg,2026-08-04,13,3445.0,265.0,36.59,0.0,False,False
MUMBAI_STORE_001,SKU_001_Aashirvaad_Atta_5kg,2026-08-05,10,2650.0,265.0,27.32,0.0,False,False
MUMBAI_STORE_001,SKU_001_Aashirvaad_Atta_5kg,2026-08-06,14,3710.0,265.0,28.52,0.0,False,False
MUMBAI_STORE_001,SKU_001_Aashirvaad_Atta_5kg,2026-08-07,17,4505.0,265.0,33.82,0.0,False,False
MUMBAI_STORE_001,SKU_001_Aashirvaad_Atta_5kg,2026-08-08,11,2915.0,265.0,36.21,0.0,False,False
MUMBAI_STORE_001,SKU_001_Aashirvaad_Atta_5kg,2026-08-09,26,6890.0,265.0,33.08,0.0,False,False
MUMBAI_STORE_001,SKU_001_Aashirvaad_Atta_5kg,2026-08-10,9,2385.0,265.0,33.25,0.0,False,False
MUMBAI_STORE_001,SKU_001_Aashirvaad_Atta_5kg,2026-08-11,15,3975.0,265.0,33.84,0.0,False,False
MUMBAI_STORE_001,SKU_001_Aashirvaad_Atta_5kg,2026-08-12,12,3180.0,265.0,28.84,0.0,False,False
MUMBAI_STORE_001,SKU_001_Aashirvaad_Atta_5kg,2026-08-13,12,3180.0,265.0,30.02,0.0,False,False
MUMBAI_STORE_001,SKU_001_Aashirvaad_Atta_5kg,2026-08-14,13,3445.0,265.0,35.06,0.0,False,False
MUMBAI_STORE_001,SKU_001_Aashirvaad_Atta_5kg,2026-08-15,18,4770.0,265.0,36.96,0.0,False,False
MUMBAI_STORE_001,SKU_001_Aashirvaad_Atta_5kg,2026-08-16,23,6095.0,265.0,37.43,0.0,False,False
MUMBAI_STORE_001,SKU_001_Aashirvaad_Atta_5kg,2026-08-17,16,4240.0,265.0,37.25,0.0,False,False
MUMBAI_STORE_001,SKU_001_Aashirvaad_Atta_5kg,2026-08-18,12,3180.0,265.0,36.59,0.0,False,False
MUMBAI_STORE_001,SKU_001_Aashirvaad_Atta_5kg,2026-08-19,10,2650.0,265.0,31.08,0.0,False,False
MUMBAI_STORE_001,SKU_001_Aashirvaad_Atta_5kg,2026-08-20,14,3710.0,265.0,30.71,0.0,False,False
MUMBAI_STORE_001,SKU_001_Aashirvaad_Atta_5kg,2026-08-21,16,4240.0,265.0,35.3,0.0,False,False
MUMBAI_STORE_001,SKU_001_Aashirvaad_Atta_5kg,2026-08-22,17,4505.0,265.0,32.9,0.0,False,False
MUMBAI_STORE_001,SKU_001_Aashirvaad_Atta_5kg,2026-08-23,21,5565.0,265.0,35.39,0.0,False,False
MUMBAI_STORE_001,SKU_001_Aashirvaad_Atta_5kg,2026-08-24,12,3180.0,265.0,37.62,0.0,False,False
MUMBAI_STORE_001,SKU_001_Aashirvaad_Atta_5kg,2026-08-25,12,3180.0,265.0,32.89,0.0,False,False
MUMBAI_STORE_001,SKU_001_Aashirvaad_Atta_5kg,2026-08-26,14,3710.0,265.0,31.39,0.0,False,False
MUMBAI_STORE_001,SKU_001_Aashirvaad_Atta_5kg,2026-08-27,12,3180.0,265.0,31.71,0.0,False,False
MUMBAI_STORE_001,SKU_001_Aashirvaad_Atta_5kg,2026-08-28,13,3445.0,265.0,35.06,0.0,False,False
MUMBAI_STORE_001,SKU_001_Aashirvaad_Atta_5kg,2026-08-29,15,3975.0,265.0,32.45,0.0,False,False
MUMBAI_STORE_001,SKU_002_IndiaGate_Basmati_5kg,2026-05-31,12,5760.0,480.0,36.05,0.0,False,False
MUMBAI_STORE_001,SKU_002_IndiaGate_Basmati_5kg,2026-06-01,9,4320.0,480.0,35.44,0.0,False,False
MUMBAI_STORE_001,SKU_002_IndiaGate_Basmati_5kg,2026-06-02,10,4800.0,480.0,35.36,0.0,False,False
MUMBAI_STORE_001,SKU_002_IndiaGate_Basmati_5kg,2026-06-03,7,3360.0,480.0,27.05,0.0,False,False
MUMBAI_STORE_001,SKU_002_IndiaGate_Basmati_5kg,2026-06-04,5,2400.0,480.0,31.24,0.0,False,False
MUMBAI_STORE_001,SKU_002_IndiaGate_Basmati_5kg,2026-06-05,11,5280.0,480.0,36.94,0.0,False,False
MUMBAI_STORE_001,SKU_002_IndiaGate_Basmati_5kg,2026-06-06,12,5760.0,480.0,36.77,0.0,False,False
MUMBAI_STORE_001,SKU_002_IndiaGate_Basmati_5kg,2026-06-07,13,6240.0,480.0,32.33,0.0,False,False
MUMBAI_STORE_001,SKU_002_IndiaGate_Basmati_5kg,2026-06-08,10,4800.0,480.0,36.61,0.0,False,False
MUMBAI_STORE_001,SKU_002_IndiaGate_Basmati_5kg,2026-06-09,9,4320.0,480.0,34.79,0.0,False,False
MUMBAI_STORE_001,SKU_002_IndiaGate_Basmati_5kg,2026-06-10,11,5280.0,480.0,29.17,0.0,False,False
MUMBAI_STORE_001,SKU_002_IndiaGate_Basmati_5kg,2026-06-11,11,5280.0,480.0,30.28,0.0,False,False
MUMBAI_STORE_001,SKU_002_IndiaGate_Basmati_5kg,2026-06-12,10,4800.0,480.0,32.26,0.0,False,False
MUMBAI_STORE_001,SKU_002_IndiaGate_Basmati_5kg,2026-06-13,7,3360.0,480.0,35.17,0.0,False,False
MUMBAI_STORE_001,SKU_002_IndiaGate_Basmati_5kg,2026-06-14,4,1920.0,480.0,33.06,0.0,False,False
MUMBAI_STORE_001,SKU_002_IndiaGate_Basmati_5kg,2026-06-15,5,2400.0,480.0,32.63,0.0,False,False
MUMBAI_STORE_001,SKU_002_IndiaGate_Basmati_5kg,2026-06-16,7,3360.0,480.0,35.69,0.0,False,False
MUMBAI_STORE_001,SKU_002_IndiaGate_Basmati_5kg,2026-06-17,8,3840.0,480.0,31.38,0.0,False,False
MUMBAI_STORE_001,SKU_002_IndiaGate_Basmati_5kg,2026-06-18,11,5280.0,480.0,29.82,0.0,False,False
MUMBAI_STORE_001,SKU_002_IndiaGate_Basmati_5kg,2026-06-19,9,4320.0,480.0,35.09,0.0,False,False
MUMBAI_STORE_001,SKU_002_IndiaGate_Basmati_5kg,2026-06-20,11,5280.0,480.0,36.43,0.0,False,False
MUMBAI_STORE_001,SKU_002_IndiaGate_Basmati_5kg,2026-06-21,11,5280.0,480.0,35.44,0.0,False,False
MUMBAI_STORE_001,SKU_002_IndiaGate_Basmati_5kg,2026-06-22,6,2880.0,480.0,35.55,0.0,False,False
MUMBAI_STORE_001,SKU_002_IndiaGate_Basmati_5kg,2026-06-23,7,3360.0,480.0,36.49,0.0,False,False
MUMBAI_STORE_001,SKU_002_IndiaGate_Basmati_5kg,2026-06-24,6,2880.0,480.0,27.49,0.0,False,False
MUMBAI_STORE_001,SKU_002_IndiaGate_Basmati_5kg,2026-06-25,11,5280.0,480.0,27.2,0.0,False,False
MUMBAI_STORE_001,SKU_002_IndiaGate_Basmati_5kg,2026-06-26,3,1440.0,480.0,33.93,0.0,False,False
MUMBAI_STORE_001,SKU_002_IndiaGate_Basmati_5kg,2026-06-27,9,4320.0,480.0,33.55,0.0,False,False
MUMBAI_STORE_001,SKU_002_IndiaGate_Basmati_5kg,2026-06-28,8,3840.0,480.0,36.86,0.0,False,False
MUMBAI_STORE_001,SKU_002_IndiaGate_Basmati_5kg,2026-06-29,7,3360.0,480.0,32.24,0.0,False,False
MUMBAI_STORE_001,SKU_002_IndiaGate_Basmati_5kg,2026-06-30,7,3360.0,480.0,35.67,0.0,False,False
MUMBAI_STORE_001,SKU_002_IndiaGate_Basmati_5kg,2026-07-01,3,1440.0,480.0,30.82,0.0,False,False
MUMBAI_STORE_001,SKU_002_IndiaGate_Basmati_5kg,2026-07-02,12,5760.0,480.0,29.07,0.0,False,False
MUMBAI_STORE_001,SKU_002_IndiaGate_Basmati_5kg,2026-07-03,8,3840.0,480.0,35.18,0.0,False,False
MUMBAI_STORE_001,SKU_002_IndiaGate_Basmati_5kg,2026-07-04,10,4800.0,480.0,33.94,0.0,False,False
MUMBAI_STORE_001,SKU_002_IndiaGate_Basmati_5kg,2026-07-05,11,5280.0,480.0,37.69,0.0,False,False
MUMBAI_STORE_001,SKU_002_IndiaGate_Basmati_5kg,2026-07-06,10,4800.0,480.0,37.36,0.0,False,False
MUMBAI_STORE_001,SKU_002_IndiaGate_Basmati_5kg,2026-07-07,4,1920.0,480.0,33.95,0.0,False,False
MUMBAI_STORE_001,SKU_002_IndiaGate_Basmati_5kg,2026-07-08,12,5760.0,480.0,31.87,0.0,False,False
MUMBAI_STORE_001,SKU_002_IndiaGate_Basmati_5kg,2026-07-09,6,2880.0,480.0,28.17,0.0,False,False
MUMBAI_STORE_001,SKU_002_IndiaGate_Basmati_5kg,2026-07-10,6,2880.0,480.0,33.93,0.0,False,False
MUMBAI_STORE_001,SKU_002_IndiaGate_Basmati_5kg,2026-07-11,13,6240.0,480.0,32.65,0.0,False,False
MUMBAI_STORE_001,SKU_002_IndiaGate_Basmati_5kg,2026-07-12,9,4320.0,480.0,34.18,0.0,False,False
MUMBAI_STORE_001,SKU_002_IndiaGate_Basmati_5kg,2026-07-13,4,1920.0,480.0,34.19,0.0,False,False
MUMBAI_STORE_001,SKU_002_IndiaGate_Basmati_5kg,2026-07-14,7,3360.0,480.0,34.28,0.0,False,False
MUMBAI_STORE_001,SKU_002_IndiaGate_Basmati_5kg,2026-07-15,14,6720.0,480.0,27.85,0.0,False,False
MUMBAI_STORE_001,SKU_002_IndiaGate_Basmati_5kg,2026-07-16,4,1920.0,480.0,27.2,0.0,False,False
MUMBAI_STORE_001,SKU_002_IndiaGate_Basmati_5kg,2026-07-17,6,2880.0,480.0,34.34,0.0,False,False
MUMBAI_STORE_001,SKU_002_IndiaGate_Basmati_5kg,2026-07-18,15,7200.0,480.0,33.98,0.0,False,False
MUMBAI_STORE_001,SKU_002_IndiaGate_Basmati_5kg,2026-07-19,10,4800.0,480.0,36.28,0.0,False,False
MUMBAI_STORE_001,SKU_002_IndiaGate_Basmati_5kg,2026-07-20,7,3360.0,480.0,36.0,0.0,False,False
MUMBAI_STORE_001,SKU_002_IndiaGate_Basmati_5kg,2026-07-21,11,5280.0,480.0,34.57,0.0,False,False
MUMBAI_STORE_001,SKU_002_IndiaGate_Basmati_5kg,2026-07-22,12,5760.0,480.0,29.28,0.0,False,False
MUMBAI_STORE_001,SKU_002_IndiaGate_Basmati_5kg,2026-07-23,6,2880.0,480.0,31.99,0.0,False,False
MUMBAI_STORE_001,SKU_002_IndiaGate_Basmati_5kg,2026-07-24,8,3840.0,480.0,34.86,0.0,False,False
MUMBAI_STORE_001,SKU_002_IndiaGate_Basmati_5kg,2026-07-25,8,3840.0,480.0,37.3,0.0,False,False
MUMBAI_STORE_001,SKU_002_IndiaGate_Basmati_5kg,2026-07-26,19,9120.0,480.0,34.95,0.0,False,False
MUMBAI_STORE_001,SKU_002_IndiaGate_Basmati_5kg,2026-07-27,8,3840.0,480.0,32.6,0.0,False,False
MUMBAI_STORE_001,SKU_002_IndiaGate_Basmati_5kg,2026-07-28,10,4800.0,480.0,37.72,0.0,False,False
MUMBAI_STORE_001,SKU_002_IndiaGate_Basmati_5kg,2026-07-29,11,5280.0,480.0,31.61,0.0,False,False
MUMBAI_STORE_001,SKU_002_IndiaGate_Basmati_5kg,2026-07-30,9,4320.0,480.0,29.83,0.0,False,False
MUMBAI_STORE_001,SKU_002_IndiaGate_Basmati_5kg,2026-07-31,7,3360.0,480.0,37.48,0.0,False,False
MUMBAI_STORE_001,SKU_002_IndiaGate_Basmati_5kg,2026-08-01,11,5280.0,480.0,34.02,0.0,False,False
MUMBAI_STORE_001,SKU_002_IndiaGate_Basmati_5kg,2026-08-02,10,4800.0,480.0,35.57,0.0,False,False
MUMBAI_STORE_001,SKU_002_IndiaGate_Basmati_5kg,2026-08-03,7,3360.0,480.0,35.96,0.0,False,False
MUMBAI_STORE_001,SKU_002_IndiaGate_Basmati_5kg,2026-08-04,6,2880.0,480.0,36.2,0.0,False,False
MUMBAI_STORE_001,SKU_002_IndiaGate_Basmati_5kg,2026-08-05,11,5280.0,480.0,32.11,0.0,False,False
MUMBAI_STORE_001,SKU_002_IndiaGate_Basmati_5kg,2026-08-06,12,5760.0,480.0,32.79,0.0,False,False
MUMBAI_STORE_001,SKU_002_IndiaGate_Basmati_5kg,2026-08-07,9,4320.0,480.0,37.77,0.0,False,False
MUMBAI_STORE_001,SKU_002_IndiaGate_Basmati_5kg,2026-08-08,12,5760.0,480.0,33.97,0.0,False,False
MUMBAI_STORE_001,SKU_002_IndiaGate_Basmati_5kg,2026-08-09,11,5280.0,480.0,33.79,0.0,False,False
MUMBAI_STORE_001,SKU_002_IndiaGate_Basmati_5kg,2026-08-10,7,3360.0,480.0,34.73,0.0,False,False
MUMBAI_STORE_001,SKU_002_IndiaGate_Basmati_5kg,2026-08-11,13,6240.0,480.0,34.24,0.0,False,False
MUMBAI_STORE_001,SKU_002_IndiaGate_Basmati_5kg,2026-08-12,7,3360.0,480.0,29.02,0.0,False,False
MUMBAI_STORE_001,SKU_002_IndiaGate_Basmati_5kg,2026-08-13,7,3360.0,480.0,30.45,0.0,False,False
MUMBAI_STORE_001,SKU_002_IndiaGate_Basmati_5kg,2026-08-14,14,6720.0,480.0,36.9,0.0,False,False
MUMBAI_STORE_001,SKU_002_IndiaGate_Basmati_5kg,2026-08-15,7,3360.0,480.0,37.72,0.0,False,False
MUMBAI_STORE_001,SKU_002_IndiaGate_Basmati_5kg,2026-08-16,7,3360.0,480.0,33.09,0.0,False,False
MUMBAI_STORE_001,SKU_002_IndiaGate_Basmati_5kg,2026-08-17,9,4320.0,480.0,37.16,0.0,False,False
MUMBAI_STORE_001,SKU_002_IndiaGate_Basmati_5kg,2026-08-18,9,4320.0,480.0,35.53,0.0,False,False
MUMBAI_STORE_001,SKU_002_IndiaGate_Basmati_5kg,2026-08-19,6,2880.0,480.0,28.93,0.0,False,False
MUMBAI_STORE_001,SKU_002_IndiaGate_Basmati_5kg,2026-08-20,6,2880.0,480.0,30.09,0.0,False,False
MUMBAI_STORE_001,SKU_002_IndiaGate_Basmati_5kg,2026-08-21,8,3840.0,480.0,36.13,0.0,False,False
MUMBAI_STORE_001,SKU_002_IndiaGate_Basmati_5kg,2026-08-22,11,5280.0,480.0,34.3,0.0,False,False
MUMBAI_STORE_001,SKU_002_IndiaGate_Basmati_5kg,2026-08-23,11,5280.0,480.0,36.37,0.0,False,False
MUMBAI_STORE_001,SKU_002_IndiaGate_Basmati_5kg,2026-08-24,9,4320.0,480.0,33.63,0.0,False,False
MUMBAI_STORE_001,SKU_002_IndiaGate_Basmati_5kg,2026-08-25,6,2880.0,480.0,36.76,0.0,False,False
MUMBAI_STORE_001,SKU_002_IndiaGate_Basmati_5kg,2026-08-26,12,5760.0,480.0,27.45,0.0,False,False
MUMBAI_STORE_001,SKU_002_IndiaGate_Basmati_5kg,2026-08-27,11,5280.0,480.0,30.64,0.0,False,False
MUMBAI_STORE_001,SKU_002_IndiaGate_Basmati_5kg,2026-08-28,4,1920.0,480.0,34.41,0.0,False,False
MUMBAI_STORE_001,SKU_002_IndiaGate_Basmati_5kg,2026-08-29,18,8640.0,480.0,33.58,0.0,False,False
MUMBAI_STORE_001,SKU_003_Fortune_Sunflower_Oil_1L,2026-05-31,37,5365.0,145.0,31.22,0.0,False,False
MUMBAI_STORE_001,SKU_003_Fortune_Sunflower_Oil_1L,2026-06-01,31,4495.0,145.0,30.36,0.0,False,False
MUMBAI_STORE_001,SKU_003_Fortune_Sunflower_Oil_1L,2026-06-02,23,3335.0,145.0,31.94,0.0,False,False
MUMBAI_STORE_001,SKU_003_Fortune_Sunflower_Oil_1L,2026-06-03,28,4060.0,145.0,24.15,0.0,False,False
MUMBAI_STORE_001,SKU_003_Fortune_Sunflower_Oil_1L,2026-06-04,26,3770.0,145.0,24.72,0.0,False,False
MUMBAI_STORE_001,SKU_003_Fortune_Sunflower_Oil_1L,2026-06-05,20,2900.0,145.0,31.94,0.0,False,False
MUMBAI_STORE_001,SKU_003_Fortune_Sunflower_Oil_1L,2026-06-06,34,4930.0,145.0,29.49,0.0,False,False
MUMBAI_STORE_001,SKU_003_Fortune_Sunflower_Oil_1L,2026-06-07,34,4930.0,145.0,31.86,0.0,False,False
MUMBAI_STORE_001,SKU_003_Fortune_Sunflower_Oil_1L,2026-06-08,18,2610.0,145.0,32.5,0.0,False,False
MUMBAI_STORE_001,SKU_003_Fortune_Sunflower_Oil_1L,2026-06-09,22,3190.0,145.0,29.68,0.0,False,False
MUMBAI_STORE_001,SKU_003_Fortune_Sunflower_Oil_1L,2026-06-10,13,1885.0,145.0,27.35,0.0,False,False
MUMBAI_STORE_001,SKU_003_Fortune_Sunflower_Oil_1L,2026-06-11,20,2900.0,145.0,25.46,0.0,False,False
MUMBAI_STORE_001,SKU_003_Fortune_Sunflower_Oil_1L,2026-06-12,25,3625.0,145.0,32.67,0.0,False,False
MUMBAI_STORE_001,SKU_003_Fortune_Sunflower_Oil_1L,2026-06-13,25,3625.0,145.0,30.47,0.0,False,False
MUMBAI_STORE_001,SKU_003_Fortune_Sunflower_Oil_1L,2026-06-14,32,4640.0,145.0,27.53,0.0,False,False
MUMBAI_STORE_001,SKU_003_Fortune_Sunflower_Oil_1L,2026-06-15,18,2610.0,145.0,29.1,0.0,False,False
MUMBAI_STORE_001,SKU_003_Fortune_Sunflower_Oil_1L,2026-06-16,19,2755.0,145.0,30.31,0.0,False,False
MUMBAI_STORE_001,SKU_003_Fortune_Sunflower_Oil_1L,2026-06-17,23,3335.0,145.0,27.66,0.0,False,False
MUMBAI_STORE_001,SKU_003_Fortune_Sunflower_Oil_1L,2026-06-18,18,2610.0,145.0,25.25,0.0,False,False
MUMBAI_STORE_001,SKU_003_Fortune_Sunflower_Oil_1L,2026-06-19,20,2900.0,145.0,30.63,0.0,False,False
MUMBAI_STORE_001,SKU_003_Fortune_Sunflower_Oil_1L,2026-06-20,31,4495.0,145.0,29.22,0.0,False,False
MUMBAI_STORE_001,SKU_003_Fortune_Sunflower_Oil_1L,2026-06-21,22,3190.0,145.0,29.42,0.0,False,False
MUMBAI_STORE_001,SKU_003_Fortune_Sunflower_Oil_1L,2026-06-22,30,4350.0,145.0,27.9,0.0,False,False
MUMBAI_STORE_001,SKU_003_Fortune_Sunflower_Oil_1L,2026-06-23,24,3480.0,145.0,28.88,0.0,False,False
MUMBAI_STORE_001,SKU_003_Fortune_Sunflower_Oil_1L,2026-06-24,24,3480.0,145.0,22.1,0.0,False,False
MUMBAI_STORE_001,SKU_003_Fortune_Sunflower_Oil_1L,2026-06-25,20,2900.0,145.0,23.19,0.0,False,False
MUMBAI_STORE_001,SKU_003_Fortune_Sunflower_Oil_1L,2026-06-26,21,3045.0,145.0,28.32,0.0,False,False
MUMBAI_STORE_001,SKU_003_Fortune_Sunflower_Oil_1L,2026-06-27,36,5220.0,145.0,28.84,0.0,False,False
MUMBAI_STORE_001,SKU_003_Fortune_Sunflower_Oil_1L,2026-06-28,25,3625.0,145.0,32.17,0.0,False,False
MUMBAI_STORE_001,SKU_003_Fortune_Sunflower_Oil_1L,2026-06-29,30,4350.0,145.0,30.37,0.0,False,False
MUMBAI_STORE_001,SKU_003_Fortune_Sunflower_Oil_1L,2026-06-30,18,2610.0,145.0,27.42,0.0,False,False
MUMBAI_STORE_001,SKU_003_Fortune_Sunflower_Oil_1L,2026-07-01,17,2465.0,145.0,23.52,0.0,False,False
MUMBAI_STORE_001,SKU_003_Fortune_Sunflower_Oil_1L,2026-07-02,18,2610.0,145.0,25.75,0.0,False,False
MUMBAI_STORE_001,SKU_003_Fortune_Sunflower_Oil_1L,2026-07-03,23,3335.0,145.0,31.2,0.0,False,False
MUMBAI_STORE_001,SKU_003_Fortune_Sunflower_Oil_1L,2026-07-04,26,3770.0,145.0,28.93,0.0,False,False
MUMBAI_STORE_001,SKU_003_Fortune_Sunflower_Oil_1L,2026-07-05,30,4350.0,145.0,31.76,0.0,False,False
MUMBAI_STORE_001,SKU_003_Fortune_Sunflower_Oil_1L,2026-07-06,27,3915.0,145.0,32.75,0.0,False,False
MUMBAI_STORE_001,SKU_003_Fortune_Sunflower_Oil_1L,2026-07-07,23,3335.0,145.0,29.97,0.0,False,False
MUMBAI_STORE_001,SKU_003_Fortune_Sunflower_Oil_1L,2026-07-08,18,2610.0,145.0,25.22,0.0,False,False
MUMBAI_STORE_001,SKU_003_Fortune_Sunflower_Oil_1L,2026-07-09,19,2755.0,145.0,24.94,0.0,False,False
MUMBAI_STORE_001,SKU_003_Fortune_Sunflower_Oil_1L,2026-07-10,22,3190.0,145.0,28.81,0.0,False,False
MUMBAI_STORE_001,SKU_003_Fortune_Sunflower_Oil_1L,2026-07-11,31,4495.0,145.0,32.01,0.0,False,False
MUMBAI_STORE_001,SKU_003_Fortune_Sunflower_Oil_1L,2026-07-12,24,3480.0,145.0,32.38,0.0,False,False
MUMBAI_STORE_001,SKU_003_Fortune_Sunflower_Oil_1L,2026-07-13,15,2175.0,145.0,31.22,0.0,False,False
MUMBAI_STORE_001,SKU_003_Fortune_Sunflower_Oil_1L,2026-07-14,14,2030.0,145.0,30.18,0.0,False,False
MUMBAI_STORE_001,SKU_003_Fortune_Sunflower_Oil_1L,2026-07-15,24,3480.0,145.0,25.27,0.0,False,False
MUMBAI_STORE_001,SKU_003_Fortune_Sunflower_Oil_1L,2026-07-16,27,3915.0,145.0,25.79,0.0,False,False
MUMBAI_STORE_001,SKU_003_Fortune_Sunflower_Oil_1L,2026-07-17,20,2900.0,145.0,27.5,0.0,False,False
MUMBAI_STORE_001,SKU_003_Fortune_Sunflower_Oil_1L,2026-07-18,24,3480.0,145.0,29.44,0.0,False,False
MUMBAI_STORE_001,SKU_003_Fortune_Sunflower_Oil_1L,2026-07-19,34,4930.0,145.0,29.07,0.0,False,False
MUMBAI_STORE_001,SKU_003_Fortune_Sunflower_Oil_1L,2026-07-20,28,4060.0,145.0,27.52,0.0,False,False
MUMBAI_STORE_001,SKU_003_Fortune_Sunflower_Oil_1L,2026-07-21,23,3335.0,145.0,29.52,0.0,False,False
MUMBAI_STORE_001,SKU_003_Fortune_Sunflower_Oil_1L,2026-07-22,17,2465.0,145.0,26.63,0.0,False,False
MUMBAI_STORE_001,SKU_003_Fortune_Sunflower_Oil_1L,2026-07-23,18,2610.0,145.0,26.36,0.0,False,False
MUMBAI_STORE_001,SKU_003_Fortune_Sunflower_Oil_1L,2026-07-24,31,4495.0,145.0,29.58,0.0,False,False
MUMBAI_STORE_001,SKU_003_Fortune_Sunflower_Oil_1L,2026-07-25,28,4060.0,145.0,30.58,0.0,False,False
MUMBAI_STORE_001,SKU_003_Fortune_Sunflower_Oil_1L,2026-07-26,23,3335.0,145.0,29.1,0.0,False,False
MUMBAI_STORE_001,SKU_003_Fortune_Sunflower_Oil_1L,2026-07-27,28,4060.0,145.0,28.53,0.0,False,False
MUMBAI_STORE_001,SKU_003_Fortune_Sunflower_Oil_1L,2026-07-28,21,3045.0,145.0,31.93,0.0,False,False
MUMBAI_STORE_001,SKU_003_Fortune_Sunflower_Oil_1L,2026-07-29,28,4060.0,145.0,24.04,0.0,False,False
MUMBAI_STORE_001,SKU_003_Fortune_Sunflower_Oil_1L,2026-07-30,22,3190.0,145.0,24.55,0.0,False,False
MUMBAI_STORE_001,SKU_003_Fortune_Sunflower_Oil_1L,2026-07-31,24,3480.0,145.0,31.3,0.0,False,False
MUMBAI_STORE_001,SKU_003_Fortune_Sunflower_Oil_1L,2026-08-01,30,4350.0,145.0,32.75,0.0,False,False
MUMBAI_STORE_001,SKU_003_Fortune_Sunflower_Oil_1L,2026-08-02,30,4350.0,145.0,29.19,0.0,False,False
MUMBAI_STORE_001,SKU_003_Fortune_Sunflower_Oil_1L,2026-08-03,21,3045.0,145.0,28.99,0.0,False,False
MUMBAI_STORE_001,SKU_003_Fortune_Sunflower_Oil_1L,2026-08-04,17,2465.0,145.0,29.46,0.0,False,False
MUMBAI_STORE_001,SKU_003_Fortune_Sunflower_Oil_1L,2026-08-05,21,3045.0,145.0,22.94,0.0,False,False
MUMBAI_STORE_001,SKU_003_Fortune_Sunflower_Oil_1L,2026-08-06,23,3335.0,145.0,27.29,0.0,False,False
MUMBAI_STORE_001,SKU_003_Fortune_Sunflower_Oil_1L,2026-08-07,22,3190.0,145.0,32.3,0.0,False,False
MUMBAI_STORE_001,SKU_003_Fortune_Sunflower_Oil_1L,2026-08-08,31,4495.0,145.0,28.31,0.0,False,False
MUMBAI_STORE_001,SKU_003_Fortune_Sunflower_Oil_1L,2026-08-09,24,3480.0,145.0,30.16,0.0,False,False
MUMBAI_STORE_001,SKU_003_Fortune_Sunflower_Oil_1L,2026-08-10,20,2900.0,145.0,31.94,0.0,False,False
MUMBAI_STORE_001,SKU_003_Fortune_Sunflower_Oil_1L,2026-08-11,28,4060.0,145.0,29.37,0.0,False,False
MUMBAI_STORE_001,SKU_003_Fortune_Sunflower_Oil_1L,2026-08-12,21,3045.0,145.0,25.35,0.0,False,False
MUMBAI_STORE_001,SKU_003_Fortune_Sunflower_Oil_1L,2026-08-13,19,2755.0,145.0,26.21,0.0,False,False
MUMBAI_STORE_001,SKU_003_Fortune_Sunflower_Oil_1L,2026-08-14,18,2610.0,145.0,30.97,0.0,False,False
MUMBAI_STORE_001,SKU_003_Fortune_Sunflower_Oil_1L,2026-08-15,28,4060.0,145.0,27.71,0.0,False,False
MUMBAI_STORE_001,SKU_003_Fortune_Sunflower_Oil_1L,2026-08-16,37,5365.0,145.0,29.93,0.0,False,False
MUMBAI_STORE_001,SKU_003_Fortune_Sunflower_Oil_1L,2026-08-17,26,3770.0,145.0,27.35,0.0,False,False
MUMBAI_STORE_001,SKU_003_Fortune_Sunflower_Oil_1L,2026-08-18,23,3335.0,145.0,27.4,0.0,False,False
MUMBAI_STORE_001,SKU_003_Fortune_Sunflower_Oil_1L,2026-08-19,21,3045.0,145.0,24.86,0.0,False,False
MUMBAI_STORE_001,SKU_003_Fortune_Sunflower_Oil_1L,2026-08-20,19,2755.0,145.0,25.75,0.0,False,False
MUMBAI_STORE_001,SKU_003_Fortune_Sunflower_Oil_1L,2026-08-21,32,4640.0,145.0,31.02,0.0,False,False
MUMBAI_STORE_001,SKU_003_Fortune_Sunflower_Oil_1L,2026-08-22,27,3915.0,145.0,28.55,0.0,False,False
MUMBAI_STORE_001,SKU_003_Fortune_Sunflower_Oil_1L,2026-08-23,32,4640.0,145.0,29.35,0.0,False,False
MUMBAI_STORE_001,SKU_003_Fortune_Sunflower_Oil_1L,2026-08-24,16,2320.0,145.0,27.05,0.0,False,False
MUMBAI_STORE_001,SKU_003_Fortune_Sunflower_Oil_1L,2026-08-25,17,2465.0,145.0,27.69,0.0,False,False
MUMBAI_STORE_001,SKU_003_Fortune_Sunflower_Oil_1L,2026-08-26,28,4060.0,145.0,24.29,0.0,False,False
MUMBAI_STORE_001,SKU_003_Fortune_Sunflower_Oil_1L,2026-08-27,19,2755.0,145.0,22.97,0.0,False,False
MUMBAI_STORE_001,SKU_003_Fortune_Sunflower_Oil_1L,2026-08-28,29,4205.0,145.0,28.83,0.0,False,False
MUMBAI_STORE_001,SKU_003_Fortune_Sunflower_Oil_1L,2026-08-29,31,4495.0,145.0,29.69,0.0,False,False
MUMBAI_STORE_001,SKU_004_Amul_Butter_500g,2026-05-31,23,6325.0,275.0,36.86,0.0,False,False
MUMBAI_STORE_001,SKU_004_Amul_Butter_500g,2026-06-01,13,3575.0,275.0,35.74,0.0,False,False
MUMBAI_STORE_001,SKU_004_Amul_Butter_500g,2026-06-02,23,6325.0,275.0,33.91,0.0,False,False
MUMBAI_STORE_001,SKU_004_Amul_Butter_500g,2026-06-03,13,3575.0,275.0,27.16,0.0,False,False
MUMBAI_STORE_001,SKU_004_Amul_Butter_500g,2026-06-04,19,5225.0,275.0,32.35,0.0,False,False
MUMBAI_STORE_001,SKU_004_Amul_Butter_500g,2026-06-05,18,4950.0,275.0,37.56,0.0,False,False
MUMBAI_STORE_001,SKU_004_Amul_Butter_500g,2026-06-06,19,5225.0,275.0,36.56,0.0,False,False
MUMBAI_STORE_001,SKU_004_Amul_Butter_500g,2026-06-07,23,6325.0,275.0,32.41,0.0,False,False
MUMBAI_STORE_001,SKU_004_Amul_Butter_500g,2026-06-08,21,5775.0,275.0,36.44,0.0,False,False
MUMBAI_STORE_001,SKU_004_Amul_Butter_500g,2026-06-09,31,8525.0,275.0,36.99,0.0,False,False
MUMBAI_STORE_001,SKU_004_Amul_Butter_500g,2026-06-10,27,7425.0,275.0,32.37,0.0,False,False
MUMBAI_STORE_001,SKU_004_Amul_Butter_500g,2026-06-11,14,3850.0,275.0,31.08,0.0,False,False
MUMBAI_STORE_001,SKU_004_Amul_Butter_500g,2026-06-12,15,4125.0,275.0,37.87,0.0,False,False
MUMBAI_STORE_001,SKU_004_Amul_Butter_500g,2026-06-13,34,9350.0,275.0,37.49,0.0,False,False
MUMBAI_STORE_001,SKU_004_Amul_Butter_500g,2026-06-14,23,6325.0,275.0,32.73,0.0,False,False
MUMBAI_STORE_001,SKU_004_Amul_Butter_500g,2026-06-15,18,4950.0,275.0,37.93,0.0,False,False
MUMBAI_STORE_001,SKU_004_Amul_Butter_500g,2026-06-16,23,6325.0,275.0,33.83,0.0,False,False
MUMBAI_STORE_001,SKU_004_Amul_Butter_500g,2026-06-17,20,5500.0,275.0,29.67,0.0,False,False
MUMBAI_STORE_001,SKU_004_Amul_Butter_500g,2026-06-18,18,4950.0,275.0,32.22,0.0,False,False
MUMBAI_STORE_001,SKU_004_Amul_Butter_500g,2026-06-19,13,3575.0,275.0,35.66,0.0,False,False
MUMBAI_STORE_001,SKU_004_Amul_Butter_500g,2026-06-20,27,7425.0,275.0,35.96,0.0,False,False
MUMBAI_STORE_001,SKU_004_Amul_Butter_500g,2026-06-21,13,3575.0,275.0,37.71,0.0,False,False
MUMBAI_STORE_001,SKU_004_Amul_Butter_500g,2026-06-22,22,6050.0,275.0,32.86,0.0,False,False
MUMBAI_STORE_001,SKU_004_Amul_Butter_500g,2026-06-23,15,4125.0,275.0,37.2,0.0,False,False
MUMBAI_STORE_001,SKU_004_Amul_Butter_500g,2026-06-24,20,5500.0,275.0,29.03,0.0,False,False
MUMBAI_STORE_001,SKU_004_Amul_Butter_500g,2026-06-25,19,5225.0,275.0,32.97,0.0,False,False
MUMBAI_STORE_001,SKU_004_Amul_Butter_500g,2026-06-26,30,8250.0,275.0,36.0,0.0,False,False
MUMBAI_STORE_001,SKU_004_Amul_Butter_500g,2026-06-27,23,6325.0,275.0,32.99,0.0,False,False
MUMBAI_STORE_001,SKU_004_Amul_Butter_500g,2026-06-28,17,4675.0,275.0,37.28,0.0,False,False
MUMBAI_STORE_001,SKU_004_Amul_Butter_500g,2026-06-29,19,5225.0,275.0,32.29,0.0,False,False
MUMBAI_STORE_001,SKU_004_Amul_Butter_500g,2026-06-30,12,3300.0,275.0,36.68,0.0,False,False
MUMBAI_STORE_001,SKU_004_Amul_Butter_500g,2026-07-01,13,3575.0,275.0,30.64,0.0,False,False
MUMBAI_STORE_001,SKU_004_Amul_Butter_500g,2026-07-02,17,4675.0,275.0,29.76,0.0,False,False
MUMBAI_STORE_001,SKU_004_Amul_Butter_500g,2026-07-03,22,6050.0,275.0,35.86,0.0,False,False
MUMBAI_STORE_001,SKU_004_Amul_Butter_500g,2026-07-04,33,9075.0,275.0,33.39,0.0,False,False
MUMBAI_STORE_001,SKU_004_Amul_Butter_500g,2026-07-05,23,6325.0,275.0,34.06,0.0,False,False
MUMBAI_STORE_001,SKU_004_Amul_Butter_500g,2026-07-06,13,3575.0,275.0,36.83,0.0,False,False
MUMBAI_STORE_001,SKU_004_Amul_Butter_500g,2026-07-07,12,3300.0,275.0,36.05,0.0,False,False
MUMBAI_STORE_001,SKU_004_Amul_Butter_500g,2026-07-08,12,3300.0,275.0,30.27,0.0,False,False
MUMBAI_STORE_001,SKU_004_Amul_Butter_500g,2026-07-09,17,4675.0,275.0,31.78,0.0,False,False
MUMBAI_STORE_001,SKU_004_Amul_Butter_500g,2026-07-10,26,7150.0,275.0,32.75,0.0,False,False
MUMBAI_STORE_001,SKU_004_Amul_Butter_500g,2026-07-11,20,5500.0,275.0,34.75,0.0,False,False
MUMBAI_STORE_001,SKU_004_Amul_Butter_500g,2026-07-12,34,9350.0,275.0,35.62,0.0,False,False
MUMBAI_STORE_001,SKU_004_Amul_Butter_500g,2026-07-13,13,3575.0,275.0,35.03,0.0,False,False
MUMBAI_STORE_001,SKU_004_Amul_Butter_500g,2026-07-14,15,4125.0,275.0,34.66,0.0,False,False
MUMBAI_STORE_001,SKU_004_Amul_Butter_500g,2026-07-15,19,5225.0,275.0,27.91,0.0,False,False
MUMBAI_STORE_001,SKU_004_Amul_Butter_500g,2026-07-16,24,6600.0,275.0,30.59,0.0,False,False
MUMBAI_STORE_001,SKU_004_Amul_Butter_500g,2026-07-17,20,5500.0,275.0,35.1,0.0,False,False
MUMBAI_STORE_001,SKU_004_Amul_Butter_500g,2026-07-18,32,8800.0,275.0,33.52,0.0,False,False
MUMBAI_STORE_001,SKU_004_Amul_Butter_500g,2026-07-19,18,4950.0,275.0,36.42,0.0,False,False
MUMBAI_STORE_001,SKU_004_Amul_Butter_500g,2026-07-20,11,3025.0,275.0,37.54,0.0,False,False
MUMBAI_STORE_001,SKU_004_Amul_Butter_500g,2026-07-21,21,5775.0,275.0,36.1,0.0,False,False
MUMBAI_STORE_001,SKU_004_Amul_Butter_500g,2026-07-22,21,5775.0,275.0,31.09,0.0,False,False
MUMBAI_STORE_001,SKU_004_Amul_Butter_500g,2026-07-23,14,3850.0,275.0,31.45,0.0,False,False
MUMBAI_STORE_001,SKU_004_Amul_Butter_500g,2026-07-24,19,5225.0,275.0,35.26,0.0,False,False
MUMBAI_STORE_001,SKU_004_Amul_Butter_500g,2026-07-25,31,8525.0,275.0,34.59,0.0,False,False
MUMBAI_STORE_001,SKU_004_Amul_Butter_500g,2026-07-26,21,5775.0,275.0,34.81,0.0,False,False
MUMBAI_STORE_001,SKU_004_Amul_Butter_500g,2026-07-27,13,3575.0,275.0,37.47,0.0,False,False
MUMBAI_STORE_001,SKU_004_Amul_Butter_500g,2026-07-28,23,6325.0,275.0,33.84,0.0,False,False
MUMBAI_STORE_001,SKU_004_Amul_Butter_500g,2026-07-29,22,6050.0,275.0,28.16,0.0,False,False
MUMBAI_STORE_001,SKU_004_Amul_Butter_500g,2026-07-30,13,3575.0,275.0,27.88,0.0,False,False
MUMBAI_STORE_001,SKU_004_Amul_Butter_500g,2026-07-31,17,4675.0,275.0,36.09,0.0,False,False
MUMBAI_STORE_001,SKU_004_Amul_Butter_500g,2026-08-01,24,6600.0,275.0,37.75,0.0,False,False
MUMBAI_STORE_001,SKU_004_Amul_Butter_500g,2026-08-02,18,4950.0,275.0,35.24,0.0,False,False
MUMBAI_STORE_001,SKU_004_Amul_Butter_500g,2026-08-03,24,6600.0,275.0,35.2,0.0,False,False
MUMBAI_STORE_001,SKU_004_Amul_Butter_500g,2026-08-04,20,5500.0,275.0,35.26,0.0,False,False
MUMBAI_STORE_001,SKU_004_Amul_Butter_500g,2026-08-05,21,5775.0,275.0,31.83,0.0,False,False
MUMBAI_STORE_001,SKU_004_Amul_Butter_500g,2026-08-06,28,7700.0,275.0,30.67,0.0,False,False
MUMBAI_STORE_001,SKU_004_Amul_Butter_500g,2026-08-07,11,3025.0,275.0,35.67,0.0,False,False
MUMBAI_STORE_001,SKU_004_Amul_Butter_500g,2026-08-08,34,9350.0,275.0,33.02,0.0,False,False
MUMBAI_STORE_001,SKU_004_Amul_Butter_500g,2026-08-09,26,7150.0,275.0,37.06,0.0,False,False
MUMBAI_STORE_001,SKU_004_Amul_Butter_500g,2026-08-10,17,4675.0,275.0,37.93,0.0,False,False
MUMBAI_STORE_001,SKU_004_Amul_Butter_500g,2026-08-11,10,2750.0,275.0,35.61,0.0,False,False
MUMBAI_STORE_001,SKU_004_Amul_Butter_500g,2026-08-12,20,5500.0,275.0,28.0,0.0,False,False
MUMBAI_STORE_001,SKU_004_Amul_Butter_500g,2026-08-13,18,4950.0,275.0,32.33,0.0,False,False
MUMBAI_STORE_001,SKU_004_Amul_Butter_500g,2026-08-14,15,4125.0,275.0,34.25,0.0,False,False
MUMBAI_STORE_001,SKU_004_Amul_Butter_500g,2026-08-15,37,10175.0,275.0,36.94,0.0,False,False
MUMBAI_STORE_001,SKU_004_Amul_Butter_500g,2026-08-16,22,6050.0,275.0,35.23,0.0,False,False
MUMBAI_STORE_001,SKU_004_Amul_Butter_500g,2026-08-17,19,5225.0,275.0,34.32,0.0,False,False
MUMBAI_STORE_001,SKU_004_Amul_Butter_500g,2026-08-18,19,5225.0,275.0,33.72,0.0,False,False
MUMBAI_STORE_001,SKU_004_Amul_Butter_500g,2026-08-19,13,3575.0,275.0,27.35,0.0,False,False
MUMBAI_STORE_001,SKU_004_Amul_Butter_500g,2026-08-20,16,4400.0,275.0,30.97,0.0,False,False
MUMBAI_STORE_001,SKU_004_Amul_Butter_500g,2026-08-21,18,4950.0,275.0,33.45,0.0,False,False
MUMBAI_STORE_001,SKU_004_Amul_Butter_500g,2026-08-22,29,7975.0,275.0,32.92,0.0,False,False
MUMBAI_STORE_001,SKU_004_Amul_Butter_500g,2026-08-23,28,7700.0,275.0,32.82,0.0,False,False
MUMBAI_STORE_001,SKU_004_Amul_Butter_500g,2026-08-24,19,5225.0,275.0,37.9,0.0,False,False
MUMBAI_STORE_001,SKU_004_Amul_Butter_500g,2026-08-25,18,4950.0,275.0,35.47,0.0,False,False
MUMBAI_STORE_001,SKU_004_Amul_Butter_500g,2026-08-26,18,4950.0,275.0,32.2,0.0,False,False
MUMBAI_STORE_001,SKU_004_Amul_Butter_500g,2026-08-27,19,5225.0,275.0,31.57,0.0,False,False
MUMBAI_STORE_001,SKU_004_Amul_Butter_500g,2026-08-28,16,4400.0,275.0,32.12,0.0,False,False
MUMBAI_STORE_001,SKU_004_Amul_Butter_500g,2026-08-29,36,9900.0,275.0,32.0,0.0,False,False
MUMBAI_STORE_001,SKU_005_Tata_Tea_Gold_500g,2026-05-31,18,5760.0,320.0,25.52,0.0,False,False
MUMBAI_STORE_001,SKU_005_Tata_Tea_Gold_500g,2026-06-01,14,4480.0,320.0,24.3,0.0,False,False
MUMBAI_STORE_001,SKU_005_Tata_Tea_Gold_500g,2026-06-02,16,5120.0,320.0,22.3,0.0,False,False
MUMBAI_STORE_001,SKU_005_Tata_Tea_Gold_500g,2026-06-03,13,4160.0,320.0,20.29,0.0,False,False
MUMBAI_STORE_001,SKU_005_Tata_Tea_Gold_500g,2026-06-04,10,3200.0,320.0,21.44,0.0,False,False
MUMBAI_STORE_001,SKU_005_Tata_Tea_Gold_500g,2026-06-05,14,4480.0,320.0,22.7,0.0,False,False
MUMBAI_STORE_001,SKU_005_Tata_Tea_Gold_500g,2026-06-06,14,4480.0,320.0,25.96,0.0,False,False
MUMBAI_STORE_001,SKU_005_Tata_Tea_Gold_500g,2026-06-07,13,4160.0,320.0,22.34,0.0,False,False
MUMBAI_STORE_001,SKU_005_Tata_Tea_Gold_500g,2026-06-08,6,1920.0,320.0,24.33,0.0,False,False
MUMBAI_STORE_001,SKU_005_Tata_Tea_Gold_500g,2026-06-09,13,4160.0,320.0,23.15,0.0,False,False
MUMBAI_STORE_001,SKU_005_Tata_Tea_Gold_500g,2026-06-10,10,3200.0,320.0,20.3,0.0,False,False
MUMBAI_STORE_001,SKU_005_Tata_Tea_Gold_500g,2026-06-11,6,1920.0,320.0,17.31,0.0,False,False
MUMBAI_STORE_001,SKU_005_Tata_Tea_Gold_500g,2026-06-12,16,5120.0,320.0,26.78,0.0,False,False
MUMBAI_STORE_001,SKU_005_Tata_Tea_Gold_500g,2026-06-13,23,7360.0,320.0,22.15,0.0,False,False
MUMBAI_STORE_001,SKU_005_Tata_Tea_Gold_500g,2026-06-14,23,7360.0,320.0,25.7,0.0,False,False
MUMBAI_STORE_001,SKU_005_Tata_Tea_Gold_500g,2026-06-15,10,3200.0,320.0,22.83,0.0,False,False
MUMBAI_STORE_001,SKU_005_Tata_Tea_Gold_500g,2026-06-16,10,3200.0,320.0,22.19,0.0,False,False
MUMBAI_STORE_001,SKU_005_Tata_Tea_Gold_500g,2026-06-17,19,6080.0,320.0,17.14,0.0,False,False
MUMBAI_STORE_001,SKU_005_Tata_Tea_Gold_500g,2026-06-18,15,4800.0,320.0,21.36,0.0,False,False
MUMBAI_STORE_001,SKU_005_Tata_Tea_Gold_500g,2026-06-19,15,4800.0,320.0,23.44,0.0,False,False
MUMBAI_STORE_001,SKU_005_Tata_Tea_Gold_500g,2026-06-20,18,5760.0,320.0,26.93,0.0,False,False
MUMBAI_STORE_001,SKU_005_Tata_Tea_Gold_500g,2026-06-21,17,5440.0,320.0,26.1,0.0,False,False
MUMBAI_STORE_001,SKU_005_Tata_Tea_Gold_500g,2026-06-22,13,4160.0,320.0,27.4,0.0,False,False
MUMBAI_STORE_001,SKU_005_Tata_Tea_Gold_500g,2026-06-23,9,2880.0,320.0,27.3,0.0,False,False
MUMBAI_STORE_001,SKU_005_Tata_Tea_Gold_500g,2026-06-24,13,4160.0,320.0,17.7,0.0,False,False
MUMBAI_STORE_001,SKU_005_Tata_Tea_Gold_500g,2026-06-25,16,5120.0,320.0,20.55,0.0,False,False
MUMBAI_STORE_001,SKU_005_Tata_Tea_Gold_500g,2026-06-26,13,4160.0,320.0,23.15,0.0,False,False
MUMBAI_STORE_001,SKU_005_Tata_Tea_Gold_500g,2026-06-27,15,4800.0,320.0,23.46,0.0,False,False
MUMBAI_STORE_001,SKU_005_Tata_Tea_Gold_500g,2026-06-28,21,6720.0,320.0,22.78,0.0,False,False
MUMBAI_STORE_001,SKU_005_Tata_Tea_Gold_500g,2026-06-29,11,3520.0,320.0,27.88,0.0,False,False
MUMBAI_STORE_001,SKU_005_Tata_Tea_Gold_500g,2026-06-30,11,3520.0,320.0,25.81,0.0,False,False
MUMBAI_STORE_001,SKU_005_Tata_Tea_Gold_500g,2026-07-01,13,4160.0,320.0,21.49,0.0,False,False
MUMBAI_STORE_001,SKU_005_Tata_Tea_Gold_500g,2026-07-02,9,2880.0,320.0,20.3,0.0,False,False
MUMBAI_STORE_001,SKU_005_Tata_Tea_Gold_500g,2026-07-03,14,4480.0,320.0,26.2,0.0,False,False
MUMBAI_STORE_001,SKU_005_Tata_Tea_Gold_500g,2026-07-04,24,7680.0,320.0,27.45,0.0,False,False
MUMBAI_STORE_001,SKU_005_Tata_Tea_Gold_500g,2026-07-05,20,6400.0,320.0,27.84,0.0,False,False
MUMBAI_STORE_001,SKU_005_Tata_Tea_Gold_500g,2026-07-06,9,2880.0,320.0,26.03,0.0,False,False
MUMBAI_STORE_001,SKU_005_Tata_Tea_Gold_500g,2026-07-07,14,4480.0,320.0,23.09,0.0,False,False
MUMBAI_STORE_001,SKU_005_Tata_Tea_Gold_500g,2026-07-08,14,4480.0,320.0,22.22,0.0,False,False
MUMBAI_STORE_001,SKU_005_Tata_Tea_Gold_500g,2026-07-09,12,3840.0,320.0,20.11,0.0,False,False
MUMBAI_STORE_001,SKU_005_Tata_Tea_Gold_500g,2026-07-10,10,3200.0,320.0,26.31,0.0,False,False
MUMBAI_STORE_001,SKU_005_Tata_Tea_Gold_500g,2026-07-11,11,3520.0,320.0,24.0,0.0,False,False
MUMBAI_STORE_001,SKU_005_Tata_Tea_Gold_500g,2026-07-12,16,5120.0,320.0,27.03,0.0,False,False
MUMBAI_STORE_001,SKU_005_Tata_Tea_Gold_500g,2026-07-13,13,4160.0,320.0,24.32,0.0,False,False
MUMBAI_STORE_001,SKU_005_Tata_Tea_Gold_500g,2026-07-14,9,2880.0,320.0,24.86,0.0,False,False
MUMBAI_STORE_001,SKU_005_Tata_Tea_Gold_500g,2026-07-15,10,3200.0,320.0,21.76,0.0,False,False
MUMBAI_STORE_001,SKU_005_Tata_Tea_Gold_500g,2026-07-16,9,2880.0,320.0,21.09,0.0,False,False
MUMBAI_STORE_001,SKU_005_Tata_Tea_Gold_500g,2026-07-17,6,1920.0,320.0,22.17,0.0,False,False
MUMBAI_STORE_001,SKU_005_Tata_Tea_Gold_500g,2026-07-18,22,7040.0,320.0,22.67,0.0,False,False
MUMBAI_STORE_001,SKU_005_Tata_Tea_Gold_500g,2026-07-19,16,5120.0,320.0,22.48,0.0,False,False
MUMBAI_STORE_001,SKU_005_Tata_Tea_Gold_500g,2026-07-20,11,3520.0,320.0,24.53,0.0,False,False
MUMBAI_STORE_001,SKU_005_Tata_Tea_Gold_500g,2026-07-21,19,6080.0,320.0,22.37,0.0,False,False
MUMBAI_STORE_001,SKU_005_Tata_Tea_Gold_500g,2026-07-22,18,5760.0,320.0,21.77,0.0,False,False
MUMBAI_STORE_001,SKU_005_Tata_Tea_Gold_500g,2026-07-23,14,4480.0,320.0,22.89,0.0,False,False
MUMBAI_STORE_001,SKU_005_Tata_Tea_Gold_500g,2026-07-24,14,4480.0,320.0,23.25,0.0,False,False
MUMBAI_STORE_001,SKU_005_Tata_Tea_Gold_500g,2026-07-25,20,6400.0,320.0,27.01,0.0,False,False
MUMBAI_STORE_001,SKU_005_Tata_Tea_Gold_500g,2026-07-26,24,7680.0,320.0,27.75,0.0,False,False
MUMBAI_STORE_001,SKU_005_Tata_Tea_Gold_500g,2026-07-27,12,3840.0,320.0,27.82,0.0,False,False
MUMBAI_STORE_001,SKU_005_Tata_Tea_Gold_500g,2026-07-28,15,4800.0,320.0,22.66,0.0,False,False
MUMBAI_STORE_001,SKU_005_Tata_Tea_Gold_500g,2026-07-29,11,3520.0,320.0,20.42,0.0,False,False
MUMBAI_STORE_001,SKU_005_Tata_Tea_Gold_500g,2026-07-30,12,3840.0,320.0,17.95,0.0,False,False
MUMBAI_STORE_001,SKU_005_Tata_Tea_Gold_500g,2026-07-31,13,4160.0,320.0,24.79,0.0,False,False
MUMBAI_STORE_001,SKU_005_Tata_Tea_Gold_500g,2026-08-01,21,6720.0,320.0,22.68,0.0,False,False
MUMBAI_STORE_001,SKU_005_Tata_Tea_Gold_500g,2026-08-02,15,4800.0,320.0,25.84,0.0,False,False
MUMBAI_STORE_001,SKU_005_Tata_Tea_Gold_500g,2026-08-03,15,4800.0,320.0,22.19,0.0,False,False
MUMBAI_STORE_001,SKU_005_Tata_Tea_Gold_500g,2026-08-04,18,5760.0,320.0,26.18,0.0,False,False
MUMBAI_STORE_001,SKU_005_Tata_Tea_Gold_500g,2026-08-05,11,3520.0,320.0,17.15,0.0,False,False
MUMBAI_STORE_001,SKU_005_Tata_Tea_Gold_500g,2026-08-06,14,4480.0,320.0,22.71,0.0,False,False
MUMBAI_STORE_001,SKU_005_Tata_Tea_Gold_500g,2026-08-07,12,3840.0,320.0,24.82,0.0,False,False
MUMBAI_STORE_001,SKU_005_Tata_Tea_Gold_500g,2026-08-08,18,5760.0,320.0,25.6,0.0,False,False
MUMBAI_STORE_001,SKU_005_Tata_Tea_Gold_500g,2026-08-09,16,5120.0,320.0,24.83,0.0,False,False
MUMBAI_STORE_001,SKU_005_Tata_Tea_Gold_500g,2026-08-10,10,3200.0,320.0,24.79,0.0,False,False
MUMBAI_STORE_001,SKU_005_Tata_Tea_Gold_500g,2026-08-11,20,6400.0,320.0,27.08,0.0,False,False
MUMBAI_STORE_001,SKU_005_Tata_Tea_Gold_500g,2026-08-12,9,2880.0,320.0,22.49,0.0,False,False
MUMBAI_STORE_001,SKU_005_Tata_Tea_Gold_500g,2026-08-13,12,3840.0,320.0,21.97,0.0,False,False
MUMBAI_STORE_001,SKU_005_Tata_Tea_Gold_500g,2026-08-14,20,6400.0,320.0,22.76,0.0,False,False
MUMBAI_STORE_001,SKU_005_Tata_Tea_Gold_500g,2026-08-15,9,2880.0,320.0,23.88,0.0,False,False
MUMBAI_STORE_001,SKU_005_Tata_Tea_Gold_500g,2026-08-16,18,5760.0,320.0,25.0,0.0,False,False
MUMBAI_STORE_001,SKU_005_Tata_Tea_Gold_500g,2026-08-17,8,2560.0,320.0,26.13,0.0,False,False
MUMBAI_STORE_001,SKU_005_Tata_Tea_Gold_500g,2026-08-18,9,2880.0,320.0,25.76,0.0,False,False
MUMBAI_STORE_001,SKU_005_Tata_Tea_Gold_500g,2026-08-19,13,4160.0,320.0,18.44,0.0,False,False
MUMBAI_STORE_001,SKU_005_Tata_Tea_Gold_500g,2026-08-20,13,4160.0,320.0,18.55,0.0,False,False
MUMBAI_STORE_001,SKU_005_Tata_Tea_Gold_500g,2026-08-21,10,3200.0,320.0,24.75,0.0,False,False
MUMBAI_STORE_001,SKU_005_Tata_Tea_Gold_500g,2026-08-22,15,4800.0,320.0,22.81,0.0,False,False
MUMBAI_STORE_001,SKU_005_Tata_Tea_Gold_500g,2026-08-23,9,2880.0,320.0,25.35,0.0,False,False
MUMBAI_STORE_001,SKU_005_Tata_Tea_Gold_500g,2026-08-24,8,2560.0,320.0,23.62,0.0,False,False
MUMBAI_STORE_001,SKU_005_Tata_Tea_Gold_500g,2026-08-25,18,5760.0,320.0,24.82,0.0,False,False
MUMBAI_STORE_001,SKU_005_Tata_Tea_Gold_500g,2026-08-26,10,3200.0,320.0,17.6,0.0,False,False
MUMBAI_STORE_001,SKU_005_Tata_Tea_Gold_500g,2026-08-27,16,5120.0,320.0,18.4,0.0,False,False
MUMBAI_STORE_001,SKU_005_Tata_Tea_Gold_500g,2026-08-28,15,4800.0,320.0,25.87,0.0,False,False
MUMBAI_STORE_001,SKU_005_Tata_Tea_Gold_500g,2026-08-29,12,3840.0,320.0,25.68,0.0,False,False
MUMBAI_STORE_001,SKU_006_Tata_Salt_1kg,2026-05-31,49,1372.0,28.0,25.08,0.0,False,False
MUMBAI_STORE_001,SKU_006_Tata_Salt_1kg,2026-06-01,35,980.0,28.0,27.03,0.0,False,False
MUMBAI_STORE_001,SKU_006_Tata_Salt_1kg,2026-06-02,49,1372.0,28.0,22.0,0.0,False,False
MUMBAI_STORE_001,SKU_006_Tata_Salt_1kg,2026-06-03,32,896.0,28.0,21.36,0.0,False,False
MUMBAI_STORE_001,SKU_006_Tata_Salt_1kg,2026-06-04,37,1036.0,28.0,18.84,0.0,False,False
MUMBAI_STORE_001,SKU_006_Tata_Salt_1kg,2026-06-05,34,952.0,28.0,23.54,0.0,False,False
MUMBAI_STORE_001,SKU_006_Tata_Salt_1kg,2026-06-06,43,1204.0,28.0,22.63,0.0,False,False
MUMBAI_STORE_001,SKU_006_Tata_Salt_1kg,2026-06-07,53,1484.0,28.0,27.11,0.0,False,False
MUMBAI_STORE_001,SKU_006_Tata_Salt_1kg,2026-06-08,38,1064.0,28.0,26.04,0.0,False,False
MUMBAI_STORE_001,SKU_006_Tata_Salt_1kg,2026-06-09,30,840.0,28.0,27.02,0.0,False,False
MUMBAI_STORE_001,SKU_006_Tata_Salt_1kg,2026-06-10,39,1092.0,28.0,21.76,0.0,False,False
MUMBAI_STORE_001,SKU_006_Tata_Salt_1kg,2026-06-11,38,1064.0,28.0,20.45,0.0,False,False
MUMBAI_STORE_001,SKU_006_Tata_Salt_1kg,2026-06-12,26,728.0,28.0,27.45,0.0,False,False
MUMBAI_STORE_001,SKU_006_Tata_Salt_1kg,2026-06-13,49,1372.0,28.0,23.3,0.0,False,False
MUMBAI_STORE_001,SKU_006_Tata_Salt_1kg,2026-06-14,55,1540.0,28.0,22.42,0.0,False,False
MUMBAI_STORE_001,SKU_006_Tata_Salt_1kg,2026-06-15,34,952.0,28.0,22.28,0.0,False,False
MUMBAI_STORE_001,SKU_006_Tata_Salt_1kg,2026-06-16,38,1064.0,28.0,26.04,0.0,False,False
MUMBAI_STORE_001,SKU_006_Tata_Salt_1kg,2026-06-17,29,812.0,28.0,20.34,0.0,False,False
MUMBAI_STORE_001,SKU_006_Tata_Salt_1kg,2026-06-18,46,1288.0,28.0,20.11,0.0,False,False
MUMBAI_STORE_001,SKU_006_Tata_Salt_1kg,2026-06-19,25,700.0,28.0,27.83,0.0,False,False
MUMBAI_STORE_001,SKU_006_Tata_Salt_1kg,2026-06-20,37,1036.0,28.0,25.33,0.0,False,False
MUMBAI_STORE_001,SKU_006_Tata_Salt_1kg,2026-06-21,56,1568.0,28.0,25.39,0.0,False,False
MUMBAI_STORE_001,SKU_006_Tata_Salt_1kg,2026-06-22,25,700.0,28.0,24.56,0.0,False,False
MUMBAI_STORE_001,SKU_006_Tata_Salt_1kg,2026-06-23,35,980.0,28.0,24.42,0.0,False,False
MUMBAI_STORE_001,SKU_006_Tata_Salt_1kg,2026-06-24,39,1092.0,28.0,18.64,0.0,False,False
MUMBAI_STORE_001,SKU_006_Tata_Salt_1kg,2026-06-25,40,1120.0,28.0,22.85,0.0,False,False
MUMBAI_STORE_001,SKU_006_Tata_Salt_1kg,2026-06-26,32,896.0,28.0,26.45,0.0,False,False
MUMBAI_STORE_001,SKU_006_Tata_Salt_1kg,2026-06-27,40,1120.0,28.0,24.27,0.0,False,False
MUMBAI_STORE_001,SKU_006_Tata_Salt_1kg,2026-06-28,42,1176.0,28.0,27.76,0.0,False,False
MUMBAI_STORE_001,SKU_006_Tata_Salt_1kg,2026-06-29,25,700.0,28.0,23.93,0.0,False,False
MUMBAI_STORE_001,SKU_006_Tata_Salt_1kg,2026-06-30,37,1036.0,28.0,25.49,0.0,False,False
MUMBAI_STORE_001,SKU_006_Tata_Salt_1kg,2026-07-01,38,1064.0,28.0,17.69,0.0,False,False
MUMBAI_STORE_001,SKU_006_Tata_Salt_1kg,2026-07-02,31,868.0,28.0,21.36,0.0,False,False
MUMBAI_STORE_001,SKU_006_Tata_Salt_1kg,2026-07-03,39,1092.0,28.0,23.88,0.0,False,False
MUMBAI_STORE_001,SKU_006_Tata_Salt_1kg,2026-07-04,39,1092.0,28.0,27.08,0.0,False,False
MUMBAI_STORE_001,SKU_006_Tata_Salt_1kg,2026-07-05,57,1596.0,28.0,26.88,0.0,False,False
MUMBAI_STORE_001,SKU_006_Tata_Salt_1kg,2026-07-06,37,1036.0,28.0,22.21,0.0,False,False
MUMBAI_STORE_001,SKU_006_Tata_Salt_1kg,2026-07-07,44,1232.0,28.0,22.41,0.0,False,False
MUMBAI_STORE_001,SKU_006_Tata_Salt_1kg,2026-07-08,37,1036.0,28.0,20.89,0.0,False,False
MUMBAI_STORE_001,SKU_006_Tata_Salt_1kg,2026-07-09,41,1148.0,28.0,19.98,0.0,False,False
MUMBAI_STORE_001,SKU_006_Tata_Salt_1kg,2026-07-10,35,980.0,28.0,25.16,0.0,False,False
MUMBAI_STORE_001,SKU_006_Tata_Salt_1kg,2026-07-11,53,1484.0,28.0,22.46,0.0,False,False
MUMBAI_STORE_001,SKU_006_Tata_Salt_1kg,2026-07-12,45,1260.0,28.0,25.53,0.0,False,False
MUMBAI_STORE_001,SKU_006_Tata_Salt_1kg,2026-07-13,49,1372.0,28.0,27.93,0.0,False,False
MUMBAI_STORE_001,SKU_006_Tata_Salt_1kg,2026-07-14,33,924.0,28.0,24.44,0.0,False,False
MUMBAI_STORE_001,SKU_006_Tata_Salt_1kg,2026-07-15,33,924.0,28.0,21.33,0.0,False,False
MUMBAI_STORE_001,SKU_006_Tata_Salt_1kg,2026-07-16,44,1232.0,28.0,19.02,0.0,False,False
MUMBAI_STORE_001,SKU_006_Tata_Salt_1kg,2026-07-17,27,756.0,28.0,24.5,0.0,False,False
MUMBAI_STORE_001,SKU_006_Tata_Salt_1kg,2026-07-18,49,1372.0,28.0,24.05,0.0,False,False
MUMBAI_STORE_001,SKU_006_Tata_Salt_1kg,2026-07-19,52,1456.0,28.0,27.91,0.0,False,False
MUMBAI_STORE_001,SKU_006_Tata_Salt_1kg,2026-07-20,42,1176.0,28.0,22.72,0.0,False,False
MUMBAI_STORE_001,SKU_006_Tata_Salt_1kg,2026-07-21,40,1120.0,28.0,22.17,0.0,False,False
MUMBAI_STORE_001,SKU_006_Tata_Salt_1kg,2026-07-22,39,1092.0,28.0,21.73,0.0,False,False
MUMBAI_STORE_001,SKU_006_Tata_Salt_1kg,2026-07-23,36,1008.0,28.0,22.63,0.0,False,False
MUMBAI_STORE_001,SKU_006_Tata_Salt_1kg,2026-07-24,46,1288.0,28.0,22.66,0.0,False,False
MUMBAI_STORE_001,SKU_006_Tata_Salt_1kg,2026-07-25,56,1568.0,28.0,23.87,0.0,False,False
MUMBAI_STORE_001,SKU_006_Tata_Salt_1kg,2026-07-26,37,1036.0,28.0,23.07,0.0,False,False
MUMBAI_STORE_001,SKU_006_Tata_Salt_1kg,2026-07-27,26,728.0,28.0,24.05,0.0,False,False
MUMBAI_STORE_001,SKU_006_Tata_Salt_1kg,2026-07-28,33,924.0,28.0,23.28,0.0,False,False
MUMBAI_STORE_001,SKU_006_Tata_Salt_1kg,2026-07-29,30,840.0,28.0,19.47,0.0,False,False
MUMBAI_STORE_001,SKU_006_Tata_Salt_1kg,2026-07-30,35,980.0,28.0,21.11,0.0,False,False
MUMBAI_STORE_001,SKU_006_Tata_Salt_1kg,2026-07-31,37,1036.0,28.0,26.66,0.0,False,False
MUMBAI_STORE_001,SKU_006_Tata_Salt_1kg,2026-08-01,38,1064.0,28.0,27.41,0.0,False,False
MUMBAI_STORE_001,SKU_006_Tata_Salt_1kg,2026-08-02,53,1484.0,28.0,25.18,0.0,False,False
MUMBAI_STORE_001,SKU_006_Tata_Salt_1kg,2026-08-03,47,1316.0,28.0,22.8,0.0,False,False
MUMBAI_STORE_001,SKU_006_Tata_Salt_1kg,2026-08-04,29,812.0,28.0,26.63,0.0,False,False
MUMBAI_STORE_001,SKU_006_Tata_Salt_1kg,2026-08-05,37,1036.0,28.0,22.99,0.0,False,False
MUMBAI_STORE_001,SKU_006_Tata_Salt_1kg,2026-08-06,28,784.0,28.0,22.57,0.0,False,False
MUMBAI_STORE_001,SKU_006_Tata_Salt_1kg,2026-08-07,29,812.0,28.0,26.12,0.0,False,False
MUMBAI_STORE_001,SKU_006_Tata_Salt_1kg,2026-08-08,51,1428.0,28.0,24.3,0.0,False,False
MUMBAI_STORE_001,SKU_006_Tata_Salt_1kg,2026-08-09,59,1652.0,28.0,27.01,0.0,False,False
MUMBAI_STORE_001,SKU_006_Tata_Salt_1kg,2026-08-10,42,1176.0,28.0,26.03,0.0,False,False
MUMBAI_STORE_001,SKU_006_Tata_Salt_1kg,2026-08-11,39,1092.0,28.0,23.07,0.0,False,False
MUMBAI_STORE_001,SKU_006_Tata_Salt_1kg,2026-08-12,36,1008.0,28.0,22.03,0.0,False,False
MUMBAI_STORE_001,SKU_006_Tata_Salt_1kg,2026-08-13,43,1204.0,28.0,18.14,0.0,False,False
MUMBAI_STORE_001,SKU_006_Tata_Salt_1kg,2026-08-14,38,1064.0,28.0,23.58,0.0,False,False
MUMBAI_STORE_001,SKU_006_Tata_Salt_1kg,2026-08-15,49,1372.0,28.0,22.31,0.0,False,False
MUMBAI_STORE_001,SKU_006_Tata_Salt_1kg,2026-08-16,46,1288.0,28.0,22.16,0.0,False,False
MUMBAI_STORE_001,SKU_006_Tata_Salt_1kg,2026-08-17,40,1120.0,28.0,25.55,0.0,False,False
MUMBAI_STORE_001,SKU_006_Tata_Salt_1kg,2026-08-18,24,672.0,28.0,26.42,0.0,False,False
MUMBAI_STORE_001,SKU_006_Tata_Salt_1kg,2026-08-19,34,952.0,28.0,22.07,0.0,False,False
MUMBAI_STORE_001,SKU_006_Tata_Salt_1kg,2026-08-20,30,840.0,28.0,18.3,0.0,False,False
MUMBAI_STORE_001,SKU_006_Tata_Salt_1kg,2026-08-21,32,896.0,28.0,26.69,0.0,False,False
MUMBAI_STORE_001,SKU_006_Tata_Salt_1kg,2026-08-22,60,1680.0,28.0,26.61,0.0,False,False
MUMBAI_STORE_001,SKU_006_Tata_Salt_1kg,2026-08-23,53,1484.0,28.0,24.98,0.0,False,False
MUMBAI_STORE_001,SKU_006_Tata_Salt_1kg,2026-08-24,32,896.0,28.0,23.58,0.0,False,False
MUMBAI_STORE_001,SKU_006_Tata_Salt_1kg,2026-08-25,27,756.0,28.0,27.05,0.0,False,False
MUMBAI_STORE_001,SKU_006_Tata_Salt_1kg,2026-08-26,39,1092.0,28.0,22.74,0.0,False,False
MUMBAI_STORE_001,SKU_006_Tata_Salt_1kg,2026-08-27,33,924.0,28.0,17.22,0.0,False,False
MUMBAI_STORE_001,SKU_006_Tata_Salt_1kg,2026-08-28,26,728.0,28.0,24.33,0.0,False,False
MUMBAI_STORE_001,SKU_006_Tata_Salt_1kg,2026-08-29,51,1428.0,28.0,23.06,0.0,False,False
MUMBAI_STORE_001,SKU_007_Toor_Dal_Premium_1kg,2026-05-31,24,3960.0,165.0,31.27,0.0,False,False
MUMBAI_STORE_001,SKU_007_Toor_Dal_Premium_1kg,2026-06-01,18,2970.0,165.0,28.86,0.0,False,False
MUMBAI_STORE_001,SKU_007_Toor_Dal_Premium_1kg,2026-06-02,17,2805.0,165.0,28.94,0.0,False,False
MUMBAI_STORE_001,SKU_007_Toor_Dal_Premium_1kg,2026-06-03,15,2475.0,165.0,24.66,0.0,False,False
MUMBAI_STORE_001,SKU_007_Toor_Dal_Premium_1kg,2026-06-04,15,2475.0,165.0,22.41,0.0,False,False
MUMBAI_STORE_001,SKU_007_Toor_Dal_Premium_1kg,2026-06-05,15,2475.0,165.0,30.49,0.0,False,False
MUMBAI_STORE_001,SKU_007_Toor_Dal_Premium_1kg,2026-06-06,14,2310.0,165.0,31.68,0.0,False,False
MUMBAI_STORE_001,SKU_007_Toor_Dal_Premium_1kg,2026-06-07,28,4620.0,165.0,29.61,0.0,False,False
MUMBAI_STORE_001,SKU_007_Toor_Dal_Premium_1kg,2026-06-08,16,2640.0,165.0,32.22,0.0,False,False
MUMBAI_STORE_001,SKU_007_Toor_Dal_Premium_1kg,2026-06-09,20,3300.0,165.0,30.53,0.0,False,False
MUMBAI_STORE_001,SKU_007_Toor_Dal_Premium_1kg,2026-06-10,13,2145.0,165.0,25.56,0.0,False,False
MUMBAI_STORE_001,SKU_007_Toor_Dal_Premium_1kg,2026-06-11,14,2310.0,165.0,22.95,0.0,False,False
MUMBAI_STORE_001,SKU_007_Toor_Dal_Premium_1kg,2026-06-12,15,2475.0,165.0,31.67,0.0,False,False
MUMBAI_STORE_001,SKU_007_Toor_Dal_Premium_1kg,2026-06-13,20,3300.0,165.0,28.7,0.0,False,False
MUMBAI_STORE_001,SKU_007_Toor_Dal_Premium_1kg,2026-06-14,21,3465.0,165.0,28.0,0.0,False,False
MUMBAI_STORE_001,SKU_007_Toor_Dal_Premium_1kg,2026-06-15,18,2970.0,165.0,29.7,0.0,False,False
MUMBAI_STORE_001,SKU_007_Toor_Dal_Premium_1kg,2026-06-16,19,3135.0,165.0,30.8,0.0,False,False
MUMBAI_STORE_001,SKU_007_Toor_Dal_Premium_1kg,2026-06-17,16,2640.0,165.0,24.93,0.0,False,False
MUMBAI_STORE_001,SKU_007_Toor_Dal_Premium_1kg,2026-06-18,15,2475.0,165.0,22.77,0.0,False,False
MUMBAI_STORE_001,SKU_007_Toor_Dal_Premium_1kg,2026-06-19,25,4125.0,165.0,30.67,0.0,False,False
MUMBAI_STORE_001,SKU_007_Toor_Dal_Premium_1kg,2026-06-20,18,2970.0,165.0,29.96,0.0,False,False
MUMBAI_STORE_001,SKU_007_Toor_Dal_Premium_1kg,2026-06-21,22,3630.0,165.0,30.4,0.0,False,False
MUMBAI_STORE_001,SKU_007_Toor_Dal_Premium_1kg,2026-06-22,11,1815.0,165.0,28.87,0.0,False,False
MUMBAI_STORE_001,SKU_007_Toor_Dal_Premium_1kg,2026-06-23,27,4455.0,165.0,27.07,0.0,False,False
MUMBAI_STORE_001,SKU_007_Toor_Dal_Premium_1kg,2026-06-24,16,2640.0,165.0,23.23,0.0,False,False
MUMBAI_STORE_001,SKU_007_Toor_Dal_Premium_1kg,2026-06-25,21,3465.0,165.0,26.21,0.0,False,False
MUMBAI_STORE_001,SKU_007_Toor_Dal_Premium_1kg,2026-06-26,19,3135.0,165.0,32.47,0.0,False,False
MUMBAI_STORE_001,SKU_007_Toor_Dal_Premium_1kg,2026-06-27,22,3630.0,165.0,28.77,0.0,False,False
MUMBAI_STORE_001,SKU_007_Toor_Dal_Premium_1kg,2026-06-28,24,3960.0,165.0,30.35,0.0,False,False
MUMBAI_STORE_001,SKU_007_Toor_Dal_Premium_1kg,2026-06-29,14,2310.0,165.0,29.78,0.0,False,False
MUMBAI_STORE_001,SKU_007_Toor_Dal_Premium_1kg,2026-06-30,20,3300.0,165.0,31.49,0.0,False,False
MUMBAI_STORE_001,SKU_007_Toor_Dal_Premium_1kg,2026-07-01,15,2475.0,165.0,22.83,0.0,False,False
MUMBAI_STORE_001,SKU_007_Toor_Dal_Premium_1kg,2026-07-02,10,1650.0,165.0,23.63,0.0,False,False
MUMBAI_STORE_001,SKU_007_Toor_Dal_Premium_1kg,2026-07-03,14,2310.0,165.0,31.76,0.0,False,False
MUMBAI_STORE_001,SKU_007_Toor_Dal_Premium_1kg,2026-07-04,28,4620.0,165.0,30.8,0.0,False,False
MUMBAI_STORE_001,SKU_007_Toor_Dal_Premium_1kg,2026-07-05,23,3795.0,165.0,32.65,0.0,False,False
MUMBAI_STORE_001,SKU_007_Toor_Dal_Premium_1kg,2026-07-06,14,2310.0,165.0,32.13,0.0,False,False
MUMBAI_STORE_001,SKU_007_Toor_Dal_Premium_1kg,2026-07-07,21,3465.0,165.0,27.19,0.0,False,False
MUMBAI_STORE_001,SKU_007_Toor_Dal_Premium_1kg,2026-07-08,13,2145.0,165.0,22.92,0.0,False,False
MUMBAI_STORE_001,SKU_007_Toor_Dal_Premium_1kg,2026-07-09,20,3300.0,165.0,26.12,0.0,False,False
MUMBAI_STORE_001,SKU_007_Toor_Dal_Premium_1kg,2026-07-10,15,2475.0,165.0,31.48,0.0,False,False
MUMBAI_STORE_001,SKU_007_Toor_Dal_Premium_1kg,2026-07-11,26,4290.0,165.0,28.98,0.0,False,False
MUMBAI_STORE_001,SKU_007_Toor_Dal_Premium_1kg,2026-07-12,28,4620.0,165.0,31.9,0.0,False,False
MUMBAI_STORE_001,SKU_007_Toor_Dal_Premium_1kg,2026-07-13,13,2145.0,165.0,32.87,0.0,False,False
MUMBAI_STORE_001,SKU_007_Toor_Dal_Premium_1kg,2026-07-14,12,1980.0,165.0,28.79,0.0,False,False
MUMBAI_STORE_001,SKU_007_Toor_Dal_Premium_1kg,2026-07-15,12,1980.0,165.0,24.61,0.0,False,False
MUMBAI_STORE_001,SKU_007_Toor_Dal_Premium_1kg,2026-07-16,12,1980.0,165.0,26.95,0.0,False,False
MUMBAI_STORE_001,SKU_007_Toor_Dal_Premium_1kg,2026-07-17,17,2805.0,165.0,31.99,0.0,False,False
MUMBAI_STORE_001,SKU_007_Toor_Dal_Premium_1kg,2026-07-18,27,4455.0,165.0,30.41,0.0,False,False
MUMBAI_STORE_001,SKU_007_Toor_Dal_Premium_1kg,2026-07-19,24,3960.0,165.0,31.24,0.0,False,False
MUMBAI_STORE_001,SKU_007_Toor_Dal_Premium_1kg,2026-07-20,17,2805.0,165.0,29.64,0.0,False,False
MUMBAI_STORE_001,SKU_007_Toor_Dal_Premium_1kg,2026-07-21,12,1980.0,165.0,28.79,0.0,False,False
MUMBAI_STORE_001,SKU_007_Toor_Dal_Premium_1kg,2026-07-22,19,3135.0,165.0,26.72,0.0,False,False
MUMBAI_STORE_001,SKU_007_Toor_Dal_Premium_1kg,2026-07-23,14,2310.0,165.0,25.04,0.0,False,False
MUMBAI_STORE_001,SKU_007_Toor_Dal_Premium_1kg,2026-07-24,13,2145.0,165.0,28.24,0.0,False,False
MUMBAI_STORE_001,SKU_007_Toor_Dal_Premium_1kg,2026-07-25,22,3630.0,165.0,31.15,0.0,False,False
MUMBAI_STORE_001,SKU_007_Toor_Dal_Premium_1kg,2026-07-26,21,3465.0,165.0,31.79,0.0,False,False
MUMBAI_STORE_001,SKU_007_Toor_Dal_Premium_1kg,2026-07-27,13,2145.0,165.0,29.4,0.0,False,False
MUMBAI_STORE_001,SKU_007_Toor_Dal_Premium_1kg,2026-07-28,15,2475.0,165.0,29.88,0.0,False,False
MUMBAI_STORE_001,SKU_007_Toor_Dal_Premium_1kg,2026-07-29,15,2475.0,165.0,22.76,0.0,False,False
MUMBAI_STORE_001,SKU_007_Toor_Dal_Premium_1kg,2026-07-30,13,2145.0,165.0,22.73,0.0,False,False
MUMBAI_STORE_001,SKU_007_Toor_Dal_Premium_1kg,2026-07-31,16,2640.0,165.0,30.28,0.0,False,False
MUMBAI_STORE_001,SKU_007_Toor_Dal_Premium_1kg,2026-08-01,20,3300.0,165.0,29.72,0.0,False,False
MUMBAI_STORE_001,SKU_007_Toor_Dal_Premium_1kg,2026-08-02,16,2640.0,165.0,29.52,0.0,False,False
MUMBAI_STORE_001,SKU_007_Toor_Dal_Premium_1kg,2026-08-03,16,2640.0,165.0,32.69,0.0,False,False
MUMBAI_STORE_001,SKU_007_Toor_Dal_Premium_1kg,2026-08-04,13,2145.0,165.0,27.53,0.0,False,False
MUMBAI_STORE_001,SKU_007_Toor_Dal_Premium_1kg,2026-08-05,19,3135.0,165.0,25.27,0.0,False,False
MUMBAI_STORE_001,SKU_007_Toor_Dal_Premium_1kg,2026-08-06,18,2970.0,165.0,26.86,0.0,False,False
MUMBAI_STORE_001,SKU_007_Toor_Dal_Premium_1kg,2026-08-07,16,2640.0,165.0,28.98,0.0,False,False
MUMBAI_STORE_001,SKU_007_Toor_Dal_Premium_1kg,2026-08-08,26,4290.0,165.0,27.83,0.0,False,False
MUMBAI_STORE_001,SKU_007_Toor_Dal_Premium_1kg,2026-08-09,21,3465.0,165.0,29.35,0.0,False,False
MUMBAI_STORE_001,SKU_007_Toor_Dal_Premium_1kg,2026-08-10,9,1485.0,165.0,31.27,0.0,False,False
MUMBAI_STORE_001,SKU_007_Toor_Dal_Premium_1kg,2026-08-11,13,2145.0,165.0,32.5,0.0,False,False
MUMBAI_STORE_001,SKU_007_Toor_Dal_Premium_1kg,2026-08-12,15,2475.0,165.0,25.49,0.0,False,False
MUMBAI_STORE_001,SKU_007_Toor_Dal_Premium_1kg,2026-08-13,10,1650.0,165.0,23.99,0.0,False,False
MUMBAI_STORE_001,SKU_007_Toor_Dal_Premium_1kg,2026-08-14,21,3465.0,165.0,27.22,0.0,False,False
MUMBAI_STORE_001,SKU_007_Toor_Dal_Premium_1kg,2026-08-15,18,2970.0,165.0,28.95,0.0,False,False
MUMBAI_STORE_001,SKU_007_Toor_Dal_Premium_1kg,2026-08-16,36,5940.0,165.0,28.42,0.0,False,False
MUMBAI_STORE_001,SKU_007_Toor_Dal_Premium_1kg,2026-08-17,15,2475.0,165.0,30.91,0.0,False,False
MUMBAI_STORE_001,SKU_007_Toor_Dal_Premium_1kg,2026-08-18,19,3135.0,165.0,28.89,0.0,False,False
MUMBAI_STORE_001,SKU_007_Toor_Dal_Premium_1kg,2026-08-19,17,2805.0,165.0,22.34,0.0,False,False
MUMBAI_STORE_001,SKU_007_Toor_Dal_Premium_1kg,2026-08-20,17,2805.0,165.0,27.35,0.0,False,False
MUMBAI_STORE_001,SKU_007_Toor_Dal_Premium_1kg,2026-08-21,16,2640.0,165.0,31.93,0.0,False,False
MUMBAI_STORE_001,SKU_007_Toor_Dal_Premium_1kg,2026-08-22,19,3135.0,165.0,32.11,0.0,False,False
MUMBAI_STORE_001,SKU_007_Toor_Dal_Premium_1kg,2026-08-23,27,4455.0,165.0,28.0,0.0,False,False
MUMBAI_STORE_001,SKU_007_Toor_Dal_Premium_1kg,2026-08-24,22,3630.0,165.0,30.68,0.0,False,False
MUMBAI_STORE_001,SKU_007_Toor_Dal_Premium_1kg,2026-08-25,17,2805.0,165.0,31.86,0.0,False,False
MUMBAI_STORE_001,SKU_007_Toor_Dal_Premium_1kg,2026-08-26,17,2805.0,165.0,27.17,0.0,False,False
MUMBAI_STORE_001,SKU_007_Toor_Dal_Premium_1kg,2026-08-27,11,1815.0,165.0,25.64,0.0,False,False
MUMBAI_STORE_001,SKU_007_Toor_Dal_Premium_1kg,2026-08-28,23,3795.0,165.0,31.78,0.0,False,False
MUMBAI_STORE_001,SKU_007_Toor_Dal_Premium_1kg,2026-08-29,19,3135.0,165.0,29.65,0.0,False,False
MUMBAI_STORE_001,SKU_008_Maggi_Noodles_12Pack,2026-05-31,32,5376.0,168.0,28.48,0.0,False,False
MUMBAI_STORE_001,SKU_008_Maggi_Noodles_12Pack,2026-06-01,23,3864.0,168.0,29.02,0.0,False,False
MUMBAI_STORE_001,SKU_008_Maggi_Noodles_12Pack,2026-06-02,25,4200.0,168.0,32.44,0.0,False,False
MUMBAI_STORE_001,SKU_008_Maggi_Noodles_12Pack,2026-06-03,26,4368.0,168.0,25.79,0.0,False,False
MUMBAI_STORE_001,SKU_008_Maggi_Noodles_12Pack,2026-06-04,18,3024.0,168.0,25.09,0.0,False,False
MUMBAI_STORE_001,SKU_008_Maggi_Noodles_12Pack,2026-06-05,26,4368.0,168.0,31.99,0.0,False,False
MUMBAI_STORE_001,SKU_008_Maggi_Noodles_12Pack,2026-06-06,31,5208.0,168.0,29.72,0.0,False,False
MUMBAI_STORE_001,SKU_008_Maggi_Noodles_12Pack,2026-06-07,37,6216.0,168.0,27.85,0.0,False,False
MUMBAI_STORE_001,SKU_008_Maggi_Noodles_12Pack,2026-06-08,24,4032.0,168.0,31.7,0.0,False,False
MUMBAI_STORE_001,SKU_008_Maggi_Noodles_12Pack,2026-06-09,34,5712.0,168.0,30.22,0.0,False,False
MUMBAI_STORE_001,SKU_008_Maggi_Noodles_12Pack,2026-06-10,34,5712.0,168.0,22.57,0.0,False,False
MUMBAI_STORE_001,SKU_008_Maggi_Noodles_12Pack,2026-06-11,36,6048.0,168.0,25.31,0.0,False,False
MUMBAI_STORE_001,SKU_008_Maggi_Noodles_12Pack,2026-06-12,27,4536.0,168.0,32.27,0.0,False,False
MUMBAI_STORE_001,SKU_008_Maggi_Noodles_12Pack,2026-06-13,46,7728.0,168.0,29.09,0.0,False,False
MUMBAI_STORE_001,SKU_008_Maggi_Noodles_12Pack,2026-06-14,35,5880.0,168.0,32.99,0.0,False,False
MUMBAI_STORE_001,SKU_008_Maggi_Noodles_12Pack,2026-06-15,21,3528.0,168.0,28.77,0.0,False,False
MUMBAI_STORE_001,SKU_008_Maggi_Noodles_12Pack,2026-06-16,27,4536.0,168.0,28.46,0.0,False,False
MUMBAI_STORE_001,SKU_008_Maggi_Noodles_12Pack,2026-06-17,25,4200.0,168.0,24.55,0.0,False,False
MUMBAI_STORE_001,SKU_008_Maggi_Noodles_12Pack,2026-06-18,26,4368.0,168.0,23.35,0.0,False,False
MUMBAI_STORE_001,SKU_008_Maggi_Noodles_12Pack,2026-06-19,23,3864.0,168.0,28.08,0.0,False,False
MUMBAI_STORE_001,SKU_008_Maggi_Noodles_12Pack,2026-06-20,37,6216.0,168.0,31.31,0.0,False,False
MUMBAI_STORE_001,SKU_008_Maggi_Noodles_12Pack,2026-06-21,33,5544.0,168.0,28.2,0.0,False,False
MUMBAI_STORE_001,SKU_008_Maggi_Noodles_12Pack,2026-06-22,17,2856.0,168.0,27.1,0.0,False,False
MUMBAI_STORE_001,SKU_008_Maggi_Noodles_12Pack,2026-06-23,21,3528.0,168.0,31.65,0.0,False,False
MUMBAI_STORE_001,SKU_008_Maggi_Noodles_12Pack,2026-06-24,25,4200.0,168.0,27.65,0.0,False,False
MUMBAI_STORE_001,SKU_008_Maggi_Noodles_12Pack,2026-06-25,19,3192.0,168.0,22.39,0.0,False,False
MUMBAI_STORE_001,SKU_008_Maggi_Noodles_12Pack,2026-06-26,21,3528.0,168.0,32.7,0.0,False,False
MUMBAI_STORE_001,SKU_008_Maggi_Noodles_12Pack,2026-06-27,23,3864.0,168.0,32.38,0.0,False,False
MUMBAI_STORE_001,SKU_008_Maggi_Noodles_12Pack,2026-06-28,35,5880.0,168.0,32.23,0.0,False,False
MUMBAI_STORE_001,SKU_008_Maggi_Noodles_12Pack,2026-06-29,32,5376.0,168.0,30.25,0.0,False,False
MUMBAI_STORE_001,SKU_008_Maggi_Noodles_12Pack,2026-06-30,26,4368.0,168.0,27.81,0.0,False,False
MUMBAI_STORE_001,SKU_008_Maggi_Noodles_12Pack,2026-07-01,20,3360.0,168.0,26.29,0.0,False,False
MUMBAI_STORE_001,SKU_008_Maggi_Noodles_12Pack,2026-07-02,34,5712.0,168.0,24.46,0.0,False,False
MUMBAI_STORE_001,SKU_008_Maggi_Noodles_12Pack,2026-07-03,33,5544.0,168.0,27.87,0.0,False,False
MUMBAI_STORE_001,SKU_008_Maggi_Noodles_12Pack,2026-07-04,29,4872.0,168.0,28.46,0.0,False,False
MUMBAI_STORE_001,SKU_008_Maggi_Noodles_12Pack,2026-07-05,33,5544.0,168.0,30.22,0.0,False,False
MUMBAI_STORE_001,SKU_008_Maggi_Noodles_12Pack,2026-07-06,34,5712.0,168.0,28.05,0.0,False,False
MUMBAI_STORE_001,SKU_008_Maggi_Noodles_12Pack,2026-07-07,28,4704.0,168.0,32.75,0.0,False,False
MUMBAI_STORE_001,SKU_008_Maggi_Noodles_12Pack,2026-07-08,23,3864.0,168.0,24.89,0.0,False,False
MUMBAI_STORE_001,SKU_008_Maggi_Noodles_12Pack,2026-07-09,24,4032.0,168.0,23.6,0.0,False,False
MUMBAI_STORE_001,SKU_008_Maggi_Noodles_12Pack,2026-07-10,29,4872.0,168.0,29.2,0.0,False,False
MUMBAI_STORE_001,SKU_008_Maggi_Noodles_12Pack,2026-07-11,40,6720.0,168.0,30.38,0.0,False,False
MUMBAI_STORE_001,SKU_008_Maggi_Noodles_12Pack,2026-07-12,36,6048.0,168.0,27.98,0.0,False,False
MUMBAI_STORE_001,SKU_008_Maggi_Noodles_12Pack,2026-07-13,21,3528.0,168.0,27.38,0.0,False,False
MUMBAI_STORE_001,SKU_008_Maggi_Noodles_12Pack,2026-07-14,27,4536.0,168.0,31.26,0.0,False,False
MUMBAI_STORE_001,SKU_008_Maggi_Noodles_12Pack,2026-07-15,28,4704.0,168.0,23.06,0.0,False,False
MUMBAI_STORE_001,SKU_008_Maggi_Noodles_12Pack,2026-07-16,24,4032.0,168.0,26.74,0.0,False,False
MUMBAI_STORE_001,SKU_008_Maggi_Noodles_12Pack,2026-07-17,18,3024.0,168.0,30.2,0.0,False,False
MUMBAI_STORE_001,SKU_008_Maggi_Noodles_12Pack,2026-07-18,38,6384.0,168.0,31.77,0.0,False,False
MUMBAI_STORE_001,SKU_008_Maggi_Noodles_12Pack,2026-07-19,29,4872.0,168.0,27.1,0.0,False,False
MUMBAI_STORE_001,SKU_008_Maggi_Noodles_12Pack,2026-07-20,22,3696.0,168.0,32.91,0.0,False,False
MUMBAI_STORE_001,SKU_008_Maggi_Noodles_12Pack,2026-07-21,19,3192.0,168.0,27.23,0.0,False,False
MUMBAI_STORE_001,SKU_008_Maggi_Noodles_12Pack,2026-07-22,34,5712.0,168.0,26.5,0.0,False,False
MUMBAI_STORE_001,SKU_008_Maggi_Noodles_12Pack,2026-07-23,17,2856.0,168.0,25.97,0.0,False,False
MUMBAI_STORE_001,SKU_008_Maggi_Noodles_12Pack,2026-07-24,31,5208.0,168.0,29.28,0.0,False,False
MUMBAI_STORE_001,SKU_008_Maggi_Noodles_12Pack,2026-07-25,33,5544.0,168.0,31.58,0.0,False,False
MUMBAI_STORE_001,SKU_008_Maggi_Noodles_12Pack,2026-07-26,31,5208.0,168.0,32.1,0.0,False,False
MUMBAI_STORE_001,SKU_008_Maggi_Noodles_12Pack,2026-07-27,24,4032.0,168.0,32.57,0.0,False,False
MUMBAI_STORE_001,SKU_008_Maggi_Noodles_12Pack,2026-07-28,25,4200.0,168.0,30.56,0.0,False,False
MUMBAI_STORE_001,SKU_008_Maggi_Noodles_12Pack,2026-07-29,28,4704.0,168.0,22.88,0.0,False,False
MUMBAI_STORE_001,SKU_008_Maggi_Noodles_12Pack,2026-07-30,22,3696.0,168.0,23.86,0.0,False,False
MUMBAI_STORE_001,SKU_008_Maggi_Noodles_12Pack,2026-07-31,24,4032.0,168.0,28.98,0.0,False,False
MUMBAI_STORE_001,SKU_008_Maggi_Noodles_12Pack,2026-08-01,34,5712.0,168.0,28.3,0.0,False,False
MUMBAI_STORE_001,SKU_008_Maggi_Noodles_12Pack,2026-08-02,28,4704.0,168.0,30.38,0.0,False,False
MUMBAI_STORE_001,SKU_008_Maggi_Noodles_12Pack,2026-08-03,25,4200.0,168.0,28.93,0.0,False,False
MUMBAI_STORE_001,SKU_008_Maggi_Noodles_12Pack,2026-08-04,20,3360.0,168.0,30.28,0.0,False,False
MUMBAI_STORE_001,SKU_008_Maggi_Noodles_12Pack,2026-08-05,25,4200.0,168.0,23.61,0.0,False,False
MUMBAI_STORE_001,SKU_008_Maggi_Noodles_12Pack,2026-08-06,39,6552.0,168.0,27.99,0.0,False,False
MUMBAI_STORE_001,SKU_008_Maggi_Noodles_12Pack,2026-08-07,21,3528.0,168.0,31.45,0.0,False,False
MUMBAI_STORE_001,SKU_008_Maggi_Noodles_12Pack,2026-08-08,30,5040.0,168.0,29.13,0.0,False,False
MUMBAI_STORE_001,SKU_008_Maggi_Noodles_12Pack,2026-08-09,33,5544.0,168.0,29.1,0.0,False,False
MUMBAI_STORE_001,SKU_008_Maggi_Noodles_12Pack,2026-08-10,21,3528.0,168.0,27.37,0.0,False,False
MUMBAI_STORE_001,SKU_008_Maggi_Noodles_12Pack,2026-08-11,28,4704.0,168.0,29.9,0.0,False,False
MUMBAI_STORE_001,SKU_008_Maggi_Noodles_12Pack,2026-08-12,27,4536.0,168.0,25.99,0.0,False,False
MUMBAI_STORE_001,SKU_008_Maggi_Noodles_12Pack,2026-08-13,29,4872.0,168.0,26.06,0.0,False,False
MUMBAI_STORE_001,SKU_008_Maggi_Noodles_12Pack,2026-08-14,26,4368.0,168.0,28.54,0.0,False,False
MUMBAI_STORE_001,SKU_008_Maggi_Noodles_12Pack,2026-08-15,35,5880.0,168.0,29.53,0.0,False,False
MUMBAI_STORE_001,SKU_008_Maggi_Noodles_12Pack,2026-08-16,49,8232.0,168.0,32.27,0.0,False,False
MUMBAI_STORE_001,SKU_008_Maggi_Noodles_12Pack,2026-08-17,16,2688.0,168.0,32.67,0.0,False,False
MUMBAI_STORE_001,SKU_008_Maggi_Noodles_12Pack,2026-08-18,25,4200.0,168.0,27.79,0.0,False,False
MUMBAI_STORE_001,SKU_008_Maggi_Noodles_12Pack,2026-08-19,28,4704.0,168.0,27.83,0.0,False,False
MUMBAI_STORE_001,SKU_008_Maggi_Noodles_12Pack,2026-08-20,29,4872.0,168.0,24.75,0.0,False,False
MUMBAI_STORE_001,SKU_008_Maggi_Noodles_12Pack,2026-08-21,17,2856.0,168.0,32.13,0.0,False,False
MUMBAI_STORE_001,SKU_008_Maggi_Noodles_12Pack,2026-08-22,38,6384.0,168.0,31.84,0.0,False,False
MUMBAI_STORE_001,SKU_008_Maggi_Noodles_12Pack,2026-08-23,44,7392.0,168.0,32.49,0.0,False,False
MUMBAI_STORE_001,SKU_008_Maggi_Noodles_12Pack,2026-08-24,21,3528.0,168.0,32.92,0.0,False,False
MUMBAI_STORE_001,SKU_008_Maggi_Noodles_12Pack,2026-08-25,27,4536.0,168.0,30.29,0.0,False,False
MUMBAI_STORE_001,SKU_008_Maggi_Noodles_12Pack,2026-08-26,18,3024.0,168.0,26.99,0.0,False,False
MUMBAI_STORE_001,SKU_008_Maggi_Noodles_12Pack,2026-08-27,29,4872.0,168.0,22.9,0.0,False,False
MUMBAI_STORE_001,SKU_008_Maggi_Noodles_12Pack,2026-08-28,30,5040.0,168.0,27.03,0.0,False,False
MUMBAI_STORE_001,SKU_008_Maggi_Noodles_12Pack,2026-08-29,35,5880.0,168.0,29.5,0.0,False,False
MUMBAI_STORE_001,SKU_009_Cadbury_Dairy_Milk_Silk,2026-05-31,22,2090.0,95.0,27.16,0.0,False,False
MUMBAI_STORE_001,SKU_009_Cadbury_Dairy_Milk_Silk,2026-06-01,19,1805.0,95.0,25.41,0.0,False,False
MUMBAI_STORE_001,SKU_009_Cadbury_Dairy_Milk_Silk,2026-06-02,21,1995.0,95.0,25.37,0.0,False,False
MUMBAI_STORE_001,SKU_009_Cadbury_Dairy_Milk_Silk,2026-06-03,21,1995.0,95.0,18.54,0.0,False,False
MUMBAI_STORE_001,SKU_009_Cadbury_Dairy_Milk_Silk,2026-06-04,16,1520.0,95.0,18.98,0.0,False,False
MUMBAI_STORE_001,SKU_009_Cadbury_Dairy_Milk_Silk,2026-06-05,19,1805.0,95.0,24.7,0.0,False,False
MUMBAI_STORE_001,SKU_009_Cadbury_Dairy_Milk_Silk,2026-06-06,29,2755.0,95.0,23.69,0.0,False,False
MUMBAI_STORE_001,SKU_009_Cadbury_Dairy_Milk_Silk,2026-06-07,22,2090.0,95.0,25.46,0.0,False,False
MUMBAI_STORE_001,SKU_009_Cadbury_Dairy_Milk_Silk,2026-06-08,17,1615.0,95.0,27.48,0.0,False,False
MUMBAI_STORE_001,SKU_009_Cadbury_Dairy_Milk_Silk,2026-06-09,14,1330.0,95.0,26.57,0.0,False,False
MUMBAI_STORE_001,SKU_009_Cadbury_Dairy_Milk_Silk,2026-06-10,20,1900.0,95.0,20.29,0.0,False,False
MUMBAI_STORE_001,SKU_009_Cadbury_Dairy_Milk_Silk,2026-06-11,16,1520.0,95.0,17.71,0.0,False,False
MUMBAI_STORE_001,SKU_009_Cadbury_Dairy_Milk_Silk,2026-06-12,13,1235.0,95.0,22.72,0.0,False,False
MUMBAI_STORE_001,SKU_009_Cadbury_Dairy_Milk_Silk,2026-06-13,32,3040.0,95.0,23.78,0.0,False,False
MUMBAI_STORE_001,SKU_009_Cadbury_Dairy_Milk_Silk,2026-06-14,41,3895.0,95.0,22.25,0.0,False,False
MUMBAI_STORE_001,SKU_009_Cadbury_Dairy_Milk_Silk,2026-06-15,25,2375.0,95.0,25.61,0.0,False,False
MUMBAI_STORE_001,SKU_009_Cadbury_Dairy_Milk_Silk,2026-06-16,14,1330.0,95.0,25.73,0.0,False,False
MUMBAI_STORE_001,SKU_009_Cadbury_Dairy_Milk_Silk,2026-06-17,25,2375.0,95.0,20.18,0.0,False,False
MUMBAI_STORE_001,SKU_009_Cadbury_Dairy_Milk_Silk,2026-06-18,19,1805.0,95.0,17.79,0.0,False,False
MUMBAI_STORE_001,SKU_009_Cadbury_Dairy_Milk_Silk,2026-06-19,18,1710.0,95.0,24.12,0.0,False,False
MUMBAI_STORE_001,SKU_009_Cadbury_Dairy_Milk_Silk,2026-06-20,35,3325.0,95.0,22.22,0.0,False,False
MUMBAI_STORE_001,SKU_009_Cadbury_Dairy_Milk_Silk,2026-06-21,29,2755.0,95.0,27.56,0.0,False,False
MUMBAI_STORE_001,SKU_009_Cadbury_Dairy_Milk_Silk,2026-06-22,19,1805.0,95.0,25.16,0.0,False,False
MUMBAI_STORE_001,SKU_009_Cadbury_Dairy_Milk_Silk,2026-06-23,22,2090.0,95.0,22.19,0.0,False,False
MUMBAI_STORE_001,SKU_009_Cadbury_Dairy_Milk_Silk,2026-06-24,19,1805.0,95.0,20.13,0.0,False,False
MUMBAI_STORE_001,SKU_009_Cadbury_Dairy_Milk_Silk,2026-06-25,18,1710.0,95.0,22.92,0.0,False,False
MUMBAI_STORE_001,SKU_009_Cadbury_Dairy_Milk_Silk,2026-06-26,15,1425.0,95.0,26.59,0.0,False,False
MUMBAI_STORE_001,SKU_009_Cadbury_Dairy_Milk_Silk,2026-06-27,22,2090.0,95.0,24.77,0.0,False,False
MUMBAI_STORE_001,SKU_009_Cadbury_Dairy_Milk_Silk,2026-06-28,27,2565.0,95.0,23.04,0.0,False,False
MUMBAI_STORE_001,SKU_009_Cadbury_Dairy_Milk_Silk,2026-06-29,21,1995.0,95.0,23.39,0.0,False,False
MUMBAI_STORE_001,SKU_009_Cadbury_Dairy_Milk_Silk,2026-06-30,21,1995.0,95.0,27.4,0.0,False,False
MUMBAI_STORE_001,SKU_009_Cadbury_Dairy_Milk_Silk,2026-07-01,23,2185.0,95.0,17.33,0.0,False,False
MUMBAI_STORE_001,SKU_009_Cadbury_Dairy_Milk_Silk,2026-07-02,16,1520.0,95.0,21.05,0.0,False,False
MUMBAI_STORE_001,SKU_009_Cadbury_Dairy_Milk_Silk,2026-07-03,19,1805.0,95.0,26.49,0.0,False,False
MUMBAI_STORE_001,SKU_009_Cadbury_Dairy_Milk_Silk,2026-07-04,23,2185.0,95.0,25.84,0.0,False,False
MUMBAI_STORE_001,SKU_009_Cadbury_Dairy_Milk_Silk,2026-07-05,36,3420.0,95.0,26.41,0.0,False,False
MUMBAI_STORE_001,SKU_009_Cadbury_Dairy_Milk_Silk,2026-07-06,28,2660.0,95.0,23.56,0.0,False,False
MUMBAI_STORE_001,SKU_009_Cadbury_Dairy_Milk_Silk,2026-07-07,21,1995.0,95.0,22.12,0.0,False,False
MUMBAI_STORE_001,SKU_009_Cadbury_Dairy_Milk_Silk,2026-07-08,20,1900.0,95.0,22.44,0.0,False,False
MUMBAI_STORE_001,SKU_009_Cadbury_Dairy_Milk_Silk,2026-07-09,26,2470.0,95.0,19.7,0.0,False,False
MUMBAI_STORE_001,SKU_009_Cadbury_Dairy_Milk_Silk,2026-07-10,21,1995.0,95.0,24.29,0.0,False,False
MUMBAI_STORE_001,SKU_009_Cadbury_Dairy_Milk_Silk,2026-07-11,29,2755.0,95.0,26.14,0.0,False,False
MUMBAI_STORE_001,SKU_009_Cadbury_Dairy_Milk_Silk,2026-07-12,23,2185.0,95.0,25.46,0.0,False,False
MUMBAI_STORE_001,SKU_009_Cadbury_Dairy_Milk_Silk,2026-07-13,20,1900.0,95.0,26.14,0.0,False,False
MUMBAI_STORE_001,SKU_009_Cadbury_Dairy_Milk_Silk,2026-07-14,22,2090.0,95.0,25.98,0.0,False,False
MUMBAI_STORE_001,SKU_009_Cadbury_Dairy_Milk_Silk,2026-07-15,16,1520.0,95.0,18.9,0.0,False,False
MUMBAI_STORE_001,SKU_009_Cadbury_Dairy_Milk_Silk,2026-07-16,16,1520.0,95.0,21.92,0.0,False,False
MUMBAI_STORE_001,SKU_009_Cadbury_Dairy_Milk_Silk,2026-07-17,17,1615.0,95.0,22.27,0.0,False,False
MUMBAI_STORE_001,SKU_009_Cadbury_Dairy_Milk_Silk,2026-07-18,38,3610.0,95.0,23.59,0.0,False,False
MUMBAI_STORE_001,SKU_009_Cadbury_Dairy_Milk_Silk,2026-07-19,34,3230.0,95.0,24.59,0.0,False,False
MUMBAI_STORE_001,SKU_009_Cadbury_Dairy_Milk_Silk,2026-07-20,21,1995.0,95.0,27.67,0.0,False,False
MUMBAI_STORE_001,SKU_009_Cadbury_Dairy_Milk_Silk,2026-07-21,14,1330.0,95.0,24.83,0.0,False,False
MUMBAI_STORE_001,SKU_009_Cadbury_Dairy_Milk_Silk,2026-07-22,20,1900.0,95.0,21.34,0.0,False,False
MUMBAI_STORE_001,SKU_009_Cadbury_Dairy_Milk_Silk,2026-07-23,23,2185.0,95.0,18.12,0.0,False,False
MUMBAI_STORE_001,SKU_009_Cadbury_Dairy_Milk_Silk,2026-07-24,19,1805.0,95.0,24.48,0.0,False,False
MUMBAI_STORE_001,SKU_009_Cadbury_Dairy_Milk_Silk,2026-07-25,32,3040.0,95.0,22.59,0.0,False,False
MUMBAI_STORE_001,SKU_009_Cadbury_Dairy_Milk_Silk,2026-07-26,40,3800.0,95.0,27.23,0.0,False,False
MUMBAI_STORE_001,SKU_009_Cadbury_Dairy_Milk_Silk,2026-07-27,24,2280.0,95.0,24.55,0.0,False,False
MUMBAI_STORE_001,SKU_009_Cadbury_Dairy_Milk_Silk,2026-07-28,18,1710.0,95.0,25.83,0.0,False,False
MUMBAI_STORE_001,SKU_009_Cadbury_Dairy_Milk_Silk,2026-07-29,28,2660.0,95.0,22.93,0.0,False,False
MUMBAI_STORE_001,SKU_009_Cadbury_Dairy_Milk_Silk,2026-07-30,21,1995.0,95.0,22.76,0.0,False,False
MUMBAI_STORE_001,SKU_009_Cadbury_Dairy_Milk_Silk,2026-07-31,26,2470.0,95.0,25.04,0.0,False,False
MUMBAI_STORE_001,SKU_009_Cadbury_Dairy_Milk_Silk,2026-08-01,33,3135.0,95.0,22.25,0.0,False,False
MUMBAI_STORE_001,SKU_009_Cadbury_Dairy_Milk_Silk,2026-08-02,30,2850.0,95.0,22.03,0.0,False,False
MUMBAI_STORE_001,SKU_009_Cadbury_Dairy_Milk_Silk,2026-08-03,16,1520.0,95.0,26.18,0.0,False,False
MUMBAI_STORE_001,SKU_009_Cadbury_Dairy_Milk_Silk,2026-08-04,8,760.0,95.0,27.88,0.0,False,False
MUMBAI_STORE_001,SKU_009_Cadbury_Dairy_Milk_Silk,2026-08-05,30,2850.0,95.0,21.13,0.0,False,False
MUMBAI_STORE_001,SKU_009_Cadbury_Dairy_Milk_Silk,2026-08-06,12,1140.0,95.0,17.86,0.0,False,False
MUMBAI_STORE_001,SKU_009_Cadbury_Dairy_Milk_Silk,2026-08-07,25,2375.0,95.0,23.25,0.0,False,False
MUMBAI_STORE_001,SKU_009_Cadbury_Dairy_Milk_Silk,2026-08-08,34,3230.0,95.0,26.65,0.0,False,False
MUMBAI_STORE_001,SKU_009_Cadbury_Dairy_Milk_Silk,2026-08-09,31,2945.0,95.0,27.37,0.0,False,False
MUMBAI_STORE_001,SKU_009_Cadbury_Dairy_Milk_Silk,2026-08-10,16,1520.0,95.0,25.39,0.0,False,False
MUMBAI_STORE_001,SKU_009_Cadbury_Dairy_Milk_Silk,2026-08-11,26,2470.0,95.0,27.29,0.0,False,False
MUMBAI_STORE_001,SKU_009_Cadbury_Dairy_Milk_Silk,2026-08-12,23,2185.0,95.0,22.97,0.0,False,False
MUMBAI_STORE_001,SKU_009_Cadbury_Dairy_Milk_Silk,2026-08-13,23,2185.0,95.0,22.69,0.0,False,False
MUMBAI_STORE_001,SKU_009_Cadbury_Dairy_Milk_Silk,2026-08-14,30,2850.0,95.0,25.59,0.0,False,False
MUMBAI_STORE_001,SKU_009_Cadbury_Dairy_Milk_Silk,2026-08-15,21,1995.0,95.0,24.4,0.0,False,False
MUMBAI_STORE_001,SKU_009_Cadbury_Dairy_Milk_Silk,2026-08-16,25,2375.0,95.0,26.39,0.0,False,False
MUMBAI_STORE_001,SKU_009_Cadbury_Dairy_Milk_Silk,2026-08-17,14,1330.0,95.0,26.93,0.0,False,False
MUMBAI_STORE_001,SKU_009_Cadbury_Dairy_Milk_Silk,2026-08-18,17,1615.0,95.0,23.31,0.0,False,False
MUMBAI_STORE_001,SKU_009_Cadbury_Dairy_Milk_Silk,2026-08-19,19,1805.0,95.0,22.37,0.0,False,False
MUMBAI_STORE_001,SKU_009_Cadbury_Dairy_Milk_Silk,2026-08-20,24,2280.0,95.0,19.61,0.0,False,False
MUMBAI_STORE_001,SKU_009_Cadbury_Dairy_Milk_Silk,2026-08-21,25,2375.0,95.0,25.9,0.0,False,False
MUMBAI_STORE_001,SKU_009_Cadbury_Dairy_Milk_Silk,2026-08-22,27,2565.0,95.0,22.06,0.0,False,False
MUMBAI_STORE_001,SKU_009_Cadbury_Dairy_Milk_Silk,2026-08-23,24,2280.0,95.0,24.33,0.0,False,False
MUMBAI_STORE_001,SKU_009_Cadbury_Dairy_Milk_Silk,2026-08-24,22,2090.0,95.0,26.36,0.0,False,False
MUMBAI_STORE_001,SKU_009_Cadbury_Dairy_Milk_Silk,2026-08-25,23,2185.0,95.0,23.92,0.0,False,False
MUMBAI_STORE_001,SKU_009_Cadbury_Dairy_Milk_Silk,2026-08-26,23,2185.0,95.0,22.4,0.0,False,False
MUMBAI_STORE_001,SKU_009_Cadbury_Dairy_Milk_Silk,2026-08-27,19,1805.0,95.0,19.63,0.0,False,False
MUMBAI_STORE_001,SKU_009_Cadbury_Dairy_Milk_Silk,2026-08-28,27,2565.0,95.0,25.62,0.0,False,False
MUMBAI_STORE_001,SKU_009_Cadbury_Dairy_Milk_Silk,2026-08-29,20,1900.0,95.0,26.44,0.0,False,False
MUMBAI_STORE_001,SKU_010_Surf_Excel_Matic_2kg,2026-05-31,11,4290.0,390.0,23.5,0.0,False,False
MUMBAI_STORE_001,SKU_010_Surf_Excel_Matic_2kg,2026-06-01,1,390.0,390.0,26.67,0.0,False,False
MUMBAI_STORE_001,SKU_010_Surf_Excel_Matic_2kg,2026-06-02,6,2340.0,390.0,25.01,0.0,False,False
MUMBAI_STORE_001,SKU_010_Surf_Excel_Matic_2kg,2026-06-03,6,2340.0,390.0,20.52,0.0,False,False
MUMBAI_STORE_001,SKU_010_Surf_Excel_Matic_2kg,2026-06-04,9,3510.0,390.0,20.61,0.0,False,False
MUMBAI_STORE_001,SKU_010_Surf_Excel_Matic_2kg,2026-06-05,7,2730.0,390.0,22.97,0.0,False,False
MUMBAI_STORE_001,SKU_010_Surf_Excel_Matic_2kg,2026-06-06,15,5850.0,390.0,25.01,0.0,False,False
MUMBAI_STORE_001,SKU_010_Surf_Excel_Matic_2kg,2026-06-07,12,4680.0,390.0,25.77,0.0,False,False
MUMBAI_STORE_001,SKU_010_Surf_Excel_Matic_2kg,2026-06-08,10,3900.0,390.0,25.88,0.0,False,False
MUMBAI_STORE_001,SKU_010_Surf_Excel_Matic_2kg,2026-06-09,10,3900.0,390.0,23.94,0.0,False,False
MUMBAI_STORE_001,SKU_010_Surf_Excel_Matic_2kg,2026-06-10,11,4290.0,390.0,20.02,0.0,False,False
MUMBAI_STORE_001,SKU_010_Surf_Excel_Matic_2kg,2026-06-11,7,2730.0,390.0,18.44,0.0,False,False
MUMBAI_STORE_001,SKU_010_Surf_Excel_Matic_2kg,2026-06-12,7,2730.0,390.0,27.58,0.0,False,False
MUMBAI_STORE_001,SKU_010_Surf_Excel_Matic_2kg,2026-06-13,18,7020.0,390.0,22.93,0.0,False,False
MUMBAI_STORE_001,SKU_010_Surf_Excel_Matic_2kg,2026-06-14,14,5460.0,390.0,26.83,0.0,False,False
MUMBAI_STORE_001,SKU_010_Surf_Excel_Matic_2kg,2026-06-15,13,5070.0,390.0,27.56,0.0,False,False
MUMBAI_STORE_001,SKU_010_Surf_Excel_Matic_2kg,2026-06-16,12,4680.0,390.0,25.8,0.0,False,False
MUMBAI_STORE_001,SKU_010_Surf_Excel_Matic_2kg,2026-06-17,11,4290.0,390.0,21.58,0.0,False,False
MUMBAI_STORE_001,SKU_010_Surf_Excel_Matic_2kg,2026-06-18,9,3510.0,390.0,19.24,0.0,False,False
MUMBAI_STORE_001,SKU_010_Surf_Excel_Matic_2kg,2026-06-19,7,2730.0,390.0,23.43,0.0,False,False
MUMBAI_STORE_001,SKU_010_Surf_Excel_Matic_2kg,2026-06-20,18,7020.0,390.0,27.55,0.0,False,False
MUMBAI_STORE_001,SKU_010_Surf_Excel_Matic_2kg,2026-06-21,9,3510.0,390.0,23.07,0.0,False,False
MUMBAI_STORE_001,SKU_010_Surf_Excel_Matic_2kg,2026-06-22,13,5070.0,390.0,25.4,0.0,False,False
MUMBAI_STORE_001,SKU_010_Surf_Excel_Matic_2kg,2026-06-23,13,5070.0,390.0,26.47,0.0,False,False
MUMBAI_STORE_001,SKU_010_Surf_Excel_Matic_2kg,2026-06-24,7,2730.0,390.0,18.57,0.0,False,False
MUMBAI_STORE_001,SKU_010_Surf_Excel_Matic_2kg,2026-06-25,13,5070.0,390.0,20.04,0.0,False,False
MUMBAI_STORE_001,SKU_010_Surf_Excel_Matic_2kg,2026-06-26,9,3510.0,390.0,25.23,0.0,False,False
MUMBAI_STORE_001,SKU_010_Surf_Excel_Matic_2kg,2026-06-27,16,6240.0,390.0,23.44,0.0,False,False
MUMBAI_STORE_001,SKU_010_Surf_Excel_Matic_2kg,2026-06-28,13,5070.0,390.0,25.58,0.0,False,False
MUMBAI_STORE_001,SKU_010_Surf_Excel_Matic_2kg,2026-06-29,11,4290.0,390.0,27.94,0.0,False,False
MUMBAI_STORE_001,SKU_010_Surf_Excel_Matic_2kg,2026-06-30,5,1950.0,390.0,25.87,0.0,False,False
MUMBAI_STORE_001,SKU_010_Surf_Excel_Matic_2kg,2026-07-01,9,3510.0,390.0,22.0,0.0,False,False
MUMBAI_STORE_001,SKU_010_Surf_Excel_Matic_2kg,2026-07-02,9,3510.0,390.0,18.04,0.0,False,False
MUMBAI_STORE_001,SKU_010_Surf_Excel_Matic_2kg,2026-07-03,11,4290.0,390.0,27.69,0.0,False,False
MUMBAI_STORE_001,SKU_010_Surf_Excel_Matic_2kg,2026-07-04,20,7800.0,390.0,26.41,0.0,False,False
MUMBAI_STORE_001,SKU_010_Surf_Excel_Matic_2kg,2026-07-05,12,4680.0,390.0,26.27,0.0,False,False
MUMBAI_STORE_001,SKU_010_Surf_Excel_Matic_2kg,2026-07-06,13,5070.0,390.0,26.0,0.0,False,False
MUMBAI_STORE_001,SKU_010_Surf_Excel_Matic_2kg,2026-07-07,10,3900.0,390.0,27.68,0.0,False,False
MUMBAI_STORE_001,SKU_010_Surf_Excel_Matic_2kg,2026-07-08,15,5850.0,390.0,21.69,0.0,False,False
MUMBAI_STORE_001,SKU_010_Surf_Excel_Matic_2kg,2026-07-09,10,3900.0,390.0,21.2,0.0,False,False
MUMBAI_STORE_001,SKU_010_Surf_Excel_Matic_2kg,2026-07-10,10,3900.0,390.0,23.86,0.0,False,False
MUMBAI_STORE_001,SKU_010_Surf_Excel_Matic_2kg,2026-07-11,18,7020.0,390.0,23.24,0.0,False,False
MUMBAI_STORE_001,SKU_010_Surf_Excel_Matic_2kg,2026-07-12,18,7020.0,390.0,25.56,0.0,False,False
MUMBAI_STORE_001,SKU_010_Surf_Excel_Matic_2kg,2026-07-13,9,3510.0,390.0,26.3,0.0,False,False
MUMBAI_STORE_001,SKU_010_Surf_Excel_Matic_2kg,2026-07-14,13,5070.0,390.0,23.37,0.0,False,False
MUMBAI_STORE_001,SKU_010_Surf_Excel_Matic_2kg,2026-07-15,9,3510.0,390.0,21.24,0.0,False,False
MUMBAI_STORE_001,SKU_010_Surf_Excel_Matic_2kg,2026-07-16,12,4680.0,390.0,17.34,0.0,False,False
MUMBAI_STORE_001,SKU_010_Surf_Excel_Matic_2kg,2026-07-17,11,4290.0,390.0,22.91,0.0,False,False
MUMBAI_STORE_001,SKU_010_Surf_Excel_Matic_2kg,2026-07-18,8,3120.0,390.0,24.27,0.0,False,False
MUMBAI_STORE_001,SKU_010_Surf_Excel_Matic_2kg,2026-07-19,15,5850.0,390.0,26.6,0.0,False,False
MUMBAI_STORE_001,SKU_010_Surf_Excel_Matic_2kg,2026-07-20,8,3120.0,390.0,24.52,0.0,False,False
MUMBAI_STORE_001,SKU_010_Surf_Excel_Matic_2kg,2026-07-21,12,4680.0,390.0,23.39,0.0,False,False
MUMBAI_STORE_001,SKU_010_Surf_Excel_Matic_2kg,2026-07-22,16,6240.0,390.0,17.89,0.0,False,False
MUMBAI_STORE_001,SKU_010_Surf_Excel_Matic_2kg,2026-07-23,6,2340.0,390.0,17.12,0.0,False,False
MUMBAI_STORE_001,SKU_010_Surf_Excel_Matic_2kg,2026-07-24,7,2730.0,390.0,23.22,0.0,False,False
MUMBAI_STORE_001,SKU_010_Surf_Excel_Matic_2kg,2026-07-25,11,4290.0,390.0,23.04,0.0,False,False
MUMBAI_STORE_001,SKU_010_Surf_Excel_Matic_2kg,2026-07-26,18,7020.0,390.0,22.21,0.0,False,False
MUMBAI_STORE_001,SKU_010_Surf_Excel_Matic_2kg,2026-07-27,14,5460.0,390.0,27.04,0.0,False,False
MUMBAI_STORE_001,SKU_010_Surf_Excel_Matic_2kg,2026-07-28,13,5070.0,390.0,25.77,0.0,False,False
MUMBAI_STORE_001,SKU_010_Surf_Excel_Matic_2kg,2026-07-29,7,2730.0,390.0,22.23,0.0,False,False
MUMBAI_STORE_001,SKU_010_Surf_Excel_Matic_2kg,2026-07-30,14,5460.0,390.0,19.9,0.0,False,False
MUMBAI_STORE_001,SKU_010_Surf_Excel_Matic_2kg,2026-07-31,12,4680.0,390.0,26.01,0.0,False,False
MUMBAI_STORE_001,SKU_010_Surf_Excel_Matic_2kg,2026-08-01,14,5460.0,390.0,24.65,0.0,False,False
MUMBAI_STORE_001,SKU_010_Surf_Excel_Matic_2kg,2026-08-02,11,4290.0,390.0,23.54,0.0,False,False
MUMBAI_STORE_001,SKU_010_Surf_Excel_Matic_2kg,2026-08-03,10,3900.0,390.0,26.96,0.0,False,False
MUMBAI_STORE_001,SKU_010_Surf_Excel_Matic_2kg,2026-08-04,7,2730.0,390.0,22.7,0.0,False,False
MUMBAI_STORE_001,SKU_010_Surf_Excel_Matic_2kg,2026-08-05,13,5070.0,390.0,17.71,0.0,False,False
MUMBAI_STORE_001,SKU_010_Surf_Excel_Matic_2kg,2026-08-06,9,3510.0,390.0,17.91,0.0,False,False
MUMBAI_STORE_001,SKU_010_Surf_Excel_Matic_2kg,2026-08-07,8,3120.0,390.0,24.53,0.0,False,False
MUMBAI_STORE_001,SKU_010_Surf_Excel_Matic_2kg,2026-08-08,13,5070.0,390.0,22.88,0.0,False,False
MUMBAI_STORE_001,SKU_010_Surf_Excel_Matic_2kg,2026-08-09,17,6630.0,390.0,26.54,0.0,False,False
MUMBAI_STORE_001,SKU_010_Surf_Excel_Matic_2kg,2026-08-10,9,3510.0,390.0,23.31,0.0,False,False
MUMBAI_STORE_001,SKU_010_Surf_Excel_Matic_2kg,2026-08-11,6,2340.0,390.0,22.16,0.0,False,False
MUMBAI_STORE_001,SKU_010_Surf_Excel_Matic_2kg,2026-08-12,14,5460.0,390.0,19.69,0.0,False,False
MUMBAI_STORE_001,SKU_010_Surf_Excel_Matic_2kg,2026-08-13,6,2340.0,390.0,17.79,0.0,False,False
MUMBAI_STORE_001,SKU_010_Surf_Excel_Matic_2kg,2026-08-14,14,5460.0,390.0,23.79,0.0,False,False
MUMBAI_STORE_001,SKU_010_Surf_Excel_Matic_2kg,2026-08-15,17,6630.0,390.0,26.45,0.0,False,False
MUMBAI_STORE_001,SKU_010_Surf_Excel_Matic_2kg,2026-08-16,20,7800.0,390.0,23.97,0.0,False,False
MUMBAI_STORE_001,SKU_010_Surf_Excel_Matic_2kg,2026-08-17,15,5850.0,390.0,26.96,0.0,False,False
MUMBAI_STORE_001,SKU_010_Surf_Excel_Matic_2kg,2026-08-18,16,6240.0,390.0,27.18,0.0,False,False
MUMBAI_STORE_001,SKU_010_Surf_Excel_Matic_2kg,2026-08-19,10,3900.0,390.0,19.95,0.0,False,False
MUMBAI_STORE_001,SKU_010_Surf_Excel_Matic_2kg,2026-08-20,9,3510.0,390.0,19.78,0.0,False,False
MUMBAI_STORE_001,SKU_010_Surf_Excel_Matic_2kg,2026-08-21,9,3510.0,390.0,25.49,0.0,False,False
MUMBAI_STORE_001,SKU_010_Surf_Excel_Matic_2kg,2026-08-22,16,6240.0,390.0,23.04,0.0,False,False
MUMBAI_STORE_001,SKU_010_Surf_Excel_Matic_2kg,2026-08-23,16,6240.0,390.0,22.76,0.0,False,False
MUMBAI_STORE_001,SKU_010_Surf_Excel_Matic_2kg,2026-08-24,10,3900.0,390.0,25.46,0.0,False,False
MUMBAI_STORE_001,SKU_010_Surf_Excel_Matic_2kg,2026-08-25,10,3900.0,390.0,23.56,0.0,False,False
MUMBAI_STORE_001,SKU_010_Surf_Excel_Matic_2kg,2026-08-26,5,1950.0,390.0,22.06,0.0,False,False
MUMBAI_STORE_001,SKU_010_Surf_Excel_Matic_2kg,2026-08-27,9,3510.0,390.0,22.42,0.0,False,False
MUMBAI_STORE_001,SKU_010_Surf_Excel_Matic_2kg,2026-08-28,19,7410.0,390.0,26.69,0.0,False,False
MUMBAI_STORE_001,SKU_010_Surf_Excel_Matic_2kg,2026-08-29,14,5460.0,390.0,26.38,0.0,False,False
